smiles,exp_mean [nM],y,cliff_mol,split
CCCCNc1nc(SCCC)nc2c1nnn2[C@@H]1C[C@H](C(=O)O)[C@@H](O)[C@H]1O,5.011999999999999,-0.7000110623221123,1,test
CCCSc1nc(N[C@@H]2C[C@H]2c2ccccc2)c2nnn([C@@H]3C[C@H](CO)[C@@H](O)[C@H]3O)c2n1,5.011999999999999,-0.7000110623221123,0,train
CCCSc1nc(N[C@@H]2C[C@H]2c2ccccc2)c2nnn([C@@H]3C[C@H](C(N)=O)[C@@H](O)[C@H]3O)c2n1,1.585,-0.2000292665537703,0,train
CCCSc1nc(N[C@@H]2C[C@H]2c2ccccc2)c2nnn([C@@H]3C[C@H](C(=O)O)[C@@H](O)[C@H]3O)c2n1,0.2512,0.5999803649348415,0,train
CCCCNc1nc(SCCC)nc2c1nnn2[C@@H]1C[C@H](CO)[C@@H](O)[C@H]1O,79.42999999999999,-1.899984562549391,1,train
CCCCNc1nc(SCCC)nc2c1nnn2[C@@H]1C[C@H](C(N)=O)[C@@H](O)[C@H]1O,19.95,-1.299942900022767,0,train
OCCO[C@H]1C[C@@H](n2nnc3c(N[C@@H]4C[C@H]4c4ccc(F)c(F)c4)nc(SCCC(F)(F)F)nc32)[C@H](O)[C@@H]1O,0.631,0.1999706407558656,0,train
CCCSc1nc(N[C@@H]2C[C@H]2c2ccc(F)c(F)c2)c2nnn([C@@H]3C[C@H](OCCO)[C@@H](O)[C@H]3O)c2n1,7.997500000000001,-0.9029542487561448,0,train
OC[C@H]1C[C@@H](n2nnc3c(N[C@@H]4C[C@H]4c4ccc(F)c(F)c4)nc(SCCC(F)(F)F)nc32)[C@H](O)[C@@H]1O,5.011999999999999,-0.7000110623221123,0,train
OC[C@H]1C[C@@H](n2nnc3c(N[C@@H]4C[C@H]4c4ccccc4)nc(SCCC(F)(F)F)nc32)[C@H](O)[C@@H]1O,5.011999999999999,-0.7000110623221123,0,test
CCCSc1nc(N[C@@H]2C[C@H]2c2ccccc2)c2nnn([C@@H]3CC[C@@H](O)[C@H]3O)c2n1,2.512,-0.4000196350651585,0,train
CCCSc1nc(N[C@@H]2C[C@H]2c2ccccc2)c2nnn([C@@H]3C[C@H](O)[C@@H](O)[C@H]3O)c2n1,1.995,-0.2999429000227671,0,test
CCCSc1nc(N[C@@H]2C[C@H]2c2ccccc2)c2nnn([C@@H]3C[C@H](OCCO)[C@@H](O)[C@H]3O)c2n1,3.1620000000000004,-0.4999618655961902,0,train
CCCCCOC(=O)N1CCN(C(=O)[C@H](CCC(=O)O)NC(=O)c2cc(OC3CCNCC3)cc(-c3ccccc3)n2)CC1,3.65,-0.5622928644564746,1,train
CCCCCCCOC(=O)N1CCN(C(=O)[C@H](CCC(=O)O)NC(=O)c2cccc(-c3ccccc3)n2)CC1,7.0,-0.8450980400142568,1,test
CCCCCOC(=O)N1CCN(C(=O)[C@H](CCC(=O)O)NC(=O)c2cc(N3CCC(CN)CC3)cc(-c3ccccc3)n2)CC1,15.000000000000004,-1.1760912590556811,1,train
CCCCCOC(=O)N1CCN(C(=O)[C@H](CCC(=O)O)NC(=O)c2cc(OCCOC)cc(-c3ccccc3)n2)CC1,9.95,-0.9978230807457256,1,train
CCCCCOC(=O)N1CCN(C(=O)[C@H](CCC(=O)O)NC(=O)c2cccc(-c3ccccc3)n2)CC1,10.999999999999996,-1.041392685158225,1,test
CCCCCOC(=O)N1CCN(C(=O)[C@H](CCC(=O)O)NC(=O)c2cc(N3CCC(O)CC3)cc(-c3ccccc3)n2)CC1,10.999999999999996,-1.041392685158225,1,test
CCCCOC(=O)N1CCN(C(=O)[C@H](CCC(=O)O)NC(=O)c2cc(OC3CCNCC3)cc(-c3ccccc3)n2)CC1,12.000000000000002,-1.0791812460476249,1,train
CCCCCCCCOC(=O)N1CCN(C(=O)[C@H](CCC(=O)O)NC(=O)c2cccc(-c3ccccc3)n2)CC1,13.999999999999998,-1.146128035678238,1,train
CCOC(=O)N1CCN(C(=O)[C@H](CCC(=O)O)NC(=O)c2cc(N3CCC(CN)CC3)cc(-c3ccccc3)n2)CC1,13.999999999999998,-1.146128035678238,1,train
CCC(=O)ON1CCN(C(=O)[C@H](CCC(=O)O)NC(=O)c2cc(-c3ccccc3)cc(-c3ccccc3)n2)CC1,15.000000000000004,-1.1760912590556811,1,test
CCCCCOC(=O)N1CCN(C(=O)[C@H](CCC(=O)O)NC(=O)c2cc(N(C)CCS(C)(=O)=O)cc(-c3ccccc3)n2)CC1,15.000000000000004,-1.1760912590556811,0,train
CCCCOC(=O)N1CCN(C(=O)[C@H](CCC(=O)O)NC(=O)c2cc(OCCOC)cc(-c3ccccc3)n2)CC1,17.999999999999996,-1.255272505103306,1,test
CCOC(=O)N1CCN(C(=O)[C@H](CCC(=O)O)NC(=O)c2cc(N3CCC(COC)CC3)cc(-c3ccccc3)n2)CC1,17.999999999999996,-1.255272505103306,1,train
CCCCCCOC(=O)N1CCN(C(=O)[C@H](CCC(=O)O)NC(=O)c2cc(N3CCC(CN)CC3)cc(-c3ccccc3)n2)CC1,17.999999999999996,-1.255272505103306,1,train
CCCCOC(=O)N1CCN(C(=O)[C@H](CCC(=O)O)NC(=O)c2cc(OCCO)cc(-c3ccccc3)n2)CC1,20.5,-1.3117538610557542,1,train
CCOC(=O)N1CCN(C(=O)[C@H](CCC(=O)O)NC(=O)c2cc(N(CC)CC)cc(-c3ccccc3)n2)CC1,23.0,-1.3617278360175928,1,train
CCCCCCOC(=O)N1CCN(C(=O)[C@H](CCC(=O)O)NC(=O)c2cc(N3CCC(O)CC3)cc(-c3ccccc3)n2)CC1,23.999999999999996,-1.380211241711606,1,test
CCOC(=O)N1CCN(C(=O)[C@H](CCC(=O)O)NC(=O)c2cc(NCc3ccccc3)cc(-c3ccccc3)n2)CC1,26.0,-1.414973347970818,1,train
CCCOC(=O)N1CCN(C(=O)[C@H](CCC(=O)O)NC(=O)c2cccc(-c3ccccc3)n2)CC1,27.000000000000004,-1.4313637641589874,1,test
CCOC(=O)N1CCN(C(=O)[C@H](CCC(=O)O)NC(=O)c2cc(OCc3ccccc3)cc(-c3ccccc3)n2)CC1,28.0,-1.4471580313422192,1,test
CCCCOC(=O)N1CCN(C(=O)[C@H](CCC(=O)O)NC(=O)c2cccc(-c3ccccc3)n2)CC1,29.0,-1.462397997898956,1,train
CCCCCOC(=O)N1CCN(C(=O)[C@H](CCC(=O)O)NC(=O)c2cc(OCCO)cc(-c3ccccc3)n2)CC1,31.499999999999996,-1.4983105537896004,1,train
CCCCCCOC(=O)N1CCN(C(=O)[C@H](CCC(=O)O)NC(=O)c2cc(N3CCC(COC)CC3)cc(-c3ccccc3)n2)CC1,33.0,-1.5185139398778875,1,train
CCOC(=O)N1CCN(C(=O)[C@H](CCC(=O)O)NC(=O)c2cc(NC)cc(-c3ccccc3)n2)CC1,35.0,-1.5440680443502757,1,train
CCCCOC(=O)N1CCN(C(=O)[C@H](CCC(=O)O)NC(=O)c2cc(OCCCC)cc(-c3ccccc3)n2)CC1,35.49999999999999,-1.550228353055094,1,train
CCCCCCOC(=O)N1CCN(C(=O)[C@H](CCC(=O)O)NC(=O)c2cc(N(C)CCS(C)(=O)=O)cc(-c3ccccc3)n2)CC1,36.0,-1.5563025007672873,0,train
O=C(O)CC[C@H](NC(=O)c1cc(N2CCC(O)CC2)cc(-c2ccccc2)n1)C(=O)N1CCN(C(=O)OCCC2CCCC2)CC1,40.000000000000014,-1.6020599913279625,0,train
CCOC(=O)N1CCN(C(=O)[C@H](CCC(=O)O)NC(=O)c2cc(N3CCC(O)CC3)cc(-c3ccccc3)n2)CC1,42.00000000000001,-1.6232492903979006,1,train
CCCCCCOC(=O)N1CCN(C(=O)[C@H](CCC(=O)O)NC(=O)c2cccc(-c3ccccc3)n2)CC1,43.000000000000014,-1.6334684555795866,1,train
CCOC(=O)N1CCN(C(=O)[C@H](CCC(=O)O)NC(=O)c2cc(N(C)CCS(C)(=O)=O)cc(-c3ccccc3)n2)CC1,47.99999999999999,-1.6812412373755872,0,train
CCCCCOC(=O)N1CCN(C(=O)[C@H](CCC(=O)O)NC(=O)c2cc(OCCCC)cc(-c3ccccc3)n2)CC1,48.99999999999999,-1.6901960800285136,1,train
CCCNc1cc(C(=O)N[C@@H](CCC(=O)O)C(=O)N2CCN(C(=O)OCC)CC2)nc(-c2ccccc2)c1,63.99999999999999,-1.806179973983887,1,train
CCOC(=O)N1CCN(C(=O)[C@H](CCC(=O)O)NC(=O)c2cc(OCCCO)cc(-c3ccccc3)n2)CC1,68.00000000000001,-1.8325089127062364,1,test
CCOC(=O)N1CCN(C(=O)[C@H](CCC(=O)O)NC(=O)c2cc(OC3CCNCC3)cc(-c3ccccc3)n2)CC1,68.00000000000001,-1.8325089127062364,1,train
NCC1CCN(c2cc(C(=O)N[C@@H](CCC(=O)O)C(=O)N3CCN(C(=O)OCCC4CCCC4)CC3)nc(-c3ccccc3)c2)CC1,68.99999999999999,-1.8388490907372552,0,train
CCOC(=O)N1CCN(C(=O)[C@H](CCC(=O)O)NC(=O)c2cc(OCC3CCNCC3)cc(-c3ccccc3)n2)CC1,76.0,-1.8808135922807916,1,train
CN(CCS(C)(=O)=O)c1cc(C(=O)N[C@@H](CCC(=O)O)C(=O)N2CCN(C(=O)OCCC3CCCC3)CC2)nc(-c2ccccc2)c1,79.99999999999999,-1.9030899869919435,0,train
CCOC(=O)N1CCN(C(=O)[C@H](CCC(=O)O)NC(=O)c2cc(OC(CC)C(=O)N(CC)CC)cc(-c3ccccc3)n2)CC1,81.0,-1.9084850188786495,1,train
C=CCOC(=O)N1CCN(C(=O)[C@H](CCC(=O)O)NC(=O)c2cc(OC3CCNCC3)cc(-c3ccccc3)n2)CC1,93.0,-1.968482948553935,1,train
C=CCOC(=O)N1CCN(C(=O)[C@H](CCC(=O)O)NC(=O)c2cc(OCCOC)cc(-c3ccccc3)n2)CC1,95.0,-1.977723605288848,1,train
CCOC(=O)N1CCN(C(=O)[C@H](CCC(=O)O)NC(=O)c2cc(OC)cc(-c3ccccc3)n2)CC1,96.0,-1.9822712330395684,1,train
CCOC(=O)N1CCN(C(=O)[C@H](CCC(=O)O)NC(=O)c2cc(NCCOC)cc(-c3ccccc3)n2)CC1,99.0,-1.99563519459755,1,train
C=CCOC(=O)N1CCN(C(=O)[C@H](CCC(=O)O)NC(=O)c2cc(OCCCC)cc(-c3ccccc3)n2)CC1,99.0,-1.99563519459755,1,train
CCOC(=O)N1CCN(C(=O)[C@H](CCC(=O)O)NC(=O)c2cc(NCCO)cc(-c3ccccc3)n2)CC1,115.5,-2.062581984228163,1,train
CC(C)OC(=O)N1CCN(C(=O)[C@H](CCC(=O)O)NC(=O)c2cc(OCCO)cc(-c3ccccc3)n2)CC1,144.99999999999997,-2.161368002234975,1,train
CCCCOc1cc(C(=O)N[C@@H](CCC(=O)O)C(=O)N2CCN(C(=O)OC(C)C)CC2)nc(-c2ccccc2)c1,146.00000000000003,-2.164352855784437,1,test
CCOC(=O)N1CCN(C(=O)[C@H](CCC(=O)O)NC(=O)c2cc(OCCO)cc(-c3ccccc3)n2)CC1,156.99999999999994,-2.1958996524092336,1,train
CC(C)OC(=O)N1CCN(C(=O)[C@H](CCC(=O)O)NC(=O)c2cc(OC3CCNCC3)cc(-c3ccccc3)n2)CC1,156.99999999999994,-2.1958996524092336,1,train
COCCOc1cc(C(=O)N[C@@H](CCC(=O)O)C(=O)N2CCN(C(=O)OC(C)C)CC2)nc(-c2ccccc2)c1,189.00000000000009,-2.2764618041732443,1,train
CCOC(=O)N1CCN(C(=O)[C@H](CCC(=O)O)NC(=O)c2cc(NCC3CCNCC3)cc(-c3ccccc3)n2)CC1,189.99999999999997,-2.278753600952829,1,train
C=CCOC(=O)N1CCN(C(=O)[C@H](CCC(=O)O)NC(=O)c2cc(OCCO)cc(-c3ccccc3)n2)CC1,203.00000000000003,-2.307496037913213,1,test
CCC(=O)ON1CCN(C(=O)[C@H](CCC(=O)O)NC(=O)c2cccc(-c3ccccc3)n2)CC1,208.9999999999999,-2.320146286111054,1,train
CCOC(=O)N1CCN(C(=O)[C@H](CCC(=O)O)NC(=O)c2cc(OCCCN)cc(-c3ccccc3)n2)CC1,214.00000000000009,-2.330413773349191,1,train
CCOC(=O)N1CCN(C(=O)[C@H](CCC(=O)O)NC(=O)c2cc(NCCN(C)C)cc(-c3ccccc3)n2)CC1,270.00000000000006,-2.431363764158988,1,train
CCOC(=O)N1CCN(C(=O)[C@H](CCC(=O)O)NC(=O)c2cc(OCCN)cc(-c3ccccc3)n2)CC1,328.0000000000001,-2.515873843711679,1,test
CCC(=O)ON1CCN(C(=O)[C@H](CCC(=O)O)NC(=O)c2ccnc(-c3ccccc3)n2)CC1,356.0000000000001,-2.5514499979728757,1,train
CCC(=O)ON1CCN(C(=O)[C@H](CCC(=O)O)NC(=O)c2cc(-c3ccccc3)cc(-c3ccccc3)c2)CC1,373.00000000000017,-2.571708831808688,1,train
CCOC(=O)N1CCN(C(=O)[C@H](CCC(=O)O)NC(=O)c2cc(NC3CCOCC3)cc(-c3ccccc3)n2)CC1,455.0000000000002,-2.6580113966571126,1,train
CCC(=O)ON1CCN(C(=O)[C@H](CCC(=O)O)NC(=O)c2cc(-c3ccccc3)nc(-c3ccccc3)c2)CC1,483.99999999999983,-2.6848453616444123,1,test
CCC(=O)ON1CCN(C(=O)CNC(=O)c2cc(-c3ccccc3)cc(-c3ccccc3)n2)CC1,732.9999999999997,-2.865103974641128,0,train
CCC(=O)ON1CCN(C(=O)[C@H](CCC(=O)O)NC(=O)c2nccc(-c3ccccc3)n2)CC1,1189.9999999999995,-3.0755469613925306,1,train
CCC(=O)ON1CCN(C(=O)CNC(=O)c2cccc(-c3ccccc3)n2)CC1,1609.999999999999,-3.206825876031849,0,test
COC(=O)N1CCN(C(=O)[C@H](CCC(=O)O)NC(=O)c2cccc(-c3ccccc3)n2)CC1,2440.0000000000014,-3.3873898263387296,1,test
CCC(=O)ON1CCN(C(=O)[C@H](CCC(=O)O)NC(=O)c2cccc(-c3ccccc3)c2)CC1,3640.0,-3.561101383649056,1,train
CCOC(=O)N1CCN(C(=O)[C@H](CCC(=O)O)NC(=O)c2cc(N3CCC(N)CC3)cc(-c3ccccc3)n2)CC1,18.5,-1.2671717284030135,1,train
CCOC(=O)N1CCN(C(=O)[C@H](CCC(=O)O)NC(=O)c2cc(N3CCC(N4CCCC4)CC3)cc(-c3ccccc3)n2)CC1,34.0,-1.5314789170422551,1,test
CCOC(=O)N1CCN(C(=O)[C@H](CCC(=O)O)NC(=O)c2cc(N3CCN(CCN(C)C)CC3)cc(-c3ccccc3)n2)CC1,47.00000000000001,-1.6720978579357175,1,test
CCCCCOC(=O)N1CCN(C(=O)[C@H](CCC(=O)O)NC(=O)c2cc(SC3CCCCC3)nc(-c3ccccc3)n2)CC1,70.00000000000001,-1.845098040014257,1,train
CCCCCOC(=O)N1CCN(C(=O)[C@H](CCC(=O)O)NC(=O)c2cc(SC3CCCC3)nc(-c3ccccc3)n2)CC1,17.0,-1.230448921378274,1,train
CCCCCOC(=O)N1CCN(C(=O)[C@H](CCC(=O)O)NC(=O)c2cc(SCC(F)(F)F)nc(-c3ccccc3)n2)CC1,22.0,-1.3424226808222062,1,test
CCCCCOC(=O)N1CCN(C(=O)[C@H](CCC(=O)O)NC(=O)c2cc(SCCO)nc(-c3ccccc3)n2)CC1,4.500000000000001,-0.6532125137753437,1,test
CCCCCOC(=O)N1CCN(C(=O)[C@H](CCC(=O)O)NC(=O)c2cc(SC(C)(C)C)nc(-c3ccccc3)n2)CC1,42.00000000000001,-1.6232492903979006,1,train
CCCCCOC(=O)N1CCN(C(=O)[C@H](CCC(=O)O)NC(=O)c2cc(N3CCC(CC(=O)N4CCCC4)CC3)nc(-c3ccccc3)n2)CC1,1.6,-0.2041199826559248,1,train
CCCCCOC(=O)N1CCN(C(=O)[C@H](CCC(=O)O)NC(=O)c2cc(N3CCC(CC(=O)N4CCC4)CC3)nc(-c3ccccc3)n2)CC1,0.92,0.0362121726544447,1,train
CCCCCOC(=O)N1CCN(C(=O)[C@H](CCC(=O)O)NC(=O)c2cc(N3CCC(CC(=O)N(CC)CC)CC3)nc(-c3ccccc3)n2)CC1,3.1,-0.4913616938342727,0,train
CCCCCOC(=O)N1CCN(C(=O)[C@H](CCC(=O)O)NC(=O)c2cc(N3CCC(CC(=O)NCC)CC3)nc(-c3ccccc3)n2)CC1,0.67,0.1739251972991735,1,train
CCCCCOC(=O)N1CCN(C(=O)[C@H](CCC(=O)O)NC(=O)c2cc(N3CCC(CC(=O)NC)CC3)nc(-c3ccccc3)n2)CC1,0.9,0.0457574905606751,1,test
CCCCCOC(=O)N1CCN(C(=O)[C@H](CCC(=O)O)NC(=O)c2nc(-c3ccccc3)cc(N3CCC(C(=O)N4CCCC4)CC3)n2)CC1,3.6,-0.5563025007672873,1,test
CCCCCOC(=O)N1CCN(C(=O)[C@H](CCC(=O)O)NC(=O)c2cc(N3CCC(C(=O)N4CCCC4)CC3)nc(-c3ccccc3)n2)CC1,0.46,0.3372421683184259,1,train
CCCCOC(=O)N1CCN(C(=O)[C@H](CCC(=O)O)NC(=O)c2cc(N3CCC(C(=O)N4CCCC4)CC3)nc(-c3ccccc3)n2)CC1,0.7,0.1549019599857432,1,train
CCCCCOC(=O)N1CCN(C(=O)[C@H](CCC(=O)O)NC(=O)c2cc(N3CCC(C(=O)N4CCC4)CC3)nc(-c3ccccc3)n2)CC1,0.83,0.0809219076239261,1,test
CCCCCOC(=O)N1CCN(C(=O)[C@H](CCC(=O)O)NC(=O)c2nc(-c3ccccc3)cc(N3CCC(C(=O)N(CC)CC)CC3)n2)CC1,3.6,-0.5563025007672873,1,train
CCCCCOC(=O)N1CCN(C(=O)[C@H](CCC(=O)O)NC(=O)c2cc(N3CCC(C(=O)N(CC)CC)CC3)nc(-c3ccccc3)n2)CC1,1.5,-0.1760912590556812,1,train
CCCCOC(=O)N1CCN(C(=O)[C@H](CCC(=O)O)NC(=O)c2cc(N3CCC(C(=O)N(CC)CC)CC3)nc(-c3ccccc3)n2)CC1,0.79,0.1023729087095585,1,test
CCCCCOC(=O)N1CCN(C(=O)[C@H](CCC(=O)O)NC(=O)c2cc(N3CCC(C(=O)NCC)CC3)nc(-c3ccccc3)n2)CC1,0.6,0.2218487496163563,1,train
CCCCOC(=O)N1CCN(C(=O)[C@H](CCC(=O)O)NC(=O)c2cc(N3CCC(C(=O)NCC)CC3)cc(-c3ccccc3)n2)CC1,0.53,0.2757241303992109,1,train
CCCCCOC(=O)N1CCN(C(=O)[C@H](CCC(=O)O)NC(=O)c2cc(N3CCC(C(=O)N(C)C)CC3)nc(-c3ccccc3)n2)CC1,2.5,-0.3979400086720376,1,train
CCCCOC(=O)N1CCN(C(=O)[C@H](CCC(=O)O)NC(=O)c2cc(N3CCC(C(=O)N(C)C)CC3)nc(-c3ccccc3)n2)CC1,1.3,-0.1139433523068367,1,train
CCCCCOC(=O)N1CCN(C(=O)[C@H](CCC(=O)O)NC(=O)c2nc(-c3ccccc3)cc(N3CCC(C(N)=O)CC3)n2)CC1,3.5000000000000004,-0.5440680443502757,1,train
CCCCCOC(=O)N1CCN(C(=O)[C@H](CCC(=O)O)NC(=O)c2cc(N3CCC(C(N)=O)CC3)nc(-c3ccccc3)n2)CC1,2.0,-0.3010299956639812,1,train
CCCCCOC(=O)N1CCN(C(=O)[C@H](CCC(=O)O)NC(=O)c2cc(N3CCC(CN4CCCC4=O)CC3)nc(-c3ccccc3)n2)CC1,0.99,0.00436480540245,1,train
CCCCCOC(=O)N1CCN(C(=O)[C@H](CCC(=O)O)NC(=O)c2nc(-c3ccccc3)cc(N3CCC(CCOC)CC3)n2)CC1,8.4,-0.9242792860618816,0,train
CCCCCOC(=O)N1CCN(C(=O)[C@H](CCC(=O)O)NC(=O)c2cc(N3CCC(CCOC)CC3)nc(-c3ccccc3)n2)CC1,10.2,-1.0086001717619175,1,train
CCCCOC(=O)N1CCN(C(=O)[C@H](CCC(=O)O)NC(=O)c2cc(N3CCC(CCOC)CC3)nc(-c3ccccc3)n2)CC1,2.0,-0.3010299956639812,1,train
CCCCCOC(=O)N1CCN(C(=O)[C@H](CCC(=O)O)NC(=O)c2nc(-c3ccccc3)cc(N3CCC(COCCOC)CC3)n2)CC1,8.1,-0.9084850188786496,0,train
CCCCCOC(=O)N1CCN(C(=O)[C@H](CCC(=O)O)NC(=O)c2cc(N3CCC(COCCOC)CC3)nc(-c3ccccc3)n2)CC1,4.3,-0.6334684555795865,1,train
CCCCCOC(=O)N1CCN(C(=O)[C@H](CCC(=O)O)NC(=O)c2nc(-c3ccccc3)cc(N3CCC(COC)CC3)n2)CC1,12.000000000000002,-1.0791812460476249,1,train
CCCCCOC(=O)N1CCN(C(=O)[C@H](CCC(=O)O)NC(=O)c2cc(N3CCC(COC)CC3)nc(-c3ccccc3)n2)CC1,8.4,-0.9242792860618816,1,train
CCCCCOC(=O)N1CCN(C(=O)[C@H](CCC(=O)O)NC(=O)c2nc(-c3ccccc3)cc(N3CCC(OCCO)CC3)n2)CC1,10.0,-1.0,0,train
CCCCCOC(=O)N1CCN(C(=O)[C@H](CCC(=O)O)NC(=O)c2cc(N3CCC(OCCO)CC3)nc(-c3ccccc3)n2)CC1,0.71,0.1487416512809247,1,train
CCCCCOC(=O)N1CCN(C(=O)[C@H](CCC(=O)O)NC(=O)c2nc(-c3ccccc3)cc(N3CCC(OCCOC)CC3)n2)CC1,7.1,-0.8512583487190752,0,train
CCCCCOC(=O)N1CCN(C(=O)[C@H](CCC(=O)O)NC(=O)c2cc(N3CCC(OCCOC)CC3)nc(-c3ccccc3)n2)CC1,5.3,-0.724275869600789,1,test
CCCCCOC(=O)N1CCN(C(=O)[C@H](CCC(=O)O)NC(=O)c2nc(-c3ccccc3)cc(N3CCC(OC)CC3)n2)CC1,7.4,-0.8692317197309762,0,train
CCCCCOC(=O)N1CCN(C(=O)[C@H](CCC(=O)O)NC(=O)c2cc(N3CCC(OC)CC3)nc(-c3ccccc3)n2)CC1,5.000000000000001,-0.6989700043360189,1,train
CCCCOC(=O)N1CCN(C(=O)[C@H](CCC(=O)O)NC(=O)c2cc(N3CCC(OC)CC3)nc(-c3ccccc3)n2)CC1,1.4,-0.146128035678238,1,train
CCCCCOC(=O)N1CCN(C(=O)[C@H](CCC(=O)O)NC(=O)c2nc(-c3ccccc3)cc(N3CCC(CCN4CCCC4)CC3)n2)CC1,4.2,-0.6232492903979004,0,test
CCCCCOC(=O)N1CCN(C(=O)[C@H](CCC(=O)O)NC(=O)c2cc(N3CCC(CCN4CCCC4)CC3)nc(-c3ccccc3)n2)CC1,2.1,-0.3222192947339193,1,train
CCCCCOC(=O)N1CCN(C(=O)[C@H](CCC(=O)O)NC(=O)c2cc(N3CCC(CCN(C)C)CC3)nc(-c3ccccc3)n2)CC1,2.8,-0.4471580313422192,1,train
CCCCCOC(=O)N1CCN(C(=O)[C@H](CCC(=O)O)NC(=O)c2nc(-c3ccccc3)cc(N3CCC(CCN)CC3)n2)CC1,3.0,-0.4771212547196624,1,train
CCCCCOC(=O)N1CCN(C(=O)[C@H](CCC(=O)O)NC(=O)c2cc(N3CCC(CCN)CC3)nc(-c3ccccc3)n2)CC1,2.7,-0.4313637641589873,1,train
CCCCCOC(=O)N1CCN(C(=O)[C@H](CCC(=O)O)NC(=O)c2cc(N3CCC(CN4CCCC4)CC3)nc(-c3ccccc3)n2)CC1,0.4,0.3979400086720376,1,train
CCCCCOC(=O)N1CCN(C(=O)[C@H](CCC(=O)O)NC(=O)c2cc(N3CCC(CN(CC)CC)CC3)nc(-c3ccccc3)n2)CC1,0.61,0.2146701649892329,1,train
CCCCCOC(=O)N1CCN(C(=O)[C@H](CCC(=O)O)NC(=O)c2nc(-c3ccccc3)cc(N3CCC(CNCC)CC3)n2)CC1,10.999999999999996,-1.041392685158225,0,test
CCCCCOC(=O)N1CCN(C(=O)[C@H](CCC(=O)O)NC(=O)c2cc(N3CCC(CNCC)CC3)nc(-c3ccccc3)n2)CC1,2.2,-0.3424226808222063,1,train
CCCCCOC(=O)N1CCN(C(=O)[C@H](CCC(=O)O)NC(=O)c2nc(-c3ccccc3)cc(N3CCC(CNC)CC3)n2)CC1,10.999999999999996,-1.041392685158225,0,train
CCCCCOC(=O)N1CCN(C(=O)[C@H](CCC(=O)O)NC(=O)c2cc(N3CCC(CNC)CC3)nc(-c3ccccc3)n2)CC1,1.2,-0.0791812460476248,1,train
CCCCCOC(=O)N1CCN(C(=O)[C@H](CCC(=O)O)NC(=O)c2nc(-c3ccccc3)cc(N3CCC(CN)CC3)n2)CC1,9.4,-0.9731278535996988,0,train
CCCCCOC(=O)N1CCN(C(=O)[C@H](CCC(=O)O)NC(=O)c2cc(N3CCC(CN)CC3)nc(-c3ccccc3)n2)CC1,3.0,-0.4771212547196624,1,train
CCCCCOC(=O)N1CCN(C(=O)[C@H](CCC(=O)O)NC(=O)c2nc(-c3ccccc3)cc(N3CCC(N4CCOCC4)CC3)n2)CC1,5.9,-0.7708520116421442,1,train
CCCCCOC(=O)N1CCN(C(=O)[C@H](CCC(=O)O)NC(=O)c2cc(N3CCC(N4CCOCC4)CC3)nc(-c3ccccc3)n2)CC1,2.9,-0.4623979978989561,1,train
CCCCOC(=O)N1CCN(C(=O)[C@H](CCC(=O)O)NC(=O)c2cc(N3CCC(N4CCOCC4)CC3)nc(-c3ccccc3)n2)CC1,1.3,-0.1139433523068367,1,train
CCCCCOC(=O)N1CCN(C(=O)[C@H](CCC(=O)O)NC(=O)c2nc(-c3ccccc3)cc(N3CCC(N4CCCC4)CC3)n2)CC1,7.4,-0.8692317197309762,0,test
CCCCCOC(=O)N1CCN(C(=O)[C@H](CCC(=O)O)NC(=O)c2cc(N3CCC(N4CCCC4)CC3)nc(-c3ccccc3)n2)CC1,1.5,-0.1760912590556812,1,test
CCCCOC(=O)N1CCN(C(=O)[C@H](CCC(=O)O)NC(=O)c2cc(N3CCC(N4CCCC4)CC3)nc(-c3ccccc3)n2)CC1,1.7,-0.2304489213782739,1,test
CCCCCOC(=O)N1CCN(C(=O)[C@H](CCC(=O)O)NC(=O)c2cc(N3CCC(C)CC3)nc(-c3ccccc3)n2)CC1,7.500000000000001,-0.8750612633917001,1,train
CCCCCOC(=O)N1CCN(C(=O)[C@H](CCC(=O)O)NC(=O)c2nc(-c3ccccc3)cc(N3CCN(CCOC)CC3)n2)CC1,12.000000000000002,-1.0791812460476249,1,test
CCCCCOC(=O)N1CCN(C(=O)[C@H](CCC(=O)O)NC(=O)c2cc(N3CCN(CCOC)CC3)nc(-c3ccccc3)n2)CC1,2.3,-0.3617278360175928,1,test
CCCCCOC(=O)N1CCN(C(=O)[C@H](CCC(=O)O)NC(=O)c2cc(N3CCN(CC(=O)N4CCCC4)CC3)nc(-c3ccccc3)n2)CC1,2.1,-0.3222192947339193,1,test
CCCCCOC(=O)N1CCN(C(=O)[C@H](CCC(=O)O)NC(=O)c2nc(-c3ccccc3)cc(N3CCN(CC(=O)N(C)C)CC3)n2)CC1,6.8,-0.8325089127062363,0,train
CCCCCOC(=O)N1CCN(C(=O)[C@H](CCC(=O)O)NC(=O)c2cc(N3CCN(CC(=O)N(C)C)CC3)nc(-c3ccccc3)n2)CC1,2.6,-0.414973347970818,1,train
CCCCCOC(=O)N1CCN(C(=O)[C@H](CCC(=O)O)NC(=O)c2nc(-c3ccccc3)cc(N3CCN(C(=O)N(C)C)CC3)n2)CC1,13.999999999999998,-1.146128035678238,1,train
CCCCCOC(=O)N1CCN(C(=O)[C@H](CCC(=O)O)NC(=O)c2cc(N3CCN(C(=O)N(C)C)CC3)nc(-c3ccccc3)n2)CC1,2.9,-0.4623979978989561,1,train
CCCCCOC(=O)N1CCN(C(=O)[C@H](CCC(=O)O)NC(=O)c2nc(-c3ccccc3)cc(N3CCN(C(N)=O)CC3)n2)CC1,5.800000000000001,-0.7634279935629373,1,train
CCCCCOC(=O)N1CCN(C(=O)[C@H](CCC(=O)O)NC(=O)c2cc(N3CCN(C(N)=O)CC3)nc(-c3ccccc3)n2)CC1,1.2,-0.0791812460476248,1,test
CCCCCOC(=O)N1CCN(C(=O)[C@H](CCC(=O)O)NC(=O)c2nc(-c3ccccc3)cc(N3CCN(C(C)=O)CC3)n2)CC1,29.0,-1.462397997898956,1,train
CCCCCOC(=O)N1CCN(C(=O)[C@H](CCC(=O)O)NC(=O)c2cc(N3CCN(C(C)=O)CC3)nc(-c3ccccc3)n2)CC1,3.7,-0.568201724066995,1,train
CCCCCOC(=O)N1CCN(C(=O)[C@H](CCC(=O)O)NC(=O)c2nc(-c3ccccc3)cc(N3CCNCC3)n2)CC1,22.0,-1.3424226808222062,1,train
CCCCCOC(=O)N1CCN(C(=O)[C@H](CCC(=O)O)NC(=O)c2cc(N3CCNCC3)nc(-c3ccccc3)n2)CC1,2.0,-0.3010299956639812,1,test
CCCCCOC(=O)N1CCN(C(=O)[C@H](CCC(=O)O)NC(=O)c2nc(-c3ccccc3)cc(N3CCC(N)CC3)n2)CC1,8.4,-0.9242792860618816,0,train
CCCCCOC(=O)N1CCN(C(=O)[C@H](CCC(=O)O)NC(=O)c2cc(N3CCC(N)CC3)nc(-c3ccccc3)n2)CC1,0.69,0.1611509092627447,1,train
CCCCCOC(=O)N1CCN(C(=O)[C@H](CCC(=O)O)NC(=O)c2nc(-c3ccccc3)cc(N3CCN(C)CC3)n2)CC1,10.999999999999996,-1.041392685158225,1,train
CCCCCOC(=O)N1CCN(C(=O)[C@H](CCC(=O)O)NC(=O)c2cc(N3CCN(C)CC3)nc(-c3ccccc3)n2)CC1,2.7,-0.4313637641589873,1,train
CCCCCOC(=O)N1CCN(C(=O)[C@H](CCC(=O)O)NC(=O)c2nc(NC3CCN(C(C)C)CC3)cc(-c3ccccc3)n2)CC1,35.0,-1.5440680443502757,1,train
CCCCCOC(=O)N1CCN(C(=O)[C@H](CCC(=O)O)NC(=O)c2cc(NC3CCN(C(C)C)CC3)nc(-c3ccccc3)n2)CC1,9.4,-0.9731278535996988,0,train
CCCCCOC(=O)N1CCN(C(=O)[C@H](CCC(=O)O)NC(=O)c2nc(NCC3CCNC3)cc(-c3ccccc3)n2)CC1,19.0,-1.2787536009528289,1,train
CCCCCOC(=O)N1CCN(C(=O)[C@H](CCC(=O)O)NC(=O)c2cc(NCC3CCNC3)nc(-c3ccccc3)n2)CC1,4.1,-0.6127838567197355,1,train
CCCCCOC(=O)N1CCN(C(=O)[C@H](CCC(=O)O)NC(=O)c2nc(NCCCN(C)C)cc(-c3ccccc3)n2)CC1,37.99999999999999,-1.57978359661681,1,train
CCCCCOC(=O)N1CCN(C(=O)[C@H](CCC(=O)O)NC(=O)c2cc(NCCCN(C)C)nc(-c3ccccc3)n2)CC1,4.8,-0.6812412373755872,1,train
CCCCCOC(=O)N1CCN(C(=O)[C@H](CCC(=O)O)NC(=O)c2cc(N3CC(OCC)C3)nc(-c3ccccc3)n2)CC1,1.2,-0.0791812460476248,1,test
CCCCCOC(=O)N1CCN(C(=O)[C@H](CCC(=O)O)NC(=O)c2cc(N3CC(O)C3)nc(-c3ccccc3)n2)CC1,2.5,-0.3979400086720376,1,train
CCCCCOC(=O)N1CCN(C(=O)[C@H](CCC(=O)O)NC(=O)c2nc(-c3ccccc3)cc(N3CCOCC3)n2)CC1,10.999999999999996,-1.041392685158225,1,train
CCCCCOC(=O)N1CCN(C(=O)[C@H](CCC(=O)O)NC(=O)c2cc(N3CCOCC3)nc(-c3ccccc3)n2)CC1,1.0,-0.0,1,train
CCCCCOC(=O)N1CCN(C(=O)[C@H](CCC(=O)O)NC(=O)c2nc(NCCOC)cc(-c3ccccc3)n2)CC1,5.200000000000001,-0.7160033436347992,1,train
CCCCCOC(=O)N1CCN(C(=O)[C@H](CCC(=O)O)NC(=O)c2cc(NCCOC)nc(-c3ccccc3)n2)CC1,1.2,-0.0791812460476248,1,train
CCCCOC(=O)N1CCN(C(=O)[C@H](CCC(=O)O)NC(=O)c2cc(OC(CC)C(=O)N(CC)CC)nc(-c3ccccc3)n2)CC1,123.00000000000004,-2.089905111439398,1,train
CCCCCOC(=O)N1CCN(C(=O)[C@H](CCC(=O)O)NC(=O)c2nc(OCC3CCN(C)CC3)cc(-c3ccccc3)n2)CC1,12.000000000000002,-1.0791812460476249,1,train
CCCCCOC(=O)N1CCN(C(=O)[C@H](CCC(=O)O)NC(=O)c2cc(OCC3CCN(C)CC3)nc(-c3ccccc3)n2)CC1,5.700000000000001,-0.7558748556724915,1,test
CCCCOC(=O)N1CCN(C(=O)[C@H](CCC(=O)O)NC(=O)c2cc(OCC3CCN(C)CC3)nc(-c3ccccc3)n2)CC1,15.000000000000004,-1.1760912590556811,1,train
CCCCCOC(=O)N1CCN(C(=O)[C@H](CCC(=O)O)NC(=O)c2nc(OCC3CCNCC3)cc(-c3ccccc3)n2)CC1,31.0,-1.4913616938342726,1,train
CCCCCOC(=O)N1CCN(C(=O)[C@H](CCC(=O)O)NC(=O)c2cc(OCC3CCNCC3)nc(-c3ccccc3)n2)CC1,2.2,-0.3424226808222063,1,test
CCCCOC(=O)N1CCN(C(=O)[C@H](CCC(=O)O)NC(=O)c2cc(OCC3CCNCC3)nc(-c3ccccc3)n2)CC1,16.0,-1.2041199826559248,1,train
CCCCOC(=O)N1CCN(C(=O)[C@H](CCC(=O)O)NC(=O)c2cc(OC3CCN(C(C)C)CC3)nc(-c3ccccc3)n2)CC1,19.0,-1.2787536009528289,1,train
CCCCOC(=O)N1CCN(C(=O)[C@H](CCC(=O)O)NC(=O)c2cc(OC3CCNCC3)nc(-c3ccccc3)n2)CC1,10.999999999999996,-1.041392685158225,1,train
CCCCCOC(=O)N1CCN(C(=O)[C@H](CCC(=O)O)NC(=O)c2nc(OCCCN3CCOCC3)cc(-c3ccccc3)n2)CC1,10.999999999999996,-1.041392685158225,1,train
CCCCCOC(=O)N1CCN(C(=O)[C@H](CCC(=O)O)NC(=O)c2cc(OCCCN3CCOCC3)nc(-c3ccccc3)n2)CC1,2.8,-0.4471580313422192,1,test
CCCCCOC(=O)N1CCN(C(=O)[C@H](CCC(=O)O)NC(=O)c2nc(OCCN(CC)CC)cc(-c3ccccc3)n2)CC1,184.0,-2.2648178230095364,1,test
CCCCCOC(=O)N1CCN(C(=O)[C@H](CCC(=O)O)NC(=O)c2cc(OCCN(CC)CC)nc(-c3ccccc3)n2)CC1,27.000000000000004,-1.4313637641589874,1,train
CCCCOC(=O)N1CCN(C(=O)[C@H](CCC(=O)O)NC(=O)c2cc(OCCN(CC)CC)nc(-c3ccccc3)n2)CC1,72.00000000000001,-1.8573324964312683,1,test
CCCCOC(=O)N1CCN(C(=O)[C@H](CCC(=O)O)NC(=O)c2cc(OCC3CCCO3)nc(-c3ccccc3)n2)CC1,55.00000000000001,-1.740362689494244,1,train
CCCCCOC(=O)N1CCN(C(=O)[C@H](CCC(=O)O)NC(=O)c2nc(OCCOC)cc(-c3ccccc3)n2)CC1,1.2,-0.0791812460476248,1,train
CCCCCOC(=O)N1CCN(C(=O)[C@H](CCC(=O)O)NC(=O)c2cc(OCCOC)nc(-c3ccccc3)n2)CC1,1.2,-0.0791812460476248,1,train
CCCCOC(=O)N1CCN(C(=O)[C@H](CCC(=O)O)NC(=O)c2cc(OCCOC)nc(-c3ccccc3)n2)CC1,12.000000000000002,-1.0791812460476249,1,train
CCc1cc2c(N3CCN(C(=O)Cc4ccccc4)CC3)ncnc2s1,660.0000000000001,-2.8195439355418688,0,train
CCc1cc2c(N3CCN(C(=O)Oc4cccc5ccccc45)CC3)ncnc2s1,130.00000000000006,-2.113943352306837,0,train
CCc1cc2c(N3CCN(C(=O)CC(C)C)CC3)ncnc2s1,2099.999999999999,-3.322219294733919,0,train
CCc1cc2c(N3CCN(C(=O)c4ccc(-c5ccccc5)cc4)CC3)ncnc2s1,29.0,-1.462397997898956,1,train
CCc1cc2c(N3CCN(C(=O)c4ccccc4)CC3)ncnc2s1,4400.0,-3.643452676486187,1,train
CCc1cc2c(N3CCN(C(=O)CC(F)(F)F)CC3)ncnc2s1,2989.9999999999995,-3.4756711883244296,0,test
CCc1cc2c(N3CCN(C(=O)c4ccc(-c5ccccc5)cc4)CC3)nc(NC(=O)NCCC(=O)O)nc2s1,6.5,-0.8129133566428556,0,train
CCc1cc2c(N3CCN(C(=O)CC(F)(F)F)CC3)nc(NC(=O)NCCC(=O)O)nc2s1,174.50000000000006,-2.241795431295199,0,train
CCc1cc2c(N3CCN(C(=O)C(C)C)CC3)nc(NC(=O)NCCC(=O)O)nc2s1,40.99999999999999,-1.6127838567197357,0,test
CCc1cc2c(N3CCN(C(=O)Cc4ccccc4)CC3)nc(NC(=O)NCCC(=O)O)nc2s1,226.9999999999999,-2.3560258571931225,0,test
CCc1cc2c(N3CCN(C(=O)c4ccc(-c5ccccc5)cc4)CC3)nc(N3CCNCC3)nc2s1,403.50000000000017,-2.6058435390580894,1,train
CCc1cc2c(N3CCN(C(=O)c4ccc(-c5ccccc5)cc4)CC3)nc(N3[C@@H](C(N)=O)CC[C@H]3C(N)=O)nc2s1,12.500000000000002,-1.0969100130080565,0,train
CCCCOC(=O)N1CCN(C(=O)[C@H](CCC(=O)O)NC(=O)c2cc(N3CCC(C(=O)N4CCCC4)CC3)cc(-c3ccccc3)n2)CC1,4.2,-0.6232492903979004,1,train
CCCCCOC(=O)N1CCN(C(=O)[C@H](CCC(=O)O)NC(=O)c2cc(N3CCC(C(=O)N4CCCC4)CC3)cc(-c3ccccc3)n2)CC1,4.75,-0.6766936096248666,1,train
CCCCCOC(=O)N1CCN(C(=O)[C@H](CCC(=O)O)NC(=O)c2cc(N3CC(C(=O)NCC)C3)cc(-c3ccccc3)n2)CC1,2.0,-0.3010299956639812,1,train
CCCCCOC(=O)N1CCN(C(=O)[C@H](CCC(=O)O)NC(=O)c2cc(N3CC(C(=O)NC)C3)cc(-c3ccccc3)n2)CC1,1.7,-0.2304489213782739,1,train
CCCCCOC(=O)N1CCN(C(=O)[C@H](CCC(=O)O)NC(=O)c2cc(N3CC(C(N)=O)C3)cc(-c3ccccc3)n2)CC1,0.64,0.1938200260161128,1,train
CCCCCOC(=O)N1CCN(C(=O)[C@H](CCC(=O)O)NC(=O)c2cc(N3CC(CNC)C3)cc(-c3ccccc3)n2)CC1,7.1,-0.8512583487190752,1,train
CCCCCOC(=O)N1CCN(C(=O)[C@H](CCC(=O)O)NC(=O)c2cc(N3CC(N4CCOCC4)C3)cc(-c3ccccc3)n2)CC1,3.2999999999999994,-0.5185139398778874,1,train
CCCCCOC(=O)N1CCN(C(=O)[C@H](CCC(=O)O)NC(=O)c2cc(N3CC(N(C)C)C3)cc(-c3ccccc3)n2)CC1,5.500000000000001,-0.7403626894942439,1,test
CCCCCOC(=O)N1CCN(C(=O)[C@H](CCC(=O)O)NC(=O)c2cc(N3CC(OC)C3)cc(-c3ccccc3)n2)CC1,2.0,-0.3010299956639812,1,train
CCCCCOC(=O)N1CCN(C(=O)[C@H](CCC(=O)O)NC(=O)c2cc(N3CC(O)C3)cc(-c3ccccc3)n2)CC1,2.5,-0.3979400086720376,1,test
CCCCCOC(=O)N1CCN(C(=O)C(CCC(=O)O)NC(=O)c2cc(N3CCC(COC)C3)cc(-c3ccccc3)n2)CC1,31.0,-1.4913616938342726,1,train
CCCCCOC(=O)N1CCN(C(=O)C(CCC(=O)O)NC(=O)c2cc(N3CCC(CO)C3)cc(-c3ccccc3)n2)CC1,21.0,-1.3222192947339193,1,test
CCCCCOC(=O)N1CCN(C(=O)[C@H](CCC(=O)O)NC(=O)c2cc(N3CC[C@@H](OCC(=O)N(CC)CC)C3)cc(-c3ccccc3)n2)CC1,3.5000000000000004,-0.5440680443502757,0,test
CCCCCOC(=O)N1CCN(C(=O)[C@H](CCC(=O)O)NC(=O)c2cc(N3CC[C@H](OCC(=O)N(C)C)C3)cc(-c3ccccc3)n2)CC1,5.000000000000001,-0.6989700043360189,0,train
CCCCCOC(=O)N1CCN(C(=O)C(CCC(=O)O)NC(=O)c2cc(N3CCC(O)C3)cc(-c3ccccc3)n2)CC1,12.999999999999998,-1.1139433523068367,0,train
CCCCCOC(=O)N1CCN(C(=O)[C@H](CCC(=O)O)NC(=O)c2cc(N3CCCC(C(=O)N(CC)CC)C3)cc(-c3ccccc3)n2)CC1,26.0,-1.414973347970818,1,train
CCCCCOC(=O)N1CCN(C(=O)[C@H](CCC(=O)O)NC(=O)c2cc(N3CCCC(C(N)=O)C3)cc(-c3ccccc3)n2)CC1,17.0,-1.230448921378274,1,train
CCCCCOC(=O)N1CCN(C(=O)[C@H](CCC(=O)O)NC(=O)c2cc(N3CCCC(CN4CCCC4=O)C3)cc(-c3ccccc3)n2)CC1,10.0,-1.0,0,train
CCCCCOC(=O)N1CCN(C(=O)[C@H](CCC(=O)O)NC(=O)c2cc(N3CCCC(CNC(C)=O)C3)cc(-c3ccccc3)n2)CC1,9.9,-0.99563519459755,0,train
CCCCCOC(=O)N1CCN(C(=O)[C@H](CCC(=O)O)NC(=O)c2cc(N3CCCC(CN4CCCC4)C3)cc(-c3ccccc3)n2)CC1,7.3,-0.8633228601204559,0,train
CCCCCOC(=O)N1CCN(C(=O)[C@H](CCC(=O)O)NC(=O)c2cc(N3CCCC(N4CCCC4)C3)cc(-c3ccccc3)n2)CC1,10.999999999999996,-1.041392685158225,1,test
CCCCCOC(=O)N1CCN(C(=O)[C@H](CCC(=O)O)NC(=O)c2cc(N3CCCC(N)C3)cc(-c3ccccc3)n2)CC1,5.500000000000001,-0.7403626894942439,1,train
CCCCCOC(=O)N1CCN(C(=O)[C@H](CCC(=O)O)NC(=O)c2cc(N3CCCC(COC)C3)cc(-c3ccccc3)n2)CC1,22.0,-1.3424226808222062,1,train
CCCCCOC(=O)N1CCN(C(=O)[C@H](CCC(=O)O)NC(=O)c2cc(N3CCCC(OC)C3)cc(-c3ccccc3)n2)CC1,31.0,-1.4913616938342726,1,train
CCCCCOC(=O)N1CCN(C(=O)[C@H](CCC(=O)O)NC(=O)c2cc(N3CCN(C(=O)N4CCCC4)CC3)cc(-c3ccccc3)n2)CC1,10.0,-1.0,0,test
CCCCCOC(=O)N1CCN(C(=O)[C@H](CCC(=O)O)NC(=O)c2cc(N3CCN(C(=O)N(CC)CC)CC3)cc(-c3ccccc3)n2)CC1,12.000000000000002,-1.0791812460476249,1,train
CCCCCOC(=O)N1CCN(C(=O)[C@H](CCC(=O)O)NC(=O)c2cc(N3CCN(C(=O)N(C)C)CC3)cc(-c3ccccc3)n2)CC1,5.9,-0.7708520116421442,1,train
CCCCCOC(=O)N1CCN(C(=O)[C@H](CCC(=O)O)NC(=O)c2cc(N3CCN(C(N)=O)CC3)cc(-c3ccccc3)n2)CC1,6.3,-0.7993405494535817,1,train
CCCCCOC(=O)N1CCN(C(=O)[C@H](CCC(=O)O)NC(=O)c2cc(N3CCN(C(=O)CN(C)C)CC3)cc(-c3ccccc3)n2)CC1,2.8,-0.4471580313422192,1,train
CCCCCOC(=O)N1CCN(C(=O)[C@H](CCC(=O)O)NC(=O)c2cc(N3CCN(C(=O)C(C)C)CC3)cc(-c3ccccc3)n2)CC1,16.0,-1.2041199826559248,1,train
CCCCCOC(=O)N1CCN(C(=O)[C@H](CCC(=O)O)NC(=O)c2cc(N3CCN(C(C)=O)CC3)cc(-c3ccccc3)n2)CC1,22.0,-1.3424226808222062,1,train
CCCCCOC(=O)N1CCN(C(=O)[C@H](CCC(=O)O)NC(=O)c2cc(N3CCN(CC(=O)N4CCCC4)CC3)cc(-c3ccccc3)n2)CC1,5.200000000000001,-0.7160033436347992,1,train
CCCCCOC(=O)N1CCN(C(=O)[C@H](CCC(=O)O)NC(=O)c2cc(N3CCN(CC(=O)N(CC)CC)CC3)cc(-c3ccccc3)n2)CC1,5.9,-0.7708520116421442,0,train
CCCCCOC(=O)N1CCN(C(=O)[C@H](CCC(=O)O)NC(=O)c2cc(N3CCN(CC(=O)N(C)C)CC3)cc(-c3ccccc3)n2)CC1,4.900000000000001,-0.6901960800285137,0,train
CCCCCOC(=O)N1CCN(C(=O)[C@H](CCC(=O)O)NC(=O)c2cc(N3CCN(CC(N)=O)CC3)cc(-c3ccccc3)n2)CC1,1.7,-0.2304489213782739,1,train
CCCCCOC(=O)N1CCN(C(=O)[C@H](CCC(=O)O)NC(=O)c2cc(N3CCN(CCS(C)(=O)=O)CC3)cc(-c3ccccc3)n2)CC1,8.9,-0.9493900066449128,0,train
CCCCCOC(=O)N1CCN(C(=O)[C@H](CCC(=O)O)NC(=O)c2cc(N3CCN(CCCN(C)C)CC3)cc(-c3ccccc3)n2)CC1,8.4,-0.9242792860618816,0,train
CCCCCOC(=O)N1CCN(C(=O)[C@H](CCC(=O)O)NC(=O)c2cc(N3CCN(CCN(C)C)CC3)cc(-c3ccccc3)n2)CC1,8.5,-0.9294189257142929,0,train
CCCCCOC(=O)N1CCN(C(=O)[C@H](CCC(=O)O)NC(=O)c2cc(N3CCN(CCN)CC3)cc(-c3ccccc3)n2)CC1,4.500000000000001,-0.6532125137753437,1,train
CCCCCOC(=O)N1CCN(C(=O)[C@H](CCC(=O)O)NC(=O)c2cc(N3CCN(CCOCCC)CC3)cc(-c3ccccc3)n2)CC1,6.3,-0.7993405494535817,1,train
CCCCCOC(=O)N1CCN(C(=O)[C@H](CCC(=O)O)NC(=O)c2cc(N3CCN(CCOC)CC3)cc(-c3ccccc3)n2)CC1,8.3,-0.919078092376074,1,train
CCCCCOC(=O)N1CCN(C(=O)[C@H](CCC(=O)O)NC(=O)c2cc(N3CCN(CCO)CC3)cc(-c3ccccc3)n2)CC1,12.999999999999998,-1.1139433523068367,1,train
CCCCCOC(=O)N1CCN(C(=O)[C@H](CCC(=O)O)NC(=O)c2cc(N3CCN(CCC)CC3)cc(-c3ccccc3)n2)CC1,29.0,-1.462397997898956,1,train
CCCCCOC(=O)N1CCN(C(=O)[C@H](CCC(=O)O)NC(=O)c2cc(N3CCN(C)CC3)cc(-c3ccccc3)n2)CC1,15.000000000000004,-1.1760912590556811,1,train
CCCCCOC(=O)N1CCN(C(=O)[C@H](CCC(=O)O)NC(=O)c2cc(N3CCNCC3)cc(-c3ccccc3)n2)CC1,6.5,-0.8129133566428556,1,train
CCCCCOC(=O)N1CCN(C(=O)[C@H](CCC(=O)O)NC(=O)c2cc(N3CCC(C(=O)N4CCC4)CC3)cc(-c3ccccc3)n2)CC1,1.2,-0.0791812460476248,1,test
CCCCCCOC(=O)N1CCN(C(=O)[C@H](CCC(=O)O)NC(=O)c2cc(N3CCC(C(=O)N(CC)CC)CC3)cc(-c3ccccc3)n2)CC1,4.8,-0.6812412373755872,1,test
CCCCCOC(=O)N1CCN(C(=O)[C@H](CCC(=O)O)NC(=O)c2cc(N3CCC(C(=O)N(CC)CC)CC3)cc(-c3ccccc3)n2)CC1,4.0,-0.6020599913279624,1,test
CCCCOC(=O)N1CCN(C(=O)[C@H](CCC(=O)O)NC(=O)c2cc(N3CCC(C(=O)N(CC)CC)CC3)cc(-c3ccccc3)n2)CC1,1.1,-0.041392685158225,1,train
CCCOC(=O)N1CCN(C(=O)[C@H](CCC(=O)O)NC(=O)c2cc(N3CCC(C(=O)N(CC)CC)CC3)cc(-c3ccccc3)n2)CC1,12.000000000000002,-1.0791812460476249,1,test
CCCCCOC(=O)N1CCN(C(=O)[C@H](CCC(=O)O)NC(=O)c2cc(N3CCC(C(=O)N(C)C)CC3)cc(-c3ccccc3)n2)CC1,0.98,0.0087739243075051,1,test
CCCCOC(=O)N1CCN(C(=O)[C@H](CCC(=O)O)NC(=O)c2cc(N3CCC(C(=O)N(C)C)CC3)cc(-c3ccccc3)n2)CC1,2.6,-0.414973347970818,1,train
CCCCCOC(=O)N1CCN(C(=O)[C@H](CCC(=O)O)NC(=O)c2cc(N3CCC(C(=O)NC(C)C)CC3)cc(-c3ccccc3)n2)CC1,6.0,-0.7781512503836436,1,train
CCCCOC(=O)N1CCN(C(=O)[C@H](CCC(=O)O)NC(=O)c2cc(N3CCC(C(=O)NC(C)C)CC3)cc(-c3ccccc3)n2)CC1,4.3,-0.6334684555795865,1,train
CCCCCOC(=O)N1CCN(C(=O)[C@H](CCC(=O)O)NC(=O)c2cc(N3CCC(C(=O)NCC)CC3)cc(-c3ccccc3)n2)CC1,0.58,0.2365720064370627,1,test
CCCCCOC(=O)N1CCN(C(=O)[C@H](CCC(=O)O)NC(=O)c2cc(N3CCC(C(=O)NC)CC3)cc(-c3ccccc3)n2)CC1,7.899999999999999,-0.8976270912904414,0,train
CCCCCOC(=O)N1CCN(C(=O)[C@H](CCC(=O)O)NC(=O)c2cc(N3CCC(C(N)=O)CC3)cc(-c3ccccc3)n2)CC1,6.5,-0.8129133566428556,0,train
CCCCOC(=O)N1CCN(C(=O)[C@H](CCC(=O)O)NC(=O)c2cc(N3CCC(CN4CCCC4=O)CC3)cc(-c3ccccc3)n2)CC1,0.79,0.1023729087095585,1,train
CCCCCOC(=O)N1CCN(C(=O)[C@H](CCC(=O)O)NC(=O)c2cc(N3CCC(CNC(C)=O)CC3)cc(-c3ccccc3)n2)CC1,25.000000000000007,-1.3979400086720375,1,train
CCCCCOC(=O)N1CCN(C(=O)[C@H](CCC(=O)O)NC(=O)c2cc(N3CCC(CCN4CCCC4)CC3)cc(-c3ccccc3)n2)CC1,7.999999999999999,-0.9030899869919436,0,test
CCCCCOC(=O)N1CCN(C(=O)[C@H](CCC(=O)O)NC(=O)c2cc(N3CCC(CCN(C)C)CC3)cc(-c3ccccc3)n2)CC1,12.000000000000002,-1.0791812460476249,1,train
CCCCCOC(=O)N1CCN(C(=O)[C@H](CCC(=O)O)NC(=O)c2cc(N3CCC(CCN)CC3)cc(-c3ccccc3)n2)CC1,2.8,-0.4471580313422192,1,train
CCCCCOC(=O)N1CCN(C(=O)[C@H](CCC(=O)O)NC(=O)c2cc(N3CCC(CCOC)CC3)cc(-c3ccccc3)n2)CC1,10.999999999999996,-1.041392685158225,1,train
CCCCCOC(=O)N1CCN(C(=O)[C@H](CCC(=O)O)NC(=O)c2cc(N3CCC(CN4CCCC4)CC3)cc(-c3ccccc3)n2)CC1,1.1,-0.041392685158225,1,train
CCCCOC(=O)N1CCN(C(=O)[C@H](CCC(=O)O)NC(=O)c2cc(N3CCC(CN4CCCC4)CC3)cc(-c3ccccc3)n2)CC1,1.5,-0.1760912590556812,1,train
CCCCCOC(=O)N1CCN(C(=O)[C@H](CCC(=O)O)NC(=O)c2cc(N3CCC(CN(CC)CC)CC3)cc(-c3ccccc3)n2)CC1,4.0,-0.6020599913279624,1,train
CCCCOC(=O)N1CCN(C(=O)[C@H](CCC(=O)O)NC(=O)c2cc(N3CCC(CN(CC)CC)CC3)cc(-c3ccccc3)n2)CC1,7.500000000000001,-0.8750612633917001,0,train
CCCCCOC(=O)N1CCN(C(=O)[C@H](CCC(=O)O)NC(=O)c2cc(N3CCC(CN(C)C)CC3)cc(-c3ccccc3)n2)CC1,1.9,-0.2787536009528289,1,train
CCCCOC(=O)N1CCN(C(=O)[C@H](CCC(=O)O)NC(=O)c2cc(N3CCC(CN(C)C)CC3)cc(-c3ccccc3)n2)CC1,3.2000000000000006,-0.505149978319906,1,train
CCCCCOC(=O)N1CCN(C(=O)[C@H](CCC(=O)O)NC(=O)c2cc(N3CCC(CNCC)CC3)cc(-c3ccccc3)n2)CC1,1.5,-0.1760912590556812,1,train
CCCCOC(=O)N1CCN(C(=O)[C@H](CCC(=O)O)NC(=O)c2cc(N3CCC(CNCC)CC3)cc(-c3ccccc3)n2)CC1,3.8,-0.5797835966168101,1,train
CCCCCOC(=O)N1CCN(C(=O)[C@H](CCC(=O)O)NC(=O)c2cc(N3CCC(CNC)CC3)cc(-c3ccccc3)n2)CC1,1.5,-0.1760912590556812,1,train
CCCCOC(=O)N1CCN(C(=O)[C@H](CCC(=O)O)NC(=O)c2cc(N3CCC(CNC)CC3)cc(-c3ccccc3)n2)CC1,4.0,-0.6020599913279624,1,train
CCCCCOC(=O)N1CCN(C(=O)[C@H](CCC(=O)O)NC(=O)c2cc(CCCN(C)C)cc(-c3ccccc3)n2)CC1,1.0,-0.0,1,train
CCCCCOC(=O)N1CCN(C(=O)[C@H](CCC(=O)O)NC(=O)c2cc(OCC3CCN(C(C)=O)CC3)cc(-c3ccccc3)n2)CC1,1.3,-0.1139433523068367,1,train
CCCCCOC(=O)N1CCN(C(=O)[C@H](CCC(=O)O)NC(=O)c2cc(OCC3CCN(C(=O)OCC)CC3)cc(-c3ccccc3)n2)CC1,1.3,-0.1139433523068367,1,train
CCCCOC(=O)N1CCN(C(=O)[C@H](CCC(=O)O)NC(=O)c2cc(OC(=O)N(C)CC3CCOCC3)cc(-c3ccccc3)n2)CC1,1.5,-0.1760912590556812,1,train
CCCCOC(=O)N1CCN(C(=O)[C@H](CCC(=O)O)NC(=O)c2cc(OC(=O)N3CCC(OC)C3)cc(-c3ccccc3)n2)CC1,1.5,-0.1760912590556812,1,train
CCCCOC(=O)N1CCN(C(=O)[C@H](CCC(=O)O)NC(=O)c2cc(OC(=O)N3CCOCC3)cc(-c3ccccc3)n2)CC1,1.7,-0.2304489213782739,1,test
CCCCCOC(=O)N1CCN(C(=O)[C@H](CCC(=O)O)NC(=O)c2cc(C(=O)N3CCN(C(C)=O)CC3)cc(-c3ccccc3)n2)CC1,1.7,-0.2304489213782739,1,train
CCCCOC(=O)N1CCN(C(=O)[C@H](CCC(=O)O)NC(=O)c2cc(OC(=O)N(C)C3CCOC3)cc(-c3ccccc3)n2)CC1,1.8,-0.255272505103306,1,train
CCCCOC(=O)N1CCN(C(=O)[C@H](CCC(=O)O)NC(=O)c2cc(OC(=O)N(C)C)cc(-c3ccccc3)n2)CC1,2.0,-0.3010299956639812,1,train
CCCCOC(=O)N1CCN(C(=O)[C@H](CCC(=O)O)NC(=O)c2cc(OC(=O)N3CCC(OCC)CC3)cc(-c3ccccc3)n2)CC1,2.1,-0.3222192947339193,1,train
CCCCCOC(=O)N1CCN(C(=O)[C@H](CCC(=O)O)NC(=O)c2cc(N(C)CCOC)cc(-c3ccccc3)n2)CC1,2.1,-0.3222192947339193,1,train
CCCCCOC(=O)N1CCN(C(=O)[C@H](CCC(=O)O)NC(=O)c2cc(CCC(=O)N(C)C)cc(-c3ccccc3)n2)CC1,2.1,-0.3222192947339193,1,train
CCCCCOC(=O)N1CCN(C(=O)[C@H](CCC(=O)O)NC(=O)c2cc(OC(=O)N(C)C3CCOC3)cc(-c3ccccc3)n2)CC1,2.3,-0.3617278360175928,1,train
CCCCOC(=O)N1CCN(C(=O)[C@H](CCC(=O)O)NC(=O)c2cc(OC3CCN(COC)CC3)cc(-c3ccccc3)n2)CC1,2.4,-0.380211241711606,1,train
CCCCOC(=O)N1CCN(C(=O)[C@H](CCC(=O)O)NC(=O)c2cc(NCCOC)cc(-c3ccccc3)n2)CC1,2.4,-0.380211241711606,1,train
CCCCCOC(=O)N1CCN(C(=O)[C@H](CCC(=O)O)NC(=O)c2cc(N3CCC(CO)CC3)cc(-c3ccccc3)n2)CC1,2.4,-0.380211241711606,1,train
CCCCCOC(=O)N1CCN(C(=O)[C@H](CCC(=O)O)NC(=O)c2cc(C(=O)N(C)C)cc(-c3ccccc3)n2)CC1,2.4,-0.380211241711606,1,train
CCCCOC(=O)N1CCN(C(=O)[C@H](CCC(=O)O)NC(=O)c2cc(OCCC3CCCNC3)cc(-c3ccccc3)n2)CC1,2.5,-0.3979400086720376,1,train
CCCCOC(=O)N1CCN(C(=O)[C@H](CCC(=O)O)NC(=O)c2cc(OC3CCN(C)CC3)cc(-c3ccccc3)n2)CC1,2.5,-0.3979400086720376,1,train
CCCCOC(=O)N1CCN(C(=O)[C@H](CCC(=O)O)NC(=O)c2cc(OCC3CCN(C)CC3)cc(-c3ccccc3)n2)CC1,2.5,-0.3979400086720376,1,train
CCCCOC(=O)N1CCN(C(=O)[C@H](CCC(=O)O)NC(=O)c2cc(OCC3CCN(C(=O)COC)CC3)cc(-c3ccccc3)n2)CC1,2.6,-0.414973347970818,1,train
CCCCCCOC(=O)N1CCN(C(=O)[C@H](CCC(=O)O)NC(=O)c2cc(N3CCC(N4CCCC4)CC3)cc(-c3ccccc3)n2)CC1,2.6,-0.414973347970818,1,train
CCCCCOC(=O)N1CCN(C(=O)[C@H](CCC(=O)O)NC(=O)c2cc(C(=O)N(C)CC)cc(-c3ccccc3)n2)CC1,2.6,-0.414973347970818,1,train
CCCCCOC(=O)N1CCN(C(=O)[C@H](CCC(=O)O)NC(=O)c2cc(C(=O)N(C)CCCOC)cc(-c3ccccc3)n2)CC1,2.6,-0.414973347970818,1,train
CCCCOC(=O)N1CCN(C(=O)[C@H](CCC(=O)O)NC(=O)c2cc(N3CCC(NC)CC3)cc(-c3ccccc3)n2)CC1,2.7,-0.4313637641589873,1,train
CCCCOC(=O)N1CCN(C(=O)[C@H](CCC(=O)O)NC(=O)c2cc(OC3CCN(C(=O)OC)CC3)cc(-c3ccccc3)n2)CC1,2.8,-0.4471580313422192,1,train
CCCCCOC(=O)N1CCN(C(=O)[C@H](CCC(=O)O)NC(=O)c2cc(C(=O)N3CCCCC3)cc(-c3ccccc3)n2)CC1,2.8,-0.4471580313422192,1,train
CCCCCOC(=O)N1CCN(C(=O)[C@H](CCC(=O)O)NC(=O)c2cc(CCCCCO)cc(-c3ccccc3)n2)CC1,2.8,-0.4471580313422192,1,train
CCCCOC(=O)N1CCN(C(=O)[C@H](CCC(=O)O)NC(=O)c2cc(OCCC3CCNCC3)cc(-c3ccccc3)n2)CC1,3.0,-0.4771212547196624,1,train
CCCCCOC(=O)N1CCN(C(=O)[C@H](CCC(=O)O)NC(=O)c2cc(C(=O)N3CCC(OC)CC3)cc(-c3ccccc3)n2)CC1,3.2000000000000006,-0.505149978319906,1,train
CCCCOC(=O)N1CCN(C(=O)[C@H](CCC(=O)O)NC(=O)c2cc(N3CCOCC3)cc(-c3ccccc3)n2)CC1,3.2999999999999994,-0.5185139398778874,1,test
CCCCCCOC(=O)N1CCN(C(=O)[C@H](CCC(=O)O)NC(=O)c2cc(N3CCC(N)CC3)cc(-c3ccccc3)n2)CC1,3.2999999999999994,-0.5185139398778874,1,test
CCCCCOC(=O)N1CCN(C(=O)[C@H](CCC(=O)O)NC(=O)c2cc(CCCCN(C)C)cc(-c3ccccc3)n2)CC1,3.2999999999999994,-0.5185139398778874,1,test
CCCCOC(=O)N1CCN(C(=O)[C@H](CCC(=O)O)NC(=O)c2cc(N3CCC(N)CC3)cc(-c3ccccc3)n2)CC1,3.5000000000000004,-0.5440680443502757,1,train
CCCCCOC(=O)N1CCN(C(=O)[C@H](CCC(=O)O)NC(=O)c2cc(OC3CCN(C(=O)OC)CC3)cc(-c3ccccc3)n2)CC1,3.6,-0.5563025007672873,1,train
CCCCCOC(=O)N1CCN(C(=O)[C@H](CCC(=O)O)NC(=O)c2cc(CCCCO)cc(-c3ccccc3)n2)CC1,3.6,-0.5563025007672873,1,test
CCCCOC(=O)N1CCN(C(=O)[C@H](CCC(=O)O)NC(=O)c2cc(OC3CCNC3)cc(-c3ccccc3)n2)CC1,3.7,-0.568201724066995,1,train
CCCCOC(=O)N1CCN(C(=O)[C@H](CCC(=O)O)NC(=O)c2cc(OCC3CCCNC3)cc(-c3ccccc3)n2)CC1,3.7,-0.568201724066995,1,train
CCCCOC(=O)N1CCN(C(=O)[C@H](CCC(=O)O)NC(=O)c2cc(OCCC3CCCCN3)cc(-c3ccccc3)n2)CC1,3.7,-0.568201724066995,1,train
CCCCCOC(=O)N1CCN(C(=O)[C@H](CCC(=O)O)NC(=O)c2cc(CCC(=O)N3CCOCC3)cc(-c3ccccc3)n2)CC1,3.7,-0.568201724066995,1,train
CCCCCOC(=O)N1CCN(C(=O)[C@H](CCC(=O)O)NC(=O)c2cc(CCCO)cc(-c3ccccc3)n2)CC1,3.8,-0.5797835966168101,1,test
CCCCOC(=O)N1CCN(C(=O)[C@H](CCC(=O)O)NC(=O)c2cc(OCC3CCN(C(C)=O)CC3)cc(-c3ccccc3)n2)CC1,3.9,-0.5910646070264992,1,test
CCCCOC(=O)N1CCN(C(=O)[C@H](CCC(=O)O)NC(=O)c2cc(N(C)CCOC)cc(-c3ccccc3)n2)CC1,4.0,-0.6020599913279624,1,train
CCCCOC(=O)N1CCN(C(=O)[C@H](CCC(=O)O)NC(=O)c2cc(OCC3CCNCC3)cc(-c3ccccc3)n2)CC1,4.2,-0.6232492903979004,1,test
CCCCCOC(=O)N1CCN(C(=O)[C@H](CCC(=O)O)NC(=O)c2cc(C(=O)N3CCOCC3)cc(-c3ccccc3)n2)CC1,4.4,-0.6434526764861874,1,train
CCCCCOC(=O)N1CCN(C(=O)[C@H](CCC(=O)O)NC(=O)c2cc(OCC3CCNCC3)cc(-c3ccccc3)n2)CC1,4.500000000000001,-0.6532125137753437,1,train
CCCCCCOC(=O)N1CCN(C(=O)[C@H](CCC(=O)O)NC(=O)c2cc(OCC3CCNCC3)cc(-c3ccccc3)n2)CC1,4.500000000000001,-0.6532125137753437,1,test
CCCCOC(=O)N1CCN(C(=O)[C@H](CCC(=O)O)NC(=O)c2cc(OCC3CCN(C(C)C)CC3)cc(-c3ccccc3)n2)CC1,4.500000000000001,-0.6532125137753437,1,train
CCCCCOC(=O)N1CCN(C(=O)[C@H](CCC(=O)O)NC(=O)c2cc(OCC3CCN(C(=O)C(F)(F)F)CC3)cc(-c3ccccc3)n2)CC1,4.500000000000001,-0.6532125137753437,0,train
CCCCCOC(=O)N1CCN(C(=O)[C@H](CCC(=O)O)NC(=O)c2cc(C(=O)NC3CCOCC3)cc(-c3ccccc3)n2)CC1,4.6000000000000005,-0.6627578316815741,1,train
CCCCCOC(=O)N1CCN(C(=O)[C@H](CCC(=O)O)NC(=O)c2cc(OC(=O)N3CCOCC3)cc(-c3ccccc3)n2)CC1,4.8,-0.6812412373755872,1,train
CCCCOC(=O)N1CCN(C(=O)[C@H](CCC(=O)O)NC(=O)c2cc(OCCCCO)cc(-c3ccccc3)n2)CC1,4.900000000000001,-0.6901960800285137,1,train
CCCCCOC(=O)N1CCN(C(=O)[C@H](CCC(=O)O)NC(=O)c2cc(OC(=O)N3CCC(OC)C3)cc(-c3ccccc3)n2)CC1,4.900000000000001,-0.6901960800285137,0,train
CCCCCOC(=O)N1CCN(C(=O)[C@H](CCC(=O)O)NC(=O)c2cc(OC3CCN(C)CC3)cc(-c3ccccc3)n2)CC1,5.000000000000001,-0.6989700043360189,1,train
CCCCOC(=O)N1CCN(C(=O)[C@H](CCC(=O)O)NC(=O)c2cc(N3CCC(N(C)C)CC3)cc(-c3ccccc3)n2)CC1,5.000000000000001,-0.6989700043360189,1,train
CCCCCOC(=O)N1CCN(C(=O)[C@H](CCC(=O)O)NC(=O)c2cc(OC3CCN(S(=O)(=O)CC)CC3)cc(-c3ccccc3)n2)CC1,5.1000000000000005,-0.7075701760979364,0,test
CCCCCOC(=O)N1CCN(C(=O)[C@H](CCC(=O)O)NC(=O)c2cc(OCC3CCN(C)CC3)cc(-c3ccccc3)n2)CC1,5.3,-0.724275869600789,1,train
CCCCOC(=O)N1CCN(C(=O)[C@H](CCC(=O)O)NC(=O)c2cc(OCC3CCN(CCOC)CC3)cc(-c3ccccc3)n2)CC1,5.3,-0.724275869600789,1,train
CCCCCOC(=O)N1CCN(C(=O)[C@H](CCC(=O)O)NC(=O)c2cc(OCC3CCN(CCOC)CC3)cc(-c3ccccc3)n2)CC1,5.3,-0.724275869600789,1,train
CCCCOC(=O)N1CCN(C(=O)[C@H](CCC(=O)O)NC(=O)c2cc(OCC3CCN(S(=O)(=O)CC)CC3)cc(-c3ccccc3)n2)CC1,5.3,-0.724275869600789,0,train
CCCCCOC(=O)N1CCN(C(=O)[C@H](CCC(=O)O)NC(=O)c2cc(C(=O)N3CCC(N(C)C)CC3)cc(-c3ccccc3)n2)CC1,5.4,-0.7323937598229685,0,train
CCCCCOC(=O)N1CCN(C(=O)[C@H](CCC(=O)O)NC(=O)c2cc(OC(=O)N(C)C)cc(-c3ccccc3)n2)CC1,5.500000000000001,-0.7403626894942439,1,train
CCCCCOC(=O)N1CCN(C(=O)[C@H](CCC(=O)O)NC(=O)c2cc(OCC3CCN(C(C)C)CC3)cc(-c3ccccc3)n2)CC1,5.500000000000001,-0.7403626894942439,1,test
CCCCCOC(=O)N1CCN(C(=O)[C@H](CCC(=O)O)NC(=O)c2cc(N3CCCCC3)cc(-c3ccccc3)n2)CC1,5.500000000000001,-0.7403626894942439,1,train
CCCCCOC(=O)N1CCN(C(=O)[C@H](CCC(=O)O)NC(=O)c2cc(NCCO)cc(-c3ccccc3)n2)CC1,5.700000000000001,-0.7558748556724915,1,train
CCCCCOC(=O)N1CCN(C(=O)[C@H](CCC(=O)O)NC(=O)c2cc(C(=O)N(C)CCCC)cc(-c3ccccc3)n2)CC1,5.800000000000001,-0.7634279935629373,1,test
CCCCCOC(=O)N1CCN(C(=O)[C@H](CCC(=O)O)NC(=O)c2cc(C(=O)N3CCN(C)CC3)cc(-c3ccccc3)n2)CC1,5.800000000000001,-0.7634279935629373,0,train
CCCCOC(=O)N1CCN(C(=O)[C@H](CCC(=O)O)NC(=O)c2cc(OCCCOC)cc(-c3ccccc3)n2)CC1,5.9,-0.7708520116421442,1,train
CCCCCOC(=O)N1CCN(C(=O)[C@H](CCC(=O)O)NC(=O)c2cc(OC(=O)N3CCC(OCC)CC3)cc(-c3ccccc3)n2)CC1,6.0,-0.7781512503836436,0,train
CCCCCOC(=O)N1CCN(C(=O)[C@H](CCC(=O)O)NC(=O)c2cc(C(=O)NCCCOC)cc(-c3ccccc3)n2)CC1,6.1,-0.785329835010767,1,train
CCCCCOC(=O)N1CCN(C(=O)[C@H](CCC(=O)O)NC(=O)c2cc(OC3CCN(C(=O)OCC)CC3)cc(-c3ccccc3)n2)CC1,6.5,-0.8129133566428556,1,train
CCCCCOC(=O)N1CCN(C(=O)[C@H](CCC(=O)O)NC(=O)c2cc(N3CCC(NC)CC3)cc(-c3ccccc3)n2)CC1,6.5,-0.8129133566428556,1,train
CCCCOC(=O)N1CCN(C(=O)[C@H](CCC(=O)O)NC(=O)c2cc(OCCCO)cc(-c3ccccc3)n2)CC1,6.9,-0.8388490907372553,1,train
CCCCOC(=O)N1CCN(C(=O)[C@H](CCC(=O)O)NC(=O)c2cc(OC3CCCNC3)cc(-c3ccccc3)n2)CC1,6.9,-0.8388490907372553,1,test
CCCCCOC(=O)N1CCN(C(=O)[C@H](CCC(=O)O)NC(=O)c2cc(OC3CCN(C(C)C)CC3)cc(-c3ccccc3)n2)CC1,7.0,-0.8450980400142568,1,train
CCCCCOC(=O)N1CCN(C(=O)[C@H](CCC(=O)O)NC(=O)c2cc(OCC3CCN(S(=O)(=O)CC)CC3)cc(-c3ccccc3)n2)CC1,7.4,-0.8692317197309762,0,test
CCCCCOC(=O)N1CCN(C(=O)[C@H](CCC(=O)O)NC(=O)c2cc(C(N)=O)cc(-c3ccccc3)n2)CC1,7.500000000000001,-0.8750612633917001,1,train
CCCCOC(=O)N1CCN(C(=O)[C@H](CCC(=O)O)NC(=O)c2cc(OC3CCN(S(=O)(=O)CC)CC3)cc(-c3ccccc3)n2)CC1,7.6,-0.8808135922807914,0,train
CCCCOC(=O)N1CCN(C(=O)[C@H](CCC(=O)O)NC(=O)c2cc(OCC3CCN(C(=O)OCC)CC3)cc(-c3ccccc3)n2)CC1,7.6,-0.8808135922807914,1,train
CCCCCOC(=O)N1CCN(C(=O)[C@H](CCC(=O)O)NC(=O)c2cc(OC(=O)N3CCCC3)cc(-c3ccccc3)n2)CC1,7.699999999999999,-0.8864907251724818,1,train
CCCCCOC(=O)N1CCN(C(=O)[C@H](CCC(=O)O)NC(=O)c2cc(OCC)cc(-c3ccccc3)n2)CC1,7.899999999999999,-0.8976270912904414,1,train
CCCCCOC(=O)N1CCN(C(=O)[C@H](CCC(=O)O)NC(=O)c2cc(C(=O)NCCOC)cc(-c3ccccc3)n2)CC1,7.899999999999999,-0.8976270912904414,1,train
CCCCCOC(=O)N1CCN(C(=O)[C@H](CCC(=O)O)NC(=O)c2cc(CCCCOC)cc(-c3ccccc3)n2)CC1,8.3,-0.919078092376074,1,train
CCCCCCOC(=O)N1CCN(C(=O)[C@H](CCC(=O)O)NC(=O)c2cc(OCCN)cc(-c3ccccc3)n2)CC1,8.4,-0.9242792860618816,1,train
CCCCCOC(=O)N1CCN(C(=O)[C@H](CCC(=O)O)NC(=O)c2cc(CCCOC)cc(-c3ccccc3)n2)CC1,8.4,-0.9242792860618816,1,train
CCCCCOC(=O)N1CCN(C(=O)[C@H](CCC(=O)O)NC(=O)c2cc(C(=O)N(C)CCCN(C)C)cc(-c3ccccc3)n2)CC1,8.6,-0.9344984512435676,0,train
CCCCCOC(=O)N1CCN(C(=O)[C@H](CCC(=O)O)NC(=O)c2cc(CC3CCCCC3)cc(-c3ccccc3)n2)CC1,8.6,-0.9344984512435676,1,train
CCCCCOC(=O)N1CCN(C(=O)[C@H](CCC(=O)O)NC(=O)c2cc(OCCN)cc(-c3ccccc3)n2)CC1,8.8,-0.9444826721501688,1,train
CCCCCOC(=O)N1CCN(C(=O)[C@H](CCC(=O)O)NC(=O)c2cc(N3CCC(N4CCCC4)CC3)cc(-c3ccccc3)n2)CC1,9.0,-0.9542425094393248,0,train
CCCCCCOC(=O)N1CCN(C(=O)[C@H](CCC(=O)O)NC(=O)c2cc(OC3CCNCC3)cc(-c3ccccc3)n2)CC1,9.4,-0.9731278535996988,1,train
CCCCOC(=O)N1CCN(C(=O)[C@H](CCC(=O)O)NC(=O)c2cc(OC3CCN(CCOC)CC3)cc(-c3ccccc3)n2)CC1,9.4,-0.9731278535996988,1,train
CCCCCOC(=O)N1CCN(C(=O)[C@H](CCC(=O)O)NC(=O)c2cc(NCCOC)cc(-c3ccccc3)n2)CC1,9.8,-0.9912260756924948,1,train
CCCCCOC(=O)N1CCN(C(=O)[C@H](CCC(=O)O)NC(=O)c2cc(OC3CCN(CCOC)CC3)cc(-c3ccccc3)n2)CC1,9.9,-0.99563519459755,1,train
CCCCOC(=O)N1CCN(C(=O)[C@H](CCC(=O)O)NC(=O)c2cc(OC3CCOCC3)cc(-c3ccccc3)n2)CC1,10.0,-1.0,1,train
CCCCOC(=O)N1CCN(C(=O)[C@H](CCC(=O)O)NC(=O)c2cc(OC3CCN(C(C)C)CC3)cc(-c3ccccc3)n2)CC1,10.0,-1.0,1,train
CCCCOC(=O)N1CCN(C(=O)[C@H](CCC(=O)O)NC(=O)c2cc(OCC3CCN(C(=O)C(F)(F)F)CC3)cc(-c3ccccc3)n2)CC1,10.0,-1.0,0,train
CCCCCOC(=O)N1CCN(C(=O)[C@H](CCC(=O)O)NC(=O)c2cc(N3CCC(N4CCOCC4)CC3)cc(-c3ccccc3)n2)CC1,10.0,-1.0,0,train
CCCCCOC(=O)N1CCN(C(=O)[C@H](CCC(=O)O)NC(=O)c2cc(C(=O)NC)cc(-c3ccccc3)n2)CC1,10.0,-1.0,1,train
CCCCCOC(=O)N1CCN(C(=O)[C@H](CCC(=O)O)NC(=O)c2cc(O)cc(-c3ccccc3)n2)CC1,10.999999999999996,-1.041392685158225,1,train
CCCCOC(=O)N1CCN(C(=O)[C@H](CCC(=O)O)NC(=O)c2cc(OCC3CCOCC3)cc(-c3ccccc3)n2)CC1,10.999999999999996,-1.041392685158225,1,test
CCCCOC(=O)N1CCN(C(=O)[C@H](CCC(=O)O)NC(=O)c2cc(OCC3CCCCN3)cc(-c3ccccc3)n2)CC1,10.999999999999996,-1.041392685158225,1,train
CCCCCOC(=O)N1CCN(C(=O)[C@H](CCC(=O)O)NC(=O)c2cc(OC(=O)N3CCCCC3)cc(-c3ccccc3)n2)CC1,10.999999999999996,-1.041392685158225,1,test
CCCCCOC(=O)N1CCN(C(=O)[C@H](CCC(=O)O)NC(=O)c2cc(OC3CCN(COC)CC3)cc(-c3ccccc3)n2)CC1,10.999999999999996,-1.041392685158225,1,train
CCCCCCOC(=O)N1CCN(C(=O)[C@H](CCC(=O)O)NC(=O)c2cc(NCCOC)cc(-c3ccccc3)n2)CC1,10.999999999999996,-1.041392685158225,1,test
CCCCCOC(=O)N1CCN(C(=O)[C@H](CCC(=O)O)NC(=O)c2cc(C(=O)NCCC)cc(-c3ccccc3)n2)CC1,10.999999999999996,-1.041392685158225,1,train
CCCCCOC(=O)N1CCN(C(=O)[C@H](CCC(=O)O)NC(=O)c2cc(C(=O)N(C)C3CCN(C)CC3)cc(-c3ccccc3)n2)CC1,10.999999999999996,-1.041392685158225,0,test
CCCCOC(=O)N1CCN(C(=O)[C@H](CCC(=O)O)NC(=O)c2cc(OC3CCN(C(=O)C(F)(F)F)CC3)cc(-c3ccccc3)n2)CC1,12.000000000000002,-1.0791812460476249,0,test
CCCCCOC(=O)N1CCN(C(=O)[C@H](CCC(=O)O)NC(=O)c2cc(OCC3CCN(C(=O)COC)CC3)cc(-c3ccccc3)n2)CC1,12.000000000000002,-1.0791812460476249,1,train
CCCCCOC(=O)N1CCN(C(=O)[C@H](CCC(=O)O)NC(=O)c2cc(NCCC)cc(-c3ccccc3)n2)CC1,12.000000000000002,-1.0791812460476249,1,train
CCCCCOC(=O)N1CCN(C(=O)[C@H](CCC(=O)O)NC(=O)c2cc(CCCNCC(C)C)cc(-c3ccccc3)n2)CC1,12.000000000000002,-1.0791812460476249,1,train
CCCCCOC(=O)N1CCN(C(=O)[C@H](CCC(=O)O)NC(=O)c2cc(C(=O)NCC)cc(-c3ccccc3)n2)CC1,12.999999999999998,-1.1139433523068367,1,train
CCCCCCOC(=O)N1CCN(C(=O)[C@H](CCC(=O)O)NC(=O)c2cc(OCCOC)cc(-c3ccccc3)n2)CC1,13.999999999999998,-1.146128035678238,1,train
CCOC(=O)N1CCN(C(=O)[C@H](CCC(=O)O)NC(=O)c2cc(-c3ccccc3)cc(-c3ccccc3)n2)CC1,15.000000000000004,-1.1760912590556811,1,train
O=C(O)CC[C@H](NC(=O)c1cccc(-c2ccccc2)n1)C(=O)N1CCN(C(=O)OCCC2CC2)CC1,15.000000000000004,-1.1760912590556811,1,train
CCCCCOC(=O)N1CCN(C(=O)[C@H](CCC(=O)O)NC(=O)c2cc(N3CCC(OC)CC3)cc(-c3ccccc3)n2)CC1,15.000000000000004,-1.1760912590556811,1,train
CCCCCOC(=O)N1CCN(C(=O)[C@H](CCC(=O)O)NC(=O)c2cc(N3CCC(N)CC3)cc(-c3ccccc3)n2)CC1,17.0,-1.230448921378274,1,train
O=C(O)CC[C@H](NC(=O)c1cccc(-c2ccccc2)n1)C(=O)N1CCN(C(=O)OCCCC(F)(F)F)CC1,17.999999999999996,-1.255272505103306,0,train
CCCCCOC(=O)N1CCN(C(=O)[C@H](CCC(=O)O)NC(=O)c2cc(OCCC)cc(-c3ccccc3)n2)CC1,17.999999999999996,-1.255272505103306,1,train
CCCCCCOC(=O)N1CCN(C(=O)[C@H](CCC(=O)O)NC(=O)c2cc(OCCO)cc(-c3ccccc3)n2)CC1,17.999999999999996,-1.255272505103306,1,train
CCCCCOC(=O)N1CCN(C(=O)[C@H](CCC(=O)O)NC(=O)c2cc(OC3CCN(C(=O)C(F)(F)F)CC3)cc(-c3ccccc3)n2)CC1,19.0,-1.2787536009528289,1,train
CCCCCCOC(=O)N1CCN(C(=O)[C@H](CCC(=O)O)NC(=O)c2cc(O)cc(-c3ccccc3)n2)CC1,20.000000000000004,-1.3010299956639813,1,test
CCCCOC(=O)N1CCN(C(=O)[C@H](CCC(=O)O)NC(=O)c2cc(OC3CCN(C(=O)OCC)CC3)cc(-c3ccccc3)n2)CC1,20.000000000000004,-1.3010299956639813,1,train
CCCCCOC(=O)N1CCN(C(=O)[C@H](CCC(=O)O)NC(=O)c2cc(N3CCC(N(C)C)CC3)cc(-c3ccccc3)n2)CC1,22.0,-1.3424226808222062,1,train
CCCCCOC(=O)N1CCN(C(=O)[C@H](CCC(=O)O)NC(=O)c2cc(N3CCC(COCCC)CC3)cc(-c3ccccc3)n2)CC1,22.0,-1.3424226808222062,1,test
CCCCCOC(=O)N1CCN(C(=O)[C@H](CCC(=O)O)NC(=O)c2cc(CCCN(CC)CC)cc(-c3ccccc3)n2)CC1,22.0,-1.3424226808222062,1,train
O=C(O)CC[C@H](NC(=O)c1cccc(-c2ccccc2)n1)C(=O)N1CCN(C(=O)OCC2CCC2)CC1,28.0,-1.4471580313422192,0,test
CCOc1cc(C(=O)N[C@@H](CCC(=O)O)C(=O)N2CCN(C(=O)OCc3ccccc3)CC2)nc(-c2ccccc2)c1,28.0,-1.4471580313422192,0,train
CCCCOC(=O)N1CCN(C(=O)[C@H](CCC(=O)O)NC(=O)c2cc(O)cc(-c3ccccc3)n2)CC1,31.0,-1.4913616938342726,1,train
CC(C)CCOC(=O)N1CCN(C(=O)[C@H](CCC(=O)O)NC(=O)c2cccc(-c3ccccc3)n2)CC1,33.0,-1.5185139398778875,1,train
CCOC(=O)N1CCN(C(=O)[C@H](CCC(=O)O)NC(=O)c2cc(N3CCOCC3)cc(-c3ccccc3)n2)CC1,38.99999999999999,-1.591064607026499,1,train
CC(C)(C)CCOC(=O)N1CCN(C(=O)[C@H](CCC(=O)O)NC(=O)c2cccc(-c3ccccc3)n2)CC1,42.00000000000001,-1.6232492903979006,1,train
O=C(O)CC[C@H](NC(=O)c1cccc(-c2ccccc2)n1)C(=O)N1CCN(C(=O)OC2CCCCC2)CC1,44.0,-1.6434526764861874,0,test
CCCCCOC(=O)N1CCN(C(=O)[C@H](CCC(=O)O)NC(=O)c2cc(OC(=O)N(C)CC3CCOCC3)cc(-c3ccccc3)n2)CC1,45.00000000000001,-1.6532125137753435,1,train
CCOC(=O)N1CCN(C(=O)[C@H](CCC(=O)O)NC(=O)c2cc(N(C)C)cc(-c3ccccc3)n2)CC1,45.00000000000001,-1.6532125137753435,1,test
CCCN(CCC)c1cc(C(=O)N[C@@H](CCC(=O)O)C(=O)N2CCN(C(=O)OCC)CC2)nc(-c2ccccc2)c1,45.00000000000001,-1.6532125137753435,0,train
O=C(O)CC[C@H](NC(=O)c1cccc(-c2ccccc2)n1)C(=O)N1CCN(C(=O)OCC2CCCC2)CC1,46.0,-1.662757831681574,0,train
O=C(O)CC[C@H](NC(=O)c1cccc(-c2ccccc2)n1)C(=O)N1CCN(C(=O)OC2CCCC2)CC1,47.00000000000001,-1.6720978579357175,0,train
CCOC(=O)N1CCN(C(=O)[C@H](CCC(=O)O)NC(=O)c2cc(N3CCC(CO)CC3)cc(-c3ccccc3)n2)CC1,54.000000000000014,-1.7323937598229686,1,train
CCOC(=O)N1CCN(C(=O)[C@H](CCC(=O)O)NC(=O)c2cc(O)cc(-c3ccccc3)n2)CC1,62.0,-1.792391689498254,1,train
CCCCOC(=O)N1CCN(C(=O)[C@H](CCC(=O)O)NC(=O)c2cc(N3CCC(N4CCCC4)CC3)cc(-c3ccccc3)n2)CC1,63.99999999999999,-1.806179973983887,1,train
CCOC(=O)N1CCN(C(=O)[C@H](CCC(=O)O)NC(=O)c2cc(OCCCOC)cc(-c3ccccc3)n2)CC1,68.99999999999999,-1.8388490907372552,1,train
C#CCCOC(=O)N1CCN(C(=O)[C@H](CCC(=O)O)NC(=O)c2cccc(-c3ccccc3)n2)CC1,78.99999999999999,-1.8976270912904412,1,train
CCOC(=O)N1CCN(C(=O)[C@H](CCC(=O)O)NC(=O)c2cc(N(C)CCO)cc(-c3ccccc3)n2)CC1,86.99999999999999,-1.9395192526186185,1,train
CCCCCCOC(=O)N1CCN(C(=O)[C@H](CCC(=O)O)NC(=O)c2cc(OCCCC)cc(-c3ccccc3)n2)CC1,89.0,-1.9493900066449128,1,train
O=C(O)CC[C@H](NC(=O)c1cccc(-c2ccccc2)n1)C(=O)N1CCN(C(=O)OCC(F)(F)F)CC1,93.99999999999996,-1.9731278535996983,0,train
CCOC(=O)N1CCN(C(=O)[C@H](CCC(=O)O)NC(=O)c2cc(OCC)cc(-c3ccccc3)n2)CC1,93.99999999999996,-1.9731278535996983,1,train
CCOC(=O)N1CCN(C(=O)[C@H](CCC(=O)O)NC(=O)c2cc(N3CCCCC3)cc(-c3ccccc3)n2)CC1,111.99999999999996,-2.049218022670181,1,test
CCCOc1cc(C(=O)N[C@@H](CCC(=O)O)C(=O)N2CCN(C(=O)OCC)CC2)nc(-c2ccccc2)c1,119.99999999999996,-2.0791812460476247,1,train
CCOC(=O)N1CCN(C(=O)[C@H](CCC(=O)O)NC(=O)c2cc(OCCCCO)cc(-c3ccccc3)n2)CC1,132.00000000000006,-2.12057393120585,1,test
O=C(O)CC[C@H](NC(=O)c1cccc(-c2ccccc2)n1)C(=O)N1CCN(C(=O)OCc2ccccc2)CC1,195.99999999999997,-2.292256071356476,1,train
CCOC(=O)N1CCN(C(=O)[C@H](CCC(=O)O)NC(=O)c2cccc(-c3ccccc3)n2)CC1,208.9999999999999,-2.320146286111054,1,train
CC(C)OC(=O)N1CCN(C(=O)[C@H](CCC(=O)O)NC(=O)c2cccc(-c3ccccc3)n2)CC1,280.0000000000001,-2.4471580313422194,1,train
CCOC(=O)N1CCN(C(=O)[C@H](CCC(=O)O)NC(=O)c2cc(-c3ccccc3)nc(-c3ccccc3)n2)CC1,356.0000000000001,-2.5514499979728757,1,train
CCOC(=O)N1CCN(C(=O)[C@H](CCC(=O)O)NC(=O)c2cc(-c3ccccc3)cc(-c3ccccc3)c2)CC1,373.00000000000017,-2.571708831808688,1,train
CCOC(=O)N1CCN(C(=O)[C@H](CCC(=O)O)NC(=O)c2cc(-c3ccccc3)nc(-c3ccccc3)c2)CC1,483.99999999999983,-2.6848453616444123,1,train
COCCOC(=O)N1CCN(C(=O)[C@H](CCC(=O)O)NC(=O)c2cccc(-c3ccccc3)n2)CC1,492.0000000000003,-2.691965102767361,1,train
CCOC(=O)N1CCN(C(=O)CNC(=O)c2cc(-c3ccccc3)cc(-c3ccccc3)n2)CC1,732.9999999999997,-2.865103974641128,0,train
CCOC(=O)N1CCN(C(=O)[C@H](CCC(=O)O)NC(=O)c2nccc(-c3ccccc3)n2)CC1,1189.9999999999995,-3.0755469613925306,1,test
Cc1cccc(N2CCN(C(=O)[C@H](CCC(=O)O)NC(=O)c3cccc(-c4ccccc4)c3)CC2)c1,1310.0000000000005,-3.1172712956557644,0,test
Cc1cccc(N2CCN(C(=O)[C@H](CCC(=O)O)NC(=O)c3cc(-c4ccccc4)cc(-c4ccccc4)c3)CC2)c1,1430.0000000000002,-3.155336037465062,0,train
CCOC(=O)N1CCN(C(=O)CNC(=O)c2cccc(-c3ccccc3)n2)CC1,1609.999999999999,-3.206825876031849,0,train
CCOC(=O)N1CCN(C(=O)[C@H](CCC(=O)O)NC(=O)c2cccc(-c3ccccc3)c2)CC1,3640.0,-3.561101383649056,1,test
CCCCCOC(=O)N1CCN(C(=O)[C@H](CCC(=O)OC(C)(C)C)NC(=O)c2cc(NC(=O)NCC3CCNCC3)cc(-c3ccccc3)n2)CC1,1.4,-0.146128035678238,1,train
CCCCCOC(=O)N1CCN(C(=O)[C@H](CCC(=O)OC(C)(C)C)NC(=O)c2cc(NC(=O)OCCOC)cc(-c3ccccc3)n2)CC1,1.4,-0.146128035678238,1,test
CCCCCOC(=O)N1CCN(C(=O)[C@H](CCC(=O)OC(C)(C)C)NC(=O)c2cc(NC(=O)OCC3CCNCC3)cc(-c3ccccc3)n2)CC1,1.7,-0.2304489213782739,1,train
CCCCCOC(=O)N1CCN(C(=O)[C@H](CCC(=O)OC(C)(C)C)NC(=O)c2cc(NC(=O)OCCCN)cc(-c3ccccc3)n2)CC1,1.9,-0.2787536009528289,1,train
CCCCCOC(=O)N1CCN(C(=O)[C@H](CCC(=O)OC(C)(C)C)NC(=O)c2cc(NC(=O)N3CCN(C)CC3)cc(-c3ccccc3)n2)CC1,2.3,-0.3617278360175928,1,train
CCCCCOC(=O)N1CCN(C(=O)[C@H](CCC(=O)OC(C)(C)C)NC(=O)c2cc(NC(=O)NC(C)C)cc(-c3ccccc3)n2)CC1,2.7,-0.4313637641589873,1,train
CCCCCOC(=O)N1CCN(C(=O)[C@H](CCC(=O)OC(C)(C)C)NC(=O)c2cc(NC(=O)N3CCOCC3)cc(-c3ccccc3)n2)CC1,3.0,-0.4771212547196624,1,train
CCCCCOC(=O)N1CCN(C(=O)[C@H](CCC(=O)O)NC(=O)c2cc(NC(=O)N3CCN(C)CC3)cc(-c3ccccc3)n2)CC1,3.2000000000000006,-0.505149978319906,1,train
CCCCCOC(=O)N1CCN(C(=O)[C@H](CCC(=O)OC(C)(C)C)NC(=O)c2cc(NC(=O)CN(C)C)cc(-c3ccccc3)n2)CC1,4.1,-0.6127838567197355,1,train
CCCCCOC(=O)N1CCN(C(=O)[C@H](CCC(=O)OC(C)(C)C)NC(=O)c2cc(NC(=O)NCC(=O)N(C)C)cc(-c3ccccc3)n2)CC1,4.700000000000001,-0.6720978579357175,0,train
CCCCCOC(=O)N1CCN(C(=O)[C@H](CCC(=O)OC(C)(C)C)NC(=O)c2cc(NC(=O)CNC)cc(-c3ccccc3)n2)CC1,5.700000000000001,-0.7558748556724915,0,train
CCCCCOC(=O)N1CCN(C(=O)[C@H](CCC(=O)OC(C)(C)C)NC(=O)c2cc(NC(=O)N3CCCCC3)cc(-c3ccccc3)n2)CC1,5.800000000000001,-0.7634279935629373,0,train
CCCCCNC(=S)N1CCN(C(=O)[C@H](CCC(=O)OC(C)(C)C)NC(=O)c2cccc(-c3ccccc3)n2)CC1,6.0,-0.7781512503836436,1,train
CCCCCOC(=O)N1CCN(C(=O)[C@H](CCC(=O)OC(C)(C)C)NC(=O)c2cc(NC(C)=O)cc(-c3ccccc3)n2)CC1,6.2,-0.7923916894982539,0,train
CCCCNC(=S)N1CCN(C(=O)[C@H](CCC(=O)OC(C)(C)C)NC(=O)c2cccc(-c3ccccc3)n2)CC1,7.999999999999999,-0.9030899869919436,1,train
CCCCCOC(=O)N1CCN(C(=O)[C@H](CCC(=O)OC(C)(C)C)NC(=O)c2cc(NC(=O)C3CCOCC3)cc(-c3ccccc3)n2)CC1,8.5,-0.9294189257142929,0,train
CCNC(=S)N1CCN(C(=O)[C@H](CCC(=O)OC(C)(C)C)NC(=O)c2cccc(-c3ccccc3)n2)CC1,9.0,-0.9542425094393248,1,test
CCCCCOC(=O)N1CCN(C(=O)[C@H](CCC(=O)OC(C)(C)C)NC(=O)c2cc(NC(=O)C(F)(F)F)cc(-c3ccccc3)n2)CC1,9.099999999999998,-0.9590413923210936,0,train
CCCCCOC(=O)N1CCN(C(=O)[C@H](CCC(=O)OC(C)(C)C)NC(=O)c2cc(NC(=O)N3CCC(OC)CC3)cc(-c3ccccc3)n2)CC1,9.2,-0.9637878273455552,0,train
CCCCCOC(=O)N1CCN(C(=O)[C@H](CCC(=O)OC(C)(C)C)NC(=O)c2cc(NC(=O)OCC)cc(-c3ccccc3)n2)CC1,10.999999999999996,-1.041392685158225,0,test
CCCCCOC(=O)N1CCN(C(=O)[C@H](CCC(=O)OC(C)(C)C)NC(=O)c2cc(NC(=O)COC)cc(-c3ccccc3)n2)CC1,25.000000000000007,-1.3979400086720375,1,train
CCCNC(=S)N1CCN(C(=O)[C@H](CCC(=O)OC(C)(C)C)NC(=O)c2cccc(-c3ccccc3)n2)CC1,42.00000000000001,-1.6232492903979006,1,train
CCCCCOC(=O)N1CCN(C(=O)[C@H](CCC(=O)OC(C)(C)C)NC(=O)c2cc(NC(=O)N3CCC(COC)CC3)cc(-c3ccccc3)n2)CC1,43.000000000000014,-1.6334684555795866,1,train
CCCCCCNC(=O)N1CCN(C(=O)[C@H](CCC(=O)OC(C)(C)C)NC(=O)c2cccc(-c3ccccc3)n2)CC1,54.000000000000014,-1.7323937598229686,1,test
CCCCCNC(=O)N1CCN(C(=O)[C@H](CCC(=O)OC(C)(C)C)NC(=O)c2cccc(-c3ccccc3)n2)CC1,55.00000000000001,-1.740362689494244,1,train
CCCNC(=O)N1CCN(C(=O)[C@H](CCC(=O)OC(C)(C)C)NC(=O)c2cccc(-c3ccccc3)n2)CC1,277.00000000000006,-2.4424797690644486,1,train
CCNC(=O)N1CCN(C(=O)[C@H](CCC(=O)OC(C)(C)C)NC(=O)c2cccc(-c3ccccc3)n2)CC1,288.0000000000001,-2.459392487759231,1,test
CCCCNC(=O)N1CCN(C(=O)[C@H](CCC(=O)OC(C)(C)C)NC(=O)c2cccc(-c3ccccc3)n2)CC1,613.0,-2.787460474518415,1,train
CC(C)(C)OC(=O)CC[C@H](NC(=O)c1cccc(-c2ccccc2)n1)C(=O)N1CCN(S(=O)(=O)c2ccccc2)CC1,842.0000000000001,-2.925312091499649,0,train
CC(C)(C)OC(=O)CC[C@H](NC(=O)c1cccc(-c2ccccc2)n1)C(=O)N1CCN(C(=O)Nc2ccccc2)CC1,842.0000000000001,-2.925312091499649,0,train
CCCCC(=O)N1CCN(C(=O)[C@H](CCC(=O)OC(C)(C)C)NC(=O)c2cccc(-c3ccccc3)n2)CC1,1430.0000000000002,-3.155336037465062,1,train
CC(C)(C)OC(=O)CC[C@H](NC(=O)c1cccc(-c2ccccc2)n1)C(=O)N1CCN(C(=O)c2ccccc2)CC1,1879.9999999999989,-3.27415784926368,0,train
CCCC(=O)N1CCN(C(=O)[C@H](CCC(=O)OC(C)(C)C)NC(=O)c2cccc(-c3ccccc3)n2)CC1,3099.9999999999995,-3.4913616938342726,1,test
CCCCOC(=O)N1CCN(C(=O)CNC(=O)c2cc(OCC(=O)N3CCC[C@H]3C(=O)NC3CCC3)n(-c3ccccc3)n2)CC1,7.699999999999999,-0.8864907251724818,1,train
CCOC(=O)N1CCN(C(=O)CNC(=O)c2cc(OCC(=O)N3CCC[C@H]3C(=O)NC3CCC3)n(-c3ccccc3)n2)CC1,107.0,-2.0293837776852097,1,train
CCOC(=O)N1CCN(C(=O)[C@H](C)NC(=O)c2cc(OCC(=O)N3CCC[C@H]3C(=O)NC3CCC3)n(-c3ccccc3)n2)CC1,111.00000000000004,-2.0453229787866576,1,test
CCOC(=O)N1CCN(C(=O)[C@@H](NC(=O)c2cc(OCC(=O)N3CCC[C@H]3C(=O)NC3CCC3)n(-c3ccccc3)n2)C(C)C)CC1,182.99999999999991,-2.2624510897304293,0,train
CCOC(=O)N1CCN(C(=O)[C@H](CC(C)C)NC(=O)c2cc(OCC(=O)N3CCC[C@H]3C(=O)NC3CCC3)n(-c3ccccc3)n2)CC1,207.00000000000003,-2.315970345456918,1,train
CCC[C@H](NC(=O)c1cc(OCC(=O)N2CCC[C@H]2C(=O)NC2CCC2)n(-c2ccccc2)n1)C(=O)N1CCN(C(=O)OCC)CC1,171.99999999999991,-2.2355284469075487,1,train
CCOC(=O)N1CCN(C(=O)[C@H](CCCCO)NC(=O)c2cc(OCC(=O)N3CCC[C@H]3C(=O)NC3CCC3)n(-c3ccccc3)n2)CC1,202.00000000000009,-2.305351369446624,1,train
CCCCOC(=O)N1CCN(C(=O)[C@H](CCCO)NC(=O)c2cc(OCC(=O)N3CCC[C@H]3C(=O)NC3CCC3)n(-c3ccccc3)n2)CC1,6.5,-0.8129133566428556,1,train
CCOC(=O)N1CCN(C(=O)[C@H](CCO)NC(=O)c2cc(OCC(=O)N3CCC[C@H]3C(=O)NC3CCC3)n(-c3ccccc3)n2)CC1,23.0,-1.3617278360175928,1,train
CCOC(=O)N1CCN(C(=O)[C@H](CCNC(C)=O)NC(=O)c2cc(OCC(=O)N3CCC[C@H]3C(=O)NC3CCC3)n(-c3ccccc3)n2)CC1,42.00000000000001,-1.6232492903979006,1,train
CCOC(=O)N1CCN(C(=O)[C@H](CCN)NC(=O)c2cc(OCC(=O)N3CCC[C@H]3C(=O)NC3CCC3)n(-c3ccccc3)n2)CC1,179.99999999999997,-2.255272505103306,1,train
CCCCOC(=O)N1CCN(C(=O)[C@H](CCc2nnn[nH]2)NC(=O)c2cc(OCC(=O)N3CCC[C@H]3C(=O)NC3CCC3)n(-c3ccccc3)n2)CC1,1.5,-0.1760912590556812,1,test
CCOC(=O)N1CCN(C(=O)[C@H](CCc2nnn[nH]2)NC(=O)c2cc(OCC(=O)N3CCC[C@H]3C(=O)NC3CCC3)n(-c3ccccc3)n2)CC1,5.000000000000001,-0.6989700043360189,1,train
CCOC(=O)N1CCN(C(=O)[C@H](CCNS(C)(=O)=O)NC(=O)c2cc(OCC(=O)N3CCC[C@H]3C(=O)NC3CCC3)n(-c3ccccc3)n2)CC1,23.0,-1.3617278360175928,1,train
CCOC(=O)N1CCN(C(=O)[C@H](CNS(C)(=O)=O)NC(=O)c2cc(OCC(=O)N3CCC[C@H]3C(=O)NC3CCC3)n(-c3ccccc3)n2)CC1,47.99999999999999,-1.6812412373755872,1,train
O=C(O)CC[C@H](NC(=O)c1cc(OCC(=O)N2CCC[C@H]2C(=O)NC2CCC2)n(-c2ccccc2)n1)C(=O)N1CCN(C(=O)OC2CCC2)CC1,5.000000000000001,-0.6989700043360189,1,train
CCCCOC(=O)N1CCN(C(=O)[C@H](CCC(=O)O)NC(=O)c2cc(OCC(=O)N3CCC[C@H]3C(=O)NC3CCC3)n(-c3ccccc3)n2)CC1,0.8,0.0969100130080563,1,train
CCCOC(=O)N1CCN(C(=O)[C@H](CCC(=O)O)NC(=O)c2cc(OCC(=O)N3CCC[C@H]3C(=O)NC3CCC3)n(-c3ccccc3)n2)CC1,3.1,-0.4913616938342727,1,train
O=C(O)CC[C@H](NC(=O)c1cc(OCC(=O)N2CCC[C@H]2C(=O)NC2CCC2)n(-c2ccccc2)n1)C(=O)N1CCN(C(=O)Oc2ccccc2)CC1,70.99999999999999,-1.8512583487190752,1,train
O=C(O)CC[C@H](NC(=O)c1cc(OCC(=O)N2CCC[C@H]2C(=O)NC2CCC2)n(-c2ccccc2)n1)C(=O)N1CCN(C(=O)OCc2ccccc2)CC1,5.700000000000001,-0.7558748556724915,1,test
O=C(O)CC[C@H](NC(=O)c1cc(OCC(=O)N2CCC[C@H]2C(=O)NC2CCC2)n(-c2ccccc2)n1)C(=O)N1CCN(C(=O)c2ccccc2)CC1,130.00000000000006,-2.113943352306837,1,train
O=C(O)CC[C@H](NC(=O)c1cc(OCC(=O)N2CCC[C@H]2C(=O)NC2CCC2)n(-c2ccccc2)n1)C(=O)N1CCC(C(=O)c2ccccc2)CC1,40.000000000000014,-1.6020599913279625,0,train
COc1cccc(N2CCN(C(=O)[C@H](CCC(=O)O)NC(=O)c3cc(OCC(=O)N4CCC[C@H]4C(=O)NC4CCC4)n(-c4ccccc4)n3)CC2)c1,30.0,-1.4771212547196624,0,train
CCCCOC(=O)N1CCC(NC(=O)[C@H](CCC(=O)O)NC(=O)c2cc(OCC(=O)N3CCC[C@H]3C(=O)NC3CCC3)n(-c3ccccc3)n2)C1,193.00000000000009,-2.285557309007774,1,train
CCCCOC(=O)NC1CCN(C(=O)[C@H](CCC(=O)O)NC(=O)c2cc(OCC(=O)N3CCC[C@H]3C(=O)NC3CCC3)n(-c3ccccc3)n2)C1,82.0,-1.9138138523837167,1,test
CCCCOC(=O)NC1CCN(C(=O)[C@H](CCC(=O)O)NC(=O)c2cc(OCC(=O)N3CCC[C@H]3C(=O)NC3CCC3)n(-c3ccccc3)n2)CC1,22.0,-1.3424226808222062,1,test
CCOC(=O)N1CCN(C(=O)[C@H](CCC(=O)O)NC(=O)c2cc(OCC(=O)N3CCC[C@H]3c3ccccc3)n(-c3ccccc3)n2)CC1,33.0,-1.5185139398778875,1,test
CCOC(=O)N1CCN(C(=O)[C@H](CCC(=O)O)NC(=O)c2cc(OCC(=O)N3CCC[C@H]3c3nc(C)c[nH]3)n(-c3ccccc3)n2)CC1,56.00000000000001,-1.7481880270062005,0,test
CCOC(=O)N1CCN(C(=O)[C@H](CCC(=O)O)NC(=O)c2cc(OCC(=O)N3CCC[C@H]3C(=O)N3CCCCC3)n(-c3ccccc3)n2)CC1,56.00000000000001,-1.7481880270062005,1,train
CCOC(=O)N1CCN(C(=O)[C@H](CCC(=O)O)NC(=O)c2cc(OCC(=O)N3CCC[C@H]3C(=O)N3CCCC3)n(-c3ccccc3)n2)CC1,219.00000000000009,-2.3404441148401185,1,train
CCOC(=O)N1CCN(C(=O)[C@H](CCC(=O)O)NC(=O)c2cc(OCC(=O)N3CC(C(=O)NC4CCC4)C3)n(-c3ccccc3)n2)CC1,613.0,-2.787460474518415,0,train
CCOC(=O)N1CCN(C(=O)[C@H](CCC(=O)O)NC(=O)c2cc(OCC(=O)N3CCC(C(=O)NC4CCC4)C3)n(-c3ccccc3)n2)CC1,237.99999999999997,-2.376576957056512,1,train
CCOC(=O)N1CCN(C(=O)[C@H](CCC(=O)O)NC(=O)c2cc(OCC(=O)N3CC[C@H]3C(=O)NC3CCC3)n(-c3ccccc3)n2)CC1,42.00000000000001,-1.6232492903979006,1,train
CCOC(=O)N1CCN(C(=O)[C@H](CCC(=O)O)NC(=O)c2cc(OCC(=O)N3CCC[C@H]3C(=O)NCC3CCC3)n(-c3ccccc3)n2)CC1,19.0,-1.2787536009528289,1,train
CCOC(=O)N1CCN(C(=O)[C@H](CCC(=O)O)NC(=O)c2cc(OCC(=O)N3CCC[C@H]3C(=O)N(C)C3CCC3)n(-c3ccccc3)n2)CC1,27.000000000000004,-1.4313637641589874,1,train
CCOC(=O)N1CCN(C(=O)[C@H](CCC(=O)O)NC(=O)c2cc(OCC(=O)N3CCC[C@H]3C(=O)NC3CCCC3)n(-c3ccccc3)n2)CC1,20.000000000000004,-1.3010299956639813,1,train
CCOC(=O)N1CCN(C(=O)[C@H](CCC(=O)O)NC(=O)c2cc(OCC(=O)N3CCC[C@H]3C(=O)NC3CCC3)n(-c3ccccc3)n2)CC1,7.3,-0.8633228601204559,1,train
CCOC(=O)N1CCN(C(=O)[C@H](CCC(=O)O)NC(=O)c2cc(OCC(=O)N3CCC[C@H]3C(=O)NC(C)(C)C)n(-c3ccccc3)n2)CC1,40.99999999999999,-1.6127838567197357,1,train
CCOC(=O)N1CCN(C(=O)[C@H](CCC(=O)O)NC(=O)c2cc(OCC(=O)N3CCC[C@H]3C(=O)NC(C)C)n(-c3ccccc3)n2)CC1,56.00000000000001,-1.7481880270062005,1,train
CCCNC(=O)[C@@H]1CCCN1C(=O)COc1cc(C(=O)N[C@@H](CCC(=O)O)C(=O)N2CCN(C(=O)OCC)CC2)nn1-c1ccccc1,66.00000000000001,-1.8195439355418688,0,train
CCNC(=O)[C@@H]1CCCN1C(=O)COc1cc(C(=O)N[C@@H](CCC(=O)O)C(=O)N2CCN(C(=O)OCC)CC2)nn1-c1ccccc1,302.99999999999983,-2.481442628502305,1,train
CCOC(=O)N1CCN(C(=O)[C@H](CCC(=O)O)NC(=O)c2cc(OCC(=O)N3CCC[C@H]3C(=O)NC)n(-c3ccccc3)n2)CC1,536.0000000000002,-2.72916478969277,1,test
CCOC(=O)N1CCN(C(=O)[C@H](CCC(=O)O)NC(=O)c2cc(OCC(=O)N3CCC[C@H]3C(N)=O)n(-c3ccccc3)n2)CC1,283.0,-2.45178643552429,1,train
CCOC(=O)N1CCN(C(=O)[C@H](CCC(=O)O)NC(=O)c2cc(OCC(=O)N3CCCC3=O)n(-c3ccccc3)n2)CC1,173.00000000000003,-2.2380461031287955,1,test
CCOC(=O)N1CCN(C(=O)[C@H](CCC(=O)O)NC(=O)c2cc(OCC(=O)N3CC[C@@H](O)C3)n(-c3ccccc3)n2)CC1,458.9999999999998,-2.661812685537261,1,train
CCOC(=O)N1CCN(C(=O)[C@H](CCC(=O)O)NC(=O)c2cc(OCC(N)=O)n(-c3ccccc3)n2)CC1,2720.0,-3.4345689040341987,1,test
CCOC(=O)N1CCN(C(=O)[C@H](CCC(=O)O)NC(=O)c2cc(OCC(=O)C3CCC3)n(-c3ccccc3)n2)CC1,574.0000000000001,-2.7589118923979736,1,train
CCOC(=O)N1CCN(C(=O)[C@H](CCC(=O)O)NC(=O)c2cc(OCC(=O)C3CC3)n(-c3ccccc3)n2)CC1,249.0,-2.3961993470957363,1,train
CCOC(=O)N1CCN(C(=O)[C@H](CCC(=O)O)NC(=O)c2cc(OCC(=O)C(C)(C)C)n(-c3ccccc3)n2)CC1,241.9999999999999,-2.383815365980431,0,test
CCOC(=O)COc1cc(C(=O)N[C@@H](CCC(=O)O)C(=O)N2CCN(C(=O)OCC)CC2)nn1-c1ccccc1,371.99999999999983,-2.5705429398818973,0,train
CCOC(=O)N1CCN(C(=O)[C@H](CCC(=O)O)NC(=O)c2cc(OC3(C(=O)OCC)CCC3)n(-c3ccccc3)n2)CC1,138.99999999999997,-2.143014800254095,0,train
CCOC(=O)N1CCN(C(=O)[C@H](CCC(=O)O)NC(=O)c2cc(OC(C)(C)C(=O)OCC)c3ccc(C)cc3n2)CC1,85.99999999999999,-1.934498451243568,0,train
CNc1cc2[nH]c(=O)n(-c3ccc(NC(=O)NS(=O)(=O)c4ccc(Cl)s4)cc3)c(=O)c2cc1F,23.0,-1.3617278360175928,0,train
NCc1cc2c(N3CCN(C(=O)c4ccc(-c5ccccc5)cc4)CC3)nc(N3CCNC(=O)C3)nc2s1,9.0,-0.9542425094393248,1,test
CCCc1cc2c(N3CCn4c(nnc4C(F)(F)F)C3)nc(OCCF)nc2s1,0.2999999999999999,0.5228787452803376,0,train
CSc1nc(N)c2ncn([C@@H]3O[C@H](COP(=O)(O)OP(=O)(O)O)[C@@H](O)[C@H]3O)c2n1,32.1,-1.506505032404872,0,train
O=C(/C=C/c1ccc(O)c2oc(-c3ccc(O)c(O)c3)cc12)O[C@H](Cc1ccc(O)c(O)c1)C(=O)O,15599.999999999984,-4.193124598354461,0,train
O=C(/C=C/c1ccc(O)c2c1[C@H](C(=O)O[C@H](Cc1ccc(O)c(O)c1)C(=O)O)[C@@H](c1ccc(O)c(O)c1)O2)O[C@H](Cc1ccc(O)c(O)c1)C(=O)O,36400.00000000003,-4.561101383649056,0,test
