smiles,exp_mean [nM],y,cliff_mol,split
N#Cc1cccc(CN2CCC3(CC2)NC(=O)N(Cc2cc(C(F)(F)F)cc(C(F)(F)F)c2)C3=O)c1,107.14999999999998,-2.029992175377848,0,train
Cc1cc(C)c(C(=O)N2CCC3(CC2)NC(=O)N(c2cc(C(F)(F)F)cc(C(F)(F)F)c2)C3=O)c(C)c1,323.59000000000003,-2.509995092013399,0,test
CN1C(=O)N(Cc2cc(C(F)(F)F)cc(C(F)(F)F)c2)C2(CCN(C(=O)CN3CCC(Cc4ccccc4)CC3)CC2)C1=O,3715.349999999999,-3.569999732203945,0,train
Cc1cccc(NC(=O)N2CCC3(CC2)NC(=O)N(Cc2cc(C(F)(F)F)cc(C(F)(F)F)c2)C3=O)c1,45.71,-1.6600112212893308,0,train
O=C1NC2(CCN(S(=O)(=O)CCc3cccc4ccccc34)CC2)C(=O)N1Cc1cc(C(F)(F)F)cc(C(F)(F)F)c1,74.13000000000001,-1.8699940001217417,0,train
O=C(c1cccc2ccccc12)N1CCC2(CC1)NC(=O)N(c1cc(C(F)(F)F)cc(C(F)(F)F)c1)C2=O,338.8399999999998,-2.5299946730691416,0,train
O=C(c1cc(C(F)(F)F)cc(C(F)(F)F)c1)N1CCC2(CC1)NC(=O)N(CCc1c[nH]c3ccccc13)C2=O,575.4400000000002,-2.76000004729273,0,train
COc1ccc(N2CN(CC(=O)N3CCC4(CC3)C(=O)N(C)C(=O)N4Cc3cc(C(F)(F)F)cc(C(F)(F)F)c3)CC2=O)cc1OC,1698.2400000000005,-3.229999065949292,0,train
CN1C(=O)N(Cc2cc(C(F)(F)F)cc(C(F)(F)F)c2)C2(CCN(C(=O)c3cccc4ccccc34)CC2)C1=O,457.0900000000001,-2.6600017201028834,0,train
CSc1ccc(N2C(=O)NC3(CCN(C(=O)c4cc(C(F)(F)F)cc(C(F)(F)F)c4)CC3)C2=O)cc1,131.82999999999998,-2.120014252078067,0,train
CN1C(=O)N(Cc2cc(C(F)(F)F)cc(C(F)(F)F)c2)C2(CCN(C(=O)c3ccccc3F)CC2)C1=O,1479.1099999999997,-3.170000473264351,0,train
O=C(c1cc(C(F)(F)F)cc(C(F)(F)F)c1)N1CCC2(CC1)NC(=O)N(Cc1cccc(-c3ccccc3)c1)C2=O,138.04,-2.140004950619449,0,train
O=C(c1cc(C(F)(F)F)cc(C(F)(F)F)c1)N1CCC2(CC1)NC(=O)N(Cc1ccc3c(c1)OCO3)C2=O,245.4700000000001,-2.3899984226073334,0,train
CCCCCCCCN1C(=O)NC2(CCN(C(=O)c3cc(C(F)(F)F)cc(C(F)(F)F)c3)CC2)C1=O,2041.740000000001,-3.3100004371855043,0,train
CN1C(=O)N(Cc2cc(C(F)(F)F)cc(C(F)(F)F)c2)C2(CCN(C(=O)c3c(Cl)cccc3Cl)CC2)C1=O,645.6500000000002,-2.809997155362194,0,test
O=C1C2CN(C(=O)c3sc4ccccc4c3Cl)C3(CCNCC3)C2C(=O)N1Cc1cc(C(F)(F)F)cc(C(F)(F)F)c1,501.1899999999998,-2.7000023971422538,0,train
CN1C(=O)C2CN(S(=O)(=O)c3ccc4ccccc4c3)C3(CCN(C(=O)c4cc(C(F)(F)F)cc(C(F)(F)F)c4)CC3)C2C1=O,38.9,-1.5899496013257075,0,train
COc1ccccc1C(=O)N1CC2C(=O)N(C)C(=O)C2C12CCN(C(=O)c1cc(C(F)(F)F)cc(C(F)(F)F)c1)CC2,794.3299999999999,-2.900000965153469,0,train
COc1ccc(C(=O)N2CC3C(=O)N(Cc4cc(C(F)(F)F)cc(C(F)(F)F)c4)C(=O)C3C23CCNCC3)cc1OC,4265.800000000001,-3.630000489900912,0,train
CS(=O)(=O)N1CC2C(=O)N(c3ccccc3)C(=O)C2C12CCN(C(=O)c1cc(C(F)(F)F)cc(C(F)(F)F)c1)CC2,5.129,-0.7100326990657535,0,train
Cc1noc(C)c1S(=O)(=O)N1CCC2(CC1)C1C(=O)N(c3ccccc3)C(=O)C1CN2C(=O)c1cc(C(F)(F)F)cc(C(F)(F)F)c1,75.86000000000001,-1.880012838366772,0,test
NC(=O)CN[C@H](COCc1cc(C(F)(F)F)cc(C(F)(F)F)c1)C(c1ccccc1)c1ccccc1,0.9,0.0457574905606751,0,train
CN1C(=O)C2CN(Cc3cccs3)C3(CCN(C(=O)c4cc(C(F)(F)F)cc(C(F)(F)F)c4)CC3)C2C1=O,512.8599999999999,-2.7099988280251885,0,test
O=C1COc2ccc(S(=O)(=O)N3CCC4(CC3)C3C(=O)N(c5ccccc5)C(=O)C3CN4C(=O)c3cc(C(F)(F)F)cc(C(F)(F)F)c3)cc2N1,30.9,-1.4899584794248346,0,train
CS(=O)(=O)N1CCC2(CC1)C1C(=O)N(Cc3cc(C(F)(F)F)cc(C(F)(F)F)c3)C(=O)C1CN2C(=O)c1ccc2ccccc2c1,263.0299999999999,-2.420005284959051,0,train
CC(=O)N1CCC2(CC1)C1C(=O)N(c3ccccc3)C(=O)C1CN2C(=O)c1cc(C(F)(F)F)cc(C(F)(F)F)c1,1071.5199999999995,-3.030000281592104,0,train
COc1ccc(OC)c(S(=O)(=O)N2CCC3(CC2)C2C(=O)N(c4ccccc4)C(=O)C2CN3C(=O)c2cc(C(F)(F)F)cc(C(F)(F)F)c2)c1,30.199999999999992,-1.4800069429571503,0,train
O=C(c1cc(C(F)(F)F)cc(C(F)(F)F)c1)N1CCC2(CC1)C1C(=O)N(c3ccccc3)C(=O)C1CN2C(=O)CN1CCOCC1,8.318,-0.9200189160289148,0,train
CC(C)(C)C(=O)N1CCC2(CC1)C1C(=O)N(c3ccccc3)C(=O)C1CN2C(=O)c1cc(C(F)(F)F)cc(C(F)(F)F)c1,301.99999999999994,-2.4800069429571505,0,train
CC(=O)N1CCC2(CC1)C1C(=O)N(Cc3cc(C(F)(F)F)cc(C(F)(F)F)c3)C(=O)C1CN2C(=O)COCc1ccccc1,2344.230000000001,-3.370000219475116,0,train
O=C1C2CN(C(=O)COCc3ccccc3)C3(CCNCC3)C2C(=O)N1Cc1cc(C(F)(F)F)cc(C(F)(F)F)c1,2290.870000000001,-3.360000444979648,0,train
COc1ccc(CC2NC(=O)CNC(=O)[C@H](C(C)C)NC(=O)CNC(=O)[C@@H]3CCCN3C(=O)[C@@H](Cc3c[nH]c4ccccc34)NC(=O)CNC2=O)cc1,71999.99999999994,-4.857332496431268,1,test
CC(C)=CCc1cc(C(O)C2NC(=O)CNC(=O)[C@H](C(C)C)NC(=O)CNC(=O)[C@@H]3CCCN3C(=O)[C@@H](Cc3c[nH]c4ccccc34)NC(=O)CNC2=O)ccc1O,8000.000000000004,-3.903089986991944,1,train
COc1ccc(C(O)C2NC(=O)CNC(=O)[C@H](C(C)C)NC(=O)CNC(=O)[C@@H]3CCCN3C(=O)[C@@H](Cc3c[nH]c4ccccc34)NC(=O)CNC2=O)cc1CC=C(C)C,119.99999999999996,-2.0791812460476247,1,train
CCC(C)Cc1cc(CC2NC(=O)CNC(=O)[C@H](C(C)C)NC(=O)CNC(=O)[C@@H]3CCCN3C(=O)[C@@H](Cc3c[nH]c4ccccc34)NC(=O)CNC2=O)ccc1OC,2499.9999999999995,-3.397940008672037,1,train
COc1ccc(C(O)C2NC(=O)CNC(=O)[C@H](C(C)C)NC(=O)CNC(=O)[C@@H]3CCCN3C(=O)[C@@H](Cc3c[nH]c4ccccc34)NC(=O)CNC2=O)cc1,18000.000000000015,-4.2552725051033065,1,train
CCC(C)Cc1cc(C(O)C2NC(=O)CNC(=O)[C@H](C(C)C)NC(=O)CNC(=O)[C@@H]3CCCN3C(=O)[C@@H](Cc3c[nH]c4ccccc34)NC(=O)CNC2=O)ccc1OC,119.99999999999996,-2.0791812460476247,1,train
OCCN1CCN(C(COCc2cc(C(F)(F)F)cc(C(F)(F)F)c2)c2ccccc2)CC1,1.995,-0.2999429000227671,1,test
NC(=O)COCCN1CCN(C(COCc2cc(C(F)(F)F)cc(C(F)(F)F)c2)c2ccccc2)CC1,3.1620000000000004,-0.4999618655961902,1,train
Cc1cccc(C(COCc2cc(C(F)(F)F)cc(C(F)(F)F)c2)N2CCNCC2)c1,3.1620000000000004,-0.4999618655961902,1,train
Fc1ccc(C(COCc2cc(C(F)(F)F)cc(C(F)(F)F)c2)N2CCNCC2)cc1,79.42999999999999,-1.899984562549391,1,train
NC(=O)N1CCN(C(COCc2cc(C(F)(F)F)cc(C(F)(F)F)c2)c2ccccc2)CC1,19.95,-1.299942900022767,1,train
COc1ccccc1C(COCc1cc(C(F)(F)F)cc(C(F)(F)F)c1)N1CCNCC1,6.3100000000000005,-0.8000293592441343,0,test
Clc1cccc(COCC(c2ccccc2)N2CCNCC2)c1,398.10999999999984,-2.60000308662774,0,test
FC(F)(F)c1cc(COCC(c2ccccc2)N2CCN(CCCCc3nnn[nH]3)CC2)cc(C(F)(F)F)c1,6.3100000000000005,-0.8000293592441343,0,train
FC(F)(F)c1cc(COCC(c2cccs2)N2CCNCC2)cc(C(F)(F)F)c1,7.943,-0.899984562549391,1,train
Cc1cc(C)cc(COCC(c2ccccc2)N2CCNCC2)c1,25.120000000000005,-1.4000196350651586,0,train
O=C(O)CN1CCN(C(COCc2cc(C(F)(F)F)cc(C(F)(F)F)c2)c2ccccc2)CC1,15.850000000000003,-1.2000292665537704,0,train
Cc1ccccc1C(COCc1cc(C(F)(F)F)cc(C(F)(F)F)c1)N1CCNCC1,1.0,-0.0,0,train
FC(F)(F)c1cc(COCC(c2ccccc2)N2CCNCC2)cc(C(F)(F)F)c1,1.585,-0.2000292665537703,1,train
Clc1cc(Cl)cc(COCC(c2ccccc2)N2CCNCC2)c1,3.1620000000000004,-0.4999618655961902,1,test
C=Cc1ccc(C(COCc2cc(C(F)(F)F)cc(C(F)(F)F)c2)N2CCNCC2)cc1C=C,31.619999999999997,-1.4999618655961902,1,test
COC(=O)CN1CCN(C(COCc2cc(C(F)(F)F)cc(C(F)(F)F)c2)c2ccccc2)CC1,39.81,-1.599992177584098,1,train
FC(F)(F)c1cc(COCC(c2ccccc2)N2CCN(Cc3nn[nH]n3)CC2)cc(C(F)(F)F)c1,63.1,-1.8000293592441343,1,test
Fc1cc(F)cc(COCC(c2ccccc2)N2CCNCC2)c1,199.52999999999992,-2.300008202553813,1,train
COc1c(Br)cc(Br)cc1COCC(c1ccccc1)N1CCNCC1,7.943,-0.899984562549391,0,train
Brc1cc(Br)cc(COCC(c2ccccc2)N2CCNCC2)c1,5.011999999999999,-0.7000110623221123,1,train
CC(C)(C)c1cc(COCC(c2ccccc2)N2CCNCC2)cc(C(C)(C)C)c1,100.0,-2.0,1,train
N#CCN1CCN(C(COCc2cc(C(F)(F)F)cc(C(F)(F)F)c2)c2ccccc2)CC1,7.943,-0.899984562549391,0,train
Fc1ccccc1C(COCc1cc(C(F)(F)F)cc(C(F)(F)F)c1)N1CCNCC1,5.011999999999999,-0.7000110623221123,0,train
COc1cccc(C(COCc2cc(C(F)(F)F)cc(C(F)(F)F)c2)N2CCNCC2)c1,1.0,-0.0,1,test
FC(F)(F)c1cc(COCC(c2ccco2)N2CCNCC2)cc(C(F)(F)F)c1,158.49,-2.200001865406602,1,train
CCOC(=O)N1CCN(C(COCc2cc(C(F)(F)F)cc(C(F)(F)F)c2)c2ccccc2)CC1,63.1,-1.8000293592441343,1,train
Oc1n[nH]c(CN2CCN(C(COCc3cc(C(F)(F)F)cc(C(F)(F)F)c3)c3ccccc3)CC2)n1,15.850000000000003,-1.2000292665537704,0,train
CCCCN1CCN(C(COCc2cc(C(F)(F)F)cc(C(F)(F)F)c2)c2ccccc2)CC1,2.512,-0.4000196350651585,1,train
FC(F)(F)c1cc(COCC(c2ccccc2)N2CCN(Cc3ccccn3)CC2)cc(C(F)(F)F)c1,1.995,-0.2999429000227671,1,train
FC(F)(F)c1cc(COCC(c2cccc(Cl)c2)N2CCNCC2)cc(C(F)(F)F)c1,1.585,-0.2000292665537703,0,train
COc1cc(COCC(c2ccccc2)N2CCNCC2)cc(OC)c1OC,125.88999999999992,-2.099991233544684,0,train
O=C(O)COCCN1CCN(C(COCc2cc(C(F)(F)F)cc(C(F)(F)F)c2)c2ccccc2)CC1,15.850000000000003,-1.2000292665537704,0,train
COc1ccc(C(COCc2cc(C(F)(F)F)cc(C(F)(F)F)c2)N2CCNCC2)cc1,50.11999999999999,-1.7000110623221123,1,train
Fc1cc(COCC(c2ccccc2)N2CCNCC2)cc(C(F)(F)F)c1,12.590000000000002,-1.1000257301078626,0,test
FC(F)(F)c1ccc(COCC(c2ccccc2)N2CCNCC2)c(C(F)(F)F)c1,15.850000000000003,-1.2000292665537704,1,train
COc1cc(CN2CCN(C(COCc3cc(C(F)(F)F)cc(C(F)(F)F)c3)c3ccccc3)C(Cc3ccccc3)C2)cc(OC)c1OC,251.18999999999997,-2.400002345927956,0,train
Fc1cccc(C(COCc2cc(C(F)(F)F)cc(C(F)(F)F)c2)N2CCNCC2)c1F,3.1620000000000004,-0.4999618655961902,1,train
C=Cc1cccc(C(COCc2cc(C(F)(F)F)cc(C(F)(F)F)c2)N2CCNCC2)c1C=C,1.585,-0.2000292665537703,1,train
Clc1ccc(COCC(c2ccccc2)N2CCNCC2)cc1Cl,100.0,-2.0,0,train
CN1CCN(C(COCc2cc(C(F)(F)F)cc(C(F)(F)F)c2)c2ccccc2)CC1,1.585,-0.2000292665537703,1,test
Fc1cccc(C(COCc2cc(C(F)(F)F)cc(C(F)(F)F)c2)N2CCNCC2)c1,1.995,-0.2999429000227671,1,train
FC(F)(F)c1cc(COCC(c2ccccc2)N2CCN(CCN3CCOCC3)CC2)cc(C(F)(F)F)c1,15.850000000000003,-1.2000292665537704,0,train
FC(F)(F)c1cc(COCC(c2ccccc2Cl)N2CCNCC2)cc(C(F)(F)F)c1,1.585,-0.2000292665537703,1,train
FC(F)(F)c1cc(COCC(c2ccc(Cl)c(Cl)c2)N2CCNCC2)cc(C(F)(F)F)c1,6.3100000000000005,-0.8000293592441343,0,train
O=C(O)CCCCN1CCN(C(COCc2cc(C(F)(F)F)cc(C(F)(F)F)c2)c2ccccc2)CC1,10.0,-1.0,0,train
O=C(CN(N1CCC(Cc2ccccc2)CC1)N1CCC(Cc2ccccc2)CC1)N1CCN(Cc2cc(C(F)(F)F)cc(C(F)(F)F)c2)CC1c1ccc(Cl)c(Cl)c1,109.99999999999996,-2.041392685158225,0,train
CC(=O)Nc1ccc(CN2CCC(NCC(=O)N3CCN(C(=O)c4cc(C)cc(C)c4)C[C@H]3c3ccc(Cl)c(Cl)c3)CC2)cc1,15.000000000000004,-1.1760912590556811,0,train
CC(=O)Nc1nc(CN2CCC(NCC(=O)N3CCN(C(=O)c4cc(C)cc(C)c4)C[C@H]3c3ccc(Cl)c(Cl)c3)CC2)cs1,52.00000000000001,-1.7160033436347992,0,test
O=C(c1cc(Br)cc(Br)c1)N1CCN(C(=O)CNC2CCN(Cc3ccccc3)CC2)C(c2ccc(Cl)c(Cl)c2)C1,3.2000000000000006,-0.505149978319906,1,test
CC(=O)NC1(c2ccccc2)CCN(N(CC(=O)N2CCN(Cc3cc(C(F)(F)F)cc(C(F)(F)F)c3)CC2c2ccccc2)N2CCC(NC(C)=O)(c3ccccc3)CC2)CC1,47.99999999999999,-1.6812412373755872,0,train
O=C(CN(N1CCN(Cc2ccccc2)CC1)N1CCN(Cc2ccccc2)CC1)N1CCN(Cc2cc(C(F)(F)F)cc(C(F)(F)F)c2)CC1c1ccccc1,47.99999999999999,-1.6812412373755872,0,train
COc1cc(C(=O)N2CCN(C(=O)CNC3CCN(Cc4ccccc4)CC3)C(c3ccc(Cl)c(Cl)c3)C2)cc(OC)c1OC,111.99999999999996,-2.049218022670181,0,test
O=C(c1ccccc1)N1CCN(C(=O)CNC2CCN(Cc3ccccc3)CC2)C(c2ccc(Cl)c(Cl)c2)C1,93.0,-1.968482948553935,0,train
O=C(CN(N1CCC(O)(c2ccccc2)CC1)N1CCC(O)(c2ccccc2)CC1)N1CCN(Cc2cc(C(F)(F)F)cc(C(F)(F)F)c2)CC1c1ccc(Cl)c(Cl)c1,32.00000000000001,-1.505149978319906,0,train
O=C(CN(NC1CCN(Cc2ccccc2)CC1)NC1CCN(Cc2ccccc2)CC1)N1CCN(Cc2cc(C(F)(F)F)cc(C(F)(F)F)c2)CC1c1ccc(Cl)c(Cl)c1,30.0,-1.4771212547196624,0,train
COc1ccccc1CN[C@H]1CCCN[C@]12CCc1ccccc12,39.81,-1.599992177584098,0,train
O=C(Cc1cc(C(F)(F)F)cc(C(F)(F)F)c1)N1CCN(C(=O)CNC2CCN(Cc3ccccc3)CC2)C(c2ccccc2)C1,135.99999999999997,-2.133538908370217,0,train
CC(=O)NC1(c2ccccc2)CCN(N(CC(=O)N2CCN(Cc3cc(C(F)(F)F)cc(C(F)(F)F)c3)CC2c2ccc(Cl)c(Cl)c2)N2CCC(NC(C)=O)(c3ccccc3)CC2)CC1,148.00000000000003,-2.170261715394957,0,train
Cc1cc(C)cc(C(=O)N2CCN(C(=O)CNC3CCNCC3)[C@H](c3ccc(Cl)c(Cl)c3)C2)c1,215.00000000000003,-2.3324384599156054,1,train
O=C(CN(N1CCC(Cc2ccccc2)CC1)N1CCC(Cc2ccccc2)CC1)N1CCN(Cc2cc(C(F)(F)F)cc(C(F)(F)F)c2)CC1c1ccccc1,37.0,-1.568201724066995,0,test
O=C(CN(N1CCN(Cc2ccccc2)CC1)N1CCN(Cc2ccccc2)CC1)N1CCN(Cc2cc(C(F)(F)F)cc(C(F)(F)F)c2)CC1c1ccc(Cl)c(Cl)c1,28.0,-1.4471580313422192,0,train
Cc1cc(C)cc(C(=O)N2CCN(C(=O)CNC3CCN(Cc4ncc[nH]4)CC3)[C@H](c3ccc(Cl)c(Cl)c3)C2)c1,92.0,-1.9637878273455556,1,train
Cc1cc(C)cc(C(=O)N2CCN(C(=O)CNC3CCN(Cc4cc[nH]c4)CC3)[C@H](c3ccc(Cl)c(Cl)c3)C2)c1,35.0,-1.5440680443502757,1,train
Cc1cc(C)cc(C(=O)N2CCN(C(=O)CNC3CCN(C(=O)[C@H](N)Cc4ccc(O)cc4)CC3)[C@H](c3ccc(Cl)c(Cl)c3)C2)c1,32.00000000000001,-1.505149978319906,0,train
O=C(c1cc(F)cc(F)c1)N1CCN(C(=O)CNC2CCN(Cc3ccccc3)CC2)C(c2ccc(Cl)c(Cl)c2)C1,23.0,-1.3617278360175928,0,train
O=C(CN(NC1CCN(Cc2ccccc2)CC1)NC1CCN(Cc2ccccc2)CC1)N1CCN(Cc2cc(C(F)(F)F)cc(C(F)(F)F)c2)CC1c1ccccc1,17.0,-1.230448921378274,0,train
O=C(c1cc(Cl)cc(Cl)c1)N1CCN(C(=O)CNC2CCN(Cc3ccccc3)CC2)C(c2ccc(Cl)c(Cl)c2)C1,7.699999999999999,-0.8864907251724818,1,test
COc1cc(OC)cc(C(=O)N2CCN(C(=O)CNC3CCN(Cc4ccccc4)CC3)C(c3ccc(Cl)c(Cl)c3)C2)c1,7.1,-0.8512583487190752,0,train
CN1CCN(C(=O)CNC2CCN(Cc3ccccc3)CC2)C(c2ccccc2)C1,135.0,-2.130333768495006,0,train
Cc1cc(C)cc(C(=O)N2CCN(C(=O)CNC3CCN(C(=O)[C@H](N)Cc4c[nH]c5ccccc45)CC3)[C@H](c3ccc(Cl)c(Cl)c3)C2)c1,70.00000000000001,-1.845098040014257,0,train
O=C(CN(N1CCC(O)(c2ccccc2)CC1)N1CCC(O)(c2ccccc2)CC1)N1CCN(Cc2cc(C(F)(F)F)cc(C(F)(F)F)c2)CC1c1ccccc1,12.999999999999998,-1.1139433523068367,0,train
COc1ccc(C2(C(F)(F)F)N=N2)cc1CN[C@H]1CCCN[C@H]1c1ccccc1,0.7943,0.100015437450609,0,train
CCc1c(C#N)cc2ccccc2c1C(=O)N(C)C[C@@H](CCN1CCC(c2ccccc2[S@+](C)O)CC1)c1ccc(Cl)c(Cl)c1,2.646,-0.4225898398514821,0,train
COc1ccc(C(=O)c2ccccc2)cc1CN[C@H]1CCCN[C@H]1c1ccccc1,0.3981,0.400007822415902,0,train
CSCC[C@H](NC(=O)[C@H](CC(C)C)NC(=O)[C@@H]1CCCN1C(=O)[C@H](Cc1ccccc1)NC(=O)[C@H](Cc1ccccc1)NC(=O)[C@H](CCC(N)=O)NC(=O)[C@H](CCC(N)=O)NC(=O)[C@@H]1CCCN1C(=O)[C@H](CCCCN)NC(=O)[C@@H]1CCCN1C(=O)[C@@H](N)CCCN=C(N)N)C(N)=O,1.1,-0.041392685158225,0,test
CN(C(=O)[C@@H]1CCCN1C(=O)[C@H](Cc1ccccc1)NC(=O)[C@H](Cc1ccccc1)NC(=O)[C@H](CCC(N)=O)NC(=O)[C@H](CCC(N)=O)NC(=O)[C@@H]1CCCN1C(=O)[C@H](CCCCN)NC(=O)[C@@H]1CCCN1C(=O)[C@@H](N)CCCN=C(N)N)[C@@H](Cc1ccccc1)C(=O)N[C@@H](Cc1c[nH]c2ccccc12)C(N)=O,109.99999999999996,-2.041392685158225,0,test
CC(C)C[C@@H](C(=O)N[C@@H](Cc1c[nH]c2ccccc12)C(N)=O)N1CC[C@@]2(CCCN2C(=O)[C@H](Cc2ccc(O)cc2)NC(=O)[C@H](Cc2ccccc2)NC(=O)[C@H](CCCCN)NC(=O)[C@H](CC(N)=O)NC(=O)[C@@H]2CCCN2C(=O)[C@H](CC(=O)O)NC(=O)[C@H](C)NC(=O)C2CCCN2)C1=O,56.00000000000001,-1.7481880270062005,0,train
CSCC[C@H](NC(=O)[C@H](CC(C)C)NC(=O)CNC(=O)[C@@H](NC(=O)[C@H](Cc1ccccc1)NC(=O)[C@H](CO)NC(=O)[C@H](CC(=O)O)NC(=O)[C@@H](NC(=O)[C@H](CCCCN)NC(=O)[C@@H](N)Cc1c[nH]cn1)[C@@H](C)O)C(C)C)C(N)=O,630.0,-2.7993405494535817,0,train
NCCCC[C@H](NC(=O)[C@@H]1CCCN1C(=O)[C@@H](N)CCCN=C(N)N)C(=O)N1CCC[C@H]1C(=O)N[C@@H](CCC(N)=O)C(=O)N[C@@H](CCC(N)=O)C(=O)N[C@@H](Cc1ccccc1)C(=O)N[C@@H](Cc1ccccc1)C(=O)N1CCC[C@H]1C(=O)N1CCC(Cc2ccccc2)[C@H]1C(=O)N[C@@H](Cc1c[nH]c2ccccc12)C(N)=O,78.99999999999999,-1.8976270912904412,0,train
CSCC[C@H](NC(=O)[C@H](CC(C)C)NC(=O)CNC(=O)[C@H](Cc1ccccc1)NC(=O)[C@H](Cc1ccccc1)NC(=O)[C@H](CCC(N)=O)NC(=O)[C@H](CCC(N)=O)NC(=O)[C@@H]1CCCN1C(=O)[C@H](CCCCN)NC(=O)[C@@H]1CCCN1C(=O)[C@@H](N)CCCN=C(N)N)C(N)=O,1.6,-0.2041199826559248,0,train
CN(C(=O)[C@@H]1CCCN1C(=O)[C@H](Cc1ccccc1)NC(=O)[C@H](Cc1ccccc1)NC(=O)[C@H](CCC(N)=O)NC(=O)[C@H](CCC(N)=O)NC(=O)[C@@H]1CCCN1C(=O)[C@H](CCCCN)NC(=O)[C@@H]1CCCN1C(=O)[C@H](CCCN=C(N)N)N1C2CC3CCC2(CS1(=O)=O)C3(C)C)[C@@H](Cc1ccc(Cc2ccccc2)cc1)C(=O)N[C@@H](Cc1c[nH]c2ccccc12)C(N)=O,23.0,-1.3617278360175928,0,train
OCCO/N=C(\COCc1cc(C(F)(F)F)cc(C(F)(F)F)c1)C(CCN1CCC(O)(c2ccccc2)CC1)c1ccc(Cl)c(Cl)c1,20.000000000000004,-1.3010299956639813,1,train
CNC(=O)NCCCO/N=C(\CN(C)C(=O)c1cc(Cl)cc(Cl)c1)C(CCN1CCC(N2CCCCC2=O)CC1)c1ccc(Cl)c(Cl)c1,1.0,-0.0,0,train
CNC(c1ccccc1)C1(NCc2ccccc2OC)CC1,150.00000000000003,-2.1760912590556813,0,train
COC(=O)CO/N=C(\COCc1cc(C(F)(F)F)cc(C(F)(F)F)c1)C(CCN1CCC(O)(c2ccccc2)CC1)c1ccc(Cl)c(Cl)c1,25.000000000000007,-1.3979400086720375,0,test
CN(C/C(=N\OCF)C(CCN1CCC(N2CCCCC2=O)CC1)c1ccc(Cl)c(Cl)c1)C(=O)c1cc(Cl)cc(Cl)c1,0.8,0.0969100130080563,0,train
N#CO/N=C(\COCc1cc(C(F)(F)F)cc(C(F)(F)F)c1)C(CCN1CCC(O)(c2ccccc2)CC1)c1ccc(Cl)c(Cl)c1,15.000000000000004,-1.1760912590556811,1,train
NC(=O)CO/N=C(\COCc1cc(C(F)(F)F)cc(C(F)(F)F)c1)C(CCN1CCC(O)(c2ccccc2)CC1)c1ccc(Cl)c(Cl)c1,17.0,-1.230448921378274,0,test
CN(C/C(=N\OCCO)C(CCN1CCC(N2CCCCC2=O)CC1)c1ccc(Cl)c(Cl)c1)C(=O)c1cc(Cl)cc(Cl)c1,0.6,0.2218487496163563,0,train
CN(C/C(=N\OCCCNS(C)(=O)=O)C(CCN1CCC(N2CCCCC2=O)CC1)c1ccc(Cl)c(Cl)c1)C(=O)c1cc(Cl)cc(Cl)c1,1.2,-0.0791812460476248,0,train
CONC(COCc1cc(C(F)(F)F)cc(C(F)(F)F)c1)C(CCN1CCC(O)(c2ccccc2)CC1)c1ccc(Cl)c(Cl)c1,25.000000000000007,-1.3979400086720375,1,test
CN(C/C(=N\OCC(C)(C)O)C(CCN1CCC(N2CCCCC2=O)CC1)c1ccc(Cl)c(Cl)c1)C(=O)c1cc(Cl)cc(Cl)c1,1.9,-0.2787536009528289,0,train
CN(C/C(=N\OC(F)F)C(CCN1CCC(N2CCCCC2=O)CC1)c1ccc(Cl)c(Cl)c1)C(=O)c1cc(Cl)cc(Cl)c1,1.7,-0.2304489213782739,0,test
CC/C=C(\COCc1cc(C(F)(F)F)cc(C(F)(F)F)c1)C(CCN1CCC(O)(c2ccccc2)CC1)c1ccc(Cl)c(Cl)c1,57.00000000000001,-1.7558748556724917,1,train
CCO/N=C(\COCc1cc(C(F)(F)F)cc(C(F)(F)F)c1)C(CCN1CCC(O)(c2ccccc2)CC1)c1ccc(Cl)c(Cl)c1,81.0,-1.9084850188786495,1,train
CNC(=O)CO/N=C(\COCc1cc(C(F)(F)F)cc(C(F)(F)F)c1)C(CCN1CCC(O)(c2ccccc2)CC1)c1ccc(Cl)c(Cl)c1,23.999999999999996,-1.380211241711606,0,train
CN(C/C(=N\OCCC[S+](C)O)C(CCN1CCC(N2CCCCC2=O)CC1)c1ccc(Cl)c(Cl)c1)C(=O)c1cc(Cl)cc(Cl)c1,0.8,0.0969100130080563,0,train
CN(C/C(=N\OCC#N)C(CCN1CCC(N2CCCCC2=O)CC1)c1ccc(Cl)c(Cl)c1)C(=O)c1cc(Cl)cc(Cl)c1,1.5,-0.1760912590556812,0,train
CN(C/C(=N\OCCCS(C)(=O)=O)C(CCN1CCC(N2CCCCC2=O)CC1)c1ccc(Cl)c(Cl)c1)C(=O)c1cc(Cl)cc(Cl)c1,0.9,0.0457574905606751,0,train
CN(C/C(=N\OCCCn1cnnn1)C(CCN1CCC(N2CCCCC2=O)CC1)c1ccc(Cl)c(Cl)c1)C(=O)c1cc(Cl)cc(Cl)c1,0.8,0.0969100130080563,0,train
CN(C/C(=N\OCC(=O)NO)C(CCN1CCC(N2CCCCC2=O)CC1)c1ccc(Cl)c(Cl)c1)C(=O)c1cc(Cl)cc(Cl)c1,1.2,-0.0791812460476248,0,train
N/C(CO/N=C(\COCc1cc(C(F)(F)F)cc(C(F)(F)F)c1)C(CCN1CCC(O)(c2ccccc2)CC1)c1ccc(Cl)c(Cl)c1)=N/O,17.0,-1.230448921378274,0,test
CO/N=C(\CN(C)C(=O)c1cc(Cl)cc(Cl)c1)C(CCN1CCC(N2CCCCC2=O)CC1)c1ccc(Cl)c(Cl)c1,4.700000000000001,-0.6720978579357175,0,test
CN(C/C(=N\OCCCn1cccn1)C(CCN1CCC(N2CCCCC2=O)CC1)c1ccc(Cl)c(Cl)c1)C(=O)c1cc(Cl)cc(Cl)c1,1.7,-0.2304489213782739,0,test
CN(C/C(=N\OCCCn1cncn1)C(CCN1CCC(N2CCCCC2=O)CC1)c1ccc(Cl)c(Cl)c1)C(=O)c1cc(Cl)cc(Cl)c1,0.7,0.1549019599857432,0,train
CO/C=C(\COCc1cc(C(F)(F)F)cc(C(F)(F)F)c1)C(CCN1CCC(O)(c2ccccc2)CC1)c1ccc(Cl)c(Cl)c1,33.0,-1.5185139398778875,1,train
CN(C/C(=N\OCCN1CCNCC1)C(CCN1CCC(N2CCCCC2=O)CC1)c1ccc(Cl)c(Cl)c1)C(=O)c1cc(Cl)cc(Cl)c1,0.5,0.3010299956639812,0,test
CN(C/C(=N\OCc1c[nH]cn1)C(CCN1CCC(N2CCCCC2=O)CC1)c1ccc(Cl)c(Cl)c1)C(=O)c1cc(Cl)cc(Cl)c1,2.2,-0.3424226808222063,0,train
COC(=O)CO/N=C(\CN(C)C(=O)c1cc(Cl)cc(Cl)c1)C(CCN1CCC(N2CCCCC2=O)CC1)c1ccc(Cl)c(Cl)c1,4.700000000000001,-0.6720978579357175,0,train
COc1ccccc1CN[C@H]1C2CCN(CC2)[C@H]1C(c1ccccc1)c1ccccc1,0.615,0.2111248842245832,0,train
CNC(c1ccccc1)C1(NCc2cc(C(F)(F)F)cc(C(F)(F)F)c2)CC1,620.0,-2.792391689498254,0,train
CN(C/C(=N\OCC(N)=O)C(CCN1CCC(N2CCCCC2=O)CC1)c1ccc(Cl)c(Cl)c1)C(=O)c1cc(Cl)cc(Cl)c1,0.9,0.0457574905606751,0,train
O=C(COCc1cc(C(F)(F)F)cc(C(F)(F)F)c1)C(CCN1CCC(O)(c2ccccc2)CC1)c1ccc(Cl)c(Cl)c1,15.000000000000004,-1.1760912590556811,1,train
CSCCCO/N=C(\CN(C)C(=O)c1cc(Cl)cc(Cl)c1)C(CCN1CCC(N2CCCCC2=O)CC1)c1ccc(Cl)c(Cl)c1,7.4,-0.8692317197309762,0,train
CN(C/C(=N\OCCCn1ccnc1)C(CCN1CCC(N2CCCCC2=O)CC1)c1ccc(Cl)c(Cl)c1)C(=O)c1cc(Cl)cc(Cl)c1,1.6,-0.2041199826559248,0,train
O=C(O)CO/N=C(\COCc1cc(C(F)(F)F)cc(C(F)(F)F)c1)C(CCN1CCC(O)(c2ccccc2)CC1)c1ccc(Cl)c(Cl)c1,7.999999999999999,-0.9030899869919436,1,train
COCCO/N=C(\CN(C)C(=O)c1cc(Cl)cc(Cl)c1)C(CCN1CCC(N2CCCCC2=O)CC1)c1ccc(Cl)c(Cl)c1,2.4,-0.380211241711606,0,test
CN(C/C(=N\OCCCN)C(CCN1CCC(N2CCCCC2=O)CC1)c1ccc(Cl)c(Cl)c1)C(=O)c1cc(Cl)cc(Cl)c1,0.7,0.1549019599857432,0,train
CN(C/C(=N\OCCCO)C(CCN1CCC(N2CCCCC2=O)CC1)c1ccc(Cl)c(Cl)c1)C(=O)c1cc(Cl)cc(Cl)c1,0.7,0.1549019599857432,0,train
CN(C)/N=C(\COCc1cc(C(F)(F)F)cc(C(F)(F)F)c1)C(CCN1CCC(O)(c2ccccc2)CC1)c1ccc(Cl)c(Cl)c1,37.99999999999999,-1.57978359661681,0,train
CN(C/C(=N\OCCCS(=O)(=O)O)C(CCN1CCC(N2CCCCC2=O)CC1)c1ccc(Cl)c(Cl)c1)C(=O)c1cc(Cl)cc(Cl)c1,3.2999999999999994,-0.5185139398778874,0,train
CN(C/C(=N\OCCn1ccnc1)C(CCN1CCC(N2CCCCC2=O)CC1)c1ccc(Cl)c(Cl)c1)C(=O)c1cc(Cl)cc(Cl)c1,2.8,-0.4471580313422192,0,train
CN(C)CCO/N=C(\COCc1cc(C(F)(F)F)cc(C(F)(F)F)c1)C(CCN1CCC(O)(c2ccccc2)CC1)c1ccc(Cl)c(Cl)c1,102.99999999999996,-2.012837224705172,1,train
COCCNC(=O)CO/N=C(\CN(C)C(=O)c1cc(Cl)cc(Cl)c1)C(CCN1CCC(N2CCCCC2=O)CC1)c1ccc(Cl)c(Cl)c1,2.2,-0.3424226808222063,0,train
COCCO/N=C(\COCc1cc(C(F)(F)F)cc(C(F)(F)F)c1)C(CCN1CCC(O)(c2ccccc2)CC1)c1ccc(Cl)c(Cl)c1,7.0,-0.8450980400142568,1,train
COCO/N=C(\COCc1cc(C(F)(F)F)cc(C(F)(F)F)c1)C(CCN1CCC(O)(c2ccccc2)CC1)c1ccc(Cl)c(Cl)c1,48.99999999999999,-1.6901960800285136,1,train
CN(C/C(=N\OCC(=O)O)C(CCN1CCC(N2CCCCC2=O)CC1)c1ccc(Cl)c(Cl)c1)C(=O)c1cc(Cl)cc(Cl)c1,0.7,0.1549019599857432,0,train
C=CCO/N=C(\COCc1cc(C(F)(F)F)cc(C(F)(F)F)c1)C(CCN1CCC(O)(c2ccccc2)CC1)c1ccc(Cl)c(Cl)c1,100.0,-2.0,1,train
CO/N=C(\COCc1ccccn1)C(CCN1CCC(O)(c2ccccc2)CC1)c1ccc(Cl)c(Cl)c1,115.00000000000004,-2.060697840353612,0,train
CO/N=C(\COCc1cc(F)cc(C(F)(F)F)c1)C(CCN1CCC(O)(c2ccccc2)CC1)c1ccc(Cl)c(Cl)c1,96.0,-1.9822712330395684,0,train
CO/N=C(\COCc1ccc(F)c2ccccc12)C(CCN1CCC(O)(c2ccccc2)CC1)c1ccc(Cl)c(Cl)c1,70.00000000000001,-1.845098040014257,0,train
CO/N=C(\COCc1cc(OC)c(OC)c(OC)c1)C(CCN1CCC(O)(c2ccccc2)CC1)c1ccc(Cl)c(Cl)c1,53.000000000000014,-1.7242758696007892,0,test
CO/N=C(\CCCc1cc(C(F)(F)F)cc(C(F)(F)F)c1)C(CCN1CCC(O)(c2ccccc2)CC1)c1ccc(Cl)c(Cl)c1,92.0,-1.9637878273455556,1,train
COc1ccc(F)cc1CN[C@H]1CCCN[C@H]1c1ccccc1,0.1585,0.7999707334462297,0,train
CO/N=C(\CN(C)C(=O)Nc1cc(C(F)(F)F)cc(C(F)(F)F)c1)C(CCN1CCC(O)(c2ccccc2)CC1)c1ccc(Cl)c(Cl)c1,5.000000000000001,-0.6989700043360189,1,train
COc1ccc(-c2ccsc2)cc1CN[C@H]1CCCN[C@H]1c1ccccc1,0.0316199999999999,1.5000381344038098,1,train
CO/N=C(\CCc1cc(C(F)(F)F)cc(C(F)(F)F)c1)C(CCN1CCC(O)(c2ccccc2)CC1)c1ccc(Cl)c(Cl)c1,23.0,-1.3617278360175928,1,test
CO/N=C(\CN(C)C(=O)c1ccccc1OC)C(CCN1CCC(O)(c2ccccc2)CC1)c1ccc(Cl)c(Cl)c1,58.00000000000001,-1.7634279935629371,0,train
CO/N=C(\C(C)OCc1cc(C(F)(F)F)cc(C(F)(F)F)c1)C(CCN1CCC(O)(c2ccccc2)CC1)c1ccc(Cl)c(Cl)c1,75.00000000000001,-1.8750612633917,1,train
COc1ccc(-c2nnnn2C)cc1CN[C@H]1CCCN[C@H]1c1ccccc1,0.1994999999999999,0.700057099977233,0,test
CO/N=C(\CNC(=O)c1ccccc1OC)C(CCN1CCC(O)(c2ccccc2)CC1)c1ccc(Cl)c(Cl)c1,33.0,-1.5185139398778875,0,test
CO/N=C(\COCc1cc(OC)cc(OC)c1)C(CCN1CCC(O)(c2ccccc2)CC1)c1ccc(Cl)c(Cl)c1,33.0,-1.5185139398778875,0,train
CO/N=C(\CN(C)C(=O)c1cc(C)nc(C)c1)C(CCN1CCC(O)(c2ccccc2)CC1)c1ccc(Cl)c(Cl)c1,9.0,-0.9542425094393248,0,train
CO/N=C(\CN(C)C(=O)c1cc(OC)c(Br)c(OC)c1)C(CCN1CCC(O)(c2ccccc2)CC1)c1ccc(Cl)c(Cl)c1,5.000000000000001,-0.6989700043360189,0,train
COc1ccc(-c2c(C)noc2C)cc1CN[C@H]1CCCN[C@H]1c1ccccc1,0.0501199999999999,1.2999889376778877,1,test
COc1ccc(-n2cnnn2)cc1CN[C@H]1CCCN[C@H]1c1ccccc1,0.0501199999999999,1.2999889376778877,1,train
CO/N=C(\CN(C)S(=O)(=O)c1cc(C(F)(F)F)cc(C(F)(F)F)c1)C(CCN1CCC(O)(c2ccccc2)CC1)c1ccc(Cl)c(Cl)c1,435.0000000000001,-2.638489256954637,1,train
CO/N=C(\CN(C)Cc1cc(C(F)(F)F)cc(C(F)(F)F)c1)C(CCN1CCC(O)(c2ccccc2)CC1)c1ccc(Cl)c(Cl)c1,42.00000000000001,-1.6232492903979006,1,test
CO/N=C(\CN(C)C(=O)Oc1cc(C(F)(F)F)cc(C(F)(F)F)c1)C(CCN1CCC(O)(c2ccccc2)CC1)c1ccc(Cl)c(Cl)c1,6.0,-0.7781512503836436,1,test
CO/N=C(\COCc1noc(C(C)(C)C)n1)C(CCN1CCC(O)(c2ccccc2)CC1)c1ccc(Cl)c(Cl)c1,100.0,-2.0,0,train
CO/N=C(\COCCc1cc(C(F)(F)F)cc(C(F)(F)F)c1)C(CCN1CCC(O)(c2ccccc2)CC1)c1ccc(Cl)c(Cl)c1,38.99999999999999,-1.591064607026499,1,train
CO/N=C(\CN(C)C(=O)c1cc(C)nc(-c2cccs2)c1)C(CCN1CCC(O)(c2ccccc2)CC1)c1ccc(Cl)c(Cl)c1,2.0,-0.3010299956639812,0,train
COc1ccc(Br)cc1CN[C@H]1CCCN[C@H]1c1ccccc1,0.0501199999999999,1.2999889376778877,0,test
CO/N=C(\COCc1cc(Br)cc(Br)c1)C(CCN1CCC(O)(c2ccccc2)CC1)c1ccc(Cl)c(Cl)c1,10.0,-1.0,1,train
CO/N=C(\COCc1cc(C)cc(C)c1)C(CCN1CCC(O)(c2ccccc2)CC1)c1ccc(Cl)c(Cl)c1,32.00000000000001,-1.505149978319906,0,train
CO/N=C(\CNCc1cc(C(F)(F)F)cc(C(F)(F)F)c1)C(CCN1CCC(O)(c2ccccc2)CC1)c1ccc(Cl)c(Cl)c1,49.99999999999999,-1.6989700043360187,1,train
CO/N=C(\C(=O)N(C)Cc1cc(C(F)(F)F)cc(C(F)(F)F)c1)C(CCN1CCC(O)(c2ccccc2)CC1)c1ccc(Cl)c(Cl)c1,6.0,-0.7781512503836436,1,train
CO/N=C(\CN(C)C(=O)c1cc(C)nc(N2CCCC2)c1)C(CCN1CCC(O)(c2ccccc2)CC1)c1ccc(Cl)c(Cl)c1,2.0,-0.3010299956639812,0,train
CO/N=C(\CNC(=O)c1cc(C(F)(F)F)cc(C(F)(F)F)c1)C(CCN1CCC(O)(c2ccccc2)CC1)c1ccc(Cl)c(Cl)c1,2.0,-0.3010299956639812,1,train
CO/N=C(\CN(C)C(=O)c1cc(C(F)(F)F)cc(C(F)(F)F)c1)C(CCN1CCC(O)(c2ccccc2)CC1)c1ccc(Cl)c(Cl)c1,4.0,-0.6020599913279624,1,train
COc1cc(C(=O)N2CC[C@](CCN3CCC(C(N)=O)(c4ccccc4)CC3)(c3ccc(Cl)c(Cl)c3)C2)cc(OC)c1OC,0.2999999999999999,0.5228787452803376,0,train
COc1ccc(-n2ncnn2)cc1CN[C@H]1CCCN[C@H]1c1ccccc1,0.1259,0.8999742698921374,0,train
CO/N=C(\CN(C)C(=O)c1cc(C)nc(N(C)C)c1)C(CCN1CCC(O)(c2ccccc2)CC1)c1ccc(Cl)c(Cl)c1,2.0,-0.3010299956639812,0,train
CO/N=C(\COc1cc(C(F)(F)F)cc(C(F)(F)F)c1)C(CCN1CCC(O)(c2ccccc2)CC1)c1ccc(Cl)c(Cl)c1,81.0,-1.9084850188786495,1,test
CN(C[C@@H](CCN1CCC(c2ccccc2[S@+](C)O)CC1)c1ccc(Cl)c(Cl)c1)C(=O)c1cc(C#N)cc2ccccc12,0.11,0.958607314841775,0,train
CO/N=C(\COC(=O)c1cc(C(F)(F)F)cc(C(F)(F)F)c1)C(CCN1CCC(O)(c2ccccc2)CC1)c1ccc(Cl)c(Cl)c1,168.0,-2.225309281725863,1,train
CO/N=C(\CN(C)C(=O)c1cncc(Br)c1)C(CCN1CCC(O)(c2ccccc2)CC1)c1ccc(Cl)c(Cl)c1,7.0,-0.8450980400142568,0,train
COc1ccc(SC)cc1CN[C@H]1CCCN[C@H]1c1ccccc1,0.0794299999999999,1.100015437450609,0,train
CO/N=C(\COCc1cccc(C)c1)C(CCN1CCC(O)(c2ccccc2)CC1)c1ccc(Cl)c(Cl)c1,140.00000000000006,-2.146128035678238,1,train
CO/N=C(\COC(=O)Nc1cc(C(F)(F)F)cc(C(F)(F)F)c1)C(CCN1CCC(O)(c2ccccc2)CC1)c1ccc(Cl)c(Cl)c1,32.00000000000001,-1.505149978319906,1,train
CO/N=C(\CN(C)C(=O)c1cc(C)cc(C)c1)C(CCN1CCC(O)(c2ccccc2)CC1)c1ccc(Cl)c(Cl)c1,1.0,-0.0,1,train
COc1ccc(-c2c(C)nn(C)c2C)cc1CN[C@H]1CCCN[C@H]1c1ccccc1,0.7943,0.100015437450609,1,train
COc1ccc(-c2nnn(C)n2)cc1CN[C@H]1CCCN[C@H]1c1ccccc1,2.512,-0.4000196350651585,0,test
CO/N=C(\CN(C)C(=O)c1cc(Cl)cc(Cl)c1)C(CCN1CCC(O)(c2ccccc2)CC1)c1ccc(Cl)c(Cl)c1,2.0,-0.3010299956639812,0,train
COc1ccc(-c2nccs2)cc1CN[C@H]1CCCN[C@H]1c1ccccc1,0.7943,0.100015437450609,1,train
COc1ccc(-n2cncn2)cc1CN[C@H]1CCCN[C@H]1c1ccccc1,0.1585,0.7999707334462297,0,train
COc1ccc(S(C)(=O)=O)cc1CN[C@H]1CCCN[C@H]1c1ccccc1,0.5012,0.2999889376778876,0,train
COc1ccc(-c2ccco2)cc1CN[C@H]1CCCN[C@H]1c1ccccc1,0.5012,0.2999889376778876,1,train
COc1ccc(-c2ccncc2)cc1CN[C@H]1CCCN[C@H]1c1ccccc1,0.0631,1.1999706407558657,1,train
CO/N=C(\CN(C)C(=O)c1cc(OC)cc(OC)c1)C(CCN1CCC(O)(c2ccccc2)CC1)c1ccc(Cl)c(Cl)c1,5.000000000000001,-0.6989700043360189,0,train
COc1ccc(-c2ccoc2)cc1CN[C@H]1CCCN[C@H]1c1ccccc1,0.0631,1.1999706407558657,1,test
COc1ccc(-c2cncnc2)cc1CN[C@H]1CCCN[C@H]1c1ccccc1,0.1585,0.7999707334462297,0,train
CO/N=C(\COCc1cc(F)cc(F)c1)C(CCN1CCC(O)(c2ccccc2)CC1)c1ccc(Cl)c(Cl)c1,113.00000000000006,-2.05307844348342,1,train
CO/N=C(\CN(C)C(=O)c1ccc(C)s1)C(CCN1CCC(O)(c2ccccc2)CC1)c1ccc(Cl)c(Cl)c1,10.0,-1.0,0,train
CO/N=C(\CN(C)C(=O)c1cc(OC)c(OC)c(OC)c1)C(CCN1CCC(O)(c2ccccc2)CC1)c1ccc(Cl)c(Cl)c1,12.999999999999998,-1.1139433523068367,1,train
COc1ccc(-c2nccn2C)cc1CN[C@H]1CCCN[C@H]1c1ccccc1,1.995,-0.2999429000227671,1,train
CO/N=C(\COCc1cc(Cl)cc(Cl)c1)C(CCN1CCC(O)(c2ccccc2)CC1)c1ccc(Cl)c(Cl)c1,26.0,-1.414973347970818,0,train
CO/N=C(\CN(C)C(=O)c1ccc(N(C)C)c2ccccc12)C(CCN1CCC(O)(c2ccccc2)CC1)c1ccc(Cl)c(Cl)c1,12.000000000000002,-1.0791812460476249,0,train
CNC(=O)C1(N2CCCCC2=O)CCN(CC[C@H](CN(C)C(=O)c2c(OC)c(C#N)cc3ccccc23)c2ccc(Cl)c(Cl)c2)CC1,0.27,0.5686362358410126,0,train
COc1c(C#N)cc2ccccc2c1C(=O)N(C)C[C@@H](CCN1CCC(c2ccccc2[S@+](C)O)CC1)c1ccc(Cl)c(Cl)c1,0.1699999999999999,0.7695510786217261,0,test
COc1ccc(C2CCN(CC[C@H](CN(C)C(=O)c3cc(C#N)cc4ccccc34)c3ccc(Cl)c(Cl)c3)CC2)c([S@+](C)O)c1,0.14,0.8538719643217619,0,test
CCN1C(=O)c2ccccc2[C@H]1[C@@H](CCN1CCC(c2ccccc2[S@+](C)O)CC1)c1ccc(Cl)c(Cl)c1,1619.999999999999,-3.2095150145426308,0,train
CO/N=C(\CN(C)C(=O)c1cc(Cl)cc(Cl)c1)[C@H](CCN1CCC(N2CCCN(O)C2=O)CC1)c1ccc(Cl)c(Cl)c1,1.0,-0.0,0,train
CCOC(=O)[C@@H](Cc1ccc(O)cc1)N1CCCN(C2CCN(CC[C@@H](/C(CN(C)C(=O)c3cc(Cl)cc(Cl)c3)=N/OC)c3ccc(Cl)c(Cl)c3)CC2)C1=O,1.6,-0.2041199826559248,0,train
CCN(C/C(=N\OC)[C@H](CCN1CCC(n2c(=O)n(CC#N)c3ccccc32)CC1)c1ccc(Cl)c(Cl)c1)C(=O)c1cc(Cl)cc(Cl)c1,2.3,-0.3617278360175928,0,train
CO/N=C(\CN(C)C(=O)c1cc(Cl)cc(Cl)c1)[C@H](CCN1CCC(N2CCCN(C(C)C)C2=O)CC1)c1ccc(Cl)c(Cl)c1,0.9,0.0457574905606751,0,train
CO/N=C(\CN(C)C(=O)c1cc(Cl)cc(Cl)c1)[C@H](CCN1CCC(N2CCCN(Cc3ccccn3)C2=O)CC1)c1ccc(Cl)c(Cl)c1,0.7,0.1549019599857432,0,train
CCN(C/C(=N\OC)[C@H](CCN1CCC(n2c(O)nc3ccccc32)CC1)c1ccc(Cl)c(Cl)c1)C(=O)c1cc(Cl)cc(Cl)c1,2.5,-0.3979400086720376,0,train
CO/N=C(\CN(C)C(=O)c1cc(Cl)cc(Cl)c1)[C@H](CCN1CCC(N2CCCN(CCNS(C)(=O)=O)C2=O)CC1)c1ccc(Cl)c(Cl)c1,0.6,0.2218487496163563,0,test
CCNC(=O)Cn1c(=O)n(C2CCN(CC[C@@H](/C(CN(CC)C(=O)c3cc(Cl)cc(Cl)c3)=N/OC)c3ccc(Cl)c(Cl)c3)CC2)c2ccccc21,3.0,-0.4771212547196624,0,train
CCN(C/C(=N\OC)[C@H](CCN1CCC(n2c(=O)n(CC(=O)NCCOC)c3ccccc32)CC1)c1ccc(Cl)c(Cl)c1)C(=O)c1cc(Cl)cc(Cl)c1,1.9,-0.2787536009528289,0,train
CO/N=C(\CN(C)C(=O)c1cc(Cl)cc(Cl)c1)[C@H](CCN1CCC(n2c(O)nc3ccccc32)CC1)c1ccc(Cl)c(Cl)c1,1.2,-0.0791812460476248,1,train
CO/N=C(\CN(C)C(=O)c1cc(Cl)cc(Cl)c1)[C@H](CCN1CCC(N2CCCN(N3CCOCC3)C2=O)CC1)c1ccc(Cl)c(Cl)c1,0.8,0.0969100130080563,0,train
CNC(=O)CN1CCCN(C2CCN(CC[C@@H](/C(CN(C)C(=O)c3cc(Cl)cc(Cl)c3)=N/OC)c3ccc(Cl)c(Cl)c3)CC2)C1=O,0.9,0.0457574905606751,0,train
CO/N=C(\CN(C(=O)c1cc(Cl)cc(Cl)c1)C1CC1)[C@H](CCN1CCC(n2c(O)nc3ccccc32)CC1)c1ccc(Cl)c(Cl)c1,156.99999999999994,-2.1958996524092336,1,train
CO/N=C(\CN(C)C(=O)c1cc(Cl)cc(Cl)c1)[C@H](CCN1CCC(N2CCCN([C@H](CO)C(N)=O)C2=O)CC1)c1ccc(Cl)c(Cl)c1,0.6,0.2218487496163563,0,train
CO/N=C(\CN(C)C(=O)c1cc(Cl)cc(Cl)c1)[C@H](CCN1CCC(N2CCCN(Cc3ccsc3)C2=O)CC1)c1ccc(Cl)c(Cl)c1,2.4,-0.380211241711606,0,train
CO/N=C(\CN(C)C(=O)c1cc(Cl)cc(Cl)c1)[C@H](CCN1CCC(N2CCCN(C)C2=O)CC1)c1ccc(Cl)c(Cl)c1,0.4,0.3979400086720376,0,train
CO/N=C(\CN(C)C(=O)c1cc(Cl)cc(Cl)c1)[C@H](CCN1CCC(N2CCCN(Cc3ccoc3)C2=O)CC1)c1ccc(Cl)c(Cl)c1,1.1,-0.041392685158225,0,train
CO/N=C(\CN(CCF)C(=O)c1cc(Cl)cc(Cl)c1)[C@H](CCN1CCC(n2c(=O)n(CC(=O)O)c3ccccc32)CC1)c1ccc(Cl)c(Cl)c1,1.2,-0.0791812460476248,0,train
CO/N=C(\CN(C)C(=O)c1cc(Cl)cc(Cl)c1)[C@H](CCN1CCC(n2c(=O)n(CC(=O)O)c3ccccc32)CC1)c1ccc(Cl)c(Cl)c1,1.3,-0.1139433523068367,0,train
CO/N=C(\CN(CCF)C(=O)c1cc(Cl)cc(Cl)c1)[C@H](CCN1CCC(n2c(O)nc3ccccc32)CC1)c1ccc(Cl)c(Cl)c1,3.2000000000000006,-0.505149978319906,0,test
CO/N=C(\CN(C)C(=O)c1cc(Cl)cc(Cl)c1)[C@H](CCN1CCC(N2CCCN(C(C)(C)C(N)=O)C2=O)CC1)c1ccc(Cl)c(Cl)c1,0.8,0.0969100130080563,0,train
CO/N=C(\CN(C)C(=O)c1cc(Cl)cc(Cl)c1)[C@H](CCN1CCC(n2c(=O)n(C)c3ccccc32)CC1)c1ccc(Cl)c(Cl)c1,1.5,-0.1760912590556812,0,train
CO/N=C(\CN(C)C(=O)c1cc(Cl)cc(Cl)c1)[C@H](CCN1CCC(n2c(=O)n(CC(=O)OC)c3ccccc32)CC1)c1ccc(Cl)c(Cl)c1,1.3,-0.1139433523068367,0,test
CNC(=O)C[C@H]1CCCN(C2CCN(CC[C@@H](/C(CN(C)C(=O)c3cc(Cl)cc(Cl)c3)=N/OC)c3ccc(Cl)c(Cl)c3)CC2)C1=O,1.3,-0.1139433523068367,0,train
CO/N=C(\CN(C)C(=O)c1cc(Cl)cc(Cl)c1)[C@H](CCN1CCC(N2CCCN(CC(C)(C)O)C2=O)CC1)c1ccc(Cl)c(Cl)c1,0.5,0.3010299956639812,0,train
CO/N=C(\CN(C)C(=O)c1cc(Cl)cc(Cl)c1)[C@H](CCN1CCC(N2CCCN(c3ccccn3)C2=O)CC1)c1ccc(Cl)c(Cl)c1,1.9,-0.2787536009528289,0,train
CCN(C/C(=N\OC)[C@H](CCN1CCC(n2c(=O)n(Cc3ccccn3)c3ccccc32)CC1)c1ccc(Cl)c(Cl)c1)C(=O)c1cc(Cl)cc(Cl)c1,2.7,-0.4313637641589873,0,train
CO/N=C(\CN(C)C(=O)c1cc(Cl)cc(Cl)c1)[C@H](CCN1CCC(N2CCCN(Cc3nn[nH]n3)C2=O)CC1)c1ccc(Cl)c(Cl)c1,1.0,-0.0,0,train
CCN(C/C(=N\OC)[C@H](CCN1CCC(n2c(=O)n(CC(=O)O)c3ccccc32)CC1)c1ccc(Cl)c(Cl)c1)C(=O)c1cc(Cl)cc(Cl)c1,2.4,-0.380211241711606,0,train
CCN(C/C(=N\OC)[C@H](CCN1CCC(n2c(=O)n(CC(N)=O)c3ccccc32)CC1)c1ccc(Cl)c(Cl)c1)C(=O)c1cc(Cl)cc(Cl)c1,2.4,-0.380211241711606,0,train
CCN(C/C(=N\OC)[C@H](CCN1CCC(n2c(=O)n(CCOC)c3ccccc32)CC1)c1ccc(Cl)c(Cl)c1)C(=O)c1cc(Cl)cc(Cl)c1,2.0,-0.3010299956639812,0,test
CO/N=C(\CN(C)C(=O)c1cc(Cl)cc(Cl)c1)[C@H](CCN1CCC(N2CCCN(CC(N)=O)C2=O)CC1)c1ccc(Cl)c(Cl)c1,0.2999999999999999,0.5228787452803376,0,train
CO/N=C(\CN(C)C(=O)c1cc(Cl)cc(Cl)c1)[C@H](CCN1CCC(N2CCCN(CC(=N)NO)C2=O)CC1)c1ccc(Cl)c(Cl)c1,0.6,0.2218487496163563,0,train
CO/N=C(\CN(C)C(=O)c1cc(Cl)cc(Cl)c1)[C@H](CCN1CCC(N2CCCN(CC(=O)OCc3ccccc3)C2=O)CC1)c1ccc(Cl)c(Cl)c1,1.0,-0.0,0,train
COc1ccccc1CN[C@H]1[C@@H]2CCC[C@@H]2N[C@H]1c1ccccc1,2.4,-0.380211241711606,0,test
CN(Cc1ccccc1)C(=O)[C@H](Cc1ccccc1)NC(=O)[C@@H]1CCCN1/C(S)=N/Cc1ccccc1Br,29.7,-1.4727564493172125,1,test
CN(Cc1ccccc1)C(=O)[C@H](Cc1ccc2ccccc2c1)NC(=O)[C@@H]1CCCN1C(=O)Nc1ccc(F)cc1,2.2,-0.3424226808222063,0,train
CO/N=C(\COCc1cc(C(F)(F)F)cc(C(F)(F)F)c1)C(CCN1CCC(N2CCCC2=O)CC1)c1ccc(Cl)c(Cl)c1,9.0,-0.9542425094393248,0,train
CO/N=C(\COCc1cc(C(F)(F)F)cc(C(F)(F)F)c1)C(CCN1CCC(CN2CCCC(CC3CC3)C2=O)CC1)c1ccc(Cl)c(Cl)c1,13.999999999999998,-1.146128035678238,0,train
O=C(NC(c1ccccc1)c1ccccc1)[C@@H]1CCCN1C(=S)NCc1ccccc1Br,1700.000000000001,-3.230448921378274,0,train
CN(Cc1ccccc1)C(=O)[C@H](Cc1ccccc1)NC(=O)[C@@H]1CCCN1/C(S)=N/Cc1ccccc1[N+](=O)[O-],77.60000000000001,-1.8898617212581883,0,train
CN(Cc1ccccc1)C(=O)[C@H](Cc1ccc2ccccc2c1)NC(=O)[C@@H]1CCCN1C(=O)Nc1cccc(C(N)=O)c1,5.000000000000001,-0.6989700043360189,1,train
COC(=O)c1ccccc1NC(=O)N1CCC[C@H]1C(=O)N[C@@H](Cc1ccc2ccccc2c1)C(=O)N(C)Cc1ccccc1,0.2999999999999999,0.5228787452803376,0,train
CN(Cc1ccccc1)C(=O)[C@H](Cc1ccc2ccccc2c1)NC(=O)[C@@H]1CCCN1C(=O)Nc1ccccc1C(=O)O,171.99999999999991,-2.2355284469075487,1,test
CO/N=C(\COCc1cc(C(F)(F)F)cc(C(F)(F)F)c1)C(CCN1CCC(C(N)=O)CC1)c1ccc(Cl)c(Cl)c1,7.999999999999999,-0.9030899869919436,0,train
CCOC(=O)C1CCCN(C2CCN(CCC(/C(COCc3cc(C(F)(F)F)cc(C(F)(F)F)c3)=N/OC)c3ccc(Cl)c(Cl)c3)CC2)C1,117.0,-2.0681858617461617,0,test
CO/N=C(\COCc1cc(C(F)(F)F)cc(C(F)(F)F)c1)C(CCN1CCC(CN2CCCCC2)CC1)c1ccc(Cl)c(Cl)c1,36.0,-1.5563025007672873,0,train
CN(Cc1ccccc1)C(=O)[C@H](Cc1ccccc1)NC(=O)[C@@H]1CCCN1C(=N)NCc1ccccc1Cl,18.5,-1.2671717284030135,0,train
CN(Cc1ccccc1)C(=O)[C@H](Cc1c[nH]c2ccccc12)NC(=O)[C@@H]1CCCN1/C(S)=N/Cc1ccccc1Cl,16.7,-1.2227164711475833,1,train
CO/N=C(\COCc1cc(C(F)(F)F)cc(C(F)(F)F)c1)C(CCN1CCC(N2CCC(O)C2)CC1)c1ccc(Cl)c(Cl)c1,4.0,-0.6020599913279624,1,train
CO/N=C(\COCc1cc(C(F)(F)F)cc(C(F)(F)F)c1)C(CCN1CCC(CN2CCCCC2=S)CC1)c1ccc(Cl)c(Cl)c1,20.000000000000004,-1.3010299956639813,0,train
CN(Cc1ccccc1)C(=O)[C@H](Cc1ccccc1)N(C)C(=O)[C@@H]1CCCN1/C(S)=N/Cc1ccccc1Cl,37.99999999999999,-1.57978359661681,1,train
CN(Cc1ccccc1)C(=O)[C@H](Cc1ccc2ccccc2c1)NC(=O)[C@@H]1CCCN1C(=O)Nc1ccc(C#N)cc1,1.1,-0.041392685158225,0,train
CO/N=C(\COCc1cc(C(F)(F)F)cc(C(F)(F)F)c1)C(CCN1CCC(N2CCCCC2=O)CC1)c1ccc(Cl)c(Cl)c1,17.999999999999996,-1.255272505103306,0,train
CO/N=C(\COCc1cc(C(F)(F)F)cc(C(F)(F)F)c1)C(CCN1CCC(NC(=O)C2CCCCC2)CC1)c1ccc(Cl)c(Cl)c1,44.0,-1.6434526764861874,0,train
C=CCC1CCCN(CC2CCN(CCC(/C(COCc3cc(C(F)(F)F)cc(C(F)(F)F)c3)=N/OC)c3ccc(Cl)c(Cl)c3)CC2)C1=O,12.999999999999998,-1.1139433523068367,0,train
CN(Cc1ccccc1)C(=O)[C@H](Cc1ccc(Cl)c(Cl)c1)NC(=O)[C@@H]1CCCN1/C(S)=N/Cc1ccccc1Cl,5.000000000000001,-0.6989700043360189,0,test
CN(Cc1ccccc1)C(=O)[C@H](Cc1ccc2ccccc2c1)NC(=O)[C@@H]1CCCN1C(=O)Nc1cccnc1,6.7,-0.8260748027008264,1,train
CN(Cc1ccccc1)C(=O)[C@H](Cc1ccc2ccccc2c1)NC(=O)[C@@H]1CCCN1C(=O)Nc1ccccc1F,3.5000000000000004,-0.5440680443502757,1,train
CO/N=C(\COCc1cc(C(F)(F)F)cc(C(F)(F)F)c1)C(CCN1CCC(N2CCC(OC(=O)NC(C)C)C2)CC1)c1ccc(Cl)c(Cl)c1,19.0,-1.2787536009528289,0,train
O=C(NC(c1ccccc1)c1ccccc1)[C@@H]1CCCN1C(=S)NCc1ccccc1Cl,170.00000000000006,-2.230448921378274,0,train
CN(Cc1ccccc1)C(=O)[C@H](Cc1ccccc1)NC(=O)[C@@H]1CCCN1/C(S)=N/Cc1cc(C(F)(F)F)cc(C(F)(F)F)c1,78.6,-1.895422546039408,0,train
CN(Cc1ccccc1)C(=O)[C@H](Cc1cccc2ccccc12)NC(=O)[C@@H]1CCCN1/C(S)=N/Cc1ccccc1Cl,13.699999999999998,-1.136720567156407,0,train
CO/N=C(\COCc1cc(C(F)(F)F)cc(C(F)(F)F)c1)C(CCN1CCC(C(=O)N2CCCC2)CC1)c1ccc(Cl)c(Cl)c1,6.0,-0.7781512503836436,1,train
CN(Cc1ccccc1)C(=O)[C@H](Cc1ccccc1)NC(=O)[C@@H]1CCCN1/C(S)=N/Cc1c(Cl)cccc1Cl,25.90000000000001,-1.413299764081252,1,train
CO/N=C(\COCc1cc(C(F)(F)F)cc(C(F)(F)F)c1)C(CCN1CCC(N2CCCCC2CO)CC1)c1ccc(Cl)c(Cl)c1,13.999999999999998,-1.146128035678238,0,train
CO/N=C(\COCc1cc(C(F)(F)F)cc(C(F)(F)F)c1)C(CCN1CCC(N2CCC[C@H]2C(N)=O)CC1)c1ccc(Cl)c(Cl)c1,12.999999999999998,-1.1139433523068367,0,train
CN(Cc1ccccc1)C(=O)[C@H](Cc1ccc2ccccc2c1)NC(=O)[C@@H]1CCCN1C(=N)NCc1ccccc1Cl,0.5,0.3010299956639812,1,test
CO/N=C(\COCc1cc(C(F)(F)F)cc(C(F)(F)F)c1)C(CCN1CCC(CN2CCCC2=O)CC1)c1ccc(Cl)c(Cl)c1,7.999999999999999,-0.9030899869919436,0,train
CN(Cc1ccccc1)C(=O)[C@H](Cc1ccc2ccccc2c1)NC(=O)[C@@H]1CCCN1C(=O)Nc1cccc(C#N)c1,4.2,-0.6232492903979004,1,train
CNC(=O)c1ccccc1NC(=O)N1CCC[C@H]1C(=O)N[C@@H](Cc1ccc2ccccc2c1)C(=O)N(C)Cc1ccccc1,3.8,-0.5797835966168101,0,train
CO/N=C(\COCc1cc(C(F)(F)F)cc(C(F)(F)F)c1)C(CCN1CCC(CNC(=O)c2ccccc2)CC1)c1ccc(Cl)c(Cl)c1,111.99999999999996,-2.049218022670181,1,train
O=C(NC(c1ccccc1)c1ccccc1)[C@@H]1CCCN1/C(S)=N/Cc1ccccc1F,1269.9999999999998,-3.103803720955957,0,train
CN(Cc1ccccc1)C(=O)[C@H](Cc1ccc2ccccc2c1)N(C)C(=O)[C@@H]1CCCN1/C(S)=N/Cc1ccccc1Cl,1.7,-0.2304489213782739,1,train
CN(Cc1ccccc1)C(=O)[C@@H](NC(=O)[C@@H]1CCCN1/C(S)=N/Cc1ccccc1Cl)C(c1ccccc1)c1ccccc1,29.4,-1.4683473304121573,0,test
CN(Cc1ccccc1)C(=O)[C@H](Cc1ccc2ccccc2c1)NC(=O)[C@@H]1CCCN1C(=O)Nc1cccc(F)c1,0.7,0.1549019599857432,1,train
COCc1ccccc1NC(=O)N1CCC[C@H]1C(=O)N[C@@H](Cc1ccc2ccccc2c1)C(=O)N(C)Cc1ccccc1,1.0,-0.0,0,test
CO/N=C(\COCc1cc(C(F)(F)F)cc(C(F)(F)F)c1)C(CCN1CCC(CN2CCCC(C(N)=O)C2)CC1)c1ccc(Cl)c(Cl)c1,25.000000000000007,-1.3979400086720375,0,train
CN(C)C(=O)c1ccccc1NC(=O)N1CCC[C@H]1C(=O)N[C@@H](Cc1ccc2ccccc2c1)C(=O)N(C)Cc1ccccc1,6.1,-0.785329835010767,0,train
CN(Cc1ccccc1)C(=O)[C@H](Cc1ccc2ccccc2c1)NC(=O)[C@@H]1CCCN1C(=O)Nc1ccccc1CO,1.7,-0.2304489213782739,1,train
CO/N=C(\COCc1cc(C(F)(F)F)cc(C(F)(F)F)c1)C(CCN1CCC(CN2CCOCC2)CC1)c1ccc(Cl)c(Cl)c1,13.999999999999998,-1.146128035678238,1,train
CN(Cc1ccccc1)C(=O)[C@H](Cc1ccccc1)NC(=O)[C@@H]1CCCN1/C(S)=N/Cc1ccccc1Cl,29.899999999999995,-1.4756711883244296,1,train
CN(Cc1ccccc1)C(=O)[C@H](Cc1ccc2ccccc2c1)NC(=O)[C@@H]1CCCN1C(=O)Nc1ccccc1O,2.6,-0.414973347970818,1,train
CO/N=C(\COCc1cc(C(F)(F)F)cc(C(F)(F)F)c1)C(CCN1CCC(N2CCCC(C(N)=O)C2)CC1)c1ccc(Cl)c(Cl)c1,12.999999999999998,-1.1139433523068367,0,train
CO/N=C(\COCc1cc(C(F)(F)F)cc(C(F)(F)F)c1)C(CCN1CCC(CN2CCCCC2CCO)CC1)c1ccc(Cl)c(Cl)c1,12.999999999999998,-1.1139433523068367,0,train
CO/N=C(\COCc1cc(C(F)(F)F)cc(C(F)(F)F)c1)C(CCN1CCC(CNC2(CO)CCCC2)CC1)c1ccc(Cl)c(Cl)c1,23.999999999999996,-1.380211241711606,0,train
COc1ccccc1C/N=C(\S)N1CCC[C@H]1C(=O)NC(c1ccccc1)c1ccccc1,330.00000000000006,-2.5185139398778875,0,test
O=C(N[C@@H](Cc1ccccc1)C(=O)N1CCc2ccccc2C1)[C@@H]1CCCN1C(=S)NCc1ccccc1Cl,8000.000000000004,-3.903089986991944,0,train
CN(Cc1ccccc1)C(=O)[C@H](Cc1ccc2ccccc2c1)NC(=O)[C@@H]1CCCN1C(=O)Nc1ccccc1C#N,1.1,-0.041392685158225,1,train
CO/N=C(\COCc1cc(C(F)(F)F)cc(C(F)(F)F)c1)C(CCN1CCC(CN2CCCC(CC(O)CO)C2=O)CC1)c1ccc(Cl)c(Cl)c1,7.0,-0.8450980400142568,0,test
CN(Cc1ccccc1)C(=O)[C@H](Cc1cn(C)c2ccccc12)NC(=O)[C@@H]1CCCN1/C(S)=N/Cc1ccccc1Cl,4.700000000000001,-0.6720978579357175,0,train
CN(Cc1ccccc1)C(=O)[C@H](Cc1ccc2ccccc2c1)NC(=O)[C@@H]1CCCN1/C(S)=N/Cc1ccccc1Cl,0.7,0.1549019599857432,1,train
CN(Cc1ccccc1)C(=O)[C@H](Cc1ccc2ccccc2c1)NC(=O)[C@@H]1CCCN1C(=O)NCc1ccccc1Cl,2.3,-0.3617278360175928,1,test
CN(Cc1ccccc1)C(=O)[C@H](Cc1ccccc1)NC(=O)[C@@H]1CCCN1C(=S)Nc1ccccc1,79.99999999999999,-1.9030899869919435,1,test
O=C(NC(c1ccccc1)c1ccccc1)[C@@H]1CCCN1/C(S)=N/Cc1ccccc1[N+](=O)[O-],1560.0,-3.1931245983544616,0,train
CN(Cc1ccccc1)C(=O)[C@H](Cc1ccccc1)NC(=O)[C@@H]1CCCN1/C(S)=N/Cc1ccccc1C(F)(F)F,27.2,-1.434568904034199,0,train
CN(CCc1c[nH]c2ccccc12)C(=O)[C@H](Cc1ccccc1)NC(=O)[C@@H]1CCCN1/C(S)=N/Cc1ccccc1Cl,47.99999999999999,-1.6812412373755872,0,train
CN(Cc1ccccc1)C(=O)[C@H](Cc1ccc2ccccc2c1)NC(=O)[C@@H]1CCCN1C(=O)Nc1ccccc1,0.88,0.0555173278498313,1,train
CO/N=C(\COCc1cc(C(F)(F)F)cc(C(F)(F)F)c1)C(CCN1CCC(CN2CCCCC2CO)CC1)c1ccc(Cl)c(Cl)c1,20.000000000000004,-1.3010299956639813,0,test
CN(Cc1ccccc1)C(=O)[C@H](Cc1ccc2ccccc2c1)NC(=O)[C@@H]1CCCN1C(=O)Nc1ccccc1C(N)=O,0.8,0.0969100130080563,1,train
CO/N=C(\COCc1cc(C(F)(F)F)cc(C(F)(F)F)c1)C(CCN1CCC(CN2CCCC(Cc3ccccc3)C2=O)CC1)c1ccc(Cl)c(Cl)c1,68.99999999999999,-1.8388490907372552,0,train
CN(Cc1ccccc1)C(=O)[C@H](Cc1ccc(-c2ccccc2)cc1)NC(=O)[C@@H]1CCCN1/C(S)=N/Cc1ccccc1Cl,7.200000000000001,-0.8573324964312685,0,test
CN(Cc1cccc2ccccc12)C(=O)[C@H](Cc1ccccc1)NC(=O)[C@@H]1CCCN1/C(S)=N/Cc1ccccc1Cl,17.1,-1.2329961103921538,0,train
CN(Cc1ccc2ccccc2c1)C(=O)[C@H](Cc1ccccc1)NC(=O)[C@@H]1CCCN1/C(S)=N/Cc1ccccc1Cl,36.0,-1.5563025007672873,1,train
CN(Cc1cc(C(F)(F)F)cc(C(F)(F)F)c1)C(=O)[C@H](Cc1ccccc1)NC(=O)[C@@H]1CCCN1/C(S)=N/Cc1ccccc1Cl,26.90000000000001,-1.429752280002408,0,train
CO/N=C(\COCc1cc(C(F)(F)F)cc(C(F)(F)F)c1)C(CCN1CCC(CN2CCCC(CO)C2)CC1)c1ccc(Cl)c(Cl)c1,49.99999999999999,-1.6989700043360187,1,test
CCOC(=O)C1CCCN(CC2CCN(CCC(/C(COCc3cc(C(F)(F)F)cc(C(F)(F)F)c3)=N/OC)c3ccc(Cl)c(Cl)c3)CC2)C1,16.0,-1.2041199826559248,0,train
CO/N=C(\COCc1cc(C(F)(F)F)cc(C(F)(F)F)c1)C(CCN1CCC(N2CCCC2)CC1)c1ccc(Cl)c(Cl)c1,36.0,-1.5563025007672873,0,train
CO/N=C(\COCc1cc(C(F)(F)F)cc(C(F)(F)F)c1)C(CCN1CCC(CN2CCCCC2=O)CC1)c1ccc(Cl)c(Cl)c1,10.0,-1.0,0,train
CO/N=C(\COCc1cc(C(F)(F)F)cc(C(F)(F)F)c1)C(CCN1CCC(NC(=O)c2ccccc2)CC1)c1ccc(Cl)c(Cl)c1,17.999999999999996,-1.255272505103306,1,train
CO/N=C(\COCc1cc(C(F)(F)F)cc(C(F)(F)F)c1)C(CCN1CCC(CN2CCCC(O)C2)CC1)c1ccc(Cl)c(Cl)c1,37.99999999999999,-1.57978359661681,0,train
CN(Cc1ccccc1)C(=O)[C@H](Cc1ccc2ccccc2c1)NC(=O)[C@@H]1CCCN1C(=O)Nc1cccc([N+](=O)[O-])c1,2.3,-0.3617278360175928,0,train
CN(Cc1ccccc1)C(=O)[C@H](Cc1ccc2ccccc2c1)NC(=O)[C@@H]1CCCN1C(=O)Nc1ccccc1C(F)(F)F,18.2,-1.260071387985075,1,test
CO/N=C(\COCc1cc(C(F)(F)F)cc(C(F)(F)F)c1)C(CCN1CCC(N2CCCC2=S)CC1)c1ccc(Cl)c(Cl)c1,16.0,-1.2041199826559248,0,train
CO/N=C(\COCc1cc(C(F)(F)F)cc(C(F)(F)F)c1)C(CCN1CCC(CN2CCCC(OC(=O)NC(C)C)C2)CC1)c1ccc(Cl)c(Cl)c1,17.0,-1.230448921378274,0,test
CN(Cc1ccccc1)C(=O)[C@H](Cc1ccccc1)NC(=O)[C@@H]1CCCN1/C(S)=N/Cc1ccccc1,1010.0,-3.004321373782642,1,train
O=C1OC2(CCN(CCc3c[nH]c4ccc(F)cc34)CC2)CN1Cc1ccccc1,7943.280000000002,-3.899999871665804,0,train
CC(=O)NCCCCCOC[C@H]1O[C@@H](OCCc2c[nH]c3ccccc23)[C@H](OCc2ccccc2)[C@@H](OCc2ccccc2)[C@@H]1O,27.000000000000004,-1.4313637641589874,0,train
NCCCCCOC[C@H]1O[C@@H](OCCc2c[nH]c3ccccc23)[C@H](OCc2ccccc2)[C@@H](OCc2ccccc2)[C@@H]1OCc1ccccc1,150.00000000000003,-2.1760912590556813,0,train
COc1ccccc1CN[C@H]1CCCN[C@H]1C(c1ccccc1)c1ccccc1,48.99999999999999,-1.6901960800285136,0,train
COc1ccccc1[C@@H]1CC[C@@]2(CCCN[C@H]2c2ccccc2)NC1,2.0,-0.3010299956639812,0,train
COc1ccccc1CN[C@H]1C2CCNC1(c1ccccc1)CC=C2C,0.631,0.1999706407558656,0,train
CN(Cc1ccccc1)C(=O)N1CC(=O)Nc2ccccc2C1c1ccccc1,1000.0,-3.0,0,train
CC1c2ccccc2NCCN1C(=O)N(C)Cc1cc(C(F)(F)F)cc(C(F)(F)F)c1,39.81,-1.599992177584098,0,train
CN(Cc1cc(C(F)(F)F)cc(C(F)(F)F)c1)C(=O)N1CC(=O)Nc2ccccc2C1c1ccccc1,10.0,-1.0,0,train
CC1c2ccccc2NC(=O)CN1C(=O)N(C)Cc1cc(C(F)(F)F)cc(C(F)(F)F)c1,31.619999999999997,-1.4999618655961902,1,train
CN(Cc1cc(C(F)(F)F)cc(C(F)(F)F)c1)C(=O)N1CC(=O)Nc2ccccc2C1CN1CCOCC1,794.3299999999999,-2.900000965153469,0,train
COC(=O)C1c2ccccc2NC(=O)CN1C(=O)N(C)Cc1cc(C(F)(F)F)cc(C(F)(F)F)c1,316.23,-2.500003068051693,1,train
O=C1CN(C(=O)NCc2cc(C(F)(F)F)cc(C(F)(F)F)c2)C(c2ccccc2)c2ccccc2N1,630.96,-2.800001827817969,0,train
CC1c2ccccc2N(C)C(=O)CN1C(=O)N(C)Cc1cc(C(F)(F)F)cc(C(F)(F)F)c1,1000.0,-3.0,1,train
CO/N=C(\COCc1cc(C(F)(F)F)cc(C(F)(F)F)c1)C(CCN1CCN(CC(=O)N(C(C)C)C(C)C)CC1)c1ccc(Cl)c(Cl)c1,82.0,-1.9138138523837167,0,test
CCOCCCNC(=O)CN1CCN(CCC(/C(COCc2cc(C(F)(F)F)cc(C(F)(F)F)c2)=N/OC)c2ccc(Cl)c(Cl)c2)CC1,38.99999999999999,-1.591064607026499,0,train
CO/N=C(\COCc1cc(C(F)(F)F)cc(C(F)(F)F)c1)C(CCN1CCN(CC(=O)N2CCc3ccccc3C2)CC1)c1ccc(Cl)c(Cl)c1,124.99999999999994,-2.096910013008056,0,train
CO/N=C(\COCc1cc(C(F)(F)F)cc(C(F)(F)F)c1)C(CCN1CCN(CC(=O)N(C)C2CCCCC2)CC1)c1ccc(Cl)c(Cl)c1,113.00000000000006,-2.05307844348342,1,train
CCOC(=O)C1CCN(C(=O)CN2CCN(CCC(/C(COCc3cc(C(F)(F)F)cc(C(F)(F)F)c3)=N/OC)c3ccc(Cl)c(Cl)c3)CC2)CC1,23.999999999999996,-1.380211241711606,0,test
CO/N=C(\COCc1cc(C(F)(F)F)cc(C(F)(F)F)c1)C(CCN1CCN(CC(=O)N2CC(O)C2)CC1)c1ccc(Cl)c(Cl)c1,22.0,-1.3424226808222062,0,train
CO/N=C(\COCc1cc(C(F)(F)F)cc(C(F)(F)F)c1)C(CCN1CCN(CC(=O)N2CCCC2)CC1)c1ccc(Cl)c(Cl)c1,13.999999999999998,-1.146128035678238,0,train
CO/N=C(\COCc1cc(C(F)(F)F)cc(C(F)(F)F)c1)C(CCN1CCN(CC(=O)N2CCCCC2)CC1)c1ccc(Cl)c(Cl)c1,82.0,-1.9138138523837167,1,train
CO/N=C(\COCc1cc(C(F)(F)F)cc(C(F)(F)F)c1)C(CCN1CCN(CC(=O)N2CCOCC2)CC1)c1ccc(Cl)c(Cl)c1,19.0,-1.2787536009528289,0,train
CO/N=C(\COCc1cc(C(F)(F)F)cc(C(F)(F)F)c1)C(CCN1CCN(CC(=O)N2CCC(O)C2)CC1)c1ccc(Cl)c(Cl)c1,16.0,-1.2041199826559248,0,train
CO/N=C(\COCc1cc(C(F)(F)F)cc(C(F)(F)F)c1)C(CCN1CCN(C)CC1)c1ccc(Cl)c(Cl)c1,61.000000000000014,-1.7853298350107671,0,train
CO/N=C(\COCc1cc(C(F)(F)F)cc(C(F)(F)F)c1)C(CCN1CCN(CC(=O)N2CCCC3CCCCC32)CC1)c1ccc(Cl)c(Cl)c1,135.99999999999997,-2.133538908370217,1,test
CO/N=C(\COCc1cc(C(F)(F)F)cc(C(F)(F)F)c1)C(CCN1CCN(CC(=O)NC2CC2)CC1)c1ccc(Cl)c(Cl)c1,62.0,-1.792391689498254,1,test
CO/N=C(\COCc1cc(C(F)(F)F)cc(C(F)(F)F)c1)C(CCN1CCN(CC(=O)NC2CCc3ccccc32)CC1)c1ccc(Cl)c(Cl)c1,135.99999999999997,-2.133538908370217,1,train
CO/N=C(\COCc1cc(C(F)(F)F)cc(C(F)(F)F)c1)C(CCN1CCNCC1)c1ccc(Cl)c(Cl)c1,30.0,-1.4771212547196624,0,test
CO/N=C(\COCc1cc(C(F)(F)F)cc(C(F)(F)F)c1)C(CCN1CCN(CC(=O)Nc2ccccc2)CC1)c1ccc(Cl)c(Cl)c1,124.99999999999994,-2.096910013008056,1,train
CO/N=C(\COCc1cc(C(F)(F)F)cc(C(F)(F)F)c1)C(CCN1CCN(c2ccccc2)CC1)c1ccc(Cl)c(Cl)c1,181.00000000000003,-2.257678574869185,1,train
CO/N=C(\COCc1cc(C(F)(F)F)cc(C(F)(F)F)c1)C(CCN1CCN(c2ncccn2)CC1)c1ccc(Cl)c(Cl)c1,70.00000000000001,-1.845098040014257,0,train
CO/N=C(\COCc1cc(C(F)(F)F)cc(C(F)(F)F)c1)C(CCN1CCN(CC(=O)N2CCCCC2CO)CC1)c1ccc(Cl)c(Cl)c1,47.00000000000001,-1.6720978579357175,0,test
CO/N=C(\COCc1cc(C(F)(F)F)cc(C(F)(F)F)c1)C(CCN1CCN(CC(=O)N2CCC2)CC1)c1ccc(Cl)c(Cl)c1,23.0,-1.3617278360175928,0,train
CO/N=C(\COCc1cc(C(F)(F)F)cc(C(F)(F)F)c1)C(CCN1CCN(CC(=O)N2CCC(N(C)C)C2)CC1)c1ccc(Cl)c(Cl)c1,13.999999999999998,-1.146128035678238,0,train
CO/N=C(\COCc1cc(C(F)(F)F)cc(C(F)(F)F)c1)C(CCN1CCN(CC(=O)N2CCC(NC(C)=O)C2)CC1)c1ccc(Cl)c(Cl)c1,9.0,-0.9542425094393248,1,train
CO/N=C(\COCc1cc(C(F)(F)F)cc(C(F)(F)F)c1)C(CCN1CCN(CC(=O)N2CCC[C@H]2C(N)=O)CC1)c1ccc(Cl)c(Cl)c1,23.999999999999996,-1.380211241711606,0,test
CO/N=C(\COCc1cc(C(F)(F)F)cc(C(F)(F)F)c1)C(CCN1CCN(C2CCCCC2)CC1)c1ccc(Cl)c(Cl)c1,53.000000000000014,-1.7242758696007892,1,train
CO/N=C(\COCc1cc(C(F)(F)F)cc(C(F)(F)F)c1)C(CCN1CCN(CC(=O)NCC2CCCO2)CC1)c1ccc(Cl)c(Cl)c1,20.000000000000004,-1.3010299956639813,0,test
CO/N=C(\COCc1cc(C(F)(F)F)cc(C(F)(F)F)c1)C(CCN1CCN(CC(=O)N2CCCC(O)C2)CC1)c1ccc(Cl)c(Cl)c1,12.999999999999998,-1.1139433523068367,1,train
O=C(CCc1cc(C(F)(F)F)cc(C(F)(F)F)c1)N(c1ccc(F)cc1)C1CCNCC1,199.52999999999992,-2.300008202553813,0,train
Cc1cc(C)cc(OCC(=O)N(c2ccc(Cl)c(Cl)c2)C2CCNCC2)c1,25.120000000000005,-1.4000196350651586,0,test
O=C1NC[C@@](COCc2cc(C(F)(F)F)cc(C(F)(F)F)c2)(c2ccccc2)N1,6.0,-0.7781512503836436,0,train
COc1ccccc1CNCCNC(=O)N1CCN(C(=O)c2cc(C(F)(F)F)cc(C(F)(F)F)c2)[C@H](Cc2c[nH]c3ccccc23)C1,2.512,-0.4000196350651585,0,test
C/C(CN1CCN(C(=O)c2cc(C(F)(F)F)cc(C(F)(F)F)c2)[C@H](Cc2c[nH]c3ccccc23)C1)=N/OCC(C)(C)N1CCOCC1,6.3100000000000005,-0.8000293592441343,0,train
C/C(CN1CCN(C(=O)c2cc(C(F)(F)F)cc(C(F)(F)F)c2)[C@H](Cc2c[nH]c3ccccc23)C1)=N/OCC(C)N1CCOCC1,3.1620000000000004,-0.4999618655961902,0,test
C/C(CN1CCN(C(=O)c2cc(C(F)(F)F)cc(C(F)(F)F)c2)[C@H](Cc2c[nH]c3ccccc23)C1)=N/OCc1ccccn1,10.0,-1.0,0,train
C/C(CN1CCN(C(=O)c2cc(C(F)(F)F)cc(C(F)(F)F)c2)[C@H](Cc2c[nH]c3ccccc23)C1)=N/OCCN1CCS(=O)(=O)CC1,2.512,-0.4000196350651585,0,test
C/C(CN1CCN(C(=O)c2cc(C(F)(F)F)cc(C(F)(F)F)c2)[C@H](Cc2c[nH]c3ccccc23)C1)=N/OCCN1CCSCC1,6.3100000000000005,-0.8000293592441343,0,train
C/C(CN1CCN(C(=O)c2cc(C(F)(F)F)cc(C(F)(F)F)c2)[C@H](Cc2c[nH]c3ccccc23)C1)=N/OCCN1CCN(C)CC1,1.585,-0.2000292665537703,0,test
C/C(CN1CCN(C(=O)c2cc(C(F)(F)F)cc(C(F)(F)F)c2)[C@H](Cc2c[nH]c3ccccc23)C1)=N/OCCN(C)C,0.7943,0.100015437450609,1,train
CNCCO/N=C(/C)CN1CCN(C(=O)c2cc(C(F)(F)F)cc(C(F)(F)F)c2)[C@H](Cc2c[nH]c3ccccc23)C1,1.995,-0.2999429000227671,0,train
C/C(CN1CCN(C(=O)c2cc(C(F)(F)F)cc(C(F)(F)F)c2)[C@H](Cc2c[nH]c3ccccc23)C1)=N/OCCN,0.7943,0.100015437450609,1,train
CO/N=C(/C)CN1CCN(C(=O)c2cc(C(F)(F)F)cc(C(F)(F)F)c2)[C@H](Cc2c[nH]c3ccccc23)C1,3.981,-0.599992177584098,0,train
O=C(c1cc(C(F)(F)F)cc(C(F)(F)F)c1)N1CCN(C/C=N\OCCCN2CCOCC2)C[C@H]1Cc1c[nH]c2ccccc12,1.259,-0.1000257301078625,0,test
O=C(c1cc(C(F)(F)F)cc(C(F)(F)F)c1)N1CCN(C/C=N\OCCN2CCOCC2)C[C@H]1Cc1c[nH]c2ccccc12,1.259,-0.1000257301078625,0,test
O=C(c1cc(C(F)(F)F)cc(C(F)(F)F)c1)N1CCN(CC/C(=N\OCCN2CCOCC2)c2ccccc2)C[C@H]1Cc1c[nH]c2ccccc12,10.0,-1.0,0,train
O=C(c1cc(C(F)(F)F)cc(C(F)(F)F)c1)N1CCN(C/C(=N\OCCCN2CCOCC2)c2ccccc2)C[C@H]1Cc1c[nH]c2ccccc12,6.3100000000000005,-0.8000293592441343,0,train
O=C(c1cc(C(F)(F)F)cc(C(F)(F)F)c1)N1CCN(C/C(=N\OCCN2CCOCC2)c2ccccc2)C[C@H]1Cc1c[nH]c2ccccc12,19.95,-1.299942900022767,0,train
C/C(CCCN1CCN(C(=O)c2cc(C(F)(F)F)cc(C(F)(F)F)c2)[C@H](Cc2c[nH]c3ccccc23)C1)=N/OCCN1CCOCC1,1.259,-0.1000257301078625,1,train
C/C(CCN1CCN(C(=O)c2cc(C(F)(F)F)cc(C(F)(F)F)c2)[C@H](Cc2c[nH]c3ccccc23)C1)=N/OCCCN1CCOCC1,0.1994999999999999,0.700057099977233,0,train
C/C(CCN1CCN(C(=O)c2cc(C(F)(F)F)cc(C(F)(F)F)c2)[C@H](Cc2c[nH]c3ccccc23)C1)=N/OCCN1CCOCC1,0.3981,0.400007822415902,0,test
C/C(CN1CCN(C(=O)c2cc(C(F)(F)F)cc(C(F)(F)F)c2)[C@H](Cc2c[nH]c3ccccc23)C1)=N/OCCCN1CCOCC1,12.590000000000002,-1.1000257301078626,1,test
C/C(CN1CCN(C(=O)c2cc(C(F)(F)F)cc(C(F)(F)F)c2)[C@H](Cc2c[nH]c3ccccc23)C1)=N/OCCN1CCOCC1,10.0,-1.0,0,train
C[C@@H](OC[C@@]1(c2ccc(F)cc2)CN(CC(N)=O)C(=O)N1)c1cc(C(F)(F)F)cc(C(F)(F)F)c1,0.4,0.3979400086720376,0,train
CCN1C[C@@](CO[C@H](C)c2cc(C(F)(F)F)cc(C(F)(F)F)c2)(c2ccc(F)cc2)NC1=O,0.8,0.0969100130080563,0,train
C[C@@H](OC[C@@]1(c2ccc(F)cc2)CN(C)C(=O)N1)c1cc(C(F)(F)F)cc(C(F)(F)F)c1,3.6,-0.5563025007672873,0,train
C[C@@H](OC[C@@]1(c2ccc(F)cc2)CNC(=O)N1)c1cc(C(F)(F)F)cc(C(F)(F)F)c1,1.5,-0.1760912590556812,0,train
CC(C)N1C[C@@](CO[C@H](C)c2cc(C(F)(F)F)cc(C(F)(F)F)c2)(c2ccccc2)NC1=O,3.1,-0.4913616938342727,0,train
CCN1C[C@@](CO[C@H](C)c2cc(C(F)(F)F)cc(C(F)(F)F)c2)(c2ccccc2)NC1=O,1.7,-0.2304489213782739,0,train
C[C@@H](OC[C@@]1(c2ccccc2)CN(C)C(=O)N1)c1cc(C(F)(F)F)cc(C(F)(F)F)c1,0.5,0.3010299956639812,0,test
CN1CCC(N2CC(COCc3cc(C(F)(F)F)cc(C(F)(F)F)c3)(c3ccc(F)cc3)NC2=O)CC1,0.4,0.3979400086720376,0,train
O=C1NC(COCc2cc(C(F)(F)F)cc(C(F)(F)F)c2)(c2ccc(F)cc2)CN1C1CCNCC1,0.9,0.0457574905606751,0,train
O=C1NC(COCc2cc(C(F)(F)F)cc(C(F)(F)F)c2)(c2ccc(F)cc2)CN1CCN1CCCC1,1.6,-0.2041199826559248,0,train
O=C1NC(COCc2cc(C(F)(F)F)cc(C(F)(F)F)c2)(c2ccc(F)cc2)CN1C1CCOCC1,6.3,-0.7993405494535817,0,test
O=C(c1cc(C(F)(F)F)cc(C(F)(F)F)c1)N1CCN(Cc2cc(CN3CCOCC3)on2)C[C@H]1Cc1c[nH]c2ccccc12,12.590000000000002,-1.1000257301078626,0,train
O=C(c1cc(C(F)(F)F)cc(C(F)(F)F)c1)N1CCN(CC2=NOC(CN3CCOCC3)C2)C[C@H]1Cc1c[nH]c2ccccc12,2.512,-0.4000196350651585,0,train
Clc1cncc(Cl)c1N/N=C/c1ccccc1-c1ccccc1,933.0000000000005,-2.9698816437465,1,test
Cc1onc(-c2c(Cl)cccc2Cl)c1/C=N/Nc1c(Cl)cncc1Cl,15.000000000000004,-1.1760912590556811,0,test
Cc1ccccc1-c1cc(N2CCS(=O)(=O)CC2)ncc1N(C)C(=O)C(C)(C)c1cc(C(F)(F)F)cc(C(F)(F)F)c1,1.3,-0.1139433523068367,0,train
Cc1ccccc1-c1cc(N2CCC(O)CC2)ncc1N(C)C(=O)C(C)(C)c1cc(C(F)(F)F)cc(C(F)(F)F)c1,0.4,0.3979400086720376,0,train
Cc1ccccc1-c1cc(N2CCOCC2)ncc1N(C)C(=O)C(C)(C)c1cc(C(F)(F)F)cc(C(F)(F)F)c1,1.0,-0.0,0,train
Cc1ccccc1-c1nc(N2CCN(C)CC2)ncc1N(C)C(=O)C(C)(C)c1cc(C(F)(F)F)cc(C(F)(F)F)c1,0.44,0.3565473235138126,0,train
Cc1ccccc1-c1nc(N2CCN(C)CC2)ncc1C(=O)N(C)Cc1cc(C(F)(F)F)cc(C(F)(F)F)c1,1.7,-0.2304489213782739,0,train
Cc1ccccc1-c1cnc(N2CCN(C)CC2)nc1N(C)C(=O)C(C)(C)c1cc(C(F)(F)F)cc(C(F)(F)F)c1,1.1,-0.041392685158225,0,train
Cc1ccccc1-c1cnc(N2CCN(C)CC2)nc1C(=O)N(C)Cc1cc(C(F)(F)F)cc(C(F)(F)F)c1,3.5000000000000004,-0.5440680443502757,0,train
Cc1ccccc1-c1ccc(N2CCN(C)CC2)nc1N(C)C(=O)C(C)(C)c1cc(C(F)(F)F)cc(C(F)(F)F)c1,2.0,-0.3010299956639812,0,train
Cc1ccccc1-c1ccc(N2CCN(C)CC2)nc1C(=O)N(C)Cc1cc(C(F)(F)F)cc(C(F)(F)F)c1,6.2,-0.7923916894982539,0,train
Cc1ccccc1-c1cnc(N2CCN(C)CC2)cc1N(C)C(=O)C(C)(C)c1cc(C(F)(F)F)cc(C(F)(F)F)c1,1.7,-0.2304489213782739,0,train
Cc1ccccc1-c1cc(N2CCN(C)CC2)ncc1N(C)C(=O)C(C)(C)c1cc(C(F)(F)F)cc(C(F)(F)F)c1,0.95,0.0222763947111522,0,test
Cc1ccccc1-c1cc(N2CCN(C)CC2)ncc1C(=O)N(C)Cc1cc(C(F)(F)F)cc(C(F)(F)F)c1,0.58,0.2365720064370627,0,test
Cc1ccccc1-c1cccnc1N(C)C(=O)C(C)(C)c1cc(C(F)(F)F)cc(C(F)(F)F)c1,4.0,-0.6020599913279624,0,train
Cc1ccccc1-c1cccnc1C(=O)N(C)Cc1cc(C(F)(F)F)cc(C(F)(F)F)c1,3.8,-0.5797835966168101,1,train
Cc1ccccc1-c1cnccc1N(C)C(=O)C(C)(C)c1cc(C(F)(F)F)cc(C(F)(F)F)c1,3.2999999999999994,-0.5185139398778874,0,train
Cc1ccccc1-c1cnccc1C(=O)N(C)Cc1cc(C(F)(F)F)cc(C(F)(F)F)c1,4.6000000000000005,-0.6627578316815741,0,train
Cc1ccccc1-c1ccncc1N(C)C(=O)C(C)(C)c1cc(C(F)(F)F)cc(C(F)(F)F)c1,3.4,-0.5314789170422551,0,test
Cc1ccccc1-c1ccncc1C(=O)N(C)Cc1cc(C(F)(F)F)cc(C(F)(F)F)c1,8.5,-0.9294189257142929,0,train
Cc1ccccc1-c1cc(N2CCN(C)CC2)ccc1C(=O)N(C)Cc1cc(C(F)(F)F)cc(C(F)(F)F)c1,1.4,-0.146128035678238,0,train
FC(F)(F)c1cc(COCc2ccccc2-c2ccccc2)cc(C(F)(F)F)c1,224.0,-2.3502480183341627,0,train
FC(F)(F)c1cc(CNCc2ccccc2-c2ccccc2)cc(C(F)(F)F)c1,371.99999999999983,-2.5705429398818973,0,train
CN(Cc1cc(C(F)(F)F)cc(C(F)(F)F)c1)Cc1ccccc1-c1ccccc1,724.0000000000002,-2.859738566197147,1,train
CC(C)(C(=O)Nc1ccccc1-c1ccccc1)c1cc(C(F)(F)F)cc(C(F)(F)F)c1,1379.9999999999998,-3.1398790864012365,0,train
CN(C(=O)C(C)(C)c1cc(C(F)(F)F)cc(C(F)(F)F)c1)c1ccccc1-c1ccccc1,68.00000000000001,-1.8325089127062364,0,train
CN(C(=O)Cc1cc(C(F)(F)F)cc(C(F)(F)F)c1)c1ccccc1-c1ccccc1,562.0,-2.749736315569061,1,train
CN(C(=O)c1ccccc1-c1ccccc1)C(C)(C)c1cc(C(F)(F)F)cc(C(F)(F)F)c1,295.0,-2.469822015978163,0,train
CN(Cc1cc(C(F)(F)F)cc(C(F)(F)F)c1)C(=O)c1ccccc1-c1ccccc1Br,45.00000000000001,-1.6532125137753435,1,train
CN(Cc1cc(C(F)(F)F)cc(C(F)(F)F)c1)C(=O)c1ccccc1-c1ccccc1Cl,22.0,-1.3424226808222062,0,test
Cc1ccccc1-c1ccccc1C(=O)N(C)Cc1cc(C(F)(F)F)cc(C(F)(F)F)c1,17.0,-1.230448921378274,0,train
CN(Cc1cc(C(F)(F)F)cc(C(F)(F)F)c1)C(=O)c1ccccc1-c1ccccc1,50.99999999999999,-1.7075701760979365,1,test
Clc1cncc(Cl)c1N/N=C/c1ccccc1-c1c(Cl)cccc1Cl,93.0,-1.968482948553935,0,train
Clc1cncc(Cl)c1N/N=C/c1ccccc1-c1ccccc1Br,48.99999999999999,-1.6901960800285136,1,train
Clc1ccccc1-c1ccccc1/C=N/Nc1c(Cl)cncc1Cl,173.99999999999991,-2.2405492482825995,0,train
Cc1ccccc1-c1ccccc1/C=N/Nc1c(Cl)cncc1Cl,316.00000000000006,-2.499687082618404,0,train
COc1nc(NCCCN2CCOCC2)nc(OC)c1NC(=O)c1ccc(Oc2cc3c(cc2C)CCC3(C)C)o1,1249.9999999999995,-3.096910013008056,0,train
C[C@@H](OC[C@]1(c2ccccc2)C[C@](N)(C(=O)N2CCCCC2)C1)c1cc(C(F)(F)F)cc(C(F)(F)F)c1,1.3,-0.1139433523068367,0,test
C[C@@H](OC[C@]1(c2ccccc2)C[C@](N)(C(=O)N2CCCC2)C1)c1cc(C(F)(F)F)cc(C(F)(F)F)c1,1.3,-0.1139433523068367,0,test
C[C@@H](OC[C@]1(c2ccccc2)C[C@](N)(C(=O)N(C)C)C1)c1cc(C(F)(F)F)cc(C(F)(F)F)c1,3.2999999999999994,-0.5185139398778874,0,train
C[C@@H](OCC1(c2ccccc2)CC(NCc2n[nH]c(O)n2)C1)c1cc(C(F)(F)F)cc(C(F)(F)F)c1,0.5,0.3010299956639812,0,train
C[C@@H](OCC1(c2ccccc2)CC(NCc2ccccc2)C1)c1cc(C(F)(F)F)cc(C(F)(F)F)c1,0.2999999999999999,0.5228787452803376,0,test
C[C@@H](OCC1(c2ccccc2)CC(N)C1)c1cc(C(F)(F)F)cc(C(F)(F)F)c1,0.02,1.6989700043360187,1,train
C[C@@H](OCC1(c2ccccc2)CC(=O)C1)c1cc(C(F)(F)F)cc(C(F)(F)F)c1,2.4,-0.380211241711606,1,test
NS(=O)(=O)N1CCN(CC(=O)N[C@@H]2CC(=O)N[C@@H](Cc3c[nH]c4ccccc34)C(=O)N[C@@H](Cc3ccccc3)C(=O)N[C@H](Cc3ccccc3)CNC2=O)CC1,199.52999999999992,-2.300008202553813,0,train
O=C1C[C@@H](NC(=O)CN2CCC(N3CCOCC3)CC2)C(=O)NC[C@@H](Cc2ccccc2)NC(=O)[C@H](Cc2ccccc2)NC(=O)[C@H](Cc2c[nH]c3ccccc23)N1,125.88999999999992,-2.099991233544684,0,train
COc1cc2c(cc1OC)C1=NO[C@@H](CN3CCN(C/C(C)=C/c4ccc(F)cc4)CC3)[C@@H]1CO2,309.99999999999994,-2.4913616938342726,0,test
CC(=O)N[C@@H](Cc1c[nH]c2ccccc12)C(=O)OCc1cc(C(F)(F)F)cc(C(F)(F)F)c1,0.73,0.1366771398795441,0,test
CCCC[C@@H](C(=O)N1CCC[C@H]1C(=O)N[C@@H](CC(C)C)C(=O)N[C@@H](Cc1c[nH]c2ccccc12)C(=O)OCc1cc(C(F)(F)F)cc(C(F)(F)F)c1)N(C)C(=O)[C@H](Cc1ccccc1)NC(=O)CNC(=O)[C@@H](C)NC(=O)[C@@H](N)Cc1ccc(O)cc1,0.71,0.1487416512809247,0,train
CCCC[C@H](NC(=O)[C@H](Cc1ccccc1)NC(=O)CNC(=O)[C@@H](C)NC(=O)[C@@H](N)Cc1ccc(O)cc1)C(=O)N1CCC[C@H]1C(=O)N[C@@H](CC(C)C)C(=O)N[C@@H](Cc1c[nH]c2ccccc12)C(=O)OCc1cc(C(F)(F)F)cc(C(F)(F)F)c1,0.6,0.2218487496163563,1,train
CC(C)C[C@H](NC(=O)[C@@H]1CCCN1C(=O)[C@H](CC[S+](C)O)NC(=O)[C@H](Cc1ccccc1)NC(=O)CNC(=O)[C@@H](C)NC(=O)[C@@H](N)Cc1ccc(O)cc1)C(=O)N[C@@H](Cc1c[nH]c2ccccc12)C(=O)OCc1cc(C(F)(F)F)cc(C(F)(F)F)c1,0.2,0.6989700043360187,0,train
CC(C)C[C@H](NC(=O)[C@@H]1CCCN1C(=O)[C@H](CC(C)C)NC(=O)[C@H](Cc1ccccc1)NC(=O)CNC(=O)[C@@H](C)NC(=O)[C@@H](N)Cc1ccc(O)cc1)C(=O)N[C@@H](Cc1c[nH]c2ccccc12)C(=O)OCc1cc(C(F)(F)F)cc(C(F)(F)F)c1,0.8,0.0969100130080563,1,train
CC(C)C[C@H](NC(=O)[C@@H]1CCCN1C(=O)CNC(=O)[C@H](Cc1ccccc1)NC(=O)CNC(=O)[C@@H](C)NC(=O)[C@@H](N)Cc1ccc(O)cc1)C(=O)N[C@@H](Cc1c[nH]c2ccccc12)C(=O)OCc1cc(C(F)(F)F)cc(C(F)(F)F)c1,1.0,-0.0,1,train
CC(C)C[C@H](NC(=O)[C@@H]1CCCN1C(=O)[C@H](Cc1ccccc1)NC(=O)CNC(=O)[C@@H](C)NC(=O)[C@@H](N)Cc1ccc(O)cc1)C(=O)N[C@@H](Cc1c[nH]c2ccccc12)C(=O)OCc1cc(C(F)(F)F)cc(C(F)(F)F)c1,0.046,1.337242168318426,1,train
CC(C)C[C@H](NC(=O)[C@@H]1CCCN1C(=O)[C@H](Cc1ccccc1)NC(=O)CNC(=O)[C@@H](C)NC(=O)[C@@H](N)Cc1ccc(O)cc1)C(=O)N[C@@H](Cc1c[nH]c2ccccc12)C(=O)N(C)Cc1cc(C(F)(F)F)cc(C(F)(F)F)c1,1.4,-0.146128035678238,1,train
CC(C)C[C@H](NC(=O)[C@@H]1CCCN1C(=O)[C@H](Cc1ccccc1)NC(=O)CNC(=O)[C@@H](C)NC(=O)[C@@H](N)Cc1ccc(O)cc1)C(=O)N[C@@H](Cc1c[nH]c2ccccc12)C(=O)NCc1cc(C(F)(F)F)cc(C(F)(F)F)c1,0.605,0.2182446253475311,1,train
CC(C)C[C@H](NC(=O)[C@@H]1CCCN1C(=O)[C@H](Cc1ccccc1)NC(=O)CNC(=O)[C@@H](C)NC(=O)[C@@H](N)Cc1ccc(O)cc1)C(=O)N[C@@H](Cc1c[nH]c2ccccc12)C(=O)N(C)Cc1ccccc1,1.6,-0.2041199826559248,1,train
CC(C)C[C@H](NC(=O)[C@@H]1CCCN1C(=O)[C@H](Cc1ccccc1)NC(=O)CNC(=O)[C@@H](C)NC(=O)[C@@H](N)Cc1ccc(O)cc1)C(=O)N[C@@H](Cc1c[nH]c2ccccc12)C(=O)NCc1ccccc1,13.999999999999998,-1.146128035678238,0,train
CC(C)C[C@H](NC(=O)[C@@H]1CCCN1C(=O)[C@H](Cc1ccccc1)NC(=O)CNC(=O)[C@@H](C)NC(=O)[C@@H](N)Cc1ccc(O)cc1)C(=O)N[C@@H](Cc1c[nH]c2ccccc12)C(=O)OCc1ccccc1,100.0,-2.0,1,train
CSCC[C@H](NC(=O)[C@H](Cc1ccccc1)NC(=O)CNC(=O)[C@@H](C)NC(=O)[C@@H](N)Cc1ccc(O)cc1)C(=O)N1CCC[C@H]1C(=O)N[C@@H](CC(C)C)C(=O)N[C@@H](Cc1c[nH]c2ccccc12)C(=O)NCc1ccccc1,3.2000000000000006,-0.505149978319906,1,train
CC(C)C[C@H](NC(=O)[C@H](C)NC(=O)[C@H](Cc1ccccc1)NC(=O)[C@H](Cc1ccccc1)NC(=O)[C@H](CCC(N)=O)NC(=O)[C@H](CCC(N)=O)NC(=O)[C@@H]1CCCN1C(=O)[C@H](CCCCN)NC(=O)[C@@H]1CCCN1C(=O)[C@@H](N)CCCN=C(N)N)C(=O)N[C@@H](CCS(C)(=O)=O)C(N)=O,0.41,0.3872161432802645,0,train
C[C@@]12NC(=O)[C@@H](C[C@@]13c1ccccc1N1C(=O)CN[C@@H]13)n1c2nc2ccccc2c1=O,94999.99999999996,-4.977723605288848,0,train
C[C@@H](OC[C@@]1(c2ccccc2)CCC(=O)N1)c1cc(C(F)(F)F)cc(C(F)(F)F)c1,0.6,0.2218487496163563,0,train
C[C@@H](OC[C@@]1(c2ccccc2)C[C@H](N2CCCC2)C(=O)N1)c1cc(C(F)(F)F)cc(C(F)(F)F)c1,0.4,0.3979400086720376,0,train
C[C@@H](OC[C@@]1(c2ccccc2)CC(N)C(=O)N1)c1cc(C(F)(F)F)cc(C(F)(F)F)c1,0.4,0.3979400086720376,0,train
C[C@@H](OC[C@@]1(c2ccccc2)CC(O)C(=O)N1)c1cc(C(F)(F)F)cc(C(F)(F)F)c1,0.5,0.3010299956639812,0,train
Cc1cc(F)ccc1N1CCNCC1C(=O)N(C)Cc1cc(C(F)(F)F)cc(C(F)(F)F)c1,8.71,-0.9400181550076632,0,train
COc1ccc(-n2nnnc2C(F)(F)F)cc1CN[C@H]1CCCN[C@H]1c1ccccc1,0.0501199999999999,1.2999889376778877,0,train
COc1cc2c(cc1CN[C@H]1CCCN[C@H]1c1ccccc1)[C@](C)(C(F)(F)F)OCC2,0.2,0.6989700043360187,0,train
CCCC[C@H](NC(=O)[C@H](Cc1ccccc1)NC(=O)CNC(=O)[C@@H](C)NC(=O)[C@@H](N)Cc1ccc(O)cc1)C(=O)N[C@@H](CO[C@@H]1O[C@H](CO)[C@@H](O)[C@H](O)[C@H]1O)C(=O)N[C@@H](CC(C)C)C(=O)N[C@@H](Cc1c[nH]c2ccccc12)C(=O)NCc1cc(C(F)(F)F)cc(C(F)(F)F)c1,1.8,-0.255272505103306,0,train
CCCC[C@H](NC(=O)[C@H](Cc1ccccc1)NC(=O)CNC(=O)[C@@H](C)NC(=O)[C@@H](N)Cc1ccc(O)cc1)C(=O)N1CCC[C@H]1C(=O)N[C@@H](CO[C@@H]1O[C@H](CO)[C@@H](O)[C@H](O)[C@H]1O)C(=O)N[C@@H](Cc1c[nH]c2ccccc12)C(=O)NCc1cc(C(F)(F)F)cc(C(F)(F)F)c1,0.077,1.1135092748275182,0,train
CCCC[C@H](NC(=O)[C@H](Cc1ccccc1)NC(=O)CNC(=O)[C@@H](C)NC(=O)[C@@H](N)Cc1ccc(O)cc1)C(=O)N1CCC[C@H]1C(=O)N[C@@H](CC(C)C)C(=O)N[C@@H](CO[C@@H]1O[C@H](CC)[C@@H](O)[C@H](O)[C@H]1O)C(=O)N[C@@H](Cc1c[nH]c2ccccc12)C(=O)NCc1cc(C(F)(F)F)cc(C(F)(F)F)c1,0.052,1.2839966563652008,0,train
CN(Cc1ccc(F)c(C(F)(F)F)c1)C(=O)C(C)(CCN1CCC(N2CCCC2=O)CC1)c1ccc(Cl)c(Cl)c1,181.6,-2.2591158441850663,0,train
CC(=O)N(C)C1CCN(CCC(C)(C(=O)N(C)Cc2ccc(F)c(C(F)(F)F)c2)c2ccc(Cl)c(Cl)c2)CC1,151.79999999999995,-2.1812717715594614,0,train
CC(=O)N(C)C1CCN(CCC(C)(C(=O)N(C)Cc2ccccc2Cl)c2ccc(Cl)c(Cl)c2)CC1,70.9,-1.8506462351830664,0,test
COCc1nnc(N2CC(Oc3ccc(F)cc3Cl)C2)n1-c1ccc(OC)nc1,6500.000000000002,-3.812913356642856,0,train
Cc1cc(F)ccc1C1CNCC2CN(Cc3cc(C(F)(F)F)cc(C(F)(F)F)c3)C(=O)N21,50.11999999999999,-1.7000110623221123,0,train
Cc1cc(F)ccc1[C@H]1CNCCN1C(=O)N1CCC=CC1c1cc(C(F)(F)F)cc(C(F)(F)F)c1,10.225600000000002,-1.0096888002044806,0,test
Cc1cc(F)ccc1[C@H]1CNCCN1C(=O)N(C)C1(c2cc(C(F)(F)F)cc(C(F)(F)F)c2)CC1,0.5012,0.2999889376778876,0,train
CN(C(=O)C(C)(C)c1cc(C(F)(F)F)cc(C(F)(F)F)c1)c1cnc(NCCO)cc1-c1ccccc1Cl,1.12,-0.0492180226701816,0,train
COCCNc1cc(-c2ccccc2Cl)c(N(C)C(=O)C(C)(C)c2cc(C(F)(F)F)cc(C(F)(F)F)c2)cn1,3.0499999999999994,-0.4842998393467858,0,train
CN(CCO)c1cc(-c2ccccc2Cl)c(N(C)C(=O)C(C)(C)c2cc(C(F)(F)F)cc(C(F)(F)F)c2)cn1,0.78,0.1079053973095195,0,train
CCN(CCO)c1cc(-c2ccccc2Cl)c(N(C)C(=O)C(C)(C)c2cc(C(F)(F)F)cc(C(F)(F)F)c2)cn1,3.37,-0.5276299008713387,0,test
CCCN(CCO)c1cc(-c2ccccc2Cl)c(N(C)C(=O)C(C)(C)c2cc(C(F)(F)F)cc(C(F)(F)F)c2)cn1,2.24,-0.3502480183341628,0,train
CN(C(=O)C(C)(C)c1cc(C(F)(F)F)cc(C(F)(F)F)c1)c1cnc(N(CCO)CCO)cc1-c1ccccc1Cl,1.15,-0.0606978403536116,0,train
CN(C(=O)C(C)(C)c1cc(C(F)(F)F)cc(C(F)(F)F)c1)c1cnc(N(CCO)CCCO)cc1-c1ccccc1Cl,1.38,-0.1398790864012364,0,train
CN(C(=O)C(C)(C)c1cc(C(F)(F)F)cc(C(F)(F)F)c1)c1cnc(N2CCCC(O)C2)cc1-c1ccccc1Cl,1.72,-0.2355284469075489,0,train
COC[C@@H]1C[C@@H](OC)CN1c1cc(-c2ccccc2Cl)c(N(C)C(=O)C(C)(C)c2cc(C(F)(F)F)cc(C(F)(F)F)c2)cn1,0.91,0.0409586076789063,0,train
CN(C(=O)C(C)(C)c1cc(C(F)(F)F)cc(C(F)(F)F)c1)c1cnc(N2CC[C@H](O)[C@H]2CO)cc1-c1ccccc1Cl,1.58,-0.1986570869544226,0,train
CC(C)C[C@H](NC(=O)[C@@H]1CCCN1C(=O)[C@H]1NC(=O)[C@H](Cc2ccccc2)NC(=O)CNC(=O)[C@@H](NC(=O)[C@@H](N)Cc2ccc(O)cc2)C(C)(C)SSC1(C)C)C(=O)N[C@@H](Cc1c[nH]c2ccccc12)C(=O)NCc1cc(C(F)(F)F)cc(C(F)(F)F)c1,0.1799999999999999,0.744727494896694,0,train
CCC(=O)N[C@H]1CC[C@@](CO[C@H](C)c2cc(C(F)(F)F)cc(C(F)(F)F)c2)(c2ccccc2)NC1,0.29,0.5376020021010439,0,train
C[C@@H](OC[C@@]1(c2ccccc2)CC[C@H](NC(=O)C2CC2)CN1)c1cc(C(F)(F)F)cc(C(F)(F)F)c1,0.23,0.638272163982407,0,test
C[C@@H](OC[C@@]1(c2ccccc2)CC[C@H](N2CCCC2=O)CN1)c1cc(C(F)(F)F)cc(C(F)(F)F)c1,0.26,0.585026652029182,0,test
C[C@@H](OC[C@@]1(c2ccccc2)CC[C@H](NC(N)=O)CN1)c1cc(C(F)(F)F)cc(C(F)(F)F)c1,0.69,0.1611509092627447,0,train
C[C@@H](OC[C@@]1(c2ccccc2)CC[C@H](N2CCNC2=O)CN1)c1cc(C(F)(F)F)cc(C(F)(F)F)c1,0.59,0.2291479883578558,0,train
C[C@@H](OC[C@@]1(c2ccccc2)CC[C@H](NS(C)(=O)=O)CN1)c1cc(C(F)(F)F)cc(C(F)(F)F)c1,1.03,-0.0128372247051722,0,train
C[C@@H](OC[C@@]1(c2ccccc2)CC[C@H](Nc2ncccn2)CN1)c1cc(C(F)(F)F)cc(C(F)(F)F)c1,0.33,0.4814860601221125,0,test
C[C@@H](OC[C@@]1(c2ccccc2)CC[C@H](NC2=NCCO2)CN1)c1cc(C(F)(F)F)cc(C(F)(F)F)c1,0.2799999999999999,0.5528419686577808,0,train
C[C@@H](OC[C@@]1(c2ccccc2)CCCCN1)c1cc(C(F)(F)F)cc(C(F)(F)F)c1,0.2999999999999999,0.5228787452803376,0,train
FC(F)(F)c1cc(COCC2(c3ccccc3)CCCCN2)cc(C(F)(F)F)c1,1.0,-0.0,0,train
CN(C(=O)C(C)(C)c1cc(C(F)(F)F)cc(C(F)(F)F)c1)[C@H]1CNC[C@@H]1c1ccc(F)cc1,0.9,0.0457574905606751,0,train
CN(C(=O)C(C)(C)c1cc(C(F)(F)F)cc(C(F)(F)F)c1)[C@H]1CN(C(=O)NCCO)C[C@@H]1c1ccc(F)cc1,0.6,0.2218487496163563,0,train
CN(C(=O)C(C)(C)c1cc(C(F)(F)F)cc(C(F)(F)F)c1)[C@H]1CN(C(=O)N(CCO)CCO)C[C@@H]1c1ccc(F)cc1,1.1,-0.041392685158225,0,train
CC(=O)N1CCN(C(=O)N2C[C@H](c3ccc(F)cc3)[C@@H](N(C)C(=O)C(C)(C)c3cc(C(F)(F)F)cc(C(F)(F)F)c3)C2)CC1,1.4,-0.146128035678238,0,train
CN(C(=O)C(C)(C)c1cc(C(F)(F)F)cc(C(F)(F)F)c1)[C@H]1CN(C(=O)N2CCN(S(C)(=O)=O)CC2)C[C@@H]1c1ccc(F)cc1,2.1,-0.3222192947339193,0,train
Cc1cc(F)ccc1[C@H]1C[C@@H](N(C)C)CCN1C(=O)N(C)Cc1cc(C(F)(F)F)cc(C(F)(F)F)c1,0.0794299999999999,1.100015437450609,0,train
Cc1cc(F)ccc1[C@H]1C[C@@H](N2CCC2)CCN1C(=O)N(C)Cc1cc(C(F)(F)F)cc(C(F)(F)F)c1,0.08128,1.090016305060156,0,train
Cc1cc(F)ccc1[C@H]1C[C@@H](N2CCCC2)CCN1C(=O)N(C)Cc1cc(C(F)(F)F)cc(C(F)(F)F)c1,0.2754,0.5600360640790951,0,train
CC(=O)N1CCN([C@H]2CCN(C(=O)N(C)Cc3cc(C(F)(F)F)cc(C(F)(F)F)c3)[C@@H](c3ccc(F)cc3C)C2)CC1,0.1174999999999999,0.929962133392245,0,train
CN[C@H]1CCN(C(=O)N(C)Cc2cc(C(F)(F)F)cc(C(F)(F)F)c2)[C@@H](c2ccc(F)cc2C)C1,0.1994999999999999,0.700057099977233,0,train
Cc1cc(F)ccc1[C@H]1C[C@@H](NC2CC2)CCN1C(=O)N(C)[C@H](C)c1cc(C(F)(F)F)cc(C(F)(F)F)c1,0.3236,0.4899914870597653,0,train
Cc1cc(F)ccc1[C@H]1C[C@@H](NC2CCC2)CCN1C(=O)N(C)[C@H](C)c1cc(C(F)(F)F)cc(C(F)(F)F)c1,0.1697999999999999,0.7700623140920662,0,train
COCCN[C@H]1CCN(C(=O)N(C)[C@H](C)c2cc(C(F)(F)F)cc(C(F)(F)F)c2)[C@@H](c2ccc(F)cc2C)C1,0.2089,0.6800615600196914,0,test
CC(=O)NC1(c2ccccc2)CCN(C[C@@H]2C[C@@]2(C(=O)N(C)Cc2ccccc2)c2ccc(Cl)c(Cl)c2)CC1,130.00000000000006,-2.113943352306837,0,train
CN(Cc1ccc(F)cc1)C(=O)[C@@]1(c2ccc(Cl)c(Cl)c2)C[C@H]1CN1CCN(S(=O)(=O)N(C)C)CC1,339.99999999999983,-2.531478917042255,0,train
COc1ccccc1N1CCN(C(=O)c2cc(-c3ccccc3)n[nH]2)CC1,6700.0,-3.8260748027008256,0,train
COc1ccccc1N1CCN(C(=O)c2cc(-c3ccc(Cl)cc3)n[nH]2)CC1,1799.9999999999998,-3.255272505103306,0,train
COc1ccccc1CN1CCN(C(=O)c2cc(-c3ccc(Cl)cc3)n[nH]2)CC1,1899.9999999999995,-3.278753600952829,0,test
COc1ccccc1N1CCN(C(=O)c2cc(-c3ccc(Cl)cc3)nn2C)CC1,2199.9999999999995,-3.342422680822206,0,train
COc1ccccc1N1CCN(C(=O)c2cc(-c3ccc(Cl)cc3)n(C)n2)CC1,1600.000000000001,-3.204119982655925,0,test
CCCC[C@H](NC(=O)[C@H](Cc1ccccc1)NC(=O)CNC(=O)[C@@H](C)NC(=O)[C@@H](N)Cc1c(C)cc(O)cc1C)C(=O)N1CCC[C@H]1C(=O)N[C@@H](CC(C)C)C(=O)N[C@@H](Cc1c[nH]c2ccccc12)C(=O)NCc1cc(C(F)(F)F)cc(C(F)(F)F)c1,0.075,1.1249387366083,1,train
CCCC[C@H](NC(=O)[C@H](Cc1ccccc1)NC(=O)CNC(=O)[C@@H](C)NC(=O)[C@@H](N)Cc1c(C)cc(O)cc1C)C(=O)N1CCC[C@H]1C(=O)N[C@@H](CC(C)C)C(=O)N[C@@H](Cc1c[nH]c2ccccc12)C(=O)N(C)Cc1cc(C(F)(F)F)cc(C(F)(F)F)c1,0.21,0.6777807052660807,0,train
CCCC[C@H](NC(=O)[C@H](Cc1ccccc1)NC(=O)CNC(=O)[C@@H](C)NC(=O)[C@@H](N)Cc1c(C)cc(O)cc1C)C(=O)N1CCC[C@H]1C(=O)N[C@@H](CC(C)C)C(=O)N[C@@H](Cc1c[nH]c2ccccc12)C(=O)NCc1cccc(C(F)(F)F)c1,1.0,-0.0,1,test
CCCC[C@H](NC(=O)[C@H](Cc1ccccc1)NC(=O)CNC(=O)[C@@H](C)NC(=O)[C@@H](N)Cc1c(C)cc(O)cc1C)C(=O)N1CCC[C@H]1C(=O)N[C@@H](CC(C)C)C(=O)N[C@@H](Cc1c[nH]c2ccccc12)C(=O)NCc1ccc(OC)c(OC)c1,0.95,0.0222763947111522,1,train
CC(=O)N1Cc2ccccc2C[C@H]1C(=O)N(C)Cc1cc(C(F)(F)F)cc(C(F)(F)F)c1,32.00000000000001,-1.505149978319906,0,test
CC(=O)N[C@H]1Cc2ccccc2CN(CC(=O)NCc2cc(C(F)(F)F)cc(C(F)(F)F)c2)C1=O,387.0,-2.5877109650189114,1,train
CC(=O)N[C@H]1Cc2ccccc2CN(CC(=O)N(C)Cc2cc(C(F)(F)F)cc(C(F)(F)F)c2)C1=O,27.000000000000004,-1.4313637641589874,1,train
Cc1cc(O)cc(C)c1C[C@H](N)C(=O)N[C@H](CCCNC(=N)N)C(=O)N[C@H]1Cc2ccccc2CN(CC(=O)N(C)Cc2cc(C(F)(F)F)cc(C(F)(F)F)c2)C1=O,0.5,0.3010299956639812,1,train
O=C(CCC(=O)N(c1ccccc1)C1CCN(CCc2ccccc2)CC1)N[C@@H](Cc1c[nH]c2ccccc12)C(=O)OCc1cc(C(F)(F)F)cc(C(F)(F)F)c1,12.999999999999998,-1.1139433523068367,0,train
O=C(CCCC(=O)N(c1ccccc1)C1CCN(CCc2ccccc2)CC1)N[C@@H](Cc1c[nH]c2ccccc12)C(=O)OCc1cc(C(F)(F)F)cc(C(F)(F)F)c1,6.8,-0.8325089127062363,0,train
O=C(COCC(=O)N(c1ccccc1)C1CCN(CCc2ccccc2)CC1)N[C@@H](Cc1c[nH]c2ccccc12)C(=O)OCc1cc(C(F)(F)F)cc(C(F)(F)F)c1,31.0,-1.4913616938342726,0,train
COc1ccc(CCN2CCC(Nc3nc4ccccc4n3Cc3ccc(F)cc3)CC2)cc1,8615.000000000002,-3.935255281784048,0,train
Clc1ccc(COC(Cn2ccnc2)c2ccc(Cl)cc2Cl)cc1,6476.0,-3.811306840081336,0,train
Clc1ccccc1C(c1ccccc1)(c1ccccc1)n1ccnc1,8747.000000000004,-3.9418591265253737,0,train
Clc1ccc(COC(Cn2ccnc2)c2ccc(Cl)cc2Cl)c(Cl)c1,3715.9999999999977,-3.570075705321604,0,test
CC/C(=C(\c1ccccc1)c1ccc(OCCN(C)C)cc1)c1ccccc1,8539.999999999996,-3.931457870689005,0,train
Cc1cc(F)ccc1-c1cc(C2NC(=O)CC2CO)ncc1N(C)C(=O)C(C)(C)c1cc(C(F)(F)F)cc(C(F)(F)F)c1,0.2870074999999999,0.5421067542553608,0,train
Cc1cc(F)ccc1-c1cc(C2CNC(=O)C2CO)ncc1N(C)C(=O)C(C)(C)c1cc(C(F)(F)F)cc(C(F)(F)F)c1,0.2512,0.5999803649348415,0,train
Cc1cc(F)ccc1-c1cc(C2CC(=O)NC2CO)ncc1N(C)C(=O)C(C)(C)c1cc(C(F)(F)F)cc(C(F)(F)F)c1,0.2512,0.5999803649348415,0,train
Cc1cc(F)ccc1-c1cc(C2CC(=O)NC2(CO)CO)ncc1N(C)C(=O)C(C)(C)c1cc(C(F)(F)F)cc(C(F)(F)F)c1,0.1,1.0,0,test
COC(=O)C1=C2CCC(C(=O)N[C@@H](CCc3c[nH]c4ccccc34)C(=O)NCc3cc(C(F)(F)F)cc(C(F)(F)F)c3)N2C(=O)C(NC(C)=O)C1,79000.00000000007,-4.897627091290442,0,train
COC(=O)C1=C2CCC(C(=O)N[C@@H](CCc3c[nH]c4ccccc34)C(=O)N(C)Cc3ccccc3)N2C(=O)C(NC(=O)OCc2ccccc2)C1,100000.0,-5.0,0,test
CC(C)C[C@H](NC(=O)CNC(=O)OCc1ccccc1)C(=O)N[C@@H](Cc1c[nH]c2ccccc12)C(=O)OCc1cc(C(F)(F)F)cc(C(F)(F)F)c1,40000.00000000001,-4.6020599913279625,0,test
Cc1cc(F)ccc1-c1cc(N2CCC3(CC2)OCCS3(=O)=O)ncc1N(C)C(=O)C(C)(C)c1cc(C(F)(F)F)cc(C(F)(F)F)c1,1.5499999999999998,-0.1903316981702914,0,test
Cc1cc(F)ccc1-c1cc(N2CCN(S(C)(=O)=O)CC2)ncc1N(C)C(=O)C(C)(C)c1cc(C(F)(F)F)cc(C(F)(F)F)c1,0.8999999999999999,0.0457574905606751,0,train
Cc1cc(F)ccc1-c1cc(N2CCN(S(C)(=O)=O)C[C@H]2CO)ncc1N(C)C(=O)C(C)(C)c1cc(C(F)(F)F)cc(C(F)(F)F)c1,1.0,-0.0,1,test
Cc1cc(F)ccc1-c1cc(N2CC[C@H](O)C2)ncc1N(C)C(=O)C(C)(C)c1cc(C(F)(F)F)cc(C(F)(F)F)c1,1.7000000000000002,-0.2304489213782739,0,test
Cc1cc(F)ccc1-c1cc(N2CCC[C@H]2CO)ncc1N(C)C(=O)C(C)(C)c1cc(C(F)(F)F)cc(C(F)(F)F)c1,2.1,-0.3222192947339192,0,train
Cc1cc(F)ccc1-c1cc(N2CCN(S(C)(=O)=O)[C@@H](C)C2)ncc1N(C)C(=O)C(C)(C)c1cc(C(F)(F)F)cc(C(F)(F)F)c1,0.4,0.3979400086720376,0,train
Cc1cc(F)ccc1-c1cc(N2CC[C@H](O)[C@H]2CO)ncc1N(C)C(=O)C(C)(C)c1cc(C(F)(F)F)cc(C(F)(F)F)c1,0.7,0.1549019599857432,0,train
C[C@@H](O[C@H]1OCCN(Cc2n[nH]c(=O)[nH]2)[C@H]1c1ccc(F)cc1)c1cc(C(F)(F)F)cc(C(F)(F)F)c1,1.293143333333333,-0.1116466651941971,0,train
CCOC(=O)N(c1ccccc1)C1CCN(CCn2c(=O)n(C3CC3)c3ccccc32)CC1,119.99999999999996,-2.0791812460476247,0,train
C=C(C)n1c(=O)n(CCN2CCC(N(C(=O)OCC)c3ccc(Cl)c(Cl)c3)CC2)c2ccccc21,1.0,-0.0,0,train
C=C(C)n1c(=O)n(CCN2CCC(N(C(=O)CC)c3cc(Cl)ccc3Cl)CC2)c2ccccc21,220.0,-2.342422680822206,1,train
C=C(C)n1c(=O)n(CCN2CCC(N(C(=O)CC)c3cccc(Cl)c3)CC2)c2ccccc21,2.8,-0.4471580313422192,1,train
Ic1ccccc1N[C@@H]1C2CCN(CC2)[C@@H]1C(c1ccccc1)c1ccccc1,2.6,-0.414973347970818,0,train
CC(C)C[C@H](NC(=O)CN(C)C(=O)[C@H](Cc1ccccc1)NC(=O)[C@H](Cc1ccccc1)NC(=O)[C@H](CCC(N)=O)NC(=O)[C@H](CCC(N)=O)NC(=O)[C@@H]1CCCN1C(=O)[C@H](CCCCN)NC(=O)[C@@H]1CCCN1C(=O)[C@@H](N)CCCNC(=N)N)C(=O)N[C@@H](CCS(C)(=O)=O)C(N)=O,0.14,0.8538719643217619,0,train
C[C@@H](NC(=O)[C@@H](N)Cc1ccc(O)cc1)C(=O)NCC(=O)N[C@@H](Cc1ccccc1)C(=O)N1CCC[C@H]1C(=O)N[C@@H](Cc1c[nH]c2ccccc12)C(=O)OCc1cc(C(F)(F)F)cc(C(F)(F)F)c1,0.097,1.013228265733755,0,train
CSCC[C@H](NC(=O)[C@H](Cc1ccccc1)NC(=O)CNC(=O)[C@@H](C)NC(=O)[C@@H](N)Cc1ccc(O)cc1)C(=O)N[C@@H](Cc1c[nH]c2ccccc12)C(=O)OCc1cc(C(F)(F)F)cc(C(F)(F)F)c1,0.0899999999999999,1.0457574905606752,0,train
CSCC[C@H](NC(=O)[C@H](Cc1ccccc1)NC(=O)CNC(=O)[C@@H](C)NC(=O)[C@@H](N)Cc1ccc(O)cc1)C(=O)NC(C)(C)C(=O)N[C@@H](CC(C)C)C(=O)N[C@@H](Cc1c[nH]c2ccccc12)C(=O)OCc1cc(C(F)(F)F)cc(C(F)(F)F)c1,0.1199999999999999,0.9208187539523752,0,train
CSCC[C@H](NC(=O)[C@H](Cc1ccccc1)NC(=O)CNC(=O)[C@@H](C)NC(=O)[C@@H](N)Cc1ccc(O)cc1)C(=O)NC1(C(=O)N[C@@H](CC(C)C)C(=O)N[C@@H](Cc2c[nH]c3ccccc23)C(=O)OCc2cc(C(F)(F)F)cc(C(F)(F)F)c2)CCCC1,0.066,1.1804560644581312,0,train
CSCC[C@H](NC(=O)[C@H](Cc1ccccc1)NC(=O)CNC(=O)[C@@H](C)NC(=O)[C@@H](N)Cc1ccc(O)cc1)C(=O)N[C@@H](C)C(=O)N[C@@H](CC(C)C)C(=O)N[C@@H](Cc1c[nH]c2ccccc12)C(=O)OCc1cc(C(F)(F)F)cc(C(F)(F)F)c1,0.034,1.4685210829577449,1,test
O=C(Cc1cc(C(F)(F)F)cc(C(F)(F)F)c1)N[C@H](C(=O)NCCN1CCOCC1)c1ccccc1,794.3299999999999,-2.900000965153469,0,train
CC(C)(C(=O)N[C@H](C(=O)NCCN)c1ccccc1)c1cc(C(F)(F)F)cc(C(F)(F)F)c1,316.23,-2.500003068051693,0,train
CN1CCN(CCNC(=O)[C@@H](NC(=O)C(C)(C)c2cc(C(F)(F)F)cc(C(F)(F)F)c2)c2ccccc2)CC1,251.18999999999997,-2.400002345927956,0,train
CNCCNC(=O)[C@@H](NC(=O)C(C)(C)c1cc(C(F)(F)F)cc(C(F)(F)F)c1)c1ccccc1,251.18999999999997,-2.400002345927956,0,train
CN(CCN1CCOCC1)C(=O)[C@@H](NC(=O)C(C)(C)c1cc(C(F)(F)F)cc(C(F)(F)F)c1)c1ccccc1,79.42999999999999,-1.899984562549391,0,train
CN(C(=O)C(C)(C)c1cc(C(F)(F)F)cc(C(F)(F)F)c1)[C@H](C(=O)NCCN1CCOCC1)c1ccccc1,15.850000000000003,-1.2000292665537704,0,train
Cc1cc(F)ccc1-c1cc(N2CC(F)(F)C[C@H]2CO)ncc1N(C)C(=O)C(C)(C)c1cc(C(F)(F)F)cc(C(F)(F)F)c1,12.885,-1.1100844228869235,1,train
CN(C)CCNC(=O)[C@@H](Cc1ccccc1)NC(=O)[C@](C)(CCN1CCC2(CC1)OC(=O)N(C)c1ccc(F)cc12)c1ccc(Cl)c(Cl)c1,39.81,-1.599992177584098,0,train
CN(C)CCNC(=O)[C@@H](Cc1ccccc1)NC(=O)[C@](C)(CCCN1CCC2(CC1)OC(=O)N(C)c1ccc(F)cc12)c1ccc(Cl)c(Cl)c1,19.95,-1.299942900022767,0,test
CN1C(=O)OC2(CCN(CC[C@@](C)(C(=O)N[C@H](Cc3ccccc3)C(=O)NCCO)c3ccc(Cl)c(Cl)c3)CC2)c2cc(F)ccc21,31.619999999999997,-1.4999618655961902,0,train
CN1C(=O)OC2(CCN(CCC[C@@](C)(C(=O)N[C@H](Cc3ccccc3)C(=O)NCCO)c3ccc(Cl)c(Cl)c3)CC2)c2cc(F)ccc21,15.850000000000003,-1.2000292665537704,0,train
NC(=O)[C@H](Cc1ccccc1)NC(=O)OCc1ccccc1,5.200000000000001,-0.7160033436347992,0,train
NC(=O)[C@H](Cc1ccccc1)NC(=O)[C@@H](N)Cc1ccccc1,1.5,-0.1760912590556812,0,test
NC(=O)[C@@H]1[C@H](c2ccccc2)CCN1C(=O)[C@@H](N)Cc1ccccc1,2.2,-0.3424226808222063,0,test
Cc1cc(O)cc(C)c1C[C@H](N)C(=O)N[C@H](CCCNC(=N)N)C(=O)N[C@H]1Cc2ccccc2CN(CCC(=O)N(C)Cc2cc(C(F)(F)F)cc(C(F)(F)F)c2)C1=O,59.70000000000002,-1.7759743311293692,1,test
Cc1cc(O)cc(C)c1C[C@H](N)C(=O)N[C@H](CCCNC(=N)N)C(=O)N[C@H]1Cc2ccccc2CN(CCC(=O)N(C)Cc2ccccc2)C1=O,12.999999999999998,-1.1139433523068367,1,train
Cc1cc(O)cc(C)c1C[C@H](N)C(=O)N[C@H](CCCNC(N)=O)C(=O)N[C@H]1Cc2ccccc2CN(CCC(=O)N(C)Cc2cc(C(F)(F)F)cc(C(F)(F)F)c2)C1=O,34.7,-1.5403294747908738,1,train
Cc1cc(O)cc(C)c1C[C@H](N)C(=O)N[C@H](CCCNC(N)=O)C(=O)N[C@H]1Cc2ccccc2CN(CCC(=O)N(C)Cc2ccccc2)C1=O,3000.0000000000014,-3.4771212547196626,1,train
Cc1cc(O)cc(C)c1C[C@H](N)C(=O)N[C@H](CCCNC(=N)N)C(=O)N[C@H]1Cc2ccccc2CN(CC(=O)N(C)Cc2ccccc2)C1=O,1530.0000000000002,-3.184691430817599,1,train
Cc1cc(O)cc(C)c1C[C@H](N)C(=O)N[C@H](CCCNC(=N)N)C(=O)N[C@H]1Cc2ccccc2CN(CC(=O)NCc2ccccc2)C1=O,6190.000000000002,-3.791690649020118,1,train
Cc1cc(O)cc(C)c1C[C@H](N)C(=O)N[C@H](CCCNC(=N)N)C(=O)N[C@H]1Cc2ccccc2CN(CC(=O)N(Cc2cc(C(F)(F)F)cc(C(F)(F)F)c2)CC(C)C)C1=O,35.0,-1.5440680443502757,1,train
Cc1cc(O)cc(C)c1C[C@H](N)C(=O)N[C@H](CCCNC(=N)N)C(=O)N[C@H]1Cc2ccccc2CN(CC(=O)N(Cc2ccccc2)CC(C)C)C1=O,1020.0,-3.008600171761917,1,train
Cc1cc(O)cc(C)c1C[C@H](N)C(=O)N[C@H](CCCNC(=N)N)C(=O)N[C@H]1Cc2ccccc2CN(CCC(=O)N(Cc2cc(C(F)(F)F)cc(C(F)(F)F)c2)CC(C)C)C1=O,743.0000000000003,-2.8709888137605755,1,test
Cc1cc(O)cc(C)c1C[C@H](N)C(=O)N[C@H](CCCNC(=N)N)C(=O)N[C@H]1Cc2ccccc2CN(CCC(=O)N(Cc2ccccc2)CC(C)C)C1=O,308.00000000000006,-2.4885507165004443,1,train
Cc1cc(O)cc(C)c1CC(N)C(=O)NC(CCCNC(=N)N)C(=O)NC(Cc1ccccc1)C(=O)N(C)CC(=O)N(C)Cc1cc(C(F)(F)F)cc(C(F)(F)F)c1,734.0000000000001,-2.8656960599160706,0,train
Cc1cc(O)cc(C)c1CC(N)C(=O)NC(CCCNC(=N)N)C(=O)NC(Cc1ccccc1)C(=O)N(C)CC(=O)N(C)Cc1ccccc1,16050.000000000007,-4.205475036740891,0,train
C[C@@H]1c2nnc(-c3csc(-c4ccc(F)cc4F)n3)n2CCN1C(=O)c1ccc(-c2cccs2)cc1,1258.9299999999994,-3.100001582801352,0,train
CC(C)c1nc(-c2nnc3n2CCN(C(=O)c2ccc(-c4cccs4)cc2)[C@@H]3C)co1,7943.280000000002,-3.899999871665804,0,train
Cc1nsc(-c2nnc3n2CCN(C(=O)c2ccc(-c4cccs4)cc2)[C@@H]3C)n1,12589.25,-4.099999857942367,0,train
CSCC[C@H](NC(=O)[C@H](CC(C)C)NC(=O)CNC(=O)[C@@H](NC(=O)[C@H](Cc1ccccc1)NC(=O)[C@H](Cc1ccccc1)NC(=O)[C@H](CC(=O)O)NC(=O)[C@H](Cc1c[nH]cn1)NC(=O)[C@H](CCSC)NC(=O)[C@@H](N)CC(=O)O)C(C)C)C(N)=O,501.1899999999998,-2.7000023971422538,0,test
CC[C@H](NC(=O)c1c(O)c(-c2ccccc2)nc2ccccc12)c1ccccc1,12589.25,-4.099999857942367,0,train
C[C@@H](NC(=O)[C@@H](N)Cc1ccc(O)cc1)C(=O)NCC(=O)N[C@@H](Cc1ccccc1)C(=O)NCCC(=O)N[C@@H](Cc1c[nH]c2ccccc12)C(=O)OCc1cc(C(F)(F)F)cc(C(F)(F)F)c1,0.0499999999999999,1.3010299956639813,0,train
CCCCC(NC(=O)[C@H](Cc1ccccc1)NC(=O)CNC(=O)[C@@H](C)NC(=O)[C@@H](N)Cc1ccc(O)cc1)C(=O)N[C@@H](Cc1c[nH]c2ccccc12)C(=O)OCc1cc(C(F)(F)F)cc(C(F)(F)F)c1,0.34,0.4685210829577448,0,train
C[C@@H](NC(=O)[C@@H](N)Cc1ccc(O)cc1)C(=O)NCC(=O)N[C@@H](Cc1ccc(Cl)cc1)C(=O)NCC(=O)N[C@@H](Cc1c[nH]c2ccccc12)C(=O)OCc1cc(C(F)(F)F)cc(C(F)(F)F)c1,0.4699999999999999,0.3279021420642826,1,train
C[C@@H](NC(=O)[C@@H](N)Cc1ccc(O)cc1)C(=O)NCC(=O)N[C@@H](Cc1ccccc1)C(=O)N[C@@H](Cc1c[nH]c2ccccc12)C(=O)OCc1cc(C(F)(F)F)cc(C(F)(F)F)c1,0.1199999999999999,0.9208187539523752,0,train
C[C@@H](NC(=O)[C@@H](N)Cc1ccc(O)cc1)C(=O)NCC(=O)N[C@@H](Cc1c[nH]c2ccccc12)C(=O)OCc1cc(C(F)(F)F)cc(C(F)(F)F)c1,0.0299999999999999,1.5228787452803376,1,train
C[C@@H](NC(=O)[C@@H](N)Cc1ccc(O)cc1)C(=O)NCC(=O)N[C@@H](Cc1ccc(F)cc1)C(=O)OCc1cc(C(F)(F)F)cc(C(F)(F)F)c1,0.2,0.6989700043360187,0,train
Cc1cc(O)cc(C)c1C[C@H](N)C(=O)N[C@H](C)C(=O)N[C@@H](Cc1c[nH]c2ccccc12)C(=O)OCc1cc(C(F)(F)F)cc(C(F)(F)F)c1,0.016,1.7958800173440752,1,train
Cc1cc(O)cc(C)c1C[C@H](N)C(=O)N[C@H](C)C(=O)N[C@@H](Cc1c[nH]c2ccccc12)C(=O)NCc1cc(C(F)(F)F)cc(C(F)(F)F)c1,0.85,0.0705810742857072,1,test
Cc1cc(O)cc(C)c1C[C@H](N)C(=O)N[C@@H](C)C(=O)NCC(=O)N[C@@H](Cc1ccc(I)cc1)C(=O)N1CCC[C@H]1C(=O)N[C@@H](CC(C)C)C(=O)N[C@@H](Cc1c[nH]c2ccccc12)C(=O)NCc1cc(C(F)(F)F)cc(C(F)(F)F)c1,3.2999999999999994,-0.5185139398778874,0,train
CC(C)C[C@H](NC(=O)[C@@H]1CCCN1C(=O)[C@H](Cc1ccccc1)N(C)C(=O)CNC(=O)[C@H](C)NC(=O)[C@@H](N)Cc1ccc(O)cc1)C(=O)N[C@@H](Cc1c[nH]c2ccccc12)C(=O)NCc1cc(C(F)(F)F)cc(C(F)(F)F)c1,3.4,-0.5314789170422551,0,train
Cc1cc(O)cc(C)c1C[C@H](N)C(=O)N[C@@H](C)C(=O)NCC(=O)N[C@@H](Cc1ccccc1)C(=O)N1CCC[C@H]1C(=O)N[C@@H](CC(C)C)C(=O)N[C@@H](Cc1c[nH]c2ccccc12)C(=O)NCc1cc(C(F)(F)F)cc(C(F)(F)F)c1,1.4,-0.146128035678238,0,test
Cc1cc(O)cc(C)c1C[C@H](N)C(=O)N[C@@H](C)C(=O)NCC(=O)N[C@@H](Cc1ccc(F)cc1)C(=O)N1CCC[C@H]1C(=O)N[C@@H](CC(C)C)C(=O)N[C@@H](Cc1c[nH]c2ccccc12)C(=O)NCc1cc(C(F)(F)F)cc(C(F)(F)F)c1,1.0,-0.0,0,train
Cc1cc(O)cc(C)c1C[C@H](N)C(=O)N[C@@H](C)C(=O)NCC(=O)N(C)[C@@H](Cc1ccc(F)cc1)C(=O)N1CCC[C@H]1C(=O)N[C@@H](CC(C)C)C(=O)N[C@@H](Cc1c[nH]c2ccccc12)C(=O)NCc1cc(C(F)(F)F)cc(C(F)(F)F)c1,2.6,-0.414973347970818,0,train
CC(C)C[C@H](NC(=O)[C@@H]1CCCN1C(=O)[C@H](Cc1ccc(F)cc1)NC(=O)CNC(=O)[C@H](C)NC(=O)[C@@H](N)Cc1ccc(O)cc1)C(=O)N[C@@H](Cc1c[nH]c2ccccc12)C(=O)NCc1cc(C(F)(F)F)cc(C(F)(F)F)c1,5.6000000000000005,-0.7481880270062005,0,test
Cc1cc(O)cc(C)c1C[C@H](N)C(=O)N[C@@H](C)C(=O)NCC(=O)N[C@@H](Cc1ccc(Cl)cc1)C(=O)N1CCC[C@H]1C(=O)N[C@@H](CC(C)C)C(=O)N[C@@H](Cc1c[nH]c2ccccc12)C(=O)NCc1cc(C(F)(F)F)cc(C(F)(F)F)c1,2.9,-0.4623979978989561,0,train
Cc1cc(O)cc(C)c1C[C@H](N)C(=O)N[C@@H](C)C(=O)NCC(=O)N[C@@H](Cc1ccc(Br)cc1)C(=O)N1CCC[C@H]1C(=O)N[C@@H](CC(C)C)C(=O)N[C@@H](Cc1c[nH]c2ccccc12)C(=O)NCc1cc(C(F)(F)F)cc(C(F)(F)F)c1,2.5,-0.3979400086720376,0,train
Cc1cc(O)cc(C)c1C[C@H](N)C(=O)N[C@H](CCCNC(=N)N)C(=O)N[C@@H](Cc1ccccc1)C(=O)N[C@@H](CCCCN)C(=O)N1CCN([C@@H]2CCN(C(=O)c3cc(C(F)(F)F)cc(C(F)(F)F)c3)C[C@@H]2c2ccccc2)CC1,0.99,0.00436480540245,0,test
Cc1cc(O)cc(C)c1C[C@H](N)C(=O)N[C@H](CCCNC(=N)N)C(=O)N[C@@H](Cc1ccccc1)C(=O)N[C@@H](CCCCN)C(=O)N(C)[C@@H]1CCN(C(=O)c2cc(C(F)(F)F)cc(C(F)(F)F)c2)C[C@@H]1c1ccccc1,1.1,-0.041392685158225,0,train
Cc1cc(O)cc(C)c1C[C@H](N)C(=O)N[C@H](CCCNC(=N)N)C(=O)N[C@@H](Cc1ccccc1)C(=O)N[C@@H](CCCCN)C(=O)N1CC[C@@H](C(=O)N(C)Cc2cc(C(F)(F)F)cc(C(F)(F)F)c2)[C@H](c2ccccc2)C1,1.2,-0.0791812460476248,0,train
Cc1cc(O)cc(C)c1C[C@H](N)C(=O)N[C@H](CCCNC(=N)N)C(=O)N[C@@H](Cc1ccccc1)C(=O)N[C@@H](CCCCN)CC(=O)N1CC[C@@H](C(=O)N(C)Cc2cc(C(F)(F)F)cc(C(F)(F)F)c2)[C@H](c2ccccc2)C1,5.2650000000000015,-0.7213983755215054,0,test
Cc1cc(O)cc(C)c1C[C@H](N)C(=O)N[C@H](CCCNC(=N)N)C(=O)N[C@H]1Cc2ccccc2CN(CCC(=O)N2CCN([C@@H]3CCN(C(=O)c4cc(C(F)(F)F)cc(C(F)(F)F)c4)C[C@@H]3c3ccccc3)CC2)C1=O,4.755000000000001,-0.6771505212734328,0,train
Cc1cc(O)cc(C)c1C[C@H](N)C(=O)N[C@H](CCCNC(=N)N)C(=O)N[C@H]1Cc2ccccc2CN(CCC(=O)N(C)[C@@H]2CCN(C(=O)c3cc(C(F)(F)F)cc(C(F)(F)F)c3)C[C@@H]2c2ccccc2)C1=O,4.469999999999999,-0.6503075231319364,0,test
Cc1cc(O)cc(C)c1C[C@H](N)C(=O)N[C@H](CCCNC(=N)N)C(=O)N[C@H]1Cc2ccccc2CN(CCC(=O)N2CC[C@@H](C(=O)N(C)Cc3cc(C(F)(F)F)cc(C(F)(F)F)c3)[C@H](c3ccccc3)C2)C1=O,4.31,-0.6344772701607315,0,train
C[C@@H](OC[C@@]1(c2ccccc2)CC[C@]2(CN1)NC(=O)NC2=O)c1cc(C(F)(F)F)cc(C(F)(F)F)c1,0.77,0.1135092748275181,0,train
C[C@@H](OC[C@@]1(c2ccccc2)CC[C@]2(CCC(=O)N2)CN1)c1cc(C(F)(F)F)cc(C(F)(F)F)c1,0.66,0.1804560644581313,0,train
C[C@@H](OC[C@@]1(c2ccccc2)CC[C@@]2(CN1)COC(=O)N2)c1cc(C(F)(F)F)cc(C(F)(F)F)c1,0.2,0.6989700043360187,0,train
C[C@@H](OC[C@@]1(c2ccccc2)CC[C@H](n2cn[nH]c2=O)CN1)c1cc(C(F)(F)F)cc(C(F)(F)F)c1,0.1,1.0,0,train
C[C@@H](OC[C@@]1(c2ccccc2)CC[C@]2(CCCC(=O)N2)CN1)c1cc(C(F)(F)F)cc(C(F)(F)F)c1,0.41,0.3872161432802645,0,test
C[C@@H](OC[C@@]1(c2ccccc2)CC[C@]2(CCOC(=O)N2)CN1)c1cc(C(F)(F)F)cc(C(F)(F)F)c1,0.38,0.4202164033831898,0,train
CCc1nsc(-c2nnc3n2CCN(C(=O)c2ccc(F)cc2)[C@@H]3C)n1,23800.00000000002,-4.376576957056512,0,train
Cc1nsc(-c2nnc3n2CCN(C(=O)c2ccc(Cl)c(F)c2)[C@@H]3C)n1,19899.99999999999,-4.298853076409706,0,train
Cc1nsc(-c2nnc3n2CCN(C(=O)c2ccc(F)c(Cl)c2)[C@@H]3C)n1,22100.00000000002,-4.344392273685111,0,test
Cc1nsc(-c2nnc3n2CCN(C(=O)c2ccc(F)cc2)[C@@H]3CCO)n1,22000.00000000002,-4.342422680822207,0,train
CCc1noc(-c2nnc3n2CCN(C(=O)c2ccc(-c4cccs4)cc2)[C@@H]3C)n1,40000.00000000001,-4.6020599913279625,0,train
Cc1nsc(-c2nnc3n2CCN(C(=O)c2ccc(Cl)cc2)C3C)n1,32000.000000000025,-4.505149978319906,0,train
C[C@@H]1c2nnc(-c3csc(N(C)C)n3)n2CCN1C(=O)c1ccc(-c2cccs2)cc1,6059.999999999998,-3.782472624166286,0,test
Cc1cccc(-c2nnc3n2CCN(C(=O)c2ccc(-c4cccs4)cc2)[C@@H]3C)n1,17199.999999999993,-4.235528446907549,0,train
COc1ccc(-c2c(C)nn3c(C(F)(F)F)cc(C)nc23)c(F)c1F,650.0000000000002,-2.812913356642856,0,test
CNC(=O)C[C@H]1CCCN(C2CCN(CC[C@@H](/C(CN(C)C(=O)c3cc(Cl)cc(Cl)c3)=N/OC)c3ccc(Cl)c(Cl)c3)CC2)C1,1.3,-0.1139433523068367,0,test
C[C@@H](O[C@H]1O[C@@H]2CC[C@@H](c3ccccc3)O[C@@H]2[C@H](O)[C@H]1OCc1ccc(F)cc1)c1cc(C(F)(F)F)cc(C(F)(F)F)c1,22.4,-1.3502480183341627,0,test
