smiles,exp_mean [nM],y,cliff_mol,split
CC(O)C1CCN(CCC(CN(C)C(=O)c2ccccc2)c2ccc(Cl)c(Cl)c2)CC1,33.5,-1.5250448070368452,0,train
CC/C(=N\OC)C1CCN(CCC(CN(C)C(=O)c2ccccc2)c2ccc(Cl)c(Cl)c2)CC1,6.5,-0.8129133566428556,1,train
CC(=O)OCCC1CCN(CCC(CN(C)C(=O)c2ccccc2)c2ccc(Cl)c(Cl)c2)CC1,40.000000000000014,-1.6020599913279625,0,train
CCC(O)C1CCN(CCC(CN(C)C(=O)c2ccccc2)c2ccc(Cl)c(Cl)c2)CC1,13.099999999999998,-1.1172712956557642,0,train
CCCC(O)(CCC)C1CCN(CCC(CN(C)C(=O)c2ccccc2)c2ccc(Cl)c(Cl)c2)CC1,4.700000000000001,-0.6720978579357175,1,train
CCCC1CCN(CCC(CN(C)C(=O)c2ccccc2)c2ccc(Cl)c(Cl)c2)CC1,9.9,-0.99563519459755,0,train
CCCC(O)C1CCN(CCC(CN(C)C(=O)c2ccccc2)c2ccc(Cl)c(Cl)c2)CC1,3.7,-0.568201724066995,0,train
CN(CC(CCN1CCC(CO)CC1)c1ccc(Cl)c(Cl)c1)C(=O)c1ccccc1,141.99999999999994,-2.1522883443830563,0,train
CC(=O)NCCC1CCN(CCC(CN(C)C(=O)c2ccccc2)c2ccc(Cl)c(Cl)c2)CC1,66.00000000000001,-1.8195439355418688,1,test
CN(CC(CCN1CCC(CCO)CC1)c1ccc(Cl)c(Cl)c1)C(=O)c1ccccc1,47.00000000000001,-1.6720978579357175,0,train
CN(CC(CCN1CCC(C(C)(C)O)CC1)c1ccc(Cl)c(Cl)c1)C(=O)c1ccccc1,7.699999999999999,-0.8864907251724818,0,test
CCC(=O)C1CCN(CCC(CN(C)C(=O)c2ccccc2)c2ccc(Cl)c(Cl)c2)CC1,9.2,-0.9637878273455552,0,train
COc1ccc(CC2NC(=O)CNC(=O)[C@H](C(C)C)NC(=O)CNC(=O)[C@@H]3CCCN3C(=O)[C@@H](Cc3c[nH]c4ccccc34)NC(=O)CNC2=O)cc1,73000.0,-4.863322860120456,1,train
CC(C)=CCc1cc(C(O)C2NC(=O)CNC(=O)[C@H](C(C)C)NC(=O)CNC(=O)[C@@H]3CCCN3C(=O)[C@@H](Cc3c[nH]c4ccccc34)NC(=O)CNC2=O)ccc1O,3800.0,-3.57978359661681,0,train
COc1ccc(C(O)C2NC(=O)CNC(=O)[C@H](C(C)C)NC(=O)CNC(=O)[C@@H]3CCCN3C(=O)[C@@H](Cc3c[nH]c4ccccc34)NC(=O)CNC2=O)cc1CC=C(C)C,1600.000000000001,-3.204119982655925,1,test
COc1ccc(C(O)C2NC(=O)CNC(=O)[C@H](C(C)C)NC(=O)CNC(=O)[C@@H]3CCCN3C(=O)[C@@H](Cc3c[nH]c4ccccc34)NC(=O)CNC2=O)cc1,32999.99999999997,-4.518513939877887,1,train
CCC(C)Cc1cc(C(O)C2NC(=O)CNC(=O)[C@H](C(C)C)NC(=O)CNC(=O)[C@@H]3CCCN3C(=O)[C@@H](Cc3c[nH]c4ccccc34)NC(=O)CNC2=O)ccc1OC,2399.9999999999995,-3.380211241711606,1,train
COC(=O)C(NC(=O)c1cc(-c2ccccc2)nc2ccccc12)c1ccccc1,2947.0000000000005,-3.469380135849925,0,train
CC(=O)Nc1ccc(CN2CCC(NCC(=O)N3CCN(C(=O)c4cc(C)cc(C)c4)C[C@H]3c3ccc(Cl)c(Cl)c3)CC2)cc1,1.3,-0.1139433523068367,0,test
CC(=O)Nc1nc(CN2CCC(NCC(=O)N3CCN(C(=O)c4cc(C)cc(C)c4)C[C@H]3c3ccc(Cl)c(Cl)c3)CC2)cs1,0.9,0.0457574905606751,0,test
O=C(c1cc(Br)cc(Br)c1)N1CCN(C(=O)CNC2CCN(Cc3ccccc3)CC2)C(c2ccc(Cl)c(Cl)c2)C1,13.999999999999998,-1.146128035678238,1,train
COc1cc(C(=O)N2CCN(C(=O)CNC3CCN(Cc4ccccc4)CC3)C(c3ccc(Cl)c(Cl)c3)C2)cc(OC)c1OC,124.00000000000004,-2.093421685162235,0,train
O=C(c1ccccc1)N1CCN(C(=O)CNC2CCN(Cc3ccccc3)CC2)C(c2ccc(Cl)c(Cl)c2)C1,3.4,-0.5314789170422551,0,train
O=C(CN(NC1CCN(Cc2ccccc2)CC1)NC1CCN(Cc2ccccc2)CC1)N1CCN(Cc2cc(C(F)(F)F)cc(C(F)(F)F)c2)CC1c1ccc(Cl)c(Cl)c1,175.0,-2.2430380486862944,0,train
Cc1cc(C)cc(C(=O)N2CCN(C(=O)CNC3CCNCC3)[C@H](c3ccc(Cl)c(Cl)c3)C2)c1,20.000000000000004,-1.3010299956639813,0,train
Cc1cc(C)cc(C(=O)N2CCN(C(=O)CNC3CCN(Cc4ncc[nH]4)CC3)[C@H](c3ccc(Cl)c(Cl)c3)C2)c1,3.0,-0.4771212547196624,0,train
Cc1cc(C)cc(C(=O)N2CCN(C(=O)CNC3CCN(Cc4cc[nH]c4)CC3)[C@H](c3ccc(Cl)c(Cl)c3)C2)c1,1.3,-0.1139433523068367,1,train
Cc1cc(C)cc(C(=O)N2CCN(C(=O)CNC3CCN(C(=O)[C@H](N)Cc4ccc(O)cc4)CC3)[C@H](c3ccc(Cl)c(Cl)c3)C2)c1,7.0,-0.8450980400142568,0,train
O=C(c1cc(F)cc(F)c1)N1CCN(C(=O)CNC2CCN(Cc3ccccc3)CC2)C(c2ccc(Cl)c(Cl)c2)C1,22.0,-1.3424226808222062,1,test
O=C(CN(NC1CCN(Cc2ccccc2)CC1)NC1CCN(Cc2ccccc2)CC1)N1CCN(Cc2cc(C(F)(F)F)cc(C(F)(F)F)c2)CC1c1ccccc1,300.0000000000001,-2.4771212547196626,0,train
O=C(c1cc(Cl)cc(Cl)c1)N1CCN(C(=O)CNC2CCN(Cc3ccccc3)CC2)C(c2ccc(Cl)c(Cl)c2)C1,13.999999999999998,-1.146128035678238,1,train
COc1cc(OC)cc(C(=O)N2CCN(C(=O)CNC3CCN(Cc4ccccc4)CC3)C(c3ccc(Cl)c(Cl)c3)C2)c1,27.000000000000004,-1.4313637641589874,0,train
Cc1cc(C)cc(C(=O)N2CCN(C(=O)CNC3CCN(C(=O)[C@H](N)Cc4c[nH]c5ccccc45)CC3)[C@H](c3ccc(Cl)c(Cl)c3)C2)c1,28.0,-1.4471580313422192,0,train
CCCC[C@H](NC(=O)[C@@H]1CCCN1C(=O)[C@@H]1CCCN1C(=O)[C@H](Cc1ccccc1)NC(=O)[C@H](Cc1c[nH]c2ccccc12)NC(=O)[C@H](C)NC(=O)[C@H](CCCC(N)c1ccc([N+](=O)[O-])c2nonc12)NC(=O)c1ccccc1)C(N)=O,1.479,-0.1699681739968924,0,train
CCc1c(C#N)cc2ccccc2c1C(=O)N(C)C[C@@H](CCN1CCC(c2ccccc2[S@+](C)O)CC1)c1ccc(Cl)c(Cl)c1,30.0,-1.4771212547196624,0,train
CCCC[C@H](NC(=O)[C@@H]1CCCN1C(=O)[C@@H]1CCCN1C(=O)[C@H](Cc1ccccc1)NC(=O)[C@H](Cc1c[nH]c2ccccc12)NC(=O)[C@H](C)NC(=O)[C@@H](NC(=O)c1ccccc1)C(N)c1ccc([N+](=O)[O-])c2nonc12)C(N)=O,6.607,-0.8200043068083179,1,test
CCCC[C@H](NC(=O)[C@@H]1CCCN1C(=O)[C@@H]1CCCN1C(=O)[C@H](Cc1ccccc1)NC(=O)[C@H](Cc1c[nH]c2ccccc12)NC(=O)[C@H](C)NC(=O)[C@H](CCCC(N)/C(S)=N/c1ccc2c(c1)C(=O)OC21c2ccc(O)cc2Oc2cc(O)ccc21)NC(=O)c1ccccc1)C(N)=O,24.550000000000008,-1.3900514964589874,0,train
CCCC[C@H](NC(=O)[C@@H]1CCCN1C(=O)[C@@H]1CCCN1C(=O)[C@H](Cc1ccccc1)NC(=O)[C@H](Cc1c[nH]c2ccccc12)NC(=O)[C@H](C)NC(=O)[C@H](CC(N)c1ccc([N+](=O)[O-])c2nonc12)NC(=O)c1ccccc1)C(N)=O,1.349,-0.1300119496719042,0,test
CCCC[C@H](NC(=O)[C@@H]1CCCN1C(=O)[C@@H]1CCCN1C(=O)[C@H](Cc1ccccc1)NC(=O)[C@H](Cc1c[nH]c2ccccc12)NC(=O)[C@H](C)NC(=O)[C@H](CCC(N)c1ccc([N+](=O)[O-])c2nonc12)NC(=O)c1ccccc1)C(N)=O,1.445,-0.1598678470925666,0,train
CCCC[C@H](NC(=O)[C@@H]1CCCN1C(=O)[C@@H]1CCCN1C(=O)[C@H](Cc1ccccc1)NC(=O)[C@H](Cc1c[nH]c2ccccc12)NC(=O)[C@H](C)NC(=O)[C@H](C)Nc1ccc([N+](=O)[O-])c2nonc12)C(N)=O,87.1,-1.9400181550076632,1,train
CCCC[C@H](NC(=O)[C@@H]1CCCN1C(=O)[C@@H]1CCCN1C(=O)[C@H](Cc1ccccc1)NC(=O)[C@H](Cc1c[nH]c2ccccc12)NC(=O)[C@H](C)NC(=O)[C@H](C)/N=C(/S)Nc1ccc2c(c1)C(=O)OC21c2ccc(O)cc2Oc2cc(O)ccc21)C(N)=O,1023.2899999999994,-3.0099987300480606,0,train
OCCO/N=C(\COCc1cc(C(F)(F)F)cc(C(F)(F)F)c1)C(CCN1CCC(O)(c2ccccc2)CC1)c1ccc(Cl)c(Cl)c1,13.999999999999998,-1.146128035678238,1,train
CNC(=O)NCCCO/N=C(\CN(C)C(=O)c1cc(Cl)cc(Cl)c1)C(CCN1CCC(N2CCCCC2=O)CC1)c1ccc(Cl)c(Cl)c1,1.7,-0.2304489213782739,1,test
COC(=O)CO/N=C(\COCc1cc(C(F)(F)F)cc(C(F)(F)F)c1)C(CCN1CCC(O)(c2ccccc2)CC1)c1ccc(Cl)c(Cl)c1,197.99999999999991,-2.296665190261531,1,test
CN(C/C(=N\OCF)C(CCN1CCC(N2CCCCC2=O)CC1)c1ccc(Cl)c(Cl)c1)C(=O)c1cc(Cl)cc(Cl)c1,0.8,0.0969100130080563,1,train
N#CO/N=C(\COCc1cc(C(F)(F)F)cc(C(F)(F)F)c1)C(CCN1CCC(O)(c2ccccc2)CC1)c1ccc(Cl)c(Cl)c1,19.0,-1.2787536009528289,1,train
NC(=O)CO/N=C(\COCc1cc(C(F)(F)F)cc(C(F)(F)F)c1)C(CCN1CCC(O)(c2ccccc2)CC1)c1ccc(Cl)c(Cl)c1,58.00000000000001,-1.7634279935629371,0,train
CN(C/C(=N\OCCO)C(CCN1CCC(N2CCCCC2=O)CC1)c1ccc(Cl)c(Cl)c1)C(=O)c1cc(Cl)cc(Cl)c1,0.8,0.0969100130080563,1,train
CN(C/C(=N\OCCCNS(C)(=O)=O)C(CCN1CCC(N2CCCCC2=O)CC1)c1ccc(Cl)c(Cl)c1)C(=O)c1cc(Cl)cc(Cl)c1,4.500000000000001,-0.6532125137753437,1,train
CC(=O)NC1C(NC(=O)C2CC(=O)N[C@@H](Cc3c[nH]c4ccccc34)C(=O)N[C@H](Cc3ccccc3)C(=O)N[C@H](Cc3ccccc3)CNC2=O)OC(CO)C(O)C1O,2.512,-0.4000196350651585,0,train
CONC(COCc1cc(C(F)(F)F)cc(C(F)(F)F)c1)C(CCN1CCC(O)(c2ccccc2)CC1)c1ccc(Cl)c(Cl)c1,350.0,-2.544068044350276,1,test
CN(C/C(=N\OCC(C)(C)O)C(CCN1CCC(N2CCCCC2=O)CC1)c1ccc(Cl)c(Cl)c1)C(=O)c1cc(Cl)cc(Cl)c1,23.0,-1.3617278360175928,1,train
CN(C/C(=N\OC(F)F)C(CCN1CCC(N2CCCCC2=O)CC1)c1ccc(Cl)c(Cl)c1)C(=O)c1cc(Cl)cc(Cl)c1,5.000000000000001,-0.6989700043360189,1,train
CCO/N=C(\COCc1cc(C(F)(F)F)cc(C(F)(F)F)c1)C(CCN1CCC(O)(c2ccccc2)CC1)c1ccc(Cl)c(Cl)c1,107.0,-2.0293837776852097,1,train
O=C1CC(C(=O)NC(CO)CO)C(=O)NC[C@H](Cc2ccccc2)NC(=O)[C@H](Cc2ccccc2)NC(=O)[C@H](Cc2c[nH]c3ccccc23)N1,3.981,-0.599992177584098,0,train
CNC(=O)CO/N=C(\COCc1cc(C(F)(F)F)cc(C(F)(F)F)c1)C(CCN1CCC(O)(c2ccccc2)CC1)c1ccc(Cl)c(Cl)c1,45.00000000000001,-1.6532125137753435,0,train
CN(C/C(=N\OCCC[S+](C)O)C(CCN1CCC(N2CCCCC2=O)CC1)c1ccc(Cl)c(Cl)c1)C(=O)c1cc(Cl)cc(Cl)c1,3.5000000000000004,-0.5440680443502757,1,train
O=C1CC(C(=O)N2CCC(N3CCCCC3)CC2)C(=O)NC[C@H](Cc2ccccc2)NC(=O)[C@H](Cc2ccccc2)NC(=O)[C@H](Cc2c[nH]c3ccccc23)N1,0.18316,0.7371693651443403,0,train
CN(C/C(=N\OCC#N)C(CCN1CCC(N2CCCCC2=O)CC1)c1ccc(Cl)c(Cl)c1)C(=O)c1cc(Cl)cc(Cl)c1,1.4,-0.146128035678238,1,train
CN(C/C(=N\OCCCS(C)(=O)=O)C(CCN1CCC(N2CCCCC2=O)CC1)c1ccc(Cl)c(Cl)c1)C(=O)c1cc(Cl)cc(Cl)c1,3.2000000000000006,-0.505149978319906,1,train
CN(C/C(=N\OCCCn1cnnn1)C(CCN1CCC(N2CCCCC2=O)CC1)c1ccc(Cl)c(Cl)c1)C(=O)c1cc(Cl)cc(Cl)c1,17.0,-1.230448921378274,1,train
CN(C/C(=N\OCC(=O)NO)C(CCN1CCC(N2CCCCC2=O)CC1)c1ccc(Cl)c(Cl)c1)C(=O)c1cc(Cl)cc(Cl)c1,4.2,-0.6232492903979004,1,test
N/C(CO/N=C(\COCc1cc(C(F)(F)F)cc(C(F)(F)F)c1)C(CCN1CCC(O)(c2ccccc2)CC1)c1ccc(Cl)c(Cl)c1)=N/O,19.0,-1.2787536009528289,1,train
CO/N=C(\CN(C)C(=O)c1cc(Cl)cc(Cl)c1)C(CCN1CCC(N2CCCCC2=O)CC1)c1ccc(Cl)c(Cl)c1,1.6,-0.2041199826559248,1,test
CN(C/C(=N\OCCCn1cccn1)C(CCN1CCC(N2CCCCC2=O)CC1)c1ccc(Cl)c(Cl)c1)C(=O)c1cc(Cl)cc(Cl)c1,25.000000000000007,-1.3979400086720375,1,train
CN(C/C(=N\OCCCn1cncn1)C(CCN1CCC(N2CCCCC2=O)CC1)c1ccc(Cl)c(Cl)c1)C(=O)c1cc(Cl)cc(Cl)c1,4.8,-0.6812412373755872,1,test
CN(C/C(=N\OCCN1CCNCC1)C(CCN1CCC(N2CCCCC2=O)CC1)c1ccc(Cl)c(Cl)c1)C(=O)c1cc(Cl)cc(Cl)c1,49.99999999999999,-1.6989700043360187,1,test
CN(C/C(=N\OCc1c[nH]cn1)C(CCN1CCC(N2CCCCC2=O)CC1)c1ccc(Cl)c(Cl)c1)C(=O)c1cc(Cl)cc(Cl)c1,8.5,-0.9294189257142929,0,test
COC(=O)CO/N=C(\CN(C)C(=O)c1cc(Cl)cc(Cl)c1)C(CCN1CCC(N2CCCCC2=O)CC1)c1ccc(Cl)c(Cl)c1,16.7,-1.2227164711475833,1,train
CN(C/C(=N\OCC(N)=O)C(CCN1CCC(N2CCCCC2=O)CC1)c1ccc(Cl)c(Cl)c1)C(=O)c1cc(Cl)cc(Cl)c1,2.0,-0.3010299956639812,1,train
O=C(C[C@@H]1CC(=O)N[C@@H](Cc2c[nH]c3ccccc23)C(=O)N[C@@H](Cc2ccccc2)C(=O)N[C@@H](Cc2ccccc2)CNC1=O)NC1OC(CO)C(O)C(O)C1O,10.0,-1.0,0,train
O=C(COCc1cc(C(F)(F)F)cc(C(F)(F)F)c1)C(CCN1CCC(O)(c2ccccc2)CC1)c1ccc(Cl)c(Cl)c1,236.00000000000009,-2.3729120029701067,1,test
CSCCCO/N=C(\CN(C)C(=O)c1cc(Cl)cc(Cl)c1)C(CCN1CCC(N2CCCCC2=O)CC1)c1ccc(Cl)c(Cl)c1,11.500000000000004,-1.0606978403536118,0,train
CN(C/C(=N\OCCCn1ccnc1)C(CCN1CCC(N2CCCCC2=O)CC1)c1ccc(Cl)c(Cl)c1)C(=O)c1cc(Cl)cc(Cl)c1,6.8,-0.8325089127062363,1,train
COCCO/N=C(\CN(C)C(=O)c1cc(Cl)cc(Cl)c1)C(CCN1CCC(N2CCCCC2=O)CC1)c1ccc(Cl)c(Cl)c1,3.1,-0.4913616938342727,1,train
CN(C/C(=N\OCCCN)C(CCN1CCC(N2CCCCC2=O)CC1)c1ccc(Cl)c(Cl)c1)C(=O)c1cc(Cl)cc(Cl)c1,8.8,-0.9444826721501688,1,train
O=C1CC(C(=O)N2CCOCC2)C(=O)NC[C@H](Cc2ccccc2)NC(=O)[C@H](Cc2ccccc2)NC(=O)[C@H](Cc2c[nH]c3ccccc23)N1,0.1259,0.8999742698921374,0,train
CN(C)CCNC(=O)C[C@@H]1CC(=O)N[C@@H](Cc2c[nH]c3ccccc23)C(=O)N[C@H](Cc2ccccc2)C(=O)N[C@H](Cc2ccccc2)CNC1=O,6.3100000000000005,-0.8000293592441343,0,train
CN(C/C(=N\OCCCO)C(CCN1CCC(N2CCCCC2=O)CC1)c1ccc(Cl)c(Cl)c1)C(=O)c1cc(Cl)cc(Cl)c1,1.5,-0.1760912590556812,1,train
CN(C)/N=C(\COCc1cc(C(F)(F)F)cc(C(F)(F)F)c1)C(CCN1CCC(O)(c2ccccc2)CC1)c1ccc(Cl)c(Cl)c1,23.999999999999996,-1.380211241711606,1,train
CN(C/C(=N\OCCCS(=O)(=O)O)C(CCN1CCC(N2CCCCC2=O)CC1)c1ccc(Cl)c(Cl)c1)C(=O)c1cc(Cl)cc(Cl)c1,2.7,-0.4313637641589873,1,train
CN(C/C(=N\OCCn1ccnc1)C(CCN1CCC(N2CCCCC2=O)CC1)c1ccc(Cl)c(Cl)c1)C(=O)c1cc(Cl)cc(Cl)c1,5.4,-0.7323937598229685,1,train
COCCNC(=O)CO/N=C(\CN(C)C(=O)c1cc(Cl)cc(Cl)c1)C(CCN1CCC(N2CCCCC2=O)CC1)c1ccc(Cl)c(Cl)c1,47.99999999999999,-1.6812412373755872,1,train
COCCO/N=C(\COCc1cc(C(F)(F)F)cc(C(F)(F)F)c1)C(CCN1CCC(O)(c2ccccc2)CC1)c1ccc(Cl)c(Cl)c1,49.99999999999999,-1.6989700043360187,1,test
O=C1CC(C(=O)N2CCN(CCOCCO)CC2)C(=O)NC[C@@H](Cc2ccccc2)NC(=O)[C@@H](Cc2ccccc2)NC(=O)[C@H](Cc2c[nH]c3ccccc23)N1,1.585,-0.2000292665537703,0,test
COCO/N=C(\COCc1cc(C(F)(F)F)cc(C(F)(F)F)c1)C(CCN1CCC(O)(c2ccccc2)CC1)c1ccc(Cl)c(Cl)c1,42.00000000000001,-1.6232492903979006,1,train
CN(C/C(=N\OCC(=O)O)C(CCN1CCC(N2CCCCC2=O)CC1)c1ccc(Cl)c(Cl)c1)C(=O)c1cc(Cl)cc(Cl)c1,394.00000000000006,-2.595496221825574,1,train
O=C1C[C@@H](CC(=O)N2CCOCC2)C(=O)NC[C@H](Cc2ccccc2)NC(=O)[C@H](Cc2ccccc2)NC(=O)[C@H](Cc2c[nH]c3ccccc23)N1,0.631,0.1999706407558656,0,train
C=CCO/N=C(\COCc1cc(C(F)(F)F)cc(C(F)(F)F)c1)C(CCN1CCC(O)(c2ccccc2)CC1)c1ccc(Cl)c(Cl)c1,215.00000000000003,-2.3324384599156054,1,train
CO/N=C(\COCc1ccccn1)C(CCN1CCC(O)(c2ccccc2)CC1)c1ccc(Cl)c(Cl)c1,43.000000000000014,-1.6334684555795866,0,train
CC[C@H](NC(=O)c1c(CN2CCCCC2)c(-c2ccccc2)nc2ccccc12)c1ccccc1,276.0,-2.4409090820652177,1,train
CO/N=C(\COCc1cc(F)cc(C(F)(F)F)c1)C(CCN1CCC(O)(c2ccccc2)CC1)c1ccc(Cl)c(Cl)c1,10.0,-1.0,1,train
C[C@H](NC(=O)c1c(CN2CCOCC2)c(-c2ccccc2)nc2ccccc12)C1CCCCC1,6.1,-0.785329835010767,0,train
CC[C@H](NC(=O)c1c(CN2CCC(N3CCCCC3)CC2)c(-c2ccccc2)nc2ccccc12)c1ccccc1,4.6000000000000005,-0.6627578316815741,1,test
CO/N=C(\COCC1CCCCC1)C(CCN1CCC(O)(c2ccccc2)CC1)c1ccc(Cl)c(Cl)c1,12.999999999999998,-1.1139433523068367,0,train
CO/N=C(\COCc1ccc(F)c2ccccc12)C(CCN1CCC(O)(c2ccccc2)CC1)c1ccc(Cl)c(Cl)c1,21.0,-1.3222192947339193,0,train
CO/N=C(\COCc1cc(OC)c(OC)c(OC)c1)C(CCN1CCC(O)(c2ccccc2)CC1)c1ccc(Cl)c(Cl)c1,28.0,-1.4471580313422192,0,train
C[C@H](NC(=O)c1c(CN2CCNCC2)c(-c2ccccc2)nc2ccccc12)C1CCCCC1,2.4,-0.380211241711606,1,train
CO/N=C(\COCc1ccc2ccccc2c1)C(CCN1CCC(O)(c2ccccc2)CC1)c1ccc(Cl)c(Cl)c1,12.000000000000002,-1.0791812460476249,0,train
CO/N=C(\CCCc1cc(C(F)(F)F)cc(C(F)(F)F)c1)C(CCN1CCC(O)(c2ccccc2)CC1)c1ccc(Cl)c(Cl)c1,331.99999999999994,-2.521138083704036,1,train
CC[C@H](NC(=O)c1c(CN2CCN(C3CCCCC3)CC2)c(-c2ccccc2)nc2ccccc12)c1ccccc1,1.6,-0.2041199826559248,1,train
CC(C)N1CCN(Cc2c(-c3ccccc3)nc3ccccc3c2C(=O)N[C@@H](C)C2CCCCC2)CC1,0.7,0.1549019599857432,0,train
CO/N=C(\COCC12CC3CC(CC(C3)C1)C2)C(CCN1CCC(O)(c2ccccc2)CC1)c1ccc(Cl)c(Cl)c1,7.0,-0.8450980400142568,0,test
CO/N=C(\COCc1ccc(-c2ccccc2)cc1)C(CCN1CCC(O)(c2ccccc2)CC1)c1ccc(Cl)c(Cl)c1,37.99999999999999,-1.57978359661681,0,train
CO/N=C(\COCc1cc(C(C)(C)C)cc(C(C)(C)C)c1)C(CCN1CCC(O)(c2ccccc2)CC1)c1ccc(Cl)c(Cl)c1,130.00000000000006,-2.113943352306837,1,test
CO/N=C(\CN(C)C(=O)Nc1cc(C(F)(F)F)cc(C(F)(F)F)c1)C(CCN1CCC(O)(c2ccccc2)CC1)c1ccc(Cl)c(Cl)c1,7.999999999999999,-0.9030899869919436,1,train
C[C@H](NC(=O)c1c(CN2CCC(N3CCCCC3)CC2)c(-c2ccccc2)nc2ccccc12)C1CCCCC1,0.6,0.2218487496163563,0,train
CC(C)C(C)NC(=O)c1c(CN2CCN(C(C)C)CC2)c(-c2ccccc2)nc2ccccc12,9.2,-0.9637878273455552,1,train
CO/N=C(\COCc1ccc2ccc(C(F)(F)F)nc2c1)C(CCN1CCC(O)(c2ccccc2)CC1)c1ccc(Cl)c(Cl)c1,20.000000000000004,-1.3010299956639813,1,train
CO/N=C(\CN(C)C(=O)c1ccccc1OC)C(CCN1CCC(O)(c2ccccc2)CC1)c1ccc(Cl)c(Cl)c1,4.0,-0.6020599913279624,1,train
CO/N=C(\C(C)OCc1cc(C(F)(F)F)cc(C(F)(F)F)c1)C(CCN1CCC(O)(c2ccccc2)CC1)c1ccc(Cl)c(Cl)c1,156.99999999999994,-2.1958996524092336,1,test
CO/N=C(\CNC(=O)c1ccccc1OC)C(CCN1CCC(O)(c2ccccc2)CC1)c1ccc(Cl)c(Cl)c1,54.000000000000014,-1.7323937598229686,1,train
CC(C)N1CCN(Cc2c(-c3ccccc3)nc3ccccc3c2C(=O)NC2CCCCC2)CC1,4.2,-0.6232492903979004,0,test
C[C@H](NC(=O)c1c(CN2CCC(N3CCOCC3)CC2)c(-c2ccccc2)nc2ccccc12)C1CCCCC1,0.8,0.0969100130080563,0,test
CO/N=C(\COCc1cc(OC)cc(OC)c1)C(CCN1CCC(O)(c2ccccc2)CC1)c1ccc(Cl)c(Cl)c1,17.999999999999996,-1.255272505103306,0,train
CO/N=C(\CN(C)C(=O)c1cc(C)nc(C)c1)C(CCN1CCC(O)(c2ccccc2)CC1)c1ccc(Cl)c(Cl)c1,6.0,-0.7781512503836436,0,train
CO/N=C(\CN(C)C(=O)c1cc(OC)c(Br)c(OC)c1)C(CCN1CCC(O)(c2ccccc2)CC1)c1ccc(Cl)c(Cl)c1,7.999999999999999,-0.9030899869919436,0,train
CO/N=C(\CN(C)S(=O)(=O)c1cc(C(F)(F)F)cc(C(F)(F)F)c1)C(CCN1CCC(O)(c2ccccc2)CC1)c1ccc(Cl)c(Cl)c1,286.00000000000006,-2.456366033129043,1,test
CO/N=C(\COCc1ccc(C)cc1)C(CCN1CCC(O)(c2ccccc2)CC1)c1ccc(Cl)c(Cl)c1,9.0,-0.9542425094393248,1,train
CO/N=C(\CN(C)Cc1cc(C(F)(F)F)cc(C(F)(F)F)c1)C(CCN1CCC(O)(c2ccccc2)CC1)c1ccc(Cl)c(Cl)c1,22.0,-1.3424226808222062,1,train
CO/N=C(\CN(C)C(=O)Oc1cc(C(F)(F)F)cc(C(F)(F)F)c1)C(CCN1CCC(O)(c2ccccc2)CC1)c1ccc(Cl)c(Cl)c1,10.999999999999996,-1.041392685158225,1,train
CO/N=C(\COCc1noc(C(C)(C)C)n1)C(CCN1CCC(O)(c2ccccc2)CC1)c1ccc(Cl)c(Cl)c1,1.0,-0.0,1,train
CO/N=C(\COCCc1cc(C(F)(F)F)cc(C(F)(F)F)c1)C(CCN1CCC(O)(c2ccccc2)CC1)c1ccc(Cl)c(Cl)c1,118.00000000000004,-2.071882007306125,1,train
CO/N=C(\CN(C)C(=O)c1cc(C)nc(-c2cccs2)c1)C(CCN1CCC(O)(c2ccccc2)CC1)c1ccc(Cl)c(Cl)c1,6.0,-0.7781512503836436,0,test
CC(C)[C@H](NC(=O)c1c(CN(C)C)c(-c2ccccc2)nc2ccccc12)c1ccccc1,51.6,-1.7126497016272113,0,train
CO/N=C(\COCc1ccc2nonc2c1)C(CCN1CCC(O)(c2ccccc2)CC1)c1ccc(Cl)c(Cl)c1,17.0,-1.230448921378274,0,test
CO/N=C(\COCc1cc(Br)cc(Br)c1)C(CCN1CCC(O)(c2ccccc2)CC1)c1ccc(Cl)c(Cl)c1,15.000000000000004,-1.1760912590556811,0,train
CO/N=C(\COCc1cc(C)cc(C)c1)C(CCN1CCC(O)(c2ccccc2)CC1)c1ccc(Cl)c(Cl)c1,7.999999999999999,-0.9030899869919436,0,train
CO/N=C(\CNCc1cc(C(F)(F)F)cc(C(F)(F)F)c1)C(CCN1CCC(O)(c2ccccc2)CC1)c1ccc(Cl)c(Cl)c1,130.00000000000006,-2.113943352306837,1,test
CO/N=C(\C(=O)N(C)Cc1cc(C(F)(F)F)cc(C(F)(F)F)c1)C(CCN1CCC(O)(c2ccccc2)CC1)c1ccc(Cl)c(Cl)c1,167.0,-2.2227164711475837,1,train
C[C@H](NC(=O)c1c(CN2CCC(N3CCCCC3)CC2)c(-c2ccccc2)nc2ccccc12)C(C)(C)C,1.0,-0.0,0,test
CO/N=C(\COC/C=C/c1cc(C(F)(F)F)cc(C(F)(F)F)c1)C(CCN1CCC(O)(c2ccccc2)CC1)c1ccc(Cl)c(Cl)c1,20.000000000000004,-1.3010299956639813,1,test
CO/N=C(\CN(C)C(=O)c1cc(C)nc(N2CCCC2)c1)C(CCN1CCC(O)(c2ccccc2)CC1)c1ccc(Cl)c(Cl)c1,3.0,-0.4771212547196624,0,train
CC(C)[C@H](NC(=O)c1c(CN2CCN(C(C)C)CC2)c(-c2ccccc2)nc2ccccc12)c1ccccc1,1.5,-0.1760912590556812,0,train
CO/N=C(\CNC(=O)c1cc(C(F)(F)F)cc(C(F)(F)F)c1)C(CCN1CCC(O)(c2ccccc2)CC1)c1ccc(Cl)c(Cl)c1,2.0,-0.3010299956639812,1,train
CO/N=C(\CN(C)C(=O)c1cc(C(F)(F)F)cc(C(F)(F)F)c1)C(CCN1CCC(O)(c2ccccc2)CC1)c1ccc(Cl)c(Cl)c1,9.0,-0.9542425094393248,1,train
COc1cc(C(=O)N2CC[C@](CCN3CCC(C(N)=O)(c4ccccc4)CC3)(c3ccc(Cl)c(Cl)c3)C2)cc(OC)c1OC,1.0,-0.0,0,train
C[C@H](NC(=O)c1c(CN2CCC(N)CC2)c(-c2ccccc2)nc2ccccc12)C1CCCCC1,33.0,-1.5185139398778875,1,test
CO/N=C(\COCc1ccccc1C)C(CCN1CCC(O)(c2ccccc2)CC1)c1ccc(Cl)c(Cl)c1,135.99999999999997,-2.133538908370217,1,train
CO/N=C(\CO/C=C/c1cc(C(F)(F)F)cc(C(F)(F)F)c1)C(CCN1CCC(O)(c2ccccc2)CC1)c1ccc(Cl)c(Cl)c1,100.0,-2.0,1,train
CO/N=C(\CN(C)C(=O)c1cc(C)nc(N(C)C)c1)C(CCN1CCC(O)(c2ccccc2)CC1)c1ccc(Cl)c(Cl)c1,1.0,-0.0,0,train
CC[C@H](NC(=O)c1c(CN2CCN(C(C)C)CC2)c(-c2ccccc2)nc2ccccc12)c1ccccc1,5.700000000000001,-0.7558748556724915,0,train
CO/N=C(\COCc1ccccc1)C(CCN1CCC(O)(c2ccccc2)CC1)c1ccc(Cl)c(Cl)c1,40.000000000000014,-1.6020599913279625,0,train
CN(C[C@@H](CCN1CCC(c2ccccc2[S@+](C)O)CC1)c1ccc(Cl)c(Cl)c1)C(=O)c1cc(C#N)cc2ccccc12,0.62,0.2076083105017461,0,train
CC(C)NC(=O)c1c(CN2CCN(C(C)C)CC2)c(-c2ccccc2)nc2ccccc12,810.9999999999999,-2.909020854211156,1,train
CCC(CC)NC(=O)c1c(CN2CCN(C(C)C)CC2)c(-c2ccccc2)nc2ccccc12,18.5,-1.2671717284030135,1,train
CO/N=C(\COC(=O)c1cc(C(F)(F)F)cc(C(F)(F)F)c1)C(CCN1CCC(O)(c2ccccc2)CC1)c1ccc(Cl)c(Cl)c1,25.000000000000007,-1.3979400086720375,1,train
CO/N=C(\CN(C)C(=O)c1cncc(Br)c1)C(CCN1CCC(O)(c2ccccc2)CC1)c1ccc(Cl)c(Cl)c1,4.0,-0.6020599913279624,0,test
CO/N=C(\COCc1cccc(C)c1)C(CCN1CCC(O)(c2ccccc2)CC1)c1ccc(Cl)c(Cl)c1,13.999999999999998,-1.146128035678238,0,test
CO/N=C(\COC(=O)Nc1cc(C(F)(F)F)cc(C(F)(F)F)c1)C(CCN1CCC(O)(c2ccccc2)CC1)c1ccc(Cl)c(Cl)c1,35.0,-1.5440680443502757,1,train
CO/N=C(\CN(C)C(=O)c1cc(C)cc(C)c1)C(CCN1CCC(O)(c2ccccc2)CC1)c1ccc(Cl)c(Cl)c1,2.0,-0.3010299956639812,0,train
CO/N=C(\CN(C)C(=O)c1cc(Cl)cc(Cl)c1)C(CCN1CCC(O)(c2ccccc2)CC1)c1ccc(Cl)c(Cl)c1,4.0,-0.6020599913279624,0,test
CO/N=C(\COCc1ccc(C(C)(C)C)cc1)C(CCN1CCC(O)(c2ccccc2)CC1)c1ccc(Cl)c(Cl)c1,4.0,-0.6020599913279624,0,train
CO/N=C(\COCc1ccc2sc(C)nc2c1)C(CCN1CCC(O)(c2ccccc2)CC1)c1ccc(Cl)c(Cl)c1,21.0,-1.3222192947339193,0,train
CO/N=C(\CN(C)C(=O)c1cc(OC)cc(OC)c1)C(CCN1CCC(O)(c2ccccc2)CC1)c1ccc(Cl)c(Cl)c1,2.0,-0.3010299956639812,0,train
CO/N=C(\COCc1cc(F)cc(F)c1)C(CCN1CCC(O)(c2ccccc2)CC1)c1ccc(Cl)c(Cl)c1,42.00000000000001,-1.6232492903979006,0,train
CO/N=C(\CN(C)C(=O)c1ccc(C)s1)C(CCN1CCC(O)(c2ccccc2)CC1)c1ccc(Cl)c(Cl)c1,2.0,-0.3010299956639812,0,test
CO/N=C(\CN(C)C(=O)c1cc(OC)c(OC)c(OC)c1)C(CCN1CCC(O)(c2ccccc2)CC1)c1ccc(Cl)c(Cl)c1,3.0,-0.4771212547196624,0,test
CC[C@H](NC(=O)c1c(CN2CCNCC2)c(-c2ccccc2)nc2ccccc12)c1ccccc1,22.2,-1.3463529744506386,1,train
CO/N=C(\COCc1cc(Cl)cc(Cl)c1)C(CCN1CCC(O)(c2ccccc2)CC1)c1ccc(Cl)c(Cl)c1,6.0,-0.7781512503836436,0,train
CO/N=C(\CN(C)C(=O)c1ccc(N(C)C)c2ccccc12)C(CCN1CCC(O)(c2ccccc2)CC1)c1ccc(Cl)c(Cl)c1,7.0,-0.8450980400142568,0,test
CC(C)C(=O)N1CCN(Cc2c(-c3ccccc3)nc3ccccc3c2C(=O)N[C@@H](C)C2CCCCC2)CC1,1.2,-0.0791812460476248,0,train
CNC(=O)C1(N2CCCCC2=O)CCN(CC[C@H](CN(C)C(=O)c2c(OC)c(C#N)cc3ccccc23)c2ccc(Cl)c(Cl)c2)CC1,35.0,-1.5440680443502757,0,train
COc1c(C#N)cc2ccccc2c1C(=O)N(C)C[C@@H](CCN1CCC(c2ccccc2[S@+](C)O)CC1)c1ccc(Cl)c(Cl)c1,67.0,-1.8260748027008264,0,train
COc1ccc(C2CCN(CC[C@H](CN(C)C(=O)c3cc(C#N)cc4ccccc34)c3ccc(Cl)c(Cl)c3)CC2)c([S@+](C)O)c1,0.34,0.4685210829577448,0,train
CCN1C(=O)c2ccccc2[C@H]1[C@@H](CCN1CCC(c2ccccc2[S@+](C)O)CC1)c1ccc(Cl)c(Cl)c1,0.92,0.0362121726544447,0,train
CCc1nc2[nH]c(N3CCOCC3)nc(Nc3ccc(Cl)cc3)c-2n1,6939.999999999998,-3.841359470454855,0,test
CCCc1nc2[nH]c(N3CCOCC3)nc(Nc3ccc(Cl)cc3)c-2n1,2340.0000000000005,-3.369215857410143,0,train
CC(C)c1nc2[nH]c(NCCCN)nc(Nc3ccc(Cl)cc3)c-2n1,2549.999999999999,-3.406540180433955,0,train
CC(C)N1Cc2c(Nc3ccc(Cl)cc3)nc(N3CCOCC3)nc2C1=O,549.9999999999998,-2.740362689494244,0,train
Cc1nc2[nH]c(N3CCOCC3)nc(Nc3ccc(Cl)cc3)c-2n1,17500.0,-4.243038048686294,0,train
CC(C)c1nc2[nH]c(N3CCC4(CC3)OCCO4)nc(Nc3ccc(Cl)cc3)c-2n1,4359.999999999998,-3.639486489268586,0,train
CC(C)c1nc2[nH]c(N3CCC(=O)CC3)nc(Nc3ccc(Cl)cc3)c-2n1,5889.999999999998,-3.7701152947871015,0,train
CCCNc1nc(Nc2ccc(Cl)cc2)c2[nH]c(C(C)C)nc2n1,3489.999999999998,-3.54282542695918,0,train
COC1(OC)CCN(c2nc(Nc3ccc(Cl)cc3)c3[nH]c(C(C)C)nc3n2)CC1,3439.999999999998,-3.53655844257153,0,test
CC(C)c1nc2[nH]c(NCc3ccccc3)nc(Nc3ccc(Cl)cc3)c-2n1,5579.999999999999,-3.746634198937578,0,train
CC(C)c1nc2[nH]c(N3CCOCC3)nc(Nc3ccc(C(F)(F)F)cc3)c-2n1,2850.0,-3.45484486000851,0,train
CC(C)c1nc2[nH]c(N3CCC(O)CC3)nc(Nc3ccc(C(F)(F)F)cc3)c-2n1,1770.000000000001,-3.247973266361807,0,train
CC(C)c1nc2[nH]c(N3CCOCC3)nc(Nc3ccc(Cl)cc3)c-2n1,3070.0000000000005,-3.4871383754771865,0,train
CC(C)c1nc2[nH]c(N3CCC(O)(c4ccccc4)CC3)nc(Nc3ccc(Cl)cc3)c-2n1,2239.9999999999995,-3.3502480183341627,0,train
CC(C)c1nc2[nH]c(N3CCC(C)(O)CC3)nc(Nc3ccc(Cl)cc3)c-2n1,2099.999999999999,-3.322219294733919,0,train
CO/N=C(\CN(C)C(=O)c1cc(Cl)cc(Cl)c1)[C@H](CCN1CCC(N2CCCN(O)C2=O)CC1)c1ccc(Cl)c(Cl)c1,0.7,0.1549019599857432,0,train
CCOC(=O)[C@@H](Cc1ccc(O)cc1)N1CCCN(C2CCN(CC[C@@H](/C(CN(C)C(=O)c3cc(Cl)cc(Cl)c3)=N/OC)c3ccc(Cl)c(Cl)c3)CC2)C1=O,1.2,-0.0791812460476248,0,train
CCN(C/C(=N\OC)[C@H](CCN1CCC(n2c(=O)n(CC#N)c3ccccc32)CC1)c1ccc(Cl)c(Cl)c1)C(=O)c1cc(Cl)cc(Cl)c1,2.5,-0.3979400086720376,0,test
CO/N=C(\CN(C)C(=O)c1cc(Cl)cc(Cl)c1)[C@H](CCN1CCC(N2CCCN(C(C)C)C2=O)CC1)c1ccc(Cl)c(Cl)c1,0.8,0.0969100130080563,0,train
CO/N=C(\CN(C)C(=O)c1cc(Cl)cc(Cl)c1)[C@H](CCN1CCC(N2CCCN(Cc3ccccn3)C2=O)CC1)c1ccc(Cl)c(Cl)c1,0.7,0.1549019599857432,0,train
CCN(C/C(=N\OC)[C@H](CCN1CCC(n2c(O)nc3ccccc32)CC1)c1ccc(Cl)c(Cl)c1)C(=O)c1cc(Cl)cc(Cl)c1,2.6,-0.414973347970818,0,train
CO/N=C(\CN(C)C(=O)c1cc(Cl)cc(Cl)c1)[C@H](CCN1CCC(N2CCCN(CCNS(C)(=O)=O)C2=O)CC1)c1ccc(Cl)c(Cl)c1,0.5,0.3010299956639812,0,train
CCNC(=O)Cn1c(=O)n(C2CCN(CC[C@@H](/C(CN(CC)C(=O)c3cc(Cl)cc(Cl)c3)=N/OC)c3ccc(Cl)c(Cl)c3)CC2)c2ccccc21,3.6,-0.5563025007672873,0,train
CCN(C/C(=N\OC)[C@H](CCN1CCC(n2c(=O)n(CC(=O)NCCOC)c3ccccc32)CC1)c1ccc(Cl)c(Cl)c1)C(=O)c1cc(Cl)cc(Cl)c1,4.1,-0.6127838567197355,0,train
CO/N=C(\CN(C)C(=O)c1cc(Cl)cc(Cl)c1)[C@H](CCN1CCC(n2c(O)nc3ccccc32)CC1)c1ccc(Cl)c(Cl)c1,1.0,-0.0,0,train
CO/N=C(\CN(C)C(=O)c1cc(Cl)cc(Cl)c1)[C@H](CCN1CCC(N2CCCN(N3CCOCC3)C2=O)CC1)c1ccc(Cl)c(Cl)c1,0.9,0.0457574905606751,0,train
CNC(=O)CN1CCCN(C2CCN(CC[C@@H](/C(CN(C)C(=O)c3cc(Cl)cc(Cl)c3)=N/OC)c3ccc(Cl)c(Cl)c3)CC2)C1=O,1.2,-0.0791812460476248,0,train
CO/N=C(\CN(C(=O)c1cc(Cl)cc(Cl)c1)C1CC1)[C@H](CCN1CCC(n2c(O)nc3ccccc32)CC1)c1ccc(Cl)c(Cl)c1,2.5,-0.3979400086720376,0,test
CO/N=C(\CN(C)C(=O)c1cc(Cl)cc(Cl)c1)[C@H](CCN1CCC(N2CCCN([C@H](CO)C(N)=O)C2=O)CC1)c1ccc(Cl)c(Cl)c1,0.5,0.3010299956639812,0,train
CO/N=C(\CN(C)C(=O)c1cc(Cl)cc(Cl)c1)[C@H](CCN1CCC(N2CCCN(Cc3ccsc3)C2=O)CC1)c1ccc(Cl)c(Cl)c1,1.2,-0.0791812460476248,0,train
CO/N=C(\CN(C)C(=O)c1cc(Cl)cc(Cl)c1)[C@H](CCN1CCC(N2CCCN(C)C2=O)CC1)c1ccc(Cl)c(Cl)c1,0.7,0.1549019599857432,0,train
CO/N=C(\CN(C)C(=O)c1cc(Cl)cc(Cl)c1)[C@H](CCN1CCC(N2CCCN(Cc3ccoc3)C2=O)CC1)c1ccc(Cl)c(Cl)c1,1.1,-0.041392685158225,0,test
CO/N=C(\CN(CCF)C(=O)c1cc(Cl)cc(Cl)c1)[C@H](CCN1CCC(n2c(=O)n(CC(=O)O)c3ccccc32)CC1)c1ccc(Cl)c(Cl)c1,3.1,-0.4913616938342727,0,train
CO/N=C(\CN(C)C(=O)c1cc(Cl)cc(Cl)c1)[C@H](CCN1CCC(n2c(=O)n(CC(=O)O)c3ccccc32)CC1)c1ccc(Cl)c(Cl)c1,1.7,-0.2304489213782739,0,train
CO/N=C(\CN(CCF)C(=O)c1cc(Cl)cc(Cl)c1)[C@H](CCN1CCC(n2c(O)nc3ccccc32)CC1)c1ccc(Cl)c(Cl)c1,4.900000000000001,-0.6901960800285137,0,train
CO/N=C(\CN(C)C(=O)c1cc(Cl)cc(Cl)c1)[C@H](CCN1CCC(N2CCCN(C(C)(C)C(N)=O)C2=O)CC1)c1ccc(Cl)c(Cl)c1,0.4,0.3979400086720376,0,train
CO/N=C(\CN(C)C(=O)c1cc(Cl)cc(Cl)c1)[C@H](CCN1CCC(n2c(=O)n(C)c3ccccc32)CC1)c1ccc(Cl)c(Cl)c1,1.5,-0.1760912590556812,0,train
CO/N=C(\CN(C)C(=O)c1cc(Cl)cc(Cl)c1)[C@H](CCN1CCC(n2c(=O)n(CC(=O)OC)c3ccccc32)CC1)c1ccc(Cl)c(Cl)c1,1.8,-0.255272505103306,0,train
CNC(=O)C[C@H]1CCCN(C2CCN(CC[C@@H](/C(CN(C)C(=O)c3cc(Cl)cc(Cl)c3)=N/OC)c3ccc(Cl)c(Cl)c3)CC2)C1=O,0.4,0.3979400086720376,0,train
CO/N=C(\CN(C)C(=O)c1cc(Cl)cc(Cl)c1)[C@H](CCN1CCC(N2CCCN(CC(C)(C)O)C2=O)CC1)c1ccc(Cl)c(Cl)c1,0.8,0.0969100130080563,0,train
CO/N=C(\CN(C)C(=O)c1cc(Cl)cc(Cl)c1)[C@H](CCN1CCC(N2CCCN(c3ccccn3)C2=O)CC1)c1ccc(Cl)c(Cl)c1,0.5,0.3010299956639812,0,test
CCN(C/C(=N\OC)[C@H](CCN1CCC(n2c(=O)n(Cc3ccccn3)c3ccccc32)CC1)c1ccc(Cl)c(Cl)c1)C(=O)c1cc(Cl)cc(Cl)c1,2.8,-0.4471580313422192,0,train
CO/N=C(\CN(C)C(=O)c1cc(Cl)cc(Cl)c1)[C@H](CCN1CCC(N2CCCN(Cc3nn[nH]n3)C2=O)CC1)c1ccc(Cl)c(Cl)c1,0.9,0.0457574905606751,0,train
CCN(C/C(=N\OC)[C@H](CCN1CCC(n2c(=O)n(CC(=O)O)c3ccccc32)CC1)c1ccc(Cl)c(Cl)c1)C(=O)c1cc(Cl)cc(Cl)c1,5.200000000000001,-0.7160033436347992,0,train
CCN(C/C(=N\OC)[C@H](CCN1CCC(n2c(=O)n(CC(N)=O)c3ccccc32)CC1)c1ccc(Cl)c(Cl)c1)C(=O)c1cc(Cl)cc(Cl)c1,4.8,-0.6812412373755872,0,train
CCN(C/C(=N\OC)[C@H](CCN1CCC(n2c(=O)n(CCOC)c3ccccc32)CC1)c1ccc(Cl)c(Cl)c1)C(=O)c1cc(Cl)cc(Cl)c1,4.0,-0.6020599913279624,0,train
CO/N=C(\CN(C)C(=O)c1cc(Cl)cc(Cl)c1)[C@H](CCN1CCC(N2CCCN(CC(N)=O)C2=O)CC1)c1ccc(Cl)c(Cl)c1,0.2,0.6989700043360187,0,train
CO/N=C(\CN(C)C(=O)c1cc(Cl)cc(Cl)c1)[C@H](CCN1CCC(N2CCCN(CC(=N)NO)C2=O)CC1)c1ccc(Cl)c(Cl)c1,0.8,0.0969100130080563,0,train
CO/N=C(\CN(C)C(=O)c1cc(Cl)cc(Cl)c1)[C@H](CCN1CCC(N2CCCN(CC(=O)OCc3ccccc3)C2=O)CC1)c1ccc(Cl)c(Cl)c1,1.2,-0.0791812460476248,0,train
CO/N=C(\COCc1cc(C(F)(F)F)cc(C(F)(F)F)c1)C(CCN1CCC(N2CCCC2=O)CC1)c1ccc(Cl)c(Cl)c1,7.0,-0.8450980400142568,1,train
CO/N=C(\COCc1cc(C(F)(F)F)cc(C(F)(F)F)c1)C(CCN1CCC(CN2CCCC(CC3CC3)C2=O)CC1)c1ccc(Cl)c(Cl)c1,26.0,-1.414973347970818,0,train
CO/N=C(\COCc1cc(C(F)(F)F)cc(C(F)(F)F)c1)C(CCN1CCC(C(N)=O)CC1)c1ccc(Cl)c(Cl)c1,67.0,-1.8260748027008264,1,train
CCOC(=O)C1CCCN(C2CCN(CCC(/C(COCc3cc(C(F)(F)F)cc(C(F)(F)F)c3)=N/OC)c3ccc(Cl)c(Cl)c3)CC2)C1,20.000000000000004,-1.3010299956639813,1,train
CO/N=C(\COCc1cc(C(F)(F)F)cc(C(F)(F)F)c1)C(CCN1CCC(CN2CCCCC2)CC1)c1ccc(Cl)c(Cl)c1,26.0,-1.414973347970818,1,train
CO/N=C(\COCc1cc(C(F)(F)F)cc(C(F)(F)F)c1)C(CCN1CCC(N2CCC(O)C2)CC1)c1ccc(Cl)c(Cl)c1,16.0,-1.2041199826559248,1,test
CO/N=C(\COCc1cc(C(F)(F)F)cc(C(F)(F)F)c1)C(CCN1CCC(CN2CCCCC2=S)CC1)c1ccc(Cl)c(Cl)c1,23.0,-1.3617278360175928,0,test
O=C1CC(Cc2ccccc2)C(=O)NCCNC(=O)[C@H](Cc2ccccc2)NC(=O)[C@H](Cc2c[nH]c3ccccc23)N1,794.3299999999999,-2.900000965153469,0,train
CO/N=C(\COCc1cc(C(F)(F)F)cc(C(F)(F)F)c1)C(CCN1CCC(N2CCCCC2=O)CC1)c1ccc(Cl)c(Cl)c1,4.0,-0.6020599913279624,1,train
CO/N=C(\COCc1cc(C(F)(F)F)cc(C(F)(F)F)c1)C(CCN1CCC(NC(=O)C2CCCCC2)CC1)c1ccc(Cl)c(Cl)c1,146.00000000000003,-2.164352855784437,1,train
C=CCC1CCCN(CC2CCN(CCC(/C(COCc3cc(C(F)(F)F)cc(C(F)(F)F)c3)=N/OC)c3ccc(Cl)c(Cl)c3)CC2)C1=O,58.00000000000001,-1.7634279935629371,0,train
CSCC[C@@H]1NC(=O)[C@H](CC(C)C)NC(=O)[C@@H]2CNC(=O)C[C@H](NC1=O)C(=O)N[C@@H](Cc1c[nH]c3ccccc13)C(=O)N[C@@H](Cc1ccccc1)C(=O)N2,0.631,0.1999706407558656,0,test
CO/N=C(\COCc1cc(C(F)(F)F)cc(C(F)(F)F)c1)C(CCN1CCC(N2CCC(OC(=O)NC(C)C)C2)CC1)c1ccc(Cl)c(Cl)c1,67.0,-1.8260748027008264,0,train
O=C1CCC(=O)N[C@@H](Cc2c[nH]c3ccccc23)C(=O)N[C@@H](Cc2ccccc2)C(=O)N[C@H](Cc2ccc3ccccc3c2)CN1,7.943,-0.899984562549391,1,train
CO/N=C(\COCc1cc(C(F)(F)F)cc(C(F)(F)F)c1)C(CCN1CCC(C(=O)N2CCCC2)CC1)c1ccc(Cl)c(Cl)c1,59.00000000000001,-1.7708520116421442,1,train
CO/N=C(\COCc1cc(C(F)(F)F)cc(C(F)(F)F)c1)C(CCN1CCC(N2CCCCC2CO)CC1)c1ccc(Cl)c(Cl)c1,15.000000000000004,-1.1760912590556811,1,train
O=C1CCC(=O)N[C@@H](Cc2c[nH]c3ccccc23)C(=O)N[C@@H](Cc2ccccc2)C(=O)N[C@H](Cc2ccc(C(F)(F)F)cc2)CN1,19.95,-1.299942900022767,1,train
O=C1CCC(=O)N[C@@H](Cc2c[nH]c3ccccc23)C(=O)N[C@@H](Cc2ccccc2)C(=O)N[C@H](Cc2ccc(F)c(F)c2)CN1,1.585,-0.2000292665537703,1,train
CO/N=C(\COCc1cc(C(F)(F)F)cc(C(F)(F)F)c1)C(CCN1CCC(N2CCC[C@H]2C(N)=O)CC1)c1ccc(Cl)c(Cl)c1,10.999999999999996,-1.041392685158225,0,train
O=C1CC(Cc2ccccc2)C(=O)N[C@@H](Cc2c[nH]c3ccccc23)C(=O)N[C@@H](Cc2ccccc2)C(=O)NCCN1,630.96,-2.800001827817969,0,train
CO/N=C(\COCc1cc(C(F)(F)F)cc(C(F)(F)F)c1)C(CCN1CCC(CN2CCCC2=O)CC1)c1ccc(Cl)c(Cl)c1,21.0,-1.3222192947339193,0,train
CO/N=C(\COCc1cc(C(F)(F)F)cc(C(F)(F)F)c1)C(CCN1CCC(CNC(=O)c2ccccc2)CC1)c1ccc(Cl)c(Cl)c1,136.99999999999997,-2.1367205671564067,0,train
CO/N=C(\COCc1cc(C(F)(F)F)cc(C(F)(F)F)c1)C(CCN1CCC(CN2CCCC(C(N)=O)C2)CC1)c1ccc(Cl)c(Cl)c1,27.000000000000004,-1.4313637641589874,0,test
CO/N=C(\COCc1cc(C(F)(F)F)cc(C(F)(F)F)c1)C(CCN1CCC(CN2CCOCC2)CC1)c1ccc(Cl)c(Cl)c1,38.99999999999999,-1.591064607026499,1,test
O=C1CCC(=O)N[C@@H](Cc2c[nH]c3ccccc23)C(=O)N[C@@H](Cc2ccccc2)C(=O)N[C@H](CCc2ccccc2)CN1,10.0,-1.0,1,train
CO/N=C(\COCc1cc(C(F)(F)F)cc(C(F)(F)F)c1)C(CCN1CCC(N2CCCC(C(N)=O)C2)CC1)c1ccc(Cl)c(Cl)c1,10.999999999999996,-1.041392685158225,0,train
CO/N=C(\COCc1cc(C(F)(F)F)cc(C(F)(F)F)c1)C(CCN1CCC(CN2CCCCC2CCO)CC1)c1ccc(Cl)c(Cl)c1,13.999999999999998,-1.146128035678238,1,train
CO/N=C(\COCc1cc(C(F)(F)F)cc(C(F)(F)F)c1)C(CCN1CCC(CNC2(CO)CCCC2)CC1)c1ccc(Cl)c(Cl)c1,16.0,-1.2041199826559248,1,train
CO/N=C(\COCc1cc(C(F)(F)F)cc(C(F)(F)F)c1)C(CCN1CCC(CN2CCCC(CC(O)CO)C2=O)CC1)c1ccc(Cl)c(Cl)c1,16.0,-1.2041199826559248,0,train
CO/N=C(\COCc1cc(C(F)(F)F)cc(C(F)(F)F)c1)C(CCN1CCC(CN2CCCCC2CO)CC1)c1ccc(Cl)c(Cl)c1,53.000000000000014,-1.7242758696007892,1,test
COC1(C[S@+](O)c2ccccc2)CCN(CCc2c[nH]c3ccc(F)cc23)CC1,0.3161999999999999,0.5000381344038098,0,train
CO/N=C(\COCc1cc(C(F)(F)F)cc(C(F)(F)F)c1)C(CCN1CCC(CN2CCCC(Cc3ccccc3)C2=O)CC1)c1ccc(Cl)c(Cl)c1,91.0,-1.9590413923210936,0,train
O=C1CCC(=O)N[C@@H](Cc2c[nH]c3ccccc23)C(=O)N[C@@H](Cc2ccccc2)C(=O)NCCN1,1258.9299999999994,-3.100001582801352,0,train
CO/N=C(\COCc1cc(C(F)(F)F)cc(C(F)(F)F)c1)C(CCN1CCC(CN2CCCC(CO)C2)CC1)c1ccc(Cl)c(Cl)c1,38.99999999999999,-1.591064607026499,0,train
CCOC(=O)C1CCCN(CC2CCN(CCC(/C(COCc3cc(C(F)(F)F)cc(C(F)(F)F)c3)=N/OC)c3ccc(Cl)c(Cl)c3)CC2)C1,28.0,-1.4471580313422192,1,train
CO/N=C(\COCc1cc(C(F)(F)F)cc(C(F)(F)F)c1)C(CCN1CCC(N2CCCC2)CC1)c1ccc(Cl)c(Cl)c1,194.99999999999991,-2.290034611362518,1,train
CO/N=C(\COCc1cc(C(F)(F)F)cc(C(F)(F)F)c1)C(CCN1CCC(CN2CCCCC2=O)CC1)c1ccc(Cl)c(Cl)c1,12.000000000000002,-1.0791812460476249,1,train
CO/N=C(\COCc1cc(C(F)(F)F)cc(C(F)(F)F)c1)C(CCN1CCC(NC(=O)c2ccccc2)CC1)c1ccc(Cl)c(Cl)c1,144.00000000000003,-2.1583624920952498,1,train
CO/N=C(\COCc1cc(C(F)(F)F)cc(C(F)(F)F)c1)C(CCN1CCC(CN2CCCC(O)C2)CC1)c1ccc(Cl)c(Cl)c1,47.00000000000001,-1.6720978579357175,1,train
O=C1CCC(=O)N[C@@H](Cc2c[nH]c3ccccc23)C(=O)N[C@@H](Cc2ccccc2)C(=O)N[C@H](Cc2ccc(Cl)c(Cl)c2)CN1,0.1,1.0,1,test
CC(=O)N[C@@H]1[C@@H](CO)[C@H](O)[C@@H](CO)O[C@H]1NC(=O)C[C@@H]1NC(=O)[C@H](CC(C)C)NC(=O)[C@@H]2CNC(=O)C[C@H](NC1=O)C(=O)N[C@@H](Cc1c[nH]c3ccccc13)C(=O)N[C@@H](Cc1ccccc1)C(=O)N2,2.512,-0.4000196350651585,0,train
CO/N=C(\COCc1cc(C(F)(F)F)cc(C(F)(F)F)c1)C(CCN1CCC(N2CCCC2=S)CC1)c1ccc(Cl)c(Cl)c1,23.0,-1.3617278360175928,0,train
CO/N=C(\COCc1cc(C(F)(F)F)cc(C(F)(F)F)c1)C(CCN1CCC(CN2CCCC(OC(=O)NC(C)C)C2)CC1)c1ccc(Cl)c(Cl)c1,33.0,-1.5185139398778875,0,test
O=C1CCC(=O)N[C@@H](Cc2c[nH]c3ccccc23)C(=O)N[C@@H](Cc2ccccc2)C(=O)N[C@H](CC2CCCCC2)CN1,316.23,-2.500003068051693,1,train
COc1ccc(CC2CNC(=O)CCC(=O)N[C@@H](Cc3c[nH]c4ccccc34)C(=O)N[C@@H](Cc3ccccc3)C(=O)N2)cc1,10.0,-1.0,1,train
O=C1OC2(CCN(CCc3c[nH]c4ccc(F)cc34)CC2)CN1Cc1ccccc1,7.943,-0.899984562549391,0,train
O=C1CC(CC2C=CC=CC2)C(=O)N[C@@H](Cc2c[nH]c3ccccc23)C(=O)N[C@@H](Cc2ccccc2)C(=O)NCCN1,630.96,-2.800001827817969,0,test
C=CCOC(=O)[C@@H]1CC(=O)N[C@@H](Cc2c[nH]c3ccccc23)C(=O)N[C@@H](Cc2ccccc2)C(=O)N[C@H](Cc2ccc(Cl)c(Cl)c2)C(=O)N1,316.23,-2.500003068051693,0,train
O=C1C[C@@H](NC(=O)CN2CCOCC2)C(=O)NC[C@@H](Cc2ccccc2)NC(=O)[C@H](Cc2ccccc2)NC(=O)[C@H](Cc2c[nH]c3ccccc23)N1,0.3161999999999999,0.5000381344038098,1,train
CC(C)CC[C@H](NC(=O)[C@H](CC(C)C)NC(=O)CNC(=O)[C@@H](NC(=O)[C@H](Cc1ccc(Cl)cc1)NC(=O)[C@@H](NC(=O)[C@@H](N)CC(=O)O)[C@@H](C)O)C(C)C)C(N)=O,1421.9999999999998,-3.1528995963937474,1,train
O=C(O)CCC(=O)N[C@H]1CC(=O)N[C@@H](Cc2c[nH]c3ccccc23)C(=O)N[C@@H](Cc2ccccc2)C(=O)N[C@H](Cc2ccccc2)CNC1=O,12.590000000000002,-1.1000257301078626,0,train
CSCC[C@H](NC(=O)[C@H](CC(C)C)NC(=O)CNC(=O)[C@@H](NC(=O)[C@H](Cc1ccccc1)NC(=O)[C@H](CO)NC(=O)[C@H](CC(=O)O)NC(=O)[C@@H](NC(=O)[C@H](CCCCN)NC(=O)[C@@H](N)Cc1c[nH]cn1)[C@@H](C)O)C(C)C)C(N)=O,0.956,0.0195421077238999,0,train
O=C1C[C@@H](C(=O)O)NC(=O)[C@@H](Cc2ccc(Cl)c(Cl)c2)NC(=O)[C@H](Cc2ccccc2)NC(=O)[C@H](Cc2c[nH]c3ccccc23)N1,398.10999999999984,-2.60000308662774,1,train
O=C1CCCNC(=O)[C@@H](Cc2ccccc2)NC(=O)[C@H](Cc2ccccc2)NC(=O)[C@H](Cc2c[nH]c3ccccc23)N1,316.23,-2.500003068051693,0,train
O=C(N[C@H]1CCCCN(Cc2ccccc2)C(=O)[C@H](Cc2ccccc2)NC(=O)[C@H](Cc2c[nH]c3ccccc23)NC1=O)OCc1ccccc1,5.011999999999999,-0.7000110623221123,0,test
CC(C)CC[C@H](NC(=O)[C@H](CC(C)C)NC(=O)CNC(=O)[C@@H](NC(=O)[C@H](Cc1ccc(N)cc1)NC(=O)[C@@H](NC(=O)[C@@H](N)CC(=O)O)[C@@H](C)O)C(C)C)C(N)=O,156.0,-2.1931245983544616,1,train
O=C1C[C@H](NC(=O)[C@]2(O)C[C@@H](O)[C@@H](O)[C@H](O)C2)C(=O)NC[C@@H](Cc2ccccc2)NC(=O)[C@H](Cc2ccccc2)NC(=O)[C@H](Cc2c[nH]c3ccccc23)N1,6.3100000000000005,-0.8000293592441343,0,train
O=C(c1nccnc1C(=O)N(CCCN1CCOCC1)CCc1c[nH]c2ccccc12)N(CCCN1CCOCC1)CCc1c[nH]c2ccccc12,125.88999999999992,-2.099991233544684,1,train
O=C(c1ccccc1C(=O)N(CCCN1CCOCC1)CCc1c[nH]c2ccccc12)N(CCCN1CCOCC1)CCc1c[nH]c2ccccc12,31.619999999999997,-1.4999618655961902,0,train
O=C1CCC(=O)N[C@@H](Cc2c[nH]c3ccccc23)C(=O)N[C@@H](CC2=CC=CCC2)C(=O)N[C@H](CCc2ccccc2)CN1,10.0,-1.0,0,test
N=C(N)NCC(=O)N[C@H]1CC(=O)N[C@@H](Cc2c[nH]c3ccccc23)C(=O)N[C@@H](Cc2ccccc2)C(=O)N[C@H](Cc2ccccc2)CNC1=O,3.981,-0.599992177584098,0,train
O=C1CCC(=O)N[C@@H](Cc2c[nH]c3ccccc23)C(=O)N[C@@H](Cc2ccccc2)C(=O)N[C@H](Cc2c[nH]c3ccccc23)CN1,3.1620000000000004,-0.4999618655961902,1,train
O=C1C[C@H](NCc2nn[nH]n2)C(=O)NC[C@@H](Cc2ccccc2)NC(=O)[C@H](Cc2ccccc2)NC(=O)[C@H](Cc2c[nH]c3ccccc23)N1,1.585,-0.2000292665537703,0,test
O=C(NCCc1c[nH]c2ccccc12)c1nccnc1C(=O)N(CCCN1CCOCC1)CCc1c[nH]c2ccccc12,501.1899999999998,-2.7000023971422538,0,train
CC(C)CC[C@H](NC(=O)[C@H](CC(C)C)NC(=O)CNC(=O)[C@@H](NC(=O)[C@H](Cc1ccccc1)NC(=O)[C@@H](NC(=O)[C@@H](N)CC(=O)O)[C@@H](C)O)C(C)C)C(N)=O,12.699999999999998,-1.1038037209559568,1,train
NCCCC(=O)N[C@H]1CC(=O)N[C@@H](Cc2c[nH]c3ccccc23)C(=O)N[C@@H](Cc2ccccc2)C(=O)N[C@H](Cc2ccccc2)CNC1=O,7.943,-0.899984562549391,0,train
CN(C)CCN(C)C(=O)c1nccnc1C(=O)N[C@@H]1CC(=O)N[C@@H](Cc2c[nH]c3ccccc23)C(=O)N[C@@H](Cc2ccccc2)C(=O)N[C@H](Cc2ccccc2)CNC1=O,1.995,-0.2999429000227671,0,train
CC(C)CC[C@H](NC(=O)[C@H](CC(C)C)NC(=O)CNC(=O)[C@@H](NC(=O)[C@H](Cc1ccc(F)cc1)NC(=O)[C@@H](NC(=O)[C@@H](N)CC(=O)O)[C@@H](C)O)C(C)C)C(N)=O,44.2,-1.645422269349092,1,train
O=C(c1ccccc1C(=O)N(CCCN1CCSCC1)CCc1c[nH]c2ccccc12)N(CCCN1CCSCC1)CCc1c[nH]c2ccccc12,3.981,-0.599992177584098,1,train
O=C(Cn1cnnn1)N[C@H]1CC(=O)N[C@@H](Cc2c[nH]c3ccccc23)C(=O)N[C@@H](Cc2ccccc2)C(=O)N[C@H](Cc2ccccc2)NC1=O,3.981,-0.599992177584098,0,train
CSCC[C@H](NC(=O)[C@H](CC(C)C)NC(=O)CNC(=O)[C@H](Cc1ccccc1)NC(=O)[C@H](Cc1ccccc1)NC(=O)[C@H](CCC(N)=O)NC(=O)[C@H](CCC(N)=O)NC(=O)[C@@H]1CCCN1C(=O)[C@H](CCCCN)NC(=O)[C@@H]1CCCN1C(=O)[C@@H](N)CCCN=C(N)N)C(N)=O,102.0,-2.008600171761917,0,train
COc1ccc(C[C@@H]2CNC(=O)CCC(=O)N[C@@H](Cc3c[nH]c4ccccc34)C(=O)N[C@@H](CC3=CC=CCC3)C(=O)N2)cc1,12.590000000000002,-1.1000257301078626,1,test
NC(=O)[C@@H]1CNC(=O)CCC(=O)N[C@@H](Cc2c[nH]c3ccccc23)C(=O)N[C@@H](Cc2ccccc2)C(=O)N1,3981.0700000000006,-3.59999981394342,0,train
O=C1CCC(=O)N[C@@H](CC2CNc3ccc(F)cc32)C(=O)N[C@@H](Cc2ccccc2)C(=O)N[C@H](Cc2ccccc2)CN1,3.1620000000000004,-0.4999618655961902,0,train
CN(CCc1c[nH]c2ccccc12)C(=O)c1ccccc1C(=O)N(CCCN1CCSCC1)CCc1c[nH]c2ccccc12,10.0,-1.0,1,test
O=C(C1=C(c2ccccc2)OC2OC(COCc3ccccc3)C(OCc3ccccc3)C(OCc3ccccc3)C2S1(=O)=O)c1ccccc1,5010.000000000002,-3.699837725867246,0,train
CCOC(=O)C1=C(C)OC2OC(COCc3ccccc3)C(OCc3ccccc3)C(O)C2[S+]1O,789.9999999999999,-2.8976270912904414,1,train
O=C(C1=C(c2ccccc2)OC2OC(COCc3ccccc3)C(OCc3ccccc3)C(OCc3ccccc3)C2[S+]1O)c1ccccc1,789.9999999999999,-2.8976270912904414,0,train
CC1=C(C(=O)Oc2ccccc2)[S+](O)C2C(O1)OC(COCc1ccccc1)C(OCc1ccccc1)C2OCc1ccccc1,400.0000000000001,-2.6020599913279625,0,test
CCOC(=O)C1=C(C)OC2OC(COCc3ccccc3)C(OCc3ccccc3)C(OCc3ccccc3)C2S1,12599.999999999987,-4.1003705451175625,1,test
CCOC(=O)C1=C(C)OC2OC(COCc3ccccc3)C(OCc3ccccc3)C(O)C2S1,12599.999999999987,-4.1003705451175625,1,train
CCOC(=O)C1=C(C)OC2OC(CO)C(OCc3ccccc3)C(OCc3ccccc3)C2[S+]1O,4000.000000000001,-3.6020599913279625,0,train
CCOC(=O)C1=C(C)OC2OC(CO)C(OCc3ccccc3)C(OCc3ccccc3)C2S1,4000.000000000001,-3.6020599913279625,0,train
CCOC(=O)C1=C(C)OC2OC(COCc3ccccc3)C(OCc3ccccc3)C(OCc3ccccc3)C2[S+]1O,249.99999999999997,-2.397940008672037,1,train
CCc1c(-c2ccccc2)nc2ccccc2c1C(=O)N[C@H](CC)c1ccccc1,316.00000000000006,-2.499687082618404,0,train
CC[C@@H](NC(=O)c1c(OCCO)c(-c2ccccc2)nc2ccccc12)c1ccccc1,82.0,-1.9138138523837167,0,train
CC[C@@H](NC(=O)c1c(O)c(-c2ccccc2)nc2ccccc12)c1ccccc1,144.00000000000003,-2.1583624920952498,0,train
CC[C@@H](NC(=O)c1c(N)c(-c2ccccc2)nc2ccccc12)c1ccccc1,111.00000000000004,-2.0453229787866576,0,train
CC[C@H](NC(=O)c1c(OC)c(-c2ccccc2)nc2ccccc12)c1ccccc1,329.0000000000001,-2.5171958979499744,0,train
CC[C@@H](NC(=O)c1c(OCC(=O)O)c(-c2ccccc2)nc2ccccc12)c1ccccc1,214.00000000000009,-2.330413773349191,0,test
CO/N=C(\COCc1cc(C(F)(F)F)cc(C(F)(F)F)c1)C(CCN1CCN(CC(=O)N(C(C)C)C(C)C)CC1)c1ccc(Cl)c(Cl)c1,170.00000000000006,-2.230448921378274,0,train
CCOCCCNC(=O)CN1CCN(CCC(/C(COCc2cc(C(F)(F)F)cc(C(F)(F)F)c2)=N/OC)c2ccc(Cl)c(Cl)c2)CC1,382.00000000000017,-2.582063362911709,0,train
CO/N=C(\COCc1cc(C(F)(F)F)cc(C(F)(F)F)c1)C(CCN1CCN(CC(=O)N2CCc3ccccc3C2)CC1)c1ccc(Cl)c(Cl)c1,566.0,-2.7528164311882715,1,test
CO/N=C(\COCc1cc(C(F)(F)F)cc(C(F)(F)F)c1)C(CCN1CCN(CC(=O)N(C)C2CCCCC2)CC1)c1ccc(Cl)c(Cl)c1,368.0,-2.5658478186735176,1,train
CCOC(=O)C1CCN(C(=O)CN2CCN(CCC(/C(COCc3cc(C(F)(F)F)cc(C(F)(F)F)c3)=N/OC)c3ccc(Cl)c(Cl)c3)CC2)CC1,409.00000000000006,-2.611723308007342,1,train
CO/N=C(\COCc1cc(C(F)(F)F)cc(C(F)(F)F)c1)C(CCN1CCN(CC(=O)N2CC(O)C2)CC1)c1ccc(Cl)c(Cl)c1,31.0,-1.4913616938342726,1,train
CO/N=C(\COCc1cc(C(F)(F)F)cc(C(F)(F)F)c1)C(CCN1CCN(CC(=O)N2CCCC2)CC1)c1ccc(Cl)c(Cl)c1,21.0,-1.3222192947339193,1,train
CO/N=C(\COCc1cc(C(F)(F)F)cc(C(F)(F)F)c1)C(CCN1CCN(CC(=O)N2CCCCC2)CC1)c1ccc(Cl)c(Cl)c1,208.0,-2.318063334962761,1,train
CO/N=C(\COCc1cc(C(F)(F)F)cc(C(F)(F)F)c1)C(CCN1CCN(CC(=O)N2CCOCC2)CC1)c1ccc(Cl)c(Cl)c1,28.0,-1.4471580313422192,1,train
CO/N=C(\COCc1cc(C(F)(F)F)cc(C(F)(F)F)c1)C(CCN1CCN(CC(=O)N2CCC(O)C2)CC1)c1ccc(Cl)c(Cl)c1,30.0,-1.4771212547196624,1,test
CO/N=C(\COCc1cc(C(F)(F)F)cc(C(F)(F)F)c1)C(CCN1CCN(C)CC1)c1ccc(Cl)c(Cl)c1,200.00000000000003,-2.3010299956639813,0,train
CO/N=C(\COCc1cc(C(F)(F)F)cc(C(F)(F)F)c1)C(CCN1CCN(CC(=O)N2CCCC3CCCCC32)CC1)c1ccc(Cl)c(Cl)c1,477.0,-2.678518379040114,1,train
CO/N=C(\COCc1cc(C(F)(F)F)cc(C(F)(F)F)c1)C(CCN1CCN(CC(=O)NC2CC2)CC1)c1ccc(Cl)c(Cl)c1,259.00000000000006,-2.413299764081252,1,train
CO/N=C(\COCc1cc(C(F)(F)F)cc(C(F)(F)F)c1)C(CCN1CCNCC1)c1ccc(Cl)c(Cl)c1,737.9999999999999,-2.868056361823041,1,train
CO/N=C(\COCc1cc(C(F)(F)F)cc(C(F)(F)F)c1)C(CCN1CCN(c2ccccc2)CC1)c1ccc(Cl)c(Cl)c1,978.0000000000002,-2.990338854787601,1,train
CO/N=C(\COCc1cc(C(F)(F)F)cc(C(F)(F)F)c1)C(CCN1CCN(c2ncccn2)CC1)c1ccc(Cl)c(Cl)c1,217.00000000000003,-2.3364597338485296,1,train
CO/N=C(\COCc1cc(C(F)(F)F)cc(C(F)(F)F)c1)C(CCN1CCN(CC(=O)N2CCCCC2CO)CC1)c1ccc(Cl)c(Cl)c1,52.00000000000001,-1.7160033436347992,1,train
CO/N=C(\COCc1cc(C(F)(F)F)cc(C(F)(F)F)c1)C(CCN1CCN(CC(=O)N2CCC2)CC1)c1ccc(Cl)c(Cl)c1,33.0,-1.5185139398778875,1,train
CO/N=C(\COCc1cc(C(F)(F)F)cc(C(F)(F)F)c1)C(CCN1CCN(CC(=O)N2CCC(N(C)C)C2)CC1)c1ccc(Cl)c(Cl)c1,95.0,-1.977723605288848,0,test
CO/N=C(\COCc1cc(C(F)(F)F)cc(C(F)(F)F)c1)C(CCN1CCN(CC(=O)N2CCC(NC(C)=O)C2)CC1)c1ccc(Cl)c(Cl)c1,47.99999999999999,-1.6812412373755872,0,train
CO/N=C(\COCc1cc(C(F)(F)F)cc(C(F)(F)F)c1)C(CCN1CCN(CC(=O)N2CCC[C@H]2C(N)=O)CC1)c1ccc(Cl)c(Cl)c1,26.0,-1.414973347970818,0,train
CO/N=C(\COCc1cc(C(F)(F)F)cc(C(F)(F)F)c1)C(CCN1CCN(C2CCCCC2)CC1)c1ccc(Cl)c(Cl)c1,128.0,-2.1072099696478683,1,train
CO/N=C(\COCc1cc(C(F)(F)F)cc(C(F)(F)F)c1)C(CCN1CCN(CC(=O)NCC2CCCO2)CC1)c1ccc(Cl)c(Cl)c1,266.00000000000006,-2.424881636631067,1,train
CO/N=C(\COCc1cc(C(F)(F)F)cc(C(F)(F)F)c1)C(CCN1CCN(CC(=O)N2CCCC(O)C2)CC1)c1ccc(Cl)c(Cl)c1,37.99999999999999,-1.57978359661681,1,train
O=C(Nc1ccc(OCc2cc(F)cc(F)c2)cc1)N[C@@H](Cc1ccccc1)C(=O)NCCCN1CCOCC1,500.0,-2.6989700043360187,1,train
COc1cc(COc2ccc(NC(=O)N[C@@H](Cc3ccccc3)C(=O)NCCCN3CCOCC3)cc2)cc(OC)c1,200.00000000000003,-2.3010299956639813,0,train
O=C(Nc1ccc(Oc2cccc(F)c2)cc1)N[C@@H](Cc1ccccc1)C(=O)NCCCN1CCOCC1,200.00000000000003,-2.3010299956639813,1,train
COc1ccc(Oc2ccc(NC(=O)N[C@@H](Cc3ccccc3)C(=O)NCCCN3CCOCC3)cc2)cc1,309.99999999999994,-2.4913616938342726,0,test
O=C(Nc1ccc(Oc2ccc(F)cc2)cc1)N[C@@H](Cc1ccccc1)C(=O)NCCCN1CCOCC1,16.0,-1.2041199826559248,1,train
O=C(Nc1ccc(Oc2ccc(C(F)(F)F)cc2)cc1)N[C@@H](Cc1ccccc1)C(=O)NCCCN1CCOCC1,249.99999999999997,-2.397940008672037,1,train
O=C(Nc1ccc(Sc2ccc(F)cc2)cc1)N[C@@H](Cc1ccccc1)C(=O)NCCCN1CCOCC1,130.00000000000006,-2.113943352306837,0,test
O=C(Nc1ccc(OCc2ccccc2)cc1)N[C@@H](Cc1ccccc1)C(=O)NCCCN1CCOCC1,1199.9999999999995,-3.0791812460476247,1,test
Cc1ccc(COc2ccc(NC(=O)N[C@@H](Cc3ccccc3)C(=O)NCCCN3CCOCC3)cc2)cc1,789.9999999999999,-2.8976270912904414,1,train
O=C(Nc1ccccc1Oc1ccccc1)N[C@@H](Cc1ccccc1)C(=O)NCCCN1CCOCC1,4999.999999999999,-3.6989700043360183,0,train
O=C(NCCCN1CCOCC1)[C@H](Cc1ccccc1)NC(=O)N1CCCC(O)(c2ccccc2)C1,6300.0,-3.7993405494535817,0,train
O=C(N[C@@H](Cc1ccccc1)C(=O)NCCCN1CCOCC1)c1cccc(-c2ccccc2)c1,2000.0,-3.3010299956639813,0,train
O=C(N[C@@H](Cc1ccccc1)C(=O)NCCCN1CCOCC1)C(c1ccccc1)c1ccccc1,2000.0,-3.3010299956639813,0,train
O=C(N[C@H](Cc1ccccc1)C(=O)NCCCN1CCOCC1)c1ccccc1-c1ccccc1,3000.0000000000014,-3.4771212547196626,0,train
CC(C)(Oc1cccc(Cl)c1)C(=O)N[C@H](Cc1ccccc1)C(=O)NCCCN1CCOCC1,309.99999999999994,-2.4913616938342726,0,train
O=C1CC[C@](CCN2CC(N3CCOCC3)C2)(c2ccc(Cl)c(Cl)c2)CN1C1(C2CC2)CCCC1,9499.999999999996,-3.977723605288848,0,train
O=C1CC[C@](CCN2CC(N3CCC(F)CC3)C2)(c2ccc(Cl)c(Cl)c2)CN1C1(C2CC2)CCCC1,10000.0,-4.0,0,train
O=C1C[C@@H](N2CCC(N3CCCCC3)CC2)C(=O)NC[C@@H](Cc2ccccc2)NC(=O)[C@H](Cc2ccccc2)NC(=O)[C@H](Cc2c[nH]c3ccccc23)N1,0.1994999999999999,0.700057099977233,0,test
CS(=O)(=O)N1CCN([C@@H]2CC(=O)N[C@@H](Cc3c[nH]c4ccccc34)C(=O)N[C@@H](Cc3ccccc3)C(=O)N[C@H](Cc3ccccc3)CNC2=O)CC1,3.1620000000000004,-0.4999618655961902,0,train
CC(=O)N1CCN([C@@H]2CC(=O)N[C@@H](Cc3c[nH]c4ccccc34)C(=O)N[C@@H](Cc3ccccc3)C(=O)N[C@H](Cc3ccccc3)CNC2=O)CC1,0.1259,0.8999742698921374,0,train
CN1CCN([C@@H]2CC(=O)N[C@@H](Cc3c[nH]c4ccccc34)C(=O)N[C@@H](Cc3ccccc3)C(=O)N[C@H](Cc3ccccc3)CNC2=O)CC1,0.3981,0.400007822415902,1,train
O=C1C[C@@H](N2CCNCC2)C(=O)NC[C@@H](Cc2ccccc2)NC(=O)[C@H](Cc2ccccc2)NC(=O)[C@H](Cc2c[nH]c3ccccc23)N1,1.585,-0.2000292665537703,1,train
NC1CCN([C@@H]2CC(=O)N[C@@H](Cc3c[nH]c4ccccc34)C(=O)N[C@@H](Cc3ccccc3)C(=O)N[C@H](Cc3ccccc3)CNC2=O)CC1,5.011999999999999,-0.7000110623221123,0,train
O=C1C[C@@H](N2CCCCC2)C(=O)NC[C@@H](Cc2ccccc2)NC(=O)[C@H](Cc2ccccc2)NC(=O)[C@H](Cc2c[nH]c3ccccc23)N1,1.585,-0.2000292665537703,1,train
O=C1C[C@@H](N2CCOCC2)C(=O)NC[C@@H](Cc2ccc(Cl)c(Cl)c2)NC(=O)[C@H](Cc2ccccc2)NC(=O)[C@H](Cc2c[nH]c3ccccc23)N1,0.2512,0.5999803649348415,1,train
O=C1C[C@@H](N2CCC(N3CCOCC3)CC2)C(=O)NC[C@@H](Cc2ccccc2)NC(=O)[C@H](Cc2ccccc2)NC(=O)[C@H](Cc2c[nH]c3ccccc23)N1,0.1994999999999999,0.700057099977233,0,train
O=C1C[C@@H](NC(=O)CN2CCC(N3CCOCC3)CC2)C(=O)NC[C@@H](Cc2ccccc2)NC(=O)[C@H](Cc2ccccc2)NC(=O)[C@H](Cc2c[nH]c3ccccc23)N1,0.1585,0.7999707334462297,0,train
O=C1C[C@@H](NC(=O)CN2CCC(N3CC[S+](O)CC3)CC2)C(=O)NC[C@@H](Cc2ccccc2)NC(=O)[C@H](Cc2ccccc2)NC(=O)[C@H](Cc2c[nH]c3ccccc23)N1,0.2512,0.5999803649348415,0,train
NS(=O)(=O)N1CCN(CC(=O)N[C@@H]2CC(=O)N[C@@H](Cc3c[nH]c4ccccc34)C(=O)N[C@@H](Cc3ccccc3)C(=O)N[C@H](Cc3ccccc3)CNC2=O)CC1,0.1,1.0,0,train
O=C1C[C@@H](NC(=O)CN2CC[S+](O)CC2)C(=O)NC[C@@H](Cc2ccccc2)NC(=O)[C@H](Cc2ccccc2)NC(=O)[C@H](Cc2c[nH]c3ccccc23)N1,0.3161999999999999,0.5000381344038098,1,test
NC(=O)C1CCN(CC(=O)N[C@@H]2CC(=O)N[C@@H](Cc3c[nH]c4ccccc34)C(=O)N[C@@H](Cc3ccccc3)C(=O)N[C@H](Cc3ccccc3)CNC2=O)CC1,0.5012,0.2999889376778876,0,train
CN1CCN(CC(=O)N[C@@H]2CC(=O)N[C@@H](Cc3c[nH]c4ccccc34)C(=O)N[C@@H](Cc3ccccc3)C(=O)N[C@H](Cc3ccccc3)CNC2=O)CC1,1.585,-0.2000292665537703,0,train
O=C1C[C@@H](NC(=O)CN2CCC[C@H]2CO)C(=O)NC[C@@H](Cc2ccccc2)NC(=O)[C@H](Cc2ccccc2)NC(=O)[C@H](Cc2c[nH]c3ccccc23)N1,0.3161999999999999,0.5000381344038098,0,test
O=C1C[C@@H](NC(=O)CN2CCC(O)CC2)C(=O)NC[C@@H](Cc2ccccc2)NC(=O)[C@H](Cc2ccccc2)NC(=O)[C@H](Cc2c[nH]c3ccccc23)N1,0.1259,0.8999742698921374,0,train
O=C1CC(NC(=O)[C@@H](O)[C@H](O)[C@@H](O[C@@H]2O[C@H](CO)[C@H](O)[C@H](O)[C@H]2O)[C@@H](O)CO)C(=O)NC[C@@H](Cc2ccccc2)NC(=O)[C@H](Cc2ccccc2)NC(=O)[C@H](Cc2c[nH]c3ccccc23)N1,3.981,-0.599992177584098,0,train
O=C1C[C@@H](NC[C@H](O)[C@H](O)[C@@H](O[C@H]2O[C@H](CO)[C@@H](O[C@@H]3O[C@@H](CO)[C@H](O)[C@@H](O)[C@@H]3O)[C@H](O)[C@H]2O)[C@H](O)CO)C(=O)NC[C@@H](Cc2ccccc2)NC(=O)[C@H](Cc2ccccc2)NC(=O)[C@H](Cc2c[nH]c3ccccc23)N1,0.5012,0.2999889376778876,0,train
O=C1C[C@@H](NC[C@H](O)[C@@H](O)[C@H](O)[C@H](O)CO)C(=O)NC[C@@H](Cc2ccccc2)NC(=O)[C@H](Cc2ccccc2)NC(=O)[C@H](Cc2c[nH]c3ccccc23)N1,0.3981,0.400007822415902,0,test
CC(=O)N[C@@H](CN[C@@H]1CC(=O)N[C@@H](Cc2c[nH]c3ccccc23)C(=O)N[C@@H](Cc2ccccc2)C(=O)N[C@H](Cc2ccccc2)CNC1=O)[C@@H](O)[C@H](O)[C@H](O)CO,1.995,-0.2999429000227671,0,train
CC(=O)N[C@@H]1[C@@H](O)[C@H](O)[C@@H](CO)O[C@H]1NC(=O)C[C@H](NC(C)=O)C(=O)N[C@@H]1CC(=O)N[C@@H](Cc2c[nH]c3ccccc23)C(=O)N[C@@H](Cc2ccccc2)C(=O)N[C@H](Cc2ccccc2)CNC1=O,25.120000000000005,-1.4000196350651586,1,test
CC(=O)N[C@@H]1[C@@H](O)[C@H](O)[C@@H](CO)O[C@H]1NC(=O)CCC(=O)N[C@@H]1CC(=O)N[C@@H](Cc2c[nH]c3ccccc23)C(=O)N[C@@H](Cc2ccccc2)C(=O)N[C@H](Cc2ccccc2)CNC1=O,1.585,-0.2000292665537703,1,train
CN1CCC(N[C@@H]2CC(=O)N[C@@H](Cc3c[nH]c4ccccc34)C(=O)N[C@@H](Cc3ccccc3)C(=O)N[C@H](Cc3ccccc3)CNC2=O)CC1,0.1994999999999999,0.700057099977233,1,train
NS(=O)(=O)N1CCC(N[C@@H]2CC(=O)N[C@@H](Cc3c[nH]c4ccccc34)C(=O)N[C@@H](Cc3ccccc3)C(=O)N[C@H](Cc3ccccc3)CNC2=O)CC1,0.0501199999999999,1.2999889376778877,0,train
CS(=O)(=O)N1CCC(N[C@@H]2CC(=O)N[C@@H](Cc3c[nH]c4ccccc34)C(=O)N[C@@H](Cc3ccccc3)C(=O)N[C@H](Cc3ccccc3)CNC2=O)CC1,0.0631,1.1999706407558657,0,train
CN(C1CCOCC1)[C@@H]1CC(=O)N[C@@H](Cc2c[nH]c3ccccc23)C(=O)N[C@@H](Cc2ccccc2)C(=O)N[C@H](Cc2ccccc2)CNC1=O,0.1585,0.7999707334462297,0,train
O=C1C[C@@H](NC2CCS(=O)(=O)CC2)C(=O)NC[C@@H](Cc2ccccc2)NC(=O)[C@H](Cc2ccccc2)NC(=O)[C@H](Cc2c[nH]c3ccccc23)N1,0.1585,0.7999707334462297,0,train
O=C1C[C@@H](NC2CC[S+](O)CC2)C(=O)NC[C@@H](Cc2ccccc2)NC(=O)[C@H](Cc2ccccc2)NC(=O)[C@H](Cc2c[nH]c3ccccc23)N1,0.02512,1.5999803649348414,1,train
O=C1C[C@@H](NC2CCSCC2)C(=O)NC[C@@H](Cc2ccccc2)NC(=O)[C@H](Cc2ccccc2)NC(=O)[C@H](Cc2c[nH]c3ccccc23)N1,0.1,1.0,0,test
O=C(NC1(C(=O)N[C@H](Cc2ccccc2)C(=O)NCC2CCN(CC3CCOCC3)CC2)CCCC1)c1cc2ccc(F)cc2s1,0.2343999999999999,0.630042392653947,0,train
O=C(NC1(C(=O)N[C@H](Cc2ccccc2)C(=O)NCC2CCN(CC3CCOCC3)CC2)CCCC1)c1cc2ccc(Br)cc2s1,0.05754,1.2400301424456928,1,test
O=C(NC1(C(=O)N[C@H](Cc2ccccc2)C(=O)NCC2CCN(CC3CCOCC3)CC2)CCCC1)c1cc2ccc(C(F)(F)F)cc2s1,0.0602599999999999,1.2199708726626617,0,train
COc1ccc2cc(C(=O)NC3(C(=O)N[C@H](Cc4ccccc4)C(=O)NCC4CCN(CC5CCOCC5)CC4)CCCC3)sc2c1,0.1412999999999999,0.8498578381514414,0,train
Cc1ccc2cc(C(=O)NC3(C(=O)N[C@H](Cc4ccccc4)C(=O)NCC4CCN(CC5CCOCC5)CC4)CCCC3)sc2c1,0.07586,1.1199871616332282,0,train
N#Cc1ccc2cc(C(=O)NC3(C(=O)N[C@H](Cc4ccccc4)C(=O)NCC4CCN(CC5CCOCC5)CC4)CCCC3)sc2c1,1.38,-0.1398790864012364,0,test
CCN(CC)c1ccc2cc(C(=O)NC3(C(=O)N[C@H](Cc4ccccc4)C(=O)NCC4CCN(CC5CCOCC5)CC4)CCCC3)sc2c1,0.09772,1.010016541698601,0,train
O=C(NC1(C(=O)N[C@H](Cc2ccccc2)C(=O)NCCCN2CCOCC2)CCCC1)c1cc2ccccc2s1,0.64585,0.1898683360863932,1,test
O=C(NC1(C(=O)N[C@H](Cc2ccccc2)C(=O)NCC2CCN(CC3CCOCC3)CC2)CCCC1)c1cc2ccc(Cl)cc2s1,0.0524799999999999,1.2800061736323962,1,test
O=C(NC1(C(=O)N[C@H](Cc2ccccc2)C(=O)NCCCN2CCOCC2)CCCC1)c1sc2ccccc2c1Cl,30.199999999999992,-1.4800069429571503,1,train
O=C(NC1(C(=O)N[C@H](Cc2ccccc2)C(=O)NCCCN2CCOCC2)CCCC1)c1cc2cccc(Cl)c2s1,0.3715,0.4300411819034059,1,train
O=C(NC1(C(=O)N[C@H](Cc2ccccc2)C(=O)NCCCN2CCOCC2)CCCC1)c1cc2ccc(Cl)cc2s1,0.2818,0.5500590112266623,1,test
O=C(NC1(C(=O)N[C@H](Cc2ccccc2)C(=O)NCCCN2CCOCC2)CCCC1)c1cc2cc(Cl)ccc2s1,1.514,-0.1801258751640539,1,train
O=C(NC1(C(=O)N[C@H](Cc2ccccc2)C(=O)NCCCN2CCOCC2)CCCC1)c1cc2c(Cl)cccc2s1,2.884,-0.4599952560473914,1,train
O=C(NC1(C(=O)N[C@H](Cc2ccccc2)C(=O)NCCC2CCN(C3CCOCC3)CC2)CCCC1)c1cc2ccccc2s1,0.8511,0.0700194094844853,1,train
O=C(NC1(C(=O)N[C@H](Cc2ccccc2)C(=O)NCC2CCN(C3CCOCC3)CC2)CCCC1)c1cc2ccccc2s1,0.5495,0.2600323032404906,1,train
O=C(NC1(C(=O)N[C@H](Cc2ccccc2)C(=O)NCCC2CCN(CC3CCOCC3)CC2)CCCC1)c1cc2ccccc2s1,1.95,-0.290034611362518,1,train
O=C(NC1(C(=O)N[C@H](Cc2ccccc2)C(=O)NCC2CCN(CC3CCOCC3)CC2)CCCC1)c1cc2ccccc2s1,0.2239,0.6499459064209697,0,train
O=C(NC1(C(=O)N[C@H](Cc2ccccc2)C(=O)NC2CCN(CC3CCOCC3)CC2)CCCC1)c1cc2ccccc2s1,1.95,-0.290034611362518,1,train
O=C(NC1(C(=O)N[C@H](Cc2ccccc2)C(=O)NCCC(=O)N2CCN(C3CCOCC3)CC2)CCCC1)c1cc2ccccc2s1,1.175,-0.070037866607755,0,train
O=C(NC1(C(=O)N[C@H](Cc2ccccc2)C(=O)NCCC(=O)N2CCN(CC3CCOCC3)CC2)CCCC1)c1cc2ccccc2s1,0.8913,0.0499760934766735,0,train
O=C(NC1(C(=O)N[C@H](Cc2ccccc2)C(=O)NCCC(=O)N2CCN(c3ccccn3)CC2)CCCC1)c1cc2ccccc2s1,0.1174999999999999,0.929962133392245,0,train
CN1CCN(C(=O)CCNC(=O)[C@@H](Cc2ccccc2)NC(=O)C2(NC(=O)c3cc4ccccc4s3)CCCC2)CC1,1.072,-0.0301947853567512,0,test
O=C(NC1(C(=O)N[C@H](Cc2ccccc2)C(=O)NCCC(=O)N2CCC(N3CCOCC3)CC2)CCCC1)c1cc2ccccc2s1,0.7586,0.1199871616332282,0,test
O=C(NC1(C(=O)N[C@H](Cc2ccccc2)C(=O)NCCCC(=O)N2CCC(N3CCOCC3)CC2)CCCC1)c1cc2ccccc2s1,4.676999999999999,-0.669967369908504,0,train
O=C(NC1(C(=O)N[C@H](Cc2ccccc2)C(=O)NCCCNC(CCO)CCO)CCCC1)c1cc2ccccc2s1,4.898,-0.6900187807886953,1,train
O=C(NC1(C(=O)N[C@H](Cc2ccccc2)C(=O)NCCCNC(CO)CO)CCCC1)c1cc2ccccc2s1,8.511000000000001,-0.9299805905155148,1,train
O=C(NC1(C(=O)N[C@H](Cc2ccccc2)C(=O)NCCCNC2CCOCC2)CCCC1)c1cc2ccccc2s1,3.802000000000001,-0.5800121125294244,1,train
O=C(NC1(C(=O)N[C@H](Cc2ccccc2)C(=O)NCCCN2CCC(N3CCOCC3)CC2)CCCC1)c1cc2ccccc2s1,2.042,-0.3100557377508914,1,train
NS(=O)(=O)N1CCN(CCCNC(=O)[C@@H](Cc2ccccc2)NC(=O)C2(NC(=O)c3cc4ccccc4s3)CCCC2)CC1,0.1318,0.8800845897420089,0,test
O=C(NC1(C(=O)N[C@H](Cc2ccccc2)C(=O)NCCCN2CCC(O)CC2)CCCC1)c1cc2ccccc2s1,3.1620000000000004,-0.4999618655961902,1,test
C[C@@H]1CN(CCCNC(=O)[C@@H](Cc2ccccc2)NC(=O)C2(NC(=O)c3cc4ccccc4s3)CCCC2)C[C@H](C)N1,0.8128,0.0900163050601559,0,train
O=C(NC1(C(=O)N[C@H](Cc2ccccc2)C(=O)NCCCN2CCSCC2)CCCC1)c1cc2ccccc2s1,0.4265999999999999,0.3699791488865901,1,train
O=C(/C=C/c1ccccc1)NC1(C(=O)N[C@H](Cc2ccccc2)C(=O)NCCCN2CCOCC2)CCCC1,9.332999999999998,-0.9700212658283658,0,train
O=C(NC1(C(=O)N[C@H](Cc2ccccc2)C(=O)NCCCN2CCOCC2)CCCC1)c1ccc(-c2ccccc2)s1,0.7586,0.1199871616332282,1,train
O=C(NC1(C(=O)N[C@H](Cc2ccccc2)C(=O)NCCCN2CCOCC2)CCCC1)c1ccc(-c2ccccc2)cc1,1.585,-0.2000292665537703,1,train
O=C(NC1(C(=O)N[C@H](Cc2ccccc2)C(=O)NCCCN2CCOCC2)CCCC1)c1ccc2ncccc2c1,25.700000000000003,-1.4099331233312946,1,train
O=C(NC1(C(=O)N[C@H](Cc2ccccc2)C(=O)NCCCN2CCOCC2)CCCC1)c1ccc2ccccc2c1,2.138,-0.3300077008727592,1,test
Cn1c(C(=O)NC2(C(=O)N[C@H](Cc3ccccc3)C(=O)NCCCN3CCOCC3)CCCC2)cc2ccccc21,2.399,-0.3800302479678306,1,train
O=C(NC1(C(=O)N[C@H](Cc2ccccc2)C(=O)NCCCN2CCOCC2)CCCC1)c1cc2ccccc2[nH]1,2.291,-0.3600250891893975,1,train
O=C(NC1(C(=O)N[C@H](Cc2ccccc2)C(=O)NCCCN2CCOCC2)CCCC1)c1cc2ccccc2o1,4.898,-0.6900187807886953,1,train
O=C(NCCCN1CCOCC1)[C@@H](Cc1ccccc1)NC(=O)C1(NC(=S)Nc2ccc(Cl)c(Cl)c2)CCCC1,10.960000000000004,-1.0398105541483504,0,train
O=C(NCCCN1CCOCC1)[C@@H](Cc1ccccc1)NC(=O)C1(NC(=S)Nc2ccc(I)cc2)CCCC1,28.180000000000003,-1.4499409887733377,0,train
Cc1cc(NC(=O)NC2(C(=O)N[C@H](Cc3ccccc3)C(=O)NCCCN3CCOCC3)CCCC2)ccc1Br,3.802000000000001,-0.5800121125294244,1,train
O=C(Nc1ccc(F)c(F)c1)NC1(C(=O)N[C@H](Cc2ccccc2)C(=O)NCCCN2CCOCC2)CCCC1,72.44000000000001,-1.8599784416420209,1,test
O=C(Nc1ccc(I)cc1)NC1(C(=O)N[C@H](Cc2ccccc2)C(=O)NCCCN2CCOCC2)CCCC1,9.12,-0.959994838328416,0,train
CSc1ccc(NC(=O)NC2(C(=O)N[C@H](Cc3ccccc3)C(=O)NCCCN3CCOCC3)CCCC2)cc1,4.169,-0.6200318951262973,0,test
O=C(Nc1ccc(Br)cc1)NC1(C(=O)N[C@H](Cc2ccccc2)C(=O)NCCCN2CCOCC2)CCCC1,12.590000000000002,-1.1000257301078626,0,train
O=C(NC1(C(=O)N[C@H](Cc2ccccc2)C(=O)NCCCN2CCOCC2)CCCC1)c1ccc(I)cc1,14.789999999999996,-1.1699681739968923,0,train
O=C(NC1(C(=O)N[C@H](Cc2ccccc2)C(=O)NCCCN2CCOCC2)CCCC1)c1ccc([N+](=O)[O-])cc1,91.20000000000002,-1.9599948383284165,0,train
O=C(NC1(C(=O)N[C@H](Cc2ccccc2)C(=O)NCCCN2CCOCC2)CCCC1)c1cccc(Cl)c1,123.02999999999996,-2.090011024007147,1,test
CN(C(=O)c1cc2ccccc2s1)C1(C(=O)N[C@H](Cc2ccccc2)C(=O)NCCCN2CCOCC2)CCCCC1,10.72,-1.0301947853567512,0,train
CN(C(=O)c1cc2ccccc2s1)C1(C(=O)N[C@H](Cc2ccccc2)C(=O)NCCCN2CCOCC2)CCCC1,24.550000000000008,-1.3900514964589874,0,train
CN(CC(=O)N[C@H](Cc1ccccc1)C(=O)NCCCN1CCOCC1)C(=O)c1cc2ccccc2s1,1000.0,-3.0,0,train
O=C(NC1(C(=O)N[C@H](Cc2ccccc2)C(=O)NCCCN2CCOCC2)CC=CC1)c1cc2ccccc2s1,5.495,-0.7399676967595094,1,train
O=C(NC1(C(=O)N[C@H](Cc2ccccc2)C(=O)NCCCN2CCOCC2)CC1)c1cc2ccccc2s1,95.5,-1.9800033715837464,1,train
CC(C)(NC(=O)c1cc2ccccc2s1)C(=O)N[C@H](Cc1ccccc1)C(=O)NCCCN1CCOCC1,20.890000000000004,-1.319938439980309,0,train
CN1CCN(CCCNC(=O)[C@@H](Cc2ccccc2)NC(=O)C2(NC(=O)c3cc4ccccc4s3)Cc3ccccc3C2)CC1,2.512,-0.4000196350651585,0,test
O=C(NC1(C(=O)N[C@H](Cc2ccccc2)C(=O)NCCCN2CCOCC2)Cc2ccccc2C1)c1cc2ccccc2s1,1.995,-0.2999429000227671,0,train
O=C(NC1(C(=O)N[C@H](Cc2ccccc2)C(=O)NCCCN2CCCC2)Cc2ccccc2C1)c1cc2ccccc2s1,1.259,-0.1000257301078625,0,train
CCCCN(CCCC)CCCNC(=O)[C@@H](Cc1ccccc1)NC(=O)C1(NC(=O)c2cc3ccccc3s2)Cc2ccccc2C1,1.585,-0.2000292665537703,0,train
CN1CCN(CCCNC(=O)[C@@H](Cc2ccccc2)NC(=O)C2(NC(=O)c3cc4ccccc4s3)CCc3ccccc32)CC1,1.0,-0.0,0,train
O=C(NC1(C(=O)N[C@H](Cc2ccccc2)C(=O)NCCCN2CCCC2)CCc2ccccc21)c1cc2ccccc2s1,3.7845,-0.5780085095732559,0,train
CN1CCN(CCCNC(=O)[C@@H](Cc2ccccc2)NC(=O)C2(NC(=O)c3cc4ccccc4s3)CCCC2)CC1,1.995,-0.2999429000227671,0,train
CN1CCCC1CCCNC(=O)C(Cc1ccccc1)NC(=O)C1(NC(=O)c2cc3ccccc3s2)CCCCC1,50.11999999999999,-1.7000110623221123,0,train
O=C(NC1(C(=O)NC(Cc2ccccc2)C(=O)NCCN2CCOCC2)CCCCC1)c1cc2ccccc2s1,100.0,-2.0,1,train
CC(C)N(CCNC(=O)C(Cc1ccccc1)NC(=O)C1(NC(=O)c2cc3ccccc3s2)CCCCC1)C(C)C,31.619999999999997,-1.4999618655961902,0,train
O=C(NC1(C(=O)NC(Cc2ccccc2)C(=O)NCCN2CCCCC2)CCCCC1)c1cc2ccccc2s1,63.1,-1.8000293592441343,1,train
CCN(CC)CCNC(=O)C(Cc1ccccc1)NC(=O)C1(NC(=O)c2cc3ccccc3s2)CCCCC1,100.0,-2.0,1,train
NCCCCCCCCNC(=O)C(Cc1ccccc1)NC(=O)C1(NC(=O)c2cc3ccccc3s2)CCCCC1,125.88999999999992,-2.099991233544684,0,train
NCCCCCCCNC(=O)C(Cc1ccccc1)NC(=O)C1(NC(=O)c2cc3ccccc3s2)CCCCC1,100.0,-2.0,0,train
NCCCCCCNC(=O)C(Cc1ccccc1)NC(=O)C1(NC(=O)c2cc3ccccc3s2)CCCCC1,251.18999999999997,-2.400002345927956,1,train
CC(C)(NC(=O)c1cc2ccccc2s1)C(=O)N[C@@H](Cc1ccccc1)C(=O)NCCOCCOCCN,100.0,-2.0,0,train
NCCOCCOCCNC(=O)[C@H](Cc1ccccc1)NC(=O)C1(NC(=O)c2cc3ccccc3s2)CCc2ccccc2C1,398.10999999999984,-2.60000308662774,1,test
NCCOCCOCCNC(=O)[C@H](Cc1ccccc1)NC(=O)C1(NC(=O)c2cc3ccccc3s2)CCc2ccccc21,12.590000000000002,-1.1000257301078626,1,train
NCCOCCOCCNC(=O)[C@H](Cc1ccccc1)NC(=O)C1(NC(=O)c2cc3ccccc3s2)Cc2ccccc2C1,19.95,-1.299942900022767,1,train
NCCOCCOCCNC(=O)[C@H](Cc1ccccc1)NC(=O)C1(NC(=O)c2cc3ccccc3s2)CCCC1,50.11999999999999,-1.7000110623221123,0,train
NCc1ccc(CNC(=O)[C@H](Cc2ccccc2)NC(=O)C2(NC(=O)c3cc4ccccc4s3)CCCCC2)cc1,125.88999999999992,-2.099991233544684,0,train
NCCOCCOCCNC(=O)[C@H](Cc1ccccc1)NC(=O)C1(NC(=O)c2cc3ccccc3s2)CCCCC1,12.590000000000002,-1.1000257301078626,1,train
NCCCCCNC(=O)[C@H](Cc1ccccc1)NC(=O)C1(NC(=O)c2cc3ccccc3s2)CCCCC1,398.10999999999984,-2.60000308662774,1,train
CN(C)CCCNC(=O)[C@H](Cc1ccccc1)NC(=O)C1(NC(=O)c2cc3ccccc3s2)CCCCC1,316.23,-2.500003068051693,1,train
O=C(NC1(C(=O)N[C@@H](Cc2ccccc2)C(=O)NC2CC2)CCCCC1)c1cc2ccccc2s1,316.23,-2.500003068051693,1,train
CC(C)(C)c1ccc(-c2nc3c(N4CCN(Cc5ccc6nccnc6c5)CC4)cccc3[nH]2)cc1,330.00000000000006,-2.5185139398778875,0,train
Nc1nc2c(c(N3CCNCC3)n1)CCC1=C2[C@@H]2CCCC[C@@H]2O1,3.1,-0.4913616938342727,0,train
C[C@@H](O[C@H]1CC[C@@H]2CN(C3=CC(=O)CC3)C[C@H]2[C@@H]1c1ccc(F)cc1)c1cc(C(F)(F)F)cc(C(F)(F)F)c1,2.4,-0.380211241711606,0,train
COc1cccc(C(=O)NC2(C(=O)N[C@H](Cc3ccccc3)C(=O)NCC3CCN(CC4CCOCC4)CC3)CCCC2)c1,25.120000000000005,-1.4000196350651586,1,test
O=C(/C=C/c1cccs1)NC1(C(=O)N[C@H](Cc2ccccc2)C(=O)NCC2CCN(CC3CCOCC3)CC2)CCCC1,15.850000000000003,-1.2000292665537704,1,train
CSc1ccc(/C=C/C(=O)NC2(C(=O)N[C@H](Cc3ccccc3)C(=O)NCC3CCN(CC4CCOCC4)CC3)CCCC2)cc1,1.0,-0.0,1,train
Cc1ccc(/C=C/C(=O)NC2(C(=O)N[C@H](Cc3ccccc3)C(=O)NCC3CCN(CC4CCOCC4)CC3)CCCC2)cc1,0.5012,0.2999889376778876,0,test
Cc1cccc(/C=C/C(=O)NC2(C(=O)N[C@H](Cc3ccccc3)C(=O)NCC3CCN(CC4CCOCC4)CC3)CCCC2)c1,1.0,-0.0,1,train
Cc1ccccc1/C=C/C(=O)NC1(C(=O)N[C@H](Cc2ccccc2)C(=O)NCC2CCN(CC3CCOCC3)CC2)CCCC1,1.585,-0.2000292665537703,0,test
COc1ccc(/C=C/C(=O)NC2(C(=O)N[C@H](Cc3ccccc3)C(=O)NCC3CCN(CC4CCOCC4)CC3)CCCC2)cc1,1.995,-0.2999429000227671,1,train
COc1cccc(/C=C/C(=O)NC2(C(=O)N[C@H](Cc3ccccc3)C(=O)NCC3CCN(CC4CCOCC4)CC3)CCCC2)c1,0.7943,0.100015437450609,1,train
COc1ccccc1/C=C/C(=O)NC1(C(=O)N[C@H](Cc2ccccc2)C(=O)NCC2CCN(CC3CCOCC3)CC2)CCCC1,1.259,-0.1000257301078625,0,train
O=C(/C=C/c1ccc(Cl)cc1)NC1(C(=O)N[C@H](Cc2ccccc2)C(=O)NCC2CCN(CC3CCOCC3)CC2)CCCC1,1.259,-0.1000257301078625,1,train
O=C(/C=C/c1cccc(Cl)c1)NC1(C(=O)N[C@H](Cc2ccccc2)C(=O)NCC2CCN(CC3CCOCC3)CC2)CCCC1,0.3161999999999999,0.5000381344038098,0,train
O=C(/C=C/c1ccccc1Cl)NC1(C(=O)N[C@H](Cc2ccccc2)C(=O)NCC2CCN(CC3CCOCC3)CC2)CCCC1,1.0,-0.0,1,test
O=C(/C=C/c1ccc(F)cc1)NC1(C(=O)N[C@H](Cc2ccccc2)C(=O)NCC2CCN(CC3CCOCC3)CC2)CCCC1,1.995,-0.2999429000227671,0,train
O=C(/C=C/c1cccc(F)c1)NC1(C(=O)N[C@H](Cc2ccccc2)C(=O)NCC2CCN(CC3CCOCC3)CC2)CCCC1,1.0,-0.0,1,train
O=C(/C=C/c1ccccc1F)NC1(C(=O)N[C@H](Cc2ccccc2)C(=O)NCC2CCN(CC3CCOCC3)CC2)CCCC1,3.981,-0.599992177584098,0,train
CC(C)c1ccc(C(=O)NC2(C(=O)N[C@H](Cc3ccccc3)C(=O)NCC3CCN(CC4CCOCC4)CC3)CCCC2)cc1,10.0,-1.0,0,train
CCSc1ccc(C(=O)NC2(C(=O)N[C@H](Cc3ccccc3)C(=O)NCC3CCN(CC4CCOCC4)CC3)CCCC2)cc1,0.7943,0.100015437450609,1,train
CSc1ccc(C(=O)NC2(C(=O)N[C@H](Cc3ccccc3)C(=O)NCC3CCN(CC4CCOCC4)CC3)CCCC2)cc1,3.1620000000000004,-0.4999618655961902,0,train
CCCCOc1ccc(C(=O)NC2(C(=O)N[C@H](Cc3ccccc3)C(=O)NCC3CCN(CC4CCOCC4)CC3)CCCC2)cc1,12.590000000000002,-1.1000257301078626,1,train
CC(C)Oc1ccc(C(=O)NC2(C(=O)N[C@H](Cc3ccccc3)C(=O)NCC3CCN(CC4CCOCC4)CC3)CCCC2)cc1,7.943,-0.899984562549391,0,train
CCCOc1ccc(C(=O)NC2(C(=O)N[C@H](Cc3ccccc3)C(=O)NCC3CCN(CC4CCOCC4)CC3)CCCC2)cc1,10.0,-1.0,0,test
CCOc1ccc(C(=O)NC2(C(=O)N[C@H](Cc3ccccc3)C(=O)NCC3CCN(CC4CCOCC4)CC3)CCCC2)cc1,3.981,-0.599992177584098,0,train
CCCCOc1cccc(C(=O)NC2(C(=O)N[C@H](Cc3ccccc3)C(=O)NCC3CCN(CC4CCOCC4)CC3)CCCC2)c1,3.981,-0.599992177584098,0,train
CCCOc1cccc(C(=O)NC2(C(=O)N[C@H](Cc3ccccc3)C(=O)NCC3CCN(CC4CCOCC4)CC3)CCCC2)c1,5.011999999999999,-0.7000110623221123,0,test
CCOc1cccc(C(=O)NC2(C(=O)N[C@H](Cc3ccccc3)C(=O)NCC3CCN(CC4CCOCC4)CC3)CCCC2)c1,19.95,-1.299942900022767,1,train
Cc1ccc(-c2ccc(C(=O)NC3(C(=O)N[C@H](Cc4ccccc4)C(=O)NCC4CCN(CC5CCOCC5)CC4)CCCC3)cc2)cc1,0.3161999999999999,0.5000381344038098,0,train
CSCC[C@H](NC(=O)[C@H](CC(C)C)NC(=O)CNC(=O)[C@H](Cc1ccccc1)N(C)C(=O)[C@H](Cc1ccccc1)NC(=O)[C@H](Cc1ccccc1)NC(=O)[C@H](CC(=O)O)NC(=O)[C@H](Cc1cnc[nH]1)NC(=O)[C@H](CCSC)NC(=O)[C@@H](N)CC(=O)O)C(N)=O,1597.0000000000002,-3.203304916138483,0,train
CN(Cc1ccc(F)c(C(F)(F)F)c1)C(=O)C(C)(CCN1CCC(N2CCCC2=O)CC1)c1ccc(Cl)c(Cl)c1,108.59999999999997,-2.035829825252828,0,test
CC(=O)N(C)C1CCN(CCC(C)(C(=O)N(C)Cc2ccc(F)c(C(F)(F)F)c2)c2ccc(Cl)c(Cl)c2)CC1,515.2999999999998,-2.712060142461074,0,train
CC(=O)N(C)C1CCN(CCC(C)(C(=O)N(C)Cc2ccccc2Cl)c2ccc(Cl)c(Cl)c2)CC1,952.6,-2.978910577175572,0,train
Cc1ccc2cc(C(=O)NC3(C(=O)N[C@@H](CCCN4CCN(S(N)(=O)=O)CC4)Cc4ccccc4)CCCC3)sc2c1,0.631,0.1999706407558656,0,train
Cc1ccc2cc(C(=O)NC3(C(=O)N[C@@H](CCCN4CCN(C(=O)N5CCOCC5)CC4)Cc4ccccc4)CCCC3)sc2c1,0.3981,0.400007822415902,0,train
Cc1ccc2cc(C(=O)NC3(C(=O)N[C@@H](CCCN4CCN(S(=O)(=O)N5CCOCC5)CC4)Cc4ccccc4)CCCC3)sc2c1,0.5012,0.2999889376778876,0,train
Cc1ccc2cc(C(=O)NC3(C(=O)N[C@@H](CCCN4CCN(C(=O)C5CCOCC5)CC4)Cc4ccccc4)CCCC3)sc2c1,0.1,1.0,0,train
Cc1ccc2cc(C(=O)NC3(C(=O)N[C@@H](CCCN4CCN(C(=O)c5cccn5C)CC4)Cc4ccccc4)CCCC3)sc2c1,0.3981,0.400007822415902,0,train
CC/N=C(\N1CCOCC1)N1CCN(CCC[C@@H](Cc2ccccc2)NC(=O)C2(NC(=O)c3cc4ccc(C)cc4s3)CCCC2)CC1,0.7943,0.100015437450609,0,train
CCS(=O)(=O)N1CCN(CCC[C@@H](Cc2ccccc2)NC(=O)C2(NC(=O)c3cc4ccc(C)cc4s3)CCCC2)CC1,0.631,0.1999706407558656,0,test
Cc1ccc2cc(C(=O)NC3(C(=O)N[C@@H](CCCN4CCN(S(=O)(=O)C(C)C)CC4)Cc4ccccc4)CCCC3)sc2c1,0.5012,0.2999889376778876,0,train
Cc1ccc2cc(C(=O)NC3(C(=O)N[C@@H](CCCN4CCN(S(=O)(=O)N(C)C)CC4)Cc4ccccc4)CCCC3)sc2c1,0.3161999999999999,0.5000381344038098,0,train
Cc1ccc2cc(C(=O)NC3(C(=O)N[C@@H](CCCN4CCN(C=O)CC4)Cc4ccccc4)CCCC3)sc2c1,1.995,-0.2999429000227671,0,test
CCOCCCN1CCN(CCC[C@@H](Cc2ccccc2)NC(=O)C2(NC(=O)c3cc4ccc(C)cc4s3)CCCC2)CC1,0.3161999999999999,0.5000381344038098,0,train
Cc1ccc2cc(C(=O)NC3(C(=O)N[C@@H](CCCN4CCN(Cc5nnn(C)n5)CC4)Cc4ccccc4)CCCC3)sc2c1,0.3161999999999999,0.5000381344038098,0,train
Cc1ccc2cc(C(=O)NC3(C(=O)N[C@@H](CCCN4CCN(Cc5c[nH]cn5)CC4)Cc4ccccc4)CCCC3)sc2c1,1.0,-0.0,0,train
Cc1ccc2cc(C(=O)NC3(C(=O)N[C@@H](CCCN4CCN(Cc5ccoc5)CC4)Cc4ccccc4)CCCC3)sc2c1,0.1585,0.7999707334462297,0,train
Cc1ccc2cc(C(=O)NC3(C(=O)N[C@@H](CCCN4CCN(Cc5ccsc5)CC4)Cc4ccccc4)CCCC3)sc2c1,0.1585,0.7999707334462297,0,train
Cc1ccc2cc(C(=O)NC3(C(=O)N[C@@H](CCCN4CCN(Cc5cccs5)CC4)Cc4ccccc4)CCCC3)sc2c1,0.1585,0.7999707334462297,0,train
Cc1ccc2cc(C(=O)NC3(C(=O)N[C@@H](CCCN4CCN(Cc5ccncc5)CC4)Cc4ccccc4)CCCC3)sc2c1,0.2512,0.5999803649348415,0,train
Cc1ccc2cc(C(=O)NC3(C(=O)N[C@@H](CCCN4CCN(Cc5cccnc5)CC4)Cc4ccccc4)CCCC3)sc2c1,0.3161999999999999,0.5000381344038098,0,test
Cc1ccc2cc(C(=O)NC3(C(=O)N[C@@H](CCCN4CCN(Cc5ccccn5)CC4)Cc4ccccc4)CCCC3)sc2c1,0.1585,0.7999707334462297,0,train
Cc1ccc2cc(C(=O)NC3(C(=O)N[C@@H](CCCN4CCN(Cc5ccc(F)cc5)CC4)Cc4ccccc4)CCCC3)sc2c1,0.1259,0.8999742698921374,0,train
Cc1ccc2cc(C(=O)NC3(C(=O)N[C@@H](CCCN4CCN(c5ncccn5)CC4)Cc4ccccc4)CCCC3)sc2c1,0.7943,0.100015437450609,0,train
Cc1ccc2cc(C(=O)NC3(C(=O)N[C@@H](CCCN4CCN(c5ccccn5)CC4)Cc4ccccc4)CCCC3)sc2c1,0.631,0.1999706407558656,0,test
Cc1ccc2cc(C(=O)NC3(C(=O)N[C@@H](CCCN4CCN(C5CCOCC5)CC4)Cc4ccccc4)CCCC3)sc2c1,0.2512,0.5999803649348415,0,test
Cc1ccc2cc(C(=O)NC3(C(=O)N[C@@H](COCCC4CCN(CC5CCOCC5)CC4)Cc4ccccc4)CCCC3)sc2c1,0.5012,0.2999889376778876,0,train
Cc1ccc2cc(C(=O)NC3(C(=O)N[C@@H](COCC4CCN(CC5CCOCC5)CC4)Cc4ccccc4)CCCC3)sc2c1,0.631,0.1999706407558656,1,train
Cc1ccc2cc(C(=O)NC3(C(=O)N[C@@H](CCCC4CCN(CC5CCOCC5)CC4)Cc4ccccc4)CCCC3)sc2c1,0.1259,0.8999742698921374,0,train
Cc1ccc2cc(C(=O)NC3(C(=O)N[C@@H](CCN4CCN(CC5CCOCC5)CC4)Cc4ccccc4)CCCC3)sc2c1,15.850000000000003,-1.2000292665537704,1,train
Cc1ccc2cc(C(=O)NC3(C(=O)N[C@@H](/C=C/CN4CCN(CC5CCOCC5)CC4)Cc4ccccc4)CCCC3)sc2c1,0.5012,0.2999889376778876,0,train
Cc1ccc2cc(C(=O)NC3(C(=O)N[C@@H](CCCN4CCC(C(=O)N5CCOCC5)CC4)Cc4ccccc4)CCCC3)sc2c1,0.7943,0.100015437450609,1,train
Cc1ccc2cc(C(=O)NC3(C(=O)N[C@H](Cc4ccccc4)CN4CCN(CC5CCOCC5)CC4)CCCC3)sc2c1,1.995,-0.2999429000227671,0,test
Cc1ccc2cc(C(=O)NC3(C(=O)N[C@@H](CCN4CCN(C5CCOCC5)CC4)Cc4ccccc4)CCCC3)sc2c1,0.0794299999999999,1.100015437450609,1,train
Cc1ccc2cc(C(=O)NC3(C(=O)N[C@@H](CCCN4CCC(CCO)CC4)Cc4ccccc4)CCCC3)sc2c1,1.995,-0.2999429000227671,0,test
Cc1ccc2cc(C(=O)NC3(C(=O)N[C@@H](CCCN4CCC(N(C)C5CCOCC5)CC4)Cc4ccccc4)CCCC3)sc2c1,1.259,-0.1000257301078625,1,train
Cc1ccc2cc(C(=O)NC3(C(=O)N[C@@H](CCN4CCC(N(C)C5CCOCC5)CC4)Cc4ccccc4)CCCC3)sc2c1,0.3161999999999999,0.5000381344038098,0,train
Cc1ccc2cc(C(=O)NC3(C(=O)N[C@@H](CCCN4CCC(N5CCOCC5)CC4)Cc4ccccc4)CCCC3)sc2c1,0.5012,0.2999889376778876,0,train
Cc1ccc2cc(C(=O)NC3(C(=O)N[C@@H](CCN4CCC(N5CCOCC5)CC4)Cc4ccccc4)CCCC3)sc2c1,1.995,-0.2999429000227671,0,train
Cc1ccc2cc(C(=O)NC3(C(=O)N[C@@H](CCCN4CCC(CN5CCOCC5)CC4)Cc4ccccc4)CCCC3)sc2c1,1.0,-0.0,1,train
O=C(NC1(C(=O)N[C@@H](CCCN2CCN(CC3CCOCC3)CC2)Cc2ccccc2)CCCC1)c1cc2ccccc2s1,0.2512,0.5999803649348415,0,test
Cc1ccc2oc(C(=O)NC3(C(=O)N[C@@H](CCCN4CCN(CC5CCOCC5)CC4)Cc4ccccc4)CCCC3)cc2c1,0.3981,0.400007822415902,0,train
COc1ccc2oc(C(=O)NC3(C(=O)N[C@@H](CCCN4CCN(CC5CCOCC5)CC4)Cc4ccccc4)CCCC3)cc2c1,0.631,0.1999706407558656,1,train
O=C(NC1(C(=O)N[C@@H](CCCN2CCN(CC3CCOCC3)CC2)Cc2ccccc2)CCCC1)c1cc2cc(Cl)ccc2o1,0.2512,0.5999803649348415,0,test
O=C(NC1(C(=O)N[C@@H](CCCN2CCN(CC3CCOCC3)CC2)Cc2ccccc2)CCCC1)c1cc2ccccc2o1,0.631,0.1999706407558656,0,train
O=C(NC1(C(=O)N[C@@H](CCCN2CCN(CC3CCOCC3)CC2)Cc2ccccc2)CCCC1)c1ccc(-c2ccccc2)cc1,0.5012,0.2999889376778876,0,train
Cc1ccc(-c2ccc(C(=O)NC3(C(=O)N[C@@H](CCCN4CCN(CC5CCOCC5)CC4)Cc4ccccc4)CCCC3)cc2)cc1,0.631,0.1999706407558656,1,test
O=C(NC1(C(=O)N[C@@H](Cc2ccccc2)C(=O)NCC2CCN(CC3CCOCC3)CC2)CCCC1)c1ccc(-n2cccc2)cc1,0.2343999999999999,0.630042392653947,0,train
O=C(NC1(C(=O)N[C@@H](Cc2ccccc2)C(=O)NCC2CCN(CC3CCOCC3)CC2)CCCC1)c1ccc(-n2cccc2)cc1Cl,3.981,-0.599992177584098,0,test
O=C(NC1(C(=O)N[C@@H](Cc2ccccc2)C(=O)NCC2CCN(CC3CCOCC3)CC2)CCCC1)c1ccc(-n2cccc2)cc1F,3.236,-0.5100085129402347,0,train
O=C(NC1(C(=O)N[C@H](CCCN2CCN(CC3CCOCC3)CC2)Cc2ccccc2)CCCC1)c1cc2ccccc2cn1,2.042,-0.3100557377508914,0,train
COc1cc2ccccc2cc1C(=O)NC1(C(=O)N[C@H](CCCN2CCN(CC3CCOCC3)CC2)Cc2ccccc2)CCCC1,8.318,-0.9200189160289148,0,train
COc1c(C(=O)NC2(C(=O)N[C@H](CCCN3CCN(CC4CCOCC4)CC3)Cc3ccccc3)CCCC2)ccc2ccccc12,44.67,-1.6500159524718383,0,train
CC(=O)NC1(c2ccccc2)CCN(C[C@@H]2C[C@@]2(C(=O)N(C)Cc2ccccc2)c2ccc(Cl)c(Cl)c2)CC1,88.00000000000001,-1.944482672150169,0,train
CN(Cc1ccc(F)cc1)C(=O)[C@@]1(c2ccc(Cl)c(Cl)c2)C[C@H]1CN1CCN(S(=O)(=O)N(C)C)CC1,75.00000000000001,-1.8750612633917,0,train
COc1ccccc1N1CCN(C(=O)c2cc(-c3ccccc3)n[nH]2)CC1,12000.000000000007,-4.079181246047625,0,train
COc1ccccc1N1CCN(C(=O)c2cc(-c3ccc(Cl)cc3)n[nH]2)CC1,8000.000000000004,-3.903089986991944,0,train
COc1ccccc1CN1CCN(C(=O)c2cc(-c3ccc(Cl)cc3)n[nH]2)CC1,19000.0,-4.278753600952829,0,test
COc1ccccc1N1CCN(C(=O)c2cc(-c3ccc(Cl)cc3)nn2C)CC1,10000.0,-4.0,0,train
COc1ccccc1N1CCN(C(=O)c2cc(-c3ccc(Cl)cc3)n(C)n2)CC1,13000.000000000004,-4.113943352306837,0,train
Oc1c(Cl)cc(Cl)cc1Sc1cc(Cl)cc(Cl)c1O,1553.0000000000005,-3.191171455728558,0,test
COc1ccc(CCN2CCC(Nc3nc4ccccc4n3Cc3ccc(F)cc3)CC2)cc1,995.0000000000002,-2.9978230807457256,0,train
CCCCCCCCCc1ccc(O)cc1,1505.0000000000005,-3.1775364999298623,0,train
CCCCCCCCc1ccc(O)cc1,5809.999999999999,-3.76417613239033,0,train
CCCCc1oc2ccccc2c1C(=O)c1cc(I)c(OCCN(CC)CC)c(I)c1,6437.999999999996,-3.8087509723495945,0,train
O=c1cc(-c2ccccc2)oc2c1ccc1ccccc12,1949.0,-3.289811839117621,0,train
Clc1cc(Cl)c(OCC#CI)cc1Cl,491.0000000000002,-2.6910814921229687,0,train
CC(C)(C)c1ccc(C(=O)CCCN2CCC(OC(c3ccccc3)c3ccccc3)CC2)cc1,644.3,-2.8090881313463463,0,train
Clc1ccc(COC(Cn2ccnc2)c2ccc(Cl)cc2Cl)cc1,2011.0000000000005,-3.303412070596742,0,test
Oc1c(Cl)cc(Cl)c(Cl)c1Cc1c(O)c(Cl)cc(Cl)c1Cl,1379.7000000000005,-3.1397846642937,0,train
OCCN1CCN(CCCN2c3ccccc3Sc3ccc(C(F)(F)F)cc32)CC1,7494.999999999998,-3.874771637184298,0,train
CN(CCOc1ccc(C[C@H](Nc2ccccc2C(=O)c2ccccc2)C(=O)O)cc1)c1ccccn1,4836.0,-3.6844862921887342,0,train
CC1(COc2ccc(CC3SC(=O)NC3=O)cc2)CCCCC1,4192.0,-3.6224212739756703,0,train
Clc1ccccc1C(c1ccccc1)(c1ccccc1)n1ccnc1,3382.999999999999,-3.5293019977879805,0,test
CC/C(=C(/CC)c1ccc(O)cc1)c1ccc(O)cc1,3183.9999999999995,-3.5029730590656314,0,test
CCN(CC)CCOc1ccc(/C(=C(/Cl)c2ccccc2)c2ccccc2)cc1,1507.9999999999995,-3.178401341533755,0,train
C/C=C/C[C@@H](C)[C@@H](O)[C@H]1C(=O)N[C@@H](CC)C(=O)N(C)CC(=O)N(C)[C@@H](CC(C)C)C(=O)N[C@@H](C(C)C)C(=O)N(C)[C@@H](CC(C)C)C(=O)N[C@@H](C)C(=O)N[C@H](C)C(=O)N(C)[C@@H](CC(C)C)C(=O)N(C)[C@@H](CC(C)C)C(=O)N(C)[C@@H](C(C)C)C(=O)N1C,1379.9999999999998,-3.1398790864012365,0,train
CN(C)CCCN1c2ccccc2Sc2ccc(Cl)cc21,9065.000000000002,-3.957367808431528,0,train
C#C[C@]1(O)CC[C@H]2[C@@H]3CCC4=Cc5oncc5C[C@]4(C)[C@H]3CC[C@@]21C,8860.0,-3.9474337218870503,0,train
CC(=O)O[C@H]1C(=O)[C@@]2(C)[C@H]([C@H](OC(=O)c3ccccc3)[C@]3(O)C[C@H](OC(=O)[C@H](O)[C@@H](NC(=O)c4ccccc4)c4ccccc4)C(C)=C1C3(C)C)[C@]1(OC(C)=O)CO[C@@H]1C[C@@H]2O,2041.999999999999,-3.3100557377508912,0,test
Clc1ccc(CO/N=C(\Cn2ccnc2)c2ccc(Cl)cc2Cl)c(Cl)c1,1073.9000000000003,-3.0309638423782754,0,train
Cc1c(O)cccc1C(=O)N[C@@H](CSc1ccccc1)[C@H](O)CN1C[C@H]2CCCC[C@H]2C[C@H]1C(=O)NC(C)(C)C,9793.0,-3.990915754506085,0,train
CC[C@H](C)C(=O)O[C@H]1C[C@@H](C)C=C2C=C[C@H](C)[C@H](CC[C@@H]3C[C@@H](O)CC(=O)O3)[C@H]21,9407.999999999996,-3.973497308732063,0,train
Clc1ccc(COC(Cn2ccnc2)c2ccc(Cl)cc2Cl)c(Cl)c1,1613.0000000000002,-3.2076343673889616,0,train
CN1C[C@H](CNC(=O)OCc2ccccc2)C[C@@H]2c3cccc4c3c(cn4C)C[C@H]21,1356.999999999999,-3.132579847659737,0,train
CC[C@H](C)[C@@H](CO[C@@H](Cc1ccccc1)C(=O)N[C@@H](CCS(C)(=O)=O)C(=O)OC(C)C)NC[C@@H](N)CS,536.0000000000002,-2.72916478969277,0,train
CC(C)(O)c1ccccc1CC[C@@H](SCC1(CC(=O)O)CC1)c1cccc(/C=C/c2ccc3ccc(Cl)cc3n2)c1,1274.0,-3.105169427999332,0,test
CC(C)(C)NC(=O)[C@@H]1CN(Cc2cccnc2)CCN1C[C@@H](O)C[C@@H](Cc1ccccc1)C(=O)N[C@H]1c2ccccc2C[C@H]1O,1700.000000000001,-3.230448921378274,0,train
CC(=O)N1CCN(c2ccc(OCC3COC(Cn4ccnc4)(c4ccc(Cl)cc4Cl)O3)cc2)CC1,5747.999999999998,-3.759516759462188,0,train
CCC1=C[C@@H]2CN(C1)Cc1c([nH]c3ccccc13)[C@@](C(=O)OC)(c1cc3c(cc1OC)N(C)[C@H]1[C@@](O)(C(=O)OC)[C@H](OC(C)=O)[C@]4(CC)C=CCN5CC[C@]31[C@@H]54)C2,535.5499999999997,-2.728800023646677,0,test
CC/C(=C(\c1ccccc1)c1ccc(OCCN(C)C)cc1)c1ccccc1,1223.0,-3.087426457036285,0,test
Clc1ccc(CSC(Cn2ccnc2)c2ccc(Cl)cc2Cl)cc1,1653.0000000000002,-3.2182728535714475,0,train
CC(C)c1nc(CN(C)C(=O)N[C@H](C(=O)N[C@@H](Cc2ccccc2)C[C@H](O)[C@H](Cc2ccccc2)NC(=O)OCc2cncs2)C(C)C)cs1,874.0000000000003,-2.941511432634403,0,train
CCCCCCCCN[C@H](C)[C@@H](O)c1ccc(SC(C)C)cc1,2264.3,-3.354933966559147,0,test
CC(C)(C)NC(=O)[C@@H]1C[C@@H]2CCCC[C@@H]2CN1C[C@@H](O)[C@H](Cc1ccccc1)NC(=O)[C@H](CC(N)=O)NC(=O)c1ccc2ccccc2n1,2071.0000000000005,-3.3161800988934527,0,test
CC(C)(C)c1ccc(C(O)CCCN2CCC(C(O)(c3ccccc3)c3ccccc3)CC2)cc1,892.0000000000002,-2.950364854376123,0,train
O=C(c1ccc(OCCN2CCCCC2)cc1)c1c(-c2ccc(O)cc2)sc2cc(O)ccc12,1330.0,-3.123851640967086,0,train
COC(=O)C1=C2CCC(C(=O)N[C@@H](CCc3c[nH]c4ccccc34)C(=O)N(C)Cc3ccccc3)N2C(=O)C(NC(=O)OCc2ccccc2)C1,100000.0,-5.0,0,train
CCCC[C@H](NC(=O)[C@H](CC(C)C)NC(=O)CNC(=O)[C@@H](NC(=O)[C@H](Cc1ccccc1)NC(=O)[C@H](CO)NC(=O)[C@@H](N)CC(=O)O)C(C)C)C(N)=O,5.000000000000001,-0.6989700043360189,0,train
CCCC[C@H](NC(=O)[C@H](CC(C)C)NC(=O)CNC(=O)C(CCNc1ccc([N+](=O)[O-])c2nonc12)NC(=O)[C@H](Cc1ccccc1)NC(=O)[C@H](CO)NC(=O)[C@H](CC(=O)O)NC(C)=O)C(N)=O,1949.84,-3.289998975481485,0,train
CSCC[C@H](NC(=O)[C@H](CC(C)C)NC(=O)CNC(=O)[C@@H](NC(=O)[C@H](Cc1ccccc1)NC(=O)[C@H](CO)NC(=O)[C@H](CC(=O)O)NC(=O)[C@@H](NC(=O)[C@H](CCCCN)NC(=O)[C@H](Cc1cnc[nH]1)Nc1ccc([N+](=O)[O-])c2nonc12)[C@@H](C)O)C(C)C)C(N)=O,5.888,-0.7699678013294424,0,train
CCCC[C@H](NC(=O)[C@H](CC(C)C)NC(=O)CNC(=O)[C@@H](NC(=O)[C@H](Cc1ccccc1)NC(=O)[C@H](CO)NC(=O)[C@H](CC(=O)O)Nc1ccc([N+](=O)[O-])c2nonc12)C(C)C)C(N)=O,8.318,-0.9200189160289148,0,train
CCCC[C@H](NC(=O)[C@@H]1CCCN1C(=O)[C@H]1CCCN1C(=O)[C@H](Cc1ccccc1)NC(=O)[C@@H](Cc1c[nH]c2ccccc12)NC(=O)[C@H](C)NC(=O)[C@H](CCCCNCC(=O)Nc1ccc([N+](=O)[O-])c2nonc12)NC(=O)c1ccccc1)C(N)=O,1.585,-0.2000292665537703,0,train
CCCC[C@H](NC(=O)[C@@H]1CCCN1C(=O)[C@@H](Cc1ccccc1)NC(=O)[C@H](Cc1ccccc1)NC(=O)[C@@H](Cc1c[nH]c2ccccc12)NC(=O)[C@H](C)NC(=O)[C@H](CCCCNc1ccc([N+](=O)[O-])c2nonc12)NC(=O)c1ccccc1)C(N)=O,1.479,-0.1699681739968924,0,test
CCCC[C@H](NC(=O)[C@@H]1CCCN1C(=O)[C@H]1CCCN1C(=O)[C@H](Cc1ccccc1)NC(=O)[C@@H](Cc1c[nH]c2ccccc12)NC(=O)[C@H](C)NC(=O)[C@H](CCCNc1ccc([N+](=O)[O-])c2nonc12)NC(=O)c1ccccc1)C(N)=O,1.445,-0.1598678470925666,0,test
CCCC[C@H](NC(=O)[C@@H]1CCCN1C(=O)[C@H]1CCCN1C(=O)[C@H](Cc1ccccc1)NC(=O)[C@@H](Cc1c[nH]c2ccccc12)NC(=O)[C@H](C)NC(=O)C(CCNc1ccc([N+](=O)[O-])c2nonc12)NC(=O)c1ccccc1)C(N)=O,1.349,-0.1300119496719042,0,train
C[C@@H]1c2nnc(-c3csc(-c4ccc(F)cc4F)n3)n2CCN1C(=O)c1ccc(-c2cccs2)cc1,794.3299999999999,-2.900000965153469,0,test
CC(C)c1nc(-c2nnc3n2CCN(C(=O)c2ccc(-c4cccs4)cc2)[C@@H]3C)co1,10000.0,-4.0,0,train
Cc1nsc(-c2nnc3n2CCN(C(=O)c2ccc(-c4cccs4)cc2)[C@@H]3C)n1,12589.25,-4.099999857942367,0,test
Cc1nsc(-c2nnc3n2CCN(C(=O)c2cc(F)c(F)c(F)c2)[C@@H]3C)n1,35999.99999999996,-4.556302500767287,0,train
Cc1nsc(-c2nnc3n2CCN(C(=O)c2cc(F)c(F)c(F)c2F)[C@@H]3C)n1,49000.00000000002,-4.690196080028514,0,train
Cc1nsc(-c2nnc3n2CCN(C(=O)c2cccc(Cl)c2)[C@@H]3C)n1,37000.0,-4.568201724066995,0,train
CCc1noc(-c2nnc3n2CCN(C(=O)c2ccc(-c4cccs4)cc2)[C@@H]3C)n1,32000.000000000025,-4.505149978319906,0,train
C[C@@H]1c2nnc(-c3csc(N(C)C)n3)n2CCN1C(=O)c1ccc(-c2cccs2)cc1,9950.000000000002,-3.9978230807457256,0,train
Cc1cccc(-c2nnc3n2CCN(C(=O)c2ccc(-c4cccs4)cc2)[C@@H]3C)n1,5930.0,-3.773054693364263,0,train
CCCCC(NC(=O)[C@H](CC(C)C)NC(=O)CNC(=O)[C@@H](NC(=O)[C@H](Cc1ccccc1)NC(=O)[C@H](CO)NC(=O)[C@@H](N)CC(=O)O)C(C)C)C(=O)O,2.0,-0.3010299956639812,0,train
CNC(=O)C[C@H]1CCCN(C2CCN(CC[C@@H](/C(CN(C)C(=O)c3cc(Cl)cc(Cl)c3)=N/OC)c3ccc(Cl)c(Cl)c3)CC2)C1,0.4,0.3979400086720376,0,test
CC(C)CCO[C@@H]1[C@H]2OC(C)(C)O[C@H]2[C@H]2Cn3cc(nn3)COCCCCCCN(CCc3ccc4ccccc4c3)CC[C@H]1O2,140.00000000000006,-2.146128035678238,1,train
CC(C)CCO[C@@H]1[C@H]2OC(C)(C)O[C@H]2[C@H]2COCc3cn(nn3)C[C@H]3O[C@H](CCN(CCc4ccc5ccccc5c4)CC[C@H]1O2)[C@H](OCCC(C)C)[C@H]1OC(C)(C)O[C@H]13,1600.000000000001,-3.204119982655925,1,train
CCS(=O)(=O)[C@]1(C)CC[C@@](CF)(c2cc(NC(=O)c3cc4c(cn3)OC(F)(F)O4)ccc2F)N=C1N,1199.9999999999995,-3.0791812460476247,0,train
Clc1cc2c(NC3CCCC3)nnc(-c3ccncc3)c2cc1Cl,4100.0,-3.612783856719736,0,test
