smiles,exp_mean [nM],y,cliff_mol,split
CNC(=O)[C@@H](NC(=O)[C@H](CCCc1ccccc1)[C@@](C)(O)C(=O)NO)C(C)(C)C,12.999999999999998,-1.1139433523068367,0,train
CNC(=O)[C@H](Cc1ccccc1)NC(=O)[C@H](CCCOCc1ccccc1)CC(=O)NO,43.000000000000014,-1.6334684555795866,0,train
CC(C)(C)[C@H](NC(=O)[C@H](CCCCOc1ccc(Cl)cc1)CC(=O)NO)C(=O)NCCc1ccccn1,6.0,-0.7781512503836436,0,train
CNC(=O)[C@H](Cc1ccc(OC)cc1)NC(=O)[C@H](Cc1ccccc1)[C@@](C)(O)C(=O)NO,526.0000000000002,-2.7209857441537397,1,train
CNC(=O)[C@H](Cc1ccccc1)NC(=O)[C@H](CCCCCOCc1ccccc1)CC(=O)NO,19.025,-1.2793246654426105,0,test
CNC(=O)[C@H](Cc1ccccc1)NC(=O)[C@H](CCCC(=O)NCCc1ccccc1)CC(=O)NO,6.0,-0.7781512503836436,1,test
CNC(=O)[C@H](Cc1ccccc1)NC(=O)[C@H](CCCCOCc1ccccc1)CC(=O)NO,15.000000000000004,-1.1760912590556811,0,train
CNC(=O)[C@@H](NC(=O)[C@H](CCCCOc1cccc(C)c1)CC(=O)NO)C(C)(C)C,54.000000000000014,-1.7323937598229686,0,train
CNC(=O)[C@H](Cc1ccc(OC)cc1)NC(=O)[C@H](CC(C)C)[C@@](C)(O)C(=O)NO,12.999999999999998,-1.1139433523068367,0,train
CNC(=O)[C@H](Cc1ccc(OC)cc1)NC(=O)[C@H](CCc1ccccc1)[C@@](C)(O)C(=O)NO,25.000000000000007,-1.3979400086720375,1,train
CC(C)(C)OC(=O)[C@H](Cc1ccccc1)NC(=O)[C@H](CCCc1ccccc1)[C@@](C)(O)C(=O)NO,100.0,-2.0,0,train
CNC(=O)[C@H](Cc1ccccc1)NC(=O)[C@H](CCCCO)CC(=O)NO,2199.9999999999995,-3.342422680822206,0,train
CNC(=O)[C@@H](NC(=O)[C@H](CCCCOc1ccc(C)cc1)CC(=O)NO)C(C)(C)C,17.0,-1.230448921378274,0,train
CNC(=O)[C@@H](NC(=O)[C@H](CCCCOc1cccc(Cl)c1)CC(=O)NO)C(C)(C)C,111.99999999999996,-2.049218022670181,1,train
CCCNC(=O)CCC[C@H](CC(=O)NO)C(=O)N[C@@H](Cc1ccccc1)C(=O)NC,360.0,-2.5563025007672877,0,train
CC(C)(C)[C@H](NC(=O)[C@H](CCCCOc1ccc(Cl)cc1)CC(=O)NO)C(=O)NCCN1CCCC1,5.000000000000001,-0.6989700043360189,0,train
CCCCCc1ccc(OCCCC[C@H](CC(=O)NO)C(=O)N[C@H](C(=O)NC)C(C)(C)C)cc1,13.999999999999998,-1.146128035678238,0,train
CNC(=O)[C@@H](NC(=O)[C@H](CCCCOc1ccc(Cl)c(Cl)c1)CC(=O)NO)C(C)(C)C,62.0,-1.792391689498254,0,train
CC(C)(C)[C@H](NC(=O)[C@H](CCCCOc1ccccc1)CC(=O)NO)C(=O)NCCC(=O)O,3.0,-0.4771212547196624,0,test
C[C@@H](NC(=O)[C@H](CCCCN)NC(=O)[C@H](CCCc1ccccc1)[C@@](C)(O)C(=O)NO)c1ccccc1,168.0,-2.225309281725863,0,train
CNC(=O)[C@@H](NC(=O)[C@H](CCCCOc1ccc(C(C)C)cc1)CC(=O)NO)C(C)(C)C,12.000000000000002,-1.0791812460476249,0,test
CNC(=O)[C@H](Cc1ccc(OC)cc1)NC(=O)[C@H](CCCc1ccccc1)[C@@](C)(O)C(=O)NO,3.0,-0.4771212547196624,1,test
C[C@](O)(C(=O)NO)[C@@H](CCCc1ccccc1)C(=O)N[C@@H](CCCCN)C(=O)NCCc1ccccc1,28.0,-1.4471580313422192,0,train
CC(C)(C)[C@H](NC(=O)[C@H](CCCCOc1ccc(Cl)cc1)CC(=O)NO)C(=O)NCCc1ccccc1,5.000000000000001,-0.6989700043360189,0,train
CNC(=O)[C@H](CCCCN)NC(=O)[C@H](CCCc1ccccc1)[C@@](C)(O)C(=O)NO,32.00000000000001,-1.505149978319906,0,train
CNC(=O)[C@H](CCCNC(=O)N1CCOCC1)NC(=O)[C@H](CCCc1ccccc1)[C@@](C)(O)C(=O)NO,70.00000000000001,-1.845098040014257,0,train
C[C@](O)(C(=O)NO)[C@@H](CCCc1ccccc1)C(=O)N[C@@H](Cc1ccccc1)C(=O)O,25.000000000000007,-1.3979400086720375,0,train
CNC(=O)[C@H](Cc1ccccc1)NC(=O)[C@H](CCCCCO)CC(=O)NO,430.0000000000001,-2.633468455579586,0,train
CNC(=O)[C@H](CCCNC(=O)OC(C)(C)C)NC(=O)[C@H](CCCc1ccccc1)[C@@](C)(O)C(=O)NO,12.999999999999998,-1.1139433523068367,0,train
CNC(=O)[C@@H](NC(=O)[C@H](CCCCOc1ccccc1)CC(=O)NO)C(C)(C)C,6.0,-0.7781512503836436,1,train
CCCc1ccc(OCCCC[C@H](CC(=O)NO)C(=O)N[C@H](C(=O)NC)C(C)(C)C)cc1,10.999999999999996,-1.041392685158225,0,train
CNC(=O)[C@@H](NC(=O)[C@H](CCCCOc1ccc(F)cc1)CC(=O)NO)C(C)(C)C,37.99999999999999,-1.57978359661681,0,test
C[C@](O)(C(=O)NO)[C@@H](CCCc1ccccc1)C(=O)N[C@@H](Cc1ccccc1)C(=O)N[C@H](O)c1ccccc1,7.0,-0.8450980400142568,0,test
CNC(=O)[C@H](Cc1ccccc1)NC(=O)[C@H](CCCC(=O)NCc1ccccc1)CC(=O)NO,92.0,-1.9637878273455556,1,train
CCCC(=O)NCCCC[C@H](CC(=O)NO)C(=O)N[C@@H](Cc1ccccc1)C(=O)NC,703.9750000000003,-2.8475572364789987,0,train
CNC(=O)[C@H](Cc1ccccc1)NC(=O)[C@H](CCCCOc1ccccc1)CC(=O)NO,28.0,-1.4471580313422192,0,train
CNC(=O)[C@@H](NC(=O)[C@H](CCCCOc1ccc(Cl)cc1)CC(=O)NO)C(C)(C)C,9.0,-0.9542425094393248,1,test
CNC(=O)[C@H](CCCNS(=O)(=O)N(C)C)NC(=O)[C@H](CCCc1ccccc1)[C@@](C)(O)C(=O)NO,23.999999999999996,-1.380211241711606,0,train
CNC(=O)[C@H](CCCN)NC(=O)[C@H](CCCc1ccccc1)[C@@](C)(O)C(=O)NO,102.99999999999996,-2.012837224705172,0,train
CC(C)(C)[C@H](NC(=O)[C@H](CCCCOc1ccccc1)CC(=O)NO)C(=O)NCCCC(=O)O,2.0,-0.3010299956639812,0,train
CNC(=O)[C@H](Cc1ccccc1)NC(=O)[C@@H](CC(=O)NO)CC(C)C,79.14333333333335,-1.898414337789837,1,train
CNC(=O)[C@@H](NC(=O)[C@H](CCCCOc1ccc(OC)cc1)CC(=O)NO)C(C)(C)C,40.99999999999999,-1.6127838567197357,0,train
CNC(=O)[C@@H](NC(=O)[C@H](CCCCOc1ccc(C(C)(C)C)cc1)CC(=O)NO)C(C)(C)C,16.0,-1.2041199826559248,0,train
CNC(=O)[C@H](Cc1ccccc1)NC(=O)[C@H](CCCCCOc1ccccc1)CC(=O)NO,13.999999999999998,-1.146128035678238,0,train
CNC(=O)[C@@H](NC(=O)[C@H](CCCCOc1cccc(OC)c1)CC(=O)NO)C(C)(C)C,64.99999999999999,-1.8129133566428557,1,train
CCCC[C@@H](C[C@@H](CCc1ccc(-c2ccc(C(=O)NC)cc2)cc1)C(=O)N[C@H](C(=O)NC)C(C)(C)C)C(=O)O,48.99999999999999,-1.6901960800285136,1,train
CCCC[C@@H](C[C@@H](CCc1ccc(/C=C/c2ccccc2)cc1)C(=O)N[C@H](C(=O)NC)C(C)(C)C)C(=O)O,64.99999999999999,-1.8129133566428557,1,train
CCCC[C@@H](C[C@@H](CCc1cccc(-c2ccccc2)c1)C(=O)N[C@H](C(=O)NC)C(C)(C)C)C(=O)O,1500.0000000000005,-3.1760912590556813,1,train
CCCC[C@@H](C[C@@H](CCc1ccc(-c2ccc3ccccc3c2)cc1)C(=O)N[C@H](C(=O)NC)C(C)(C)C)C(=O)O,119.99999999999996,-2.0791812460476247,1,train
CCCC[C@@H](C[C@@H](CCc1ccc(-c2ccc(SC)cc2)cc1)C(=O)N[C@H](C(=O)NC)C(C)(C)C)C(=O)O,5.000000000000001,-0.6989700043360189,1,train
CCCC[C@@H](C[C@@H](CCc1ccc(-c2ccc(-c3nn[nH]n3)cc2)cc1)C(=O)N[C@H](C(=O)NC)C(C)(C)C)C(=O)O,350.0,-2.544068044350276,1,train
CCCC[C@@H](C[C@@H](CCc1ccc(-c2ccc(Cl)cc2Cl)cc1)C(=O)N[C@H](C(=O)NC)C(C)(C)C)C(=O)O,12.000000000000002,-1.0791812460476249,1,train
CCCC[C@@H](C[C@@H](CCc1ccc(-c2c(C)cccc2C)cc1)C(=O)N[C@H](C(=O)NC)C(C)(C)C)C(=O)O,1199.9999999999995,-3.0791812460476247,1,test
CCCC[C@@H](C[C@@H](CCc1ccc(-c2ccc(C(=O)OC)cc2)cc1)C(=O)N[C@H](C(=O)NC)C(C)(C)C)C(=O)O,31.0,-1.4913616938342726,1,train
CCCC[C@@H](C[C@@H](CCc1ccc(-c2ccc(C(=O)N(C)C)cc2)cc1)C(=O)N[C@H](C(=O)NC)C(C)(C)C)C(=O)O,40.000000000000014,-1.6020599913279625,1,train
CCCC[C@@H](C[C@@H](CCc1ccc(Oc2ccccc2)cc1)C(=O)N[C@H](C(=O)NC)C(C)(C)C)C(=O)O,200.00000000000003,-2.3010299956639813,1,test
CCCC[C@@H](C[C@@H](CCc1ccc(-c2ccccc2S(=O)(=O)NC(C)(C)C)cc1)C(=O)N[C@H](C(=O)NC)C(C)(C)C)C(=O)O,10.0,-1.0,0,test
C[C@@H](N[C@@H](CCc1ccccc1)C(=O)N[C@@H](CCCNC(=N)N)C(=O)Nc1ccccc1)C(=O)O,230.00000000000009,-2.361727836017593,0,test
CCCC[C@@H](C[C@@H](CCc1ccc(CCC)cc1)C(=O)N[C@H](C(=O)Nc1ccncc1)C(C)(C)C)C(=O)O,10.999999999999996,-1.041392685158225,0,train
CCCC[C@@H](C[C@@H](CCc1ccc(-c2ccc(Cl)cc2)cc1)C(=O)N[C@H](C(=O)NC)C(C)(C)C)C(=O)O,12.999999999999998,-1.1139433523068367,1,test
CCCc1ccc(CC[C@H](C[C@H](C)C(=O)O)C(=O)N[C@@H](CC(C)C)C(=O)Nc2ccccc2)cc1,68.00000000000001,-1.8325089127062364,0,test
CCCC[C@@H](C[C@@H](CCc1ccc(Cc2ccccc2)cc1)C(=O)N[C@H](C(=O)Nc1ccccc1)C(C)(C)C)C(=O)O,1400.0000000000005,-3.146128035678238,1,train
CCCC[C@@H](C[C@@H](CCc1ccc(-c2ccc(F)cc2)cc1)C(=O)N[C@H](C(=O)NC)C(C)(C)C)C(=O)O,10.0,-1.0,1,train
CCCC[C@@H](C[C@@H](CCc1ccccc1)C(=O)N[C@H](C(=O)NC)C(C)(C)C)C(=O)O,3800.0,-3.57978359661681,1,train
CC(C)C[C@H](NC(=O)[C@H](CCc1ccc(-c2ccc(F)cc2)cc1)C[C@H](C)C(=O)O)C(=O)Nc1ccccc1,37.99999999999999,-1.57978359661681,0,train
CCCC[C@@H](C[C@@H](CCc1ccc(-c2ccc(C=O)cc2)cc1)C(=O)N[C@H](C(=O)NC)C(C)(C)C)C(=O)O,15.000000000000004,-1.1760912590556811,1,train
CC(C)C[C@H](NC(=O)[C@H](CCc1ccc(-c2ccccc2)cc1)C[C@H](C)C(=O)O)C(=O)Nc1ccccc1,82.0,-1.9138138523837167,0,train
CCCC[C@@H](C[C@@H](CCc1ccc(-c2ccc(F)cc2)cc1)C(=O)N[C@H](C(=O)Nc1ccncc1)C(C)(C)C)C(=O)O,2.0,-0.3010299956639812,1,train
CCCC[C@@H](C[C@@H](CCc1ccc(-c2cccc3ccccc23)cc1)C(=O)N[C@H](C(=O)NC)C(C)(C)C)C(=O)O,2000.0,-3.3010299956639813,1,test
CCCC[C@@H](C[C@@H](CCc1ccc(C2CCCCCC2)cc1)C(=O)N[C@H](C(=O)NC)C(C)(C)C)C(=O)O,95.0,-1.977723605288848,1,train
CCCC[C@@H](C[C@@H](CCc1ccc(-c2ccc(C(=O)O)cc2)cc1)C(=O)N[C@H](C(=O)NC)C(C)(C)C)C(=O)O,689.9999999999999,-2.838849090737255,1,train
CCCC[C@@H](C[C@@H](CCc1ccc(-c2ccc(C(N)=O)cc2)cc1)C(=O)N[C@H](C(=O)NC)C(C)(C)C)C(=O)O,23.999999999999996,-1.380211241711606,1,test
CCCC[C@@H](C[C@@H](CCc1ccc(-c2ccc(Br)cc2)cc1)C(=O)N[C@H](C(=O)NC)C(C)(C)C)C(=O)O,10.999999999999996,-1.041392685158225,1,train
CCCC[C@@H](C[C@@H](CCc1cccc(-c2ccsc2)c1)C(=O)N[C@H](C(=O)NC)C(C)(C)C)C(=O)O,15.000000000000004,-1.1760912590556811,1,test
CCCC[C@@H](C[C@@H](CCc1ccc(-c2ccc(F)cc2)cc1)C(=O)N[C@H](C(=O)Nc1ccccc1)C(C)(C)C)C(=O)O,4.0,-0.6020599913279624,1,test
CCCC[C@@H](C[C@@H](CCc1ccc(-c2ccc([S+](C)O)cc2)cc1)C(=O)N[C@H](C(=O)NC)C(C)(C)C)C(=O)O,52.00000000000001,-1.7160033436347992,1,train
CCCC[C@@H](C[C@@H](CCc1ccc(-c2ccc(-c3ccccc3)cc2)cc1)C(=O)N[C@H](C(=O)NC)C(C)(C)C)C(=O)O,38.99999999999999,-1.591064607026499,1,train
CCCC[C@@H](C[C@@H](CCc1ccc(-c2cccc(F)c2)cc1)C(=O)N[C@H](C(=O)NC)C(C)(C)C)C(=O)O,21.0,-1.3222192947339193,1,train
CCCC[C@@H](C[C@@H](CCc1ccc(-c2ccccc2F)cc1)C(=O)N[C@H](C(=O)NC)C(C)(C)C)C(=O)O,10.999999999999996,-1.041392685158225,1,train
CCCC[C@@H](C[C@@H](CCc1ccc(OCc2ccccc2)cc1)C(=O)N[C@H](C(=O)NC)C(C)(C)C)C(=O)O,74.00000000000001,-1.869231719730976,1,train
CCCC[C@@H](C[C@@H](CCc1ccc(-c2ccccc2S(N)(=O)=O)cc1)C(=O)N[C@H](C(=O)NC)C(C)(C)C)C(=O)O,9400.000000000002,-3.9731278535996983,1,train
CC(C)C[C@H](NC(=O)[C@H](CCc1ccc(-c2ccc(F)cc2)cc1)C[C@H](CCCCN1Cc2ccccc2C1=O)C(=O)O)C(=O)Nc1ccccc1,2.0,-0.3010299956639812,0,train
CCCC[C@@H](C[C@@H](CCc1ccc(-c2ccc(C(F)(F)F)cc2)cc1)C(=O)N[C@H](C(=O)NC)C(C)(C)C)C(=O)O,37.0,-1.568201724066995,1,train
CCCC[C@@H](C[C@@H](CCc1ccc(-c2ccc(F)c(Cl)c2)cc1)C(=O)N[C@H](C(=O)NC)C(C)(C)C)C(=O)O,19.0,-1.2787536009528289,1,train
CCCC[C@@H](C[C@@H](CCc1ccc(-c2ccc(C#N)cc2)cc1)C(=O)N[C@H](C(=O)NC)C(C)(C)C)C(=O)O,9.0,-0.9542425094393248,1,test
CCCC[C@@H](C[C@@H](CCc1ccc(-c2cc3ccccc3[nH]2)cc1)C(=O)N[C@H](C(=O)NC)C(C)(C)C)C(=O)O,12.000000000000002,-1.0791812460476249,1,train
CCCC[C@@H](C[C@@H](CCc1ccc(-c2cccc(N)c2)cc1)C(=O)N[C@H](C(=O)Nc1ccccc1)C(C)(C)C)C(=O)O,27.000000000000004,-1.4313637641589874,1,train
CCCC[C@@H](C[C@@H](CCc1ccc(CCC)cc1)C(=O)N[C@H](C(=O)NC)C(C)(C)C)C(=O)O,140.00000000000006,-2.146128035678238,1,train
CCCC[C@@H](C[C@@H](CCc1ccc(-c2cccc(C(F)(F)F)c2)cc1)C(=O)N[C@H](C(=O)NC)C(C)(C)C)C(=O)O,1099.9999999999998,-3.041392685158225,1,train
CCCC[C@@H](C[C@@H](CCc1ccc(-c2ccc(-c3ncc[nH]3)cc2)cc1)C(=O)N[C@H](C(=O)NC)C(C)(C)C)C(=O)O,25.000000000000007,-1.3979400086720375,1,test
CCCC[C@@H](C[C@@H](CCc1ccc(-c2ccc(S(C)(=O)=O)cc2)cc1)C(=O)N[C@H](C(=O)NC)C(C)(C)C)C(=O)O,21.0,-1.3222192947339193,1,train
CCCC[C@@H](C[C@@H](CCc1ccc(CCc2ccccc2)cc1)C(=O)N[C@H](C(=O)NC)C(C)(C)C)C(=O)O,48.99999999999999,-1.6901960800285136,1,test
CCCC[C@@H](C[C@@H](CCc1ccc(C2CCCO2)cc1)C(=O)N[C@H](C(=O)NC)C(C)(C)C)C(=O)O,1400.0000000000005,-3.146128035678238,1,train
CCCC[C@@H](C[C@@H](CCc1ccc(-c2cc(Cl)cc(Cl)c2)cc1)C(=O)N[C@H](C(=O)NC)C(C)(C)C)C(=O)O,1500.0000000000005,-3.1760912590556813,1,train
CCCC[C@@H](C[C@@H](CCc1ccc(-c2ccc(OC)cc2)cc1)C(=O)N[C@H](C(=O)NC)C(C)(C)C)C(=O)O,12.999999999999998,-1.1139433523068367,1,train
CCCc1ccc(CC[C@H](N[C@H](C)C(=O)O)C(=O)N[C@@H](CC(C)C)C(=O)Nc2ccccc2)cc1,17.999999999999996,-1.255272505103306,1,test
CC(C)C[C@H](NC(=O)[C@H](CCc1ccccc1)N[C@H](CCCNC(=O)CCc1ccccc1)C(=O)O)C(=O)Nc1ccccc1,9.499999999999998,-0.9777236052888476,1,train
COc1ccc([P@](=O)(OCCF)N2Cc3ccccc3C[C@@H]2C(=O)NO)cc1,9.07,-0.9576072870600952,0,train
CC[C@@H](N[C@@H](CCc1ccccc1)C(=O)N[C@@H](CC(C)C)C(=O)Nc1ccccc1)C(=O)O,350.0,-2.544068044350276,0,train
CC(C)C[C@H](NC(=O)[C@H](CCc1ccccc1)N[C@H](CCNC(=O)CCCc1ccccc1)C(=O)O)C(=O)Nc1ccccc1,270.00000000000006,-2.431363764158988,1,test
CC(C)C[C@H](NC(=O)[C@H](CCc1ccccc1)N[C@H](CCCCCNC(=O)Cc1ccccc1)C(=O)O)C(=O)Nc1ccccc1,47.00000000000001,-1.6720978579357175,0,train
Cc1ccc(CCC[C@H](CC(=O)NO)C(=O)N[C@@H](CC2CCCCC2)C(=O)NCCc2ccccc2)cc1,8.24,-0.9159272116971158,1,test
CCc1ccc(CCC[C@H](CC(=O)NO)C(=O)N[C@@H](CC2CCCCC2)C(=O)NCCc2ccccc2)cc1,5.44,-0.7355988996981799,1,train
CNC(=O)[C@@H]1CCCCNC(=O)CO[C@H](C(=O)NO)[C@@H](CC(C)C)C(=O)N1,24.1,-1.3820170425748683,0,train
O=C(C[C@@H](CCCc1ccc(F)cc1)C(=O)N[C@@H](CC1CCCCC1)C(=O)NCCc1ccccc1)NO,13.5,-1.130333768495006,1,train
CC(C)C[C@H](NC(=O)[C@H](CCc1ccccc1)N[C@H](CCCNC(=O)CCCc1ccccc1)C(=O)O)C(=O)Nc1ccccc1,119.99999999999996,-2.0791812460476247,1,test
O=C(C[C@@H](CCCc1ccc(Cl)cc1)C(=O)N[C@@H](CC1CCCCC1)C(=O)NCCc1ccccc1)NO,7.310000000000001,-0.8639173769578605,1,train
CC(C)C[C@H](NC(=O)[C@H](CCc1ccccc1)N[C@H](CCCN1C(=O)c2ccccc2C1=O)C(=O)O)C(=O)Nc1ccccc1,140.00000000000006,-2.146128035678238,1,train
CC(C)C[C@H](NC(=O)[C@H](CCc1ccccc1)N[C@H](CCCCN1C(=O)c2ccccc2C1=O)C(=O)O)C(=O)Nc1ccccc1,7.999999999999999,-0.9030899869919436,1,train
COc1ccc([P@](=O)(OCCC(F)(F)F)N2Cc3ccccc3C[C@@H]2C(=O)NO)cc1,3.33,-0.5224442335063199,1,train
O=C(C[C@@H](CCc1ccccc1)C(=O)N[C@@H](CC1CCCCC1)C(=O)NCCc1ccccc1)NO,77.0,-1.8864907251724816,1,train
CC(C)C[C@H](NC(=O)[C@H](CCc1ccccc1)N[C@H](CCCCNC(=O)Cc1ccccc1)C(=O)O)C(=O)Nc1ccccc1,28.0,-1.4471580313422192,0,train
COC(=O)CCNC(=O)CCNC(=O)[C@H](CC1CCCCC1)NC(=O)[C@H](CCCc1ccc(Cl)cc1)CC(=O)NO,0.96,0.0177287669604316,1,train
Cc1ccc(CCC[C@H](CP(=O)(O)O)C(=O)N[C@@H](CC2CCCCC2)C(=O)NCCc2ccccc2)cc1,277.00000000000006,-2.4424797690644486,1,train
O=C(C[C@@H](CCCc1ccccc1)C(=O)N[C@@H](CC1CCCCC1)C(=O)NCCc1ccccc1)NO,8.3,-0.919078092376074,1,train
CC(C)C[C@H](NC(=O)[C@H](CCc1ccccc1)N[C@H](CCCCN1Cc2ccccc2C1=O)C(=O)O)C(=O)Nc1ccccc1,12.000000000000002,-1.0791812460476249,1,train
COc1ccc(CCC[C@H](CC(=O)NO)C(=O)N[C@@H](CC2CCCCC2)C(=O)NCCc2ccccc2)cc1,4.16,-0.6190933306267428,1,train
O=C(C[C@@H](CCCc1ccccc1)C(=O)N[C@@H](CC1CCCCC1)C(=O)NCCC(=O)NCCc1ccc(S(=O)(=O)O)cc1)NO,81.5,-1.9111576087399769,1,train
O=C(O)CCNC(=O)[C@H](CC1CCCCC1)NC(=O)[C@H](CCCc1ccccc1)CP(=O)(O)O,952.0,-2.9786369483844743,0,train
CCCCCC[C@@H](N[C@@H](CCc1ccccc1)C(=O)N[C@@H](CC(C)C)C(=O)Nc1ccccc1)C(=O)O,530.0000000000001,-2.724275869600789,0,train
CC(C)C[C@H](NC(=O)[C@H](CCc1ccccc1)N[C@H](CCCCNC(=O)c1ccccc1)C(=O)O)C(=O)Nc1ccccc1,32.00000000000001,-1.505149978319906,0,train
O=C(C[C@@H](CCCCc1ccccc1)C(=O)N[C@@H](CC1CCCCC1)C(=O)NCCc1ccccc1)NO,176.99999999999991,-2.2479732663618064,1,test
NS(=O)(=O)c1ccc(CCNC(=O)[C@H](CC2CCCCC2)NC(=O)[C@H](CCCc2ccccc2)CC(=O)O)cc1,952.0,-2.9786369483844743,1,train
CC(C)C[C@H](CC(=O)NO)C(=O)N[C@@H](CC1CCCCC1)C(=O)NCCc1ccccc1,25.300000000000004,-1.403120521175818,0,train
COc1ccc([P@](=O)(OCC(F)F)N2Cc3ccccc3C[C@@H]2C(=O)NO)cc1,6.669999999999999,-0.8241258339165489,0,train
CCCC[C@@H](N[C@@H](CCc1ccccc1)C(=O)N[C@@H](CC(C)C)C(=O)Nc1ccccc1)C(=O)O,319.9999999999999,-2.505149978319906,0,train
CC(C)C[C@H](NC(=O)[C@H](CCc1ccccc1)N[C@H](CCCNC(=O)Cc1ccccc1)C(=O)O)C(=O)Nc1ccccc1,10.0,-1.0,1,train
O=C(C[C@@H](CCCc1ccc(C(F)(F)F)cc1)C(=O)N[C@@H](CC1CCCCC1)C(=O)NCCc1ccccc1)NO,90.29999999999998,-1.9556877503135055,1,train
CC(=O)N1CCCC1C(=O)NCCCC[C@@H](N[C@@H](CCc1ccccc1)C(=O)N[C@@H](CC(C)C)C(=O)Nc1ccccc1)C(=O)O,179.99999999999997,-2.255272505103306,0,train
CC(C)C[C@H](NC(=O)[C@H](CCc1ccccc1)N[C@H](CCCCCNC(=O)c1ccccc1)C(=O)O)C(=O)Nc1ccccc1,20.000000000000004,-1.3010299956639813,1,train
CNC(=O)[C@@H]1Cc2ccc(cc2)OCCC[C@H](C(=O)NO)[C@@H](CC(C)C)C(=O)N1,32.70000000000001,-1.5145477526602862,0,train
CC(C)C[C@H](NC(=O)[C@H](CCc1ccccc1)N[C@H](CCCCNC(=O)CCc1ccccc1)C(=O)O)C(=O)Nc1ccccc1,189.99999999999997,-2.278753600952829,1,train
O=C(C[C@@H](CCCc1ccc(Cl)cc1)C(=O)N[C@@H](CC1CCCCC1)C(=O)NCCC(=O)NCCC(=O)N1CCOCC1)NO,1.38,-0.1398790864012364,0,train
Cc1ccc(CCC[C@H](CC(=O)NO)C(=O)N[C@@H](CC2CCCCC2)C(=O)NCCC(=O)NCCc2ccc(S(N)(=O)=O)cc2)cc1,2.98,-0.4742162640762552,1,train
Cc1ccc(CCC[C@H](CC(=O)O)C(=O)N[C@@H](CC2CCCCC2)C(=O)NCCc2ccc(S(N)(=O)=O)cc2)cc1,384.0000000000001,-2.584331224367531,1,train
NS(=O)(=O)c1ccc(CCNC(=O)[C@H](CC2CCCCC2)NC(=O)[C@H](CCCc2ccc(Cl)cc2)CC(=O)O)cc1,358.00000000000017,-2.5538830266438746,1,train
O=C(C[C@@H](CCCc1ccc(Cl)cc1)C(=O)N[C@@H](CC1CCCCC1)C(=O)NCCC(=O)NCCCCN1CCOCC1)NO,2.39,-0.3783979009481377,0,train
NS(=O)(=O)c1ccc(CCNC(=O)CCNC(=O)[C@H](CC2CCCCC2)NC(=O)[C@H](CCCc2ccc(Cl)cc2)CC(=O)NO)cc1,6.35,-0.8027737252919757,1,train
COC(=O)CCNC(=O)[C@H](CC1CCCCC1)NC(=O)[C@H](CCCc1ccccc1)CC(=O)O,1469.9999999999998,-3.167317334748176,1,train
CC(C)C[C@H](NC(=O)[C@H](CCc1ccccc1)N[C@H](CCCNC(=O)c1ccccc1)C(=O)O)C(=O)Nc1ccccc1,270.00000000000006,-2.431363764158988,1,train
CNC(=O)[C@H](Cc1ccccc1)NC(=O)[C@H](CC(C)C)N[C@H](CCN1C(=O)c2cc3ccccc3cc2C1=O)C(=O)O,20.000000000000004,-1.3010299956639813,0,train
COc1ccc(CCC[C@H](CC(=O)O)C(=O)N[C@@H](CC2CCCCC2)C(=O)NCCc2ccc(S(N)(=O)=O)cc2)cc1,1110.0000000000005,-3.0453229787866576,1,train
CC(C)C[C@H](NC(=O)[C@H](CCc1ccccc1)N[C@H](CCNC(=O)Cc1ccccc1)C(=O)O)C(=O)Nc1ccccc1,130.00000000000006,-2.113943352306837,1,train
O=C(C[C@@H](CCCc1ccc(Cl)cc1)C(=O)N[C@@H](CC1CCCCC1)C(=O)NCCC(=O)NCCNS(=O)(=O)N1CCOCC1)NO,1.73,-0.2380461031287954,0,train
O=C(N[C@@H](CC1CCCCC1)C(=O)NCCN1CCOCC1)[C@H](CCCc1ccccc1)CP(=O)(O)O,8399.999999999998,-3.9242792860618816,1,test
Cc1ccc(CCC[C@H](CC(=O)O)C(=O)N[C@@H](CC2CCCCC2)C(=O)NCCc2ccccc2)cc1,472.0000000000002,-2.673941998634088,1,test
Cc1ccc(CCC[C@H](CC(=O)O)C(=O)N[C@@H](CC2CCCCC2)C(=O)NCCC(=O)O)cc1,320.99999999999983,-2.506505032404872,1,train
O=C(O)CCNC(=O)CCNC(=O)[C@H](CC1CCCCC1)NC(=O)[C@H](CCCc1ccc(Cl)cc1)CC(=O)NO,0.8,0.0969100130080563,1,train
Cc1ccc(CCC[C@H](CC(=O)NO)C(=O)N[C@@H](CC2CCCCC2)C(=O)NCCC(=O)NCCN2CCOCC2)cc1,6.260000000000001,-0.7965743332104297,0,test
Cc1ccc(CCC[C@H](CC(=O)NO)C(=O)N[C@@H](CC2CCCCC2)C(=O)NCCC(=O)NCCNS(=O)(=O)N2CCOCC2)cc1,2.75,-0.4393326938302626,0,test
CNC(=O)[C@@H](Cc1ccc(OC)cc1)NC(=O)[C@H](CC(C)C)[C@H](C)C(=O)NO,1.93,-0.2855573090077737,0,train
CC(C)C[C@H](NC(=O)[C@H](CCc1ccccc1)N[C@H](CCCCc1ccccc1)C(=O)O)C(=O)Nc1ccccc1,119.99999999999996,-2.0791812460476247,1,train
CC(C)C[C@H](NC(=O)[C@H](CCc1ccccc1)N[C@H](CCNC(=O)CCc1ccccc1)C(=O)O)C(=O)Nc1ccccc1,109.99999999999996,-2.041392685158225,1,train
CC(C)C[C@H](NC(=O)[C@H](CCc1ccccc1)N[C@H](CCN1C(=O)c2ccccc2C1=O)C(=O)O)C(=O)Nc1ccccc1,33.0,-1.5185139398778875,0,train
CC(C)C[C@H](NC(=O)[C@H](CCc1ccccc1)N[C@H](CCNC(=O)c1ccccc1)C(=O)O)C(=O)Nc1ccccc1,119.99999999999996,-2.0791812460476247,1,train
COC(=O)CCNC(=O)[C@H](CC1CCCCC1)NC(=O)[C@H](CCCc1ccc(C)cc1)CC(=O)O,352.99999999999983,-2.5477747053878224,1,train
Cc1ccc(CCC[C@H](CC(=O)NO)C(=O)N[C@@H](CC2CCCCC2)C(=O)NCCC(=O)NCCCCN2CCOCC2)cc1,2.61,-0.4166405073382809,0,train
Cc1ccc(CCC[C@H](CC(=O)NO)C(=O)N[C@@H](CC2CCCCC2)C(=O)NCCC(=O)NCCCCN(C)C)cc1,5.869999999999999,-0.7686381012476144,0,train
O=C(N[C@@H](CC1CCCCC1)C(=O)NCCc1ccccc1)[C@H](CCCc1ccccc1)CP(=O)(O)O,700.9999999999999,-2.8457180179666586,1,test
NC(=O)[C@H](CC1CCCCC1)NC(=O)[C@H](CCCc1ccccc1)CC(=O)O,3120.0000000000005,-3.494154594018443,0,test
CN(C)CCCCNC(=O)CCNC(=O)[C@H](CC1CCCCC1)NC(=O)[C@H](CCCc1ccc(Cl)cc1)CC(=O)NO,22.2,-1.3463529744506386,1,train
CC(C)C[C@H](NC(=O)[C@@H](CCC(=O)O)CCc1ccccc1)C(=O)Nc1ccccc1,5800.000000000001,-3.763427993562937,0,train
CCCc1ccc(CC[C@H](CCC(=O)O)C(=O)N[C@@H](CC(C)C)C(=O)Nc2ccccc2)cc1,140.00000000000006,-2.146128035678238,0,train
CCCc1ccc(CC[C@H](C[C@H](CCCCN2Cc3ccccc3C2=O)C(=O)O)C(=O)N[C@@H](CC(C)C)C(=O)Nc2ccccc2)cc1,0.36,0.4436974992327127,0,test
CCCc1ccc(CC[C@H](N[C@H](CCCCN2C(=O)c3ccccc3C2=O)C(=O)O)C(=O)N[C@@H](CC(C)C)C(=O)Nc2ccccc2)cc1,1.9,-0.2787536009528289,0,train
CCCc1ccc(CC[C@H](N[C@H](CCCCN2Cc3ccccc3C2=O)C(=O)O)C(=O)N[C@@H](CC(C)C)C(=O)Nc2ccccc2)cc1,9.499999999999998,-0.9777236052888476,0,train
CC(C)C[C@H](NC(=O)[C@H](CCc1ccccc1)NCC(=O)O)C(=O)Nc1ccccc1,3600.0,-3.5563025007672877,0,train
CNC(=O)[C@@H]1CCCNN1C(=O)[C@H](CCOc1ccc(-c2ccccc2)cc1)N[C@H](C)C(=O)O,77.0,-1.8864907251724816,0,train
CCCCc1ccc(OCC[C@H](N[C@H](C)C(=O)O)C(=O)N2NCCC[C@H]2C(=O)NC)cc1,549.9999999999998,-2.740362689494244,0,train
CCCC[C@@H](C[C@@H](CCc1ccc(-c2ccccc2)cc1)C(=O)N[C@@H](Cc1ccc(OC)cc1)C(=O)NC)C(=O)O,21.0,-1.3222192947339193,0,train
CNC(=O)[C@@H]1CCCNN1C(=O)[C@H](CCOc1ccc(Cc2ccccc2)cc1)N[C@H](C)C(=O)O,552.0000000000001,-2.741939077729199,0,train
CCCC[C@@H](C[C@@H](CCc1ccc(-c2ccccc2)cc1)C(=O)N1NCCC[C@H]1C(=O)NC)C(=O)O,42.00000000000001,-1.6232492903979006,0,train
COc1ccc(S(=O)(=O)C(CC(=O)NO)C(C)c2ccccc2)cc1,300.0000000000001,-2.4771212547196626,1,test
Cc1cc(COc2ccc([C@]3(C)CCN([C@H](C)C(=O)NO)C3=O)cc2)c2ccccc2n1,140.99999999999991,-2.14921911265538,0,train
COc1ccc(S(=O)(=O)C(CC(=O)NO)c2ccccc2)cc1,3300.0000000000005,-3.5185139398778875,1,train
CCCCCCC(CC(=O)NO)S(=O)(=O)c1ccc(OC)cc1,734.0000000000001,-2.8656960599160706,0,test
CCOC(=O)C1CCCC(C(CC(=O)NO)S(=O)(=O)c2ccc(OC)cc2)C1,60.0,-1.7781512503836436,0,test
COc1ccc(S(=O)(=O)C(CC(=O)NO)CC(C)CC(C)(C)C)cc1,676.0,-2.829946695941636,0,train
COc1ccc(S(=O)(=O)C(CCC2CCCCC2)CC(=O)NO)cc1,590.0,-2.770852011642144,1,train
COc1ccc(S(=O)(=O)C(CC(=O)NO)C2CCCCC2)cc1,85.99999999999999,-1.934498451243568,1,train
CCCCC(CC)C(CC(=O)NO)S(=O)(=O)c1ccc(OC)cc1,184.0,-2.2648178230095364,0,train
COc1ccc(S(=O)(=O)C(CCCCc2ccccc2)CC(=O)NO)cc1,700.0000000000001,-2.845098040014257,1,train
COc1ccc(S(=O)(=O)C(COCc2ccccc2)CC(=O)NO)cc1,1430.0000000000002,-3.155336037465062,1,train
CCCCC(CC(=O)NO)S(=O)(=O)c1ccc(OC)cc1,404.00000000000017,-2.606381365110605,0,train
COC(=O)c1ccc(C(CC(=O)NO)S(=O)(=O)c2ccc(OC)cc2)cc1,4420.0,-3.645422269349092,0,train
CC(C)(C)OC(=O)N[C@@H](Cc1c[nH]c2ccccc12)C(=O)O,8000.000000000004,-3.903089986991944,0,train
Cc1cc(C)c(S(=O)(=O)n2cc(C[C@H](NC(=O)OC(C)(C)C)C(=O)O)c3ccccc32)c(C)c1,52000.00000000004,-4.7160033436348,0,train
O=C(N[C@H](Cc1c[nH]c2ccccc12)C(=O)O)OCc1ccccc1,71000.00000000003,-4.851258348719076,0,train
CC(C)(C)OC(=O)N[C@@H](Cc1c[nH]c2ccccc12)C(=O)ON1C(=O)CCC1=O,84000.00000000007,-4.924279286061882,0,train
CC(C)(C)OC(=O)N[C@@H](Cc1cn(C=O)c2ccccc12)C(=O)O,28000.00000000001,-4.447158031342219,0,test
O=C(N[C@@H](Cc1c[nH]c2ccccc12)C(=O)ON1C(=O)CCC1=O)OCc1ccccc1,11000.000000000007,-4.041392685158225,0,train
CC(C)CC(CC(=O)NO)C(=O)C(CC(C)C)NC(=O)C(N)Cc1ccccc1,13.999999999999998,-1.146128035678238,0,test
CC(C)C[C@H](NC(=O)C(CCc1ccccc1)CP(=O)(O)CNC(=O)[C@H](Cc1ccccc1)NC(=O)OCc1ccccc1)C(=O)Nc1ccccc1,710.0000000000003,-2.8512583487190755,0,train
CC(C)C[C@H](NC(=O)C(CCc1ccccc1)CP(=O)(O)[C@H](C)NCc1ccccc1)C(=O)Nc1ccccc1,1899.9999999999995,-3.278753600952829,0,test
CNC(=O)[C@@H](NC(=O)[C@H](c1ccc(C)cc1)[C@H](CO)C(=O)NO)C(C)(C)C,15.200000000000005,-1.1818435879447726,1,train
CC(C)C[C@H](NC(=O)C(CCc1ccccc1)CP(=O)(O)CNC(=O)[C@H](CCC(=O)O)NC(=O)OCc1ccccc1)C(=O)Nc1ccccc1,370.0,-2.568201724066995,1,train
CC(C)C[C@H](NC(=O)C(CCc1ccccc1)CP(=O)(O)CNC(=O)Cc1ccccc1)C(=O)Nc1ccccc1,940.0000000000002,-2.9731278535996988,1,train
CC(C)C[C@H](NC(=O)C(CCc1ccccc1)CP(=O)(O)CNC(=O)[C@H](Cc1c[nH]cn1)NC(=O)OCc1ccccc1)C(=O)Nc1ccccc1,209.99999999999991,-2.322219294733919,0,train
CC(=O)N[C@@H](C)C(=O)N[C@@H](C)P(=O)(O)CC(CCc1ccccc1)C(=O)N[C@@H](CC(C)C)C(=O)Nc1ccccc1,339.99999999999983,-2.531478917042255,0,test
CC(C)C[C@H](NC(=O)C(CCc1ccccc1)CP(=O)(O)[C@H](C)NC(=O)CN1C(=O)c2ccccc2C1=O)C(=O)Nc1ccccc1,2399.9999999999995,-3.380211241711606,0,train
CC(=O)N[C@@H](C)C(=O)N[C@@H](C)C(=O)N[C@@H](C)P(=O)(O)CC(CCc1ccccc1)C(=O)N[C@@H](CC(C)C)C(=O)Nc1ccccc1,42.00000000000001,-1.6232492903979006,0,train
CC(C)C[C@H](NC(=O)C(CCc1ccccc1)CP(=O)(O)CNCc1ccccc1)C(=O)Nc1ccccc1,1899.9999999999995,-3.278753600952829,0,test
CC(C)C[C@H](NC(=O)C(CCc1ccccc1)CP(=O)(O)[C@H](C)NC(=O)OCc1ccccc1)C(=O)Nc1ccccc1,330.00000000000006,-2.5185139398778875,0,test
CNC(=O)[C@@H](NC(=O)[C@H](CC(C)C)[C@H](CO)C(=O)NO)C(C)(C)C,9.8,-0.9912260756924948,1,train
CC(=O)N1CCCC1C(=O)N[C@@H](C)C(=O)NCP(=O)(O)CC(CCc1ccccc1)C(=O)N[C@@H](CC(C)C)C(=O)Nc1ccccc1,15.000000000000004,-1.1760912590556811,0,train
CC(C)C[C@H](NC(=O)C(CCc1ccccc1)CP(=O)(O)CNC(=O)CNC(=O)OCc1ccccc1)C(=O)Nc1ccccc1,1400.0000000000005,-3.146128035678238,0,train
CCCC[C@H](NC(=O)OCc1ccccc1)C(=O)NCP(=O)(O)CC(CCc1ccccc1)C(=O)N[C@@H](CC(C)C)C(=O)Nc1ccccc1,1300.0000000000005,-3.113943352306837,0,train
CC(C)C[C@H](NC(=O)C(CCc1ccccc1)CP(=O)(O)CNC(=O)[C@H](C)NC(=O)C1CCCN1C(=O)c1ccccc1)C(=O)Nc1ccccc1,23.999999999999996,-1.380211241711606,0,train
CNC(=O)[C@@H](NC(=O)[C@H](c1ccc(OC)cc1)[C@H](CO)C(=O)NO)C(C)(C)C,0.9,0.0457574905606751,1,train
CC(=O)N1CCCC1C(=O)N[C@@H](C)C(=O)N[C@@H](C)P(=O)(O)CC(CCc1ccccc1)C(=O)N[C@@H](CC(C)C)C(=O)Nc1ccccc1,6.1,-0.785329835010767,0,test
CC(C)C[C@H](NC(=O)C(CCc1ccccc1)CP(=O)(O)CNC(=O)[C@H](Cc1ccc(O)cc1)NC(=O)OCc1ccccc1)C(=O)Nc1ccccc1,559.9999999999998,-2.7481880270062,0,train
CC(C)C[C@H](NC(=O)C(CCc1ccccc1)CP(=O)(O)CNC(=O)[C@H](CC(N)=O)NC(=O)OCc1ccccc1)C(=O)Nc1ccccc1,599.9999999999997,-2.7781512503836434,0,train
CC(C)C[C@H](NC(=O)C(CCc1ccccc1)CP(=O)(O)CNC(=O)[C@H](CCCCN)NC(=O)OCc1ccccc1)C(=O)Nc1ccccc1,4599.999999999998,-3.662757831681574,1,train
CC(C)C[C@H](NC(=O)C(CCc1ccccc1)CP(=O)(O)[C@H](C)NC(=O)[C@H](C)NC(=O)C1CCCN1C(=O)c1ccccc1)C(=O)Nc1ccccc1,20.000000000000004,-1.3010299956639813,0,train
CNC(=O)[C@@H](NC(=O)[C@H](c1ccccc1)[C@H](CO)C(=O)NO)C(C)(C)C,13.199999999999998,-1.1205739312058498,1,train
CC(C)C[C@H](NC(=O)C(CCc1ccccc1)CP(=O)(O)CNC(=O)OCc1ccccc1)C(=O)Nc1ccccc1,280.0000000000001,-2.4471580313422194,0,train
CC(C)C[C@H](NC(=O)C(CCc1ccccc1)CP(=O)(O)CNC(=O)[C@H](C)NC(=O)OCc1ccccc1)C(=O)Nc1ccccc1,280.0000000000001,-2.4471580313422194,1,test
CCCCC[C@H](CC(=O)NO)C(=O)N[C@H](C(=O)N1CCCC1CO)C(C)C,1700.000000000001,-3.230448921378274,0,train
CC(C)C[C@H](NC(=O)[C@H](CCc1ccc(O)cc1)N[C@H](C)C(=O)O)C(=O)Nc1ccccc1,330.5649999999998,-2.5192568688617523,0,train
CC(C)C[C@H](NC(=O)[C@H](CCc1ccc(C(F)(F)F)cc1)N[C@H](C)C(=O)O)C(=O)Nc1ccccc1,830.8800000000001,-2.919538305250981,0,train
CNC(=O)[C@@H](NC(=O)[C@H](CCCCOCc1ccccc1)CC(=O)NO)C(C)(C)C,38.99999999999999,-1.591064607026499,0,train
CCc1ccc(CC[C@H](N[C@H](C)C(=O)O)C(=O)N[C@@H](CC(C)C)C(=O)Nc2ccccc2)cc1,72.22000000000001,-1.858657484090808,0,train
CCOc1ccc(CC[C@H](N[C@H](C)C(=O)O)C(=O)N[C@@H](CCCNC(=N)N)C(=O)Nc2ccccc2)cc1,219.39000000000007,-2.34121682814391,1,train
CNC(=O)CNC(=O)[C@H](CCCCOCc1ccccc1)CC(=O)NO,3500.0000000000005,-3.544068044350276,0,test
CC[C@H](CC(=O)NO)C(=O)N[C@@H](Cc1c[nH]c2ccccc12)C(=O)NC,2700.0000000000005,-3.431363764158988,0,train
CC#CCOc1ccc(S(=O)(=O)N2C[C@@H](O)[C@@H](O)[C@H](O)[C@@H]2C(=O)NO)cc1,3.2999999999999994,-0.5185139398778874,1,train
CC(C)Cc1ccc(CC[C@H](N[C@H](C)C(=O)O)C(=O)N[C@@H](CC(C)C)C(=O)Nc2ccccc2)cc1,42.83,-1.631748074396569,0,train
CC#CCOc1ccc(S(=O)(=O)N2C[C@H]3OC(C)(C)O[C@H]3[C@H](OC)[C@@H]2C(=O)NO)cc1,11.500000000000004,-1.0606978403536118,0,train
Cc1ccc(CC[C@H](N[C@H](C)C(=O)O)C(=O)N[C@@H](CC(C)C)C(=O)Nc2ccccc2)cc1,109.82500000000005,-2.040701211937358,0,test
CNC(=O)[C@H](Cc1ccccc1)NC(=O)[C@H](CCCCCCc1ccccc1)CC(=O)NO,10.999999999999996,-1.041392685158225,0,train
CC(C)C[C@H](NC(=O)[C@H](CCc1ccccc1O)N[C@H](C)C(=O)O)C(=O)Nc1ccccc1,1592.4450000000006,-3.202064441566891,0,train
CNC(=O)[C@H](Cc1c[nH]c2ccccc12)NC(=O)[C@@H](CC(=O)NO)CC(C)C,33.0,-1.5185139398778875,0,train
CCCCc1ccc(CC[C@H](N[C@H](C)C(=O)O)C(=O)N[C@@H](CCCNC(=N)N)C(=O)Nc2ccccc2)cc1,36.155,-1.5581683658698962,0,train
CCCc1ccc(CC[C@H](N[C@H](C)C(=O)O)C(=O)N[C@@H](CCCNC(=N)N)C(=O)Nc2ccccc2)cc1,33.05499999999999,-1.5192371614969833,0,train
CC(C)C[C@H](NC(=O)[C@H](CCc1ccc(C(C)C)cc1)N[C@H](C)C(=O)O)C(=O)Nc1ccccc1,178.915,-2.2526467527760974,0,train
CC#CCOc1ccc(S(=O)(=O)N2C[C@@H](O)[C@H]3OC(C)(C)O[C@@H]3[C@@H]2C(=O)NO)cc1,58.05000000000001,-1.7638022240745928,0,train
CC(C)C[C@H](NC(=O)[C@H](CCc1ccc(F)cc1)N[C@H](C)C(=O)O)C(=O)Nc1ccccc1,190.2750000000001,-2.279381730613431,0,train
CC(C)C[C@H](NC(=O)[C@H](CCc1cccc(O)c1)N[C@H](C)C(=O)O)C(=O)Nc1ccccc1,229.545,-2.3608678373065306,0,train
CC#CCOc1ccc(S(=O)(=O)N2C[C@@H](O)[C@@H](O)[C@H](OC)[C@@H]2C(=O)NO)cc1,0.43,0.3665315444204134,1,test
CC#CCOc1ccc(S(=O)(=O)N2C[C@H]3OC(C)(C)O[C@H]3[C@H](O)[C@@H]2C(=O)NO)cc1,29.599999999999994,-1.4712917110589383,0,train
CC(C)C[C@H](NC(=O)[C@H](CCc1ccc(Cl)cc1)N[C@H](C)C(=O)O)C(=O)Nc1ccccc1,190.2750000000001,-2.279381730613431,0,train
Cc1ccc(CC[C@H](N[C@H](C)C(=O)O)C(=O)N[C@@H](CC(C)C)C(=O)Nc2ccccc2)cc1C,219.39000000000007,-2.34121682814391,1,train
CNC(=O)[C@H](Cc1c[nH]c2ccccc12)NC(=O)[C@H](C)CC(=O)NO,40000.00000000001,-4.6020599913279625,0,train
Cc1cccc(CC[C@H](N[C@H](C)C(=O)O)C(=O)N[C@@H](CC(C)C)C(=O)Nc2ccccc2)c1,219.39000000000007,-2.34121682814391,1,test
CNC(=O)[C@H](Cc1ccc(OC)cc1)NC(=O)Nc1nnc(S)s1,460.0000000000003,-2.6627578316815743,0,train
COc1ccc(S(=O)(=O)C(C)(CCCCc2ccccc2)CC(=O)NO)cc1,1000.0,-3.0,0,train
O=C(NCCc1ccccc1)Nc1nnc(S)s1,7000.000000000002,-3.845098040014257,0,train
O=C(NCc1ccccc1)Nc1nnc(S)s1,16000.00000000001,-4.204119982655925,0,test
CNC(=O)[C@H](COCc1ccccc1)NC(=O)Nc1n[nH]c(=S)s1,1997.6300000000003,-3.300515051538237,0,test
O=C(Nc1nnc(S)s1)N[C@@H](Cc1ccccc1)C(=O)NCc1ccccc1,509.9999999999999,-2.7075701760979363,0,train
NC(=O)[C@H](Cc1ccccc1)NC(=O)Nc1nnc(S)s1,3300.0000000000005,-3.5185139398778875,1,train
O=C(Nc1nnc(S)s1)N[C@@H](Cc1ccccc1)C(=O)N1CCN(c2ccccn2)CC1,519.9999999999998,-2.716003343634799,0,train
O=C(Nc1nnc(S)s1)N[C@@H](Cc1ccccc1)C(=O)N1CCN(Cc2ccccc2)CC1,860.0000000000003,-2.934498451243568,0,train
COc1ccc(S(=O)(=O)C(CC(=O)NO)Cc2ccccc2)cc1,300.0000000000001,-2.4771212547196626,1,train
O=C(Nc1nnc(S)s1)N[C@@H](Cc1ccccc1)C(=O)O,3199.999999999999,-3.505149978319906,0,test
O=C(Nc1nnc(S)s1)N[C@@H](Cc1ccccc1)C(=O)N1CCN(c2ncccn2)CC1,419.9999999999999,-2.6232492903979003,0,train
CNC(=O)[C@H](Cc1ccc(F)cc1)NC(=O)Nc1nnc(S)s1,100.0,-2.0,1,train
CNC(=O)[C@H](CC(C)C)NC(=O)Nc1n[nH]c(=S)s1,16991.219999999994,-4.230224563109526,0,train
O=C(Nc1nnc(S)s1)N[C@@H](Cc1ccccc1)C(=O)N1CCCC1,660.0000000000001,-2.8195439355418688,0,train
COc1ccc(CNC(=O)[C@H](Cc2ccccc2)NC(=O)Nc2nnc(S)s2)cc1OC,490.0000000000002,-2.690196080028514,0,train
CNC(=O)[C@H](Cc1ccccc1)NC(=O)Nc1n[nH]c(=S)s1,710.0000000000003,-2.8512583487190755,0,train
COc1ccc(NC(=O)Nc2nnc(S)s2)cc1,69000.00000000006,-4.838849090737256,0,train
CNC(=O)[C@H](Cc1ccc(O)cc1)NC(=O)Nc1nnc(S)s1,400.0000000000001,-2.6020599913279625,0,train
CNC(=O)[C@H](Cc1ccc([N+](=O)[O-])cc1)NC(=O)Nc1nnc(S)s1,330.00000000000006,-2.5185139398778875,0,test
O=C(Nc1nnc(S)s1)N[C@@H](Cc1c(F)c(F)c(F)c(F)c1F)C(=O)N1CCN(c2ccccn2)CC1,13.999999999999998,-1.146128035678238,0,train
O=C(Nc1nnc(S)s1)N[C@@H](Cc1ccc(F)cc1)C(=O)N1CCN(c2ccccn2)CC1,270.00000000000006,-2.431363764158988,0,train
CNC(=O)[C@H](CO)NC(=O)Nc1n[nH]c(=S)s1,31000.00000000003,-4.491361693834273,0,test
O=C(Nc1nnc(S)s1)N[C@@H](Cc1ccccc1)C(=O)N1CCSCC1,380.0,-2.57978359661681,0,test
CCOC(=O)CNC(=O)Nc1nnc(S)s1,85000.00000000003,-4.929418925714293,0,train
O=C(Nc1nnc(S)s1)N[C@@H](Cc1ccccc1)C(=O)NCC1CCCCC1,809.9999999999995,-2.908485018878649,0,train
CC(C)NC(=O)[C@H](Cc1ccccc1)NC(=O)Nc1nnc(S)s1,1300.0000000000005,-3.113943352306837,0,test
O=C(NCCCc1ccccc1)Nc1nnc(S)s1,16000.00000000001,-4.204119982655925,0,test
CN(C)C(=O)[C@H](Cc1ccccc1)NC(=O)Nc1nnc(S)s1,2300.000000000001,-3.361727836017593,0,train
COC(=O)[C@H](Cc1ccccc1)NC(=O)Nc1nnc(S)s1,290.0,-2.462397997898956,1,train
O=C(Nc1nnc(S)s1)N[C@@H](Cc1ccccc1)C(=O)N1CCOCC1,930.0000000000002,-2.9684829485539352,0,train
COc1ccc(N2CCN(C(=O)[C@H](Cc3ccccc3)NC(=O)Nc3nnc(S)s3)CC2)cc1,1000.0,-3.0,0,train
CCOCCOc1ccc(S(=O)(=O)N2C[C@H](O)[C@@H](O)[C@H](O)[C@@H]2C(=O)NO)cc1,42.00000000000001,-1.6232492903979006,1,train
CC(C)C[C@@H](C(=O)N[C@H](C(N)=O)C(C)(C)C)[C@H](C)N(O)C=O,406.0000000000001,-2.6085260335771943,0,test
CC(C)C[C@@H](C(=O)N[C@H](C(=O)Nc1nccs1)C(C)(C)C)[C@H](C)N(O)C=O,437.00000000000006,-2.640481436970422,0,train
CNC(=O)[C@@H]1CCCCN(S(=O)(=O)c2cn(C)cn2)CCC[C@H](C(=O)NO)[C@@H](CC(C)C)C(=O)N1,12.000000000000002,-1.0791812460476249,0,train
CC(C)C[C@H](NC(=O)[C@H](CC(C)C)[C@H](C)N(O)C=O)C(=O)Nc1nccs1,79.99999999999999,-1.9030899869919435,0,train
CC[C@@H]([C@@H](CC(C)C)C(=O)N[C@H](C(=O)Nc1nccs1)C(C)(C)C)N(O)C=O,135.0,-2.130333768495006,0,train
CC[C@H](C)[C@H](NC(=O)[C@H](CC(C)C)[C@H](CC)N(O)C=O)C(=O)Nc1nccs1,45.00000000000001,-1.6532125137753435,0,train
CC[C@H](C)[C@H](NC(=O)[C@H](CC(C)C)[C@H](C)N(O)C=O)C(=O)Nc1nccs1,93.0,-1.968482948553935,0,train
CC(C)C[C@@H](C(=O)N[C@H](C(=O)Nc1nccs1)C(C)C)[C@H](C)N(O)C=O,119.99999999999996,-2.0791812460476247,0,train
CNC(=O)[C@@H]1CCCCN(S(=O)(=O)c2ccc(N)cc2)CCC[C@H](C(=O)NO)[C@@H](CC(C)C)C(=O)N1,99.0,-1.99563519459755,1,train
CC[C@@H]([C@@H](CC(C)C)C(=O)N[C@H](C(=O)Nc1ccccn1)C(C)(C)C)N(O)C=O,153.00000000000003,-2.184691430817599,0,train
CNC(=O)[C@@H](NC(=O)[C@H](CC(C)C)[C@H](C)N(O)C=O)C(C)(C)C,2322.999999999999,-3.3660492098002357,1,train
CNC(=O)[C@@H]1CCCCN(S(=O)(=O)c2c(C)cc(C)cc2C)CCC[C@H](C(=O)NO)[C@@H](CC(C)C)C(=O)N1,15.000000000000004,-1.1760912590556811,0,train
O=C(NO)[C@H]1[C@@H](O)[C@H](O)[C@@H](O)CN1S(=O)(=O)c1ccc(OC2CCCCC2)cc1,1.8,-0.255272505103306,0,train
CNC(=O)[C@@H](NC(=O)[C@@H](CC(=O)NO)CC(C)C)C(C)(C)C,309.99999999999994,-2.4913616938342726,0,train
CC(C)C[C@@H](C(=O)N[C@@H](CC(C)(C)C)C(=O)Nc1nccs1)[C@H](C)N(O)C=O,353.99999999999983,-2.549003262025788,0,test
CCC(C)[C@H](NC(=O)[C@H](CC(C)C)[C@H](CC)N(O)C=O)C(=O)Nc1ccccn1,37.99999999999999,-1.57978359661681,0,train
CNC(=O)[C@@H]1CCCCN(S(=O)(=O)C(F)(F)F)CCC[C@H](C(=O)NO)[C@@H](CC(C)C)C(=O)N1,118.00000000000004,-2.071882007306125,1,train
CNC(=O)[C@@H]1CCCCN(C(=O)OC(C)(C)C)CCC[C@H](C(=O)NO)[C@@H](CC(C)C)C(=O)N1,3.0,-0.4771212547196624,1,train
CNC(=O)[C@@H]1CCCCN(S(=O)(=O)c2ccccc2)CCC[C@H](C(=O)NO)[C@@H](CC(C)C)C(=O)N1,3.4,-0.5314789170422551,1,train
COc1ccc(S(=O)(=O)N2C[C@@H]3OC(C)(C)O[C@H]3[C@@H](OC(C)=O)[C@@H]2C(=O)NO)cc1,49.99999999999999,-1.6989700043360187,1,test
COc1ccc(S(=O)(=O)N2C[C@H](O)[C@H]3OC(C)(C)O[C@H]3[C@@H]2C(=O)NO)cc1,44.0,-1.6434526764861874,0,train
COc1ccc(S(=O)(=O)N2C[C@@H]3OC(C)(C)O[C@H]3[C@@H](O)[C@@H]2C(=O)NO)cc1,3.7,-0.568201724066995,1,train
O=C(C[C@@H](CCCc1ccc(Cl)cc1)C(=O)N[C@@H](CC1CCCCC1)C(=O)NCCNS(=O)(=O)N1CCOCC1)NO,1.73,-0.2380461031287954,0,train
Cc1ccc(CCC[C@H](CC(=O)NO)C(=O)N[C@@H](CC2CCCCC2)C(=O)NCCc2ccc(S(N)(=O)=O)cc2)cc1,2.98,-0.4742162640762552,1,train
Cc1ccc(CCC[C@H](CC(=O)NO)C(=O)N[C@@H](CC2CCCCC2)C(=O)NCCCCN2CCOCC2)cc1,2.61,-0.4166405073382809,0,train
CN(C)CCCCNC(=O)[C@H](CC1CCCCC1)NC(=O)[C@H](CCCc1ccc(Cl)cc1)CC(=O)NO,22.2,-1.3463529744506386,1,train
COC(=O)CCNC(=O)[C@H](CC1CCCCC1)NC(=O)[C@H](CCCc1ccc(Cl)cc1)CC(=O)NO,0.96,0.0177287669604316,1,train
O=C(O)CCNC(=O)[C@H](CC1CCCCC1)NC(=O)[C@H](CCCc1ccc(Cl)cc1)CC(=O)NO,0.8,0.0969100130080563,1,test
CC(C)C[C@H](CC(=O)NO)C(=O)N[C@@H](CC(C)C)C(=O)N[C@@H](Cc1ccccc1)C(N)=O,127.0,-2.103803720955957,0,train
CCCCCCCC[C@H](N[C@H](C)C(=O)O)C(=O)N[C@@H](CCCN=C(N)N)C(=O)Nc1ccccc1,1600.000000000001,-3.204119982655925,0,train
Cc1ccc(CCC[C@H](CC(=O)NO)C(=O)N[C@@H](CC2CCCCC2)C(=O)NCCCCN(C)C)cc1,5.869999999999999,-0.7686381012476144,1,train
CCCCCCCCCC[C@H](N[C@H](C)C(=O)O)C(=O)N[C@@H](CC(C)C)C(=O)Nc1ccccc1,850.0000000000002,-2.929418925714293,0,train
O=C(C[C@@H](CCCc1ccc(Cl)cc1)C(=O)N[C@@H](CC1CCCCC1)C(=O)NCCC(=O)N1CCOCC1)NO,1.38,-0.1398790864012364,0,test
C[C@@H](N[C@@H](CCCCCCCCCN)C(=O)N[C@@H](CCCN=C(N)N)C(=O)Nc1ccccc1)C(=O)O,370.0,-2.568201724066995,0,test
CC(C)C[C@H](NC(=O)[C@H](CCCCCCCCCN)N[C@H](C)C(=O)O)C(=O)Nc1ccccc1,239.99999999999997,-2.380211241711606,0,train
O=C(C[C@@H](CCCc1ccc(Cl)cc1)C(=O)N[C@@H](CC1CCCCC1)C(=O)NCCCCN1CCOCC1)NO,2.39,-0.3783979009481377,0,train
O=C(C[C@@H](CCCc1ccccc1)C(=O)N[C@@H](CC1CCCCC1)C(=O)NCCc1ccc(S(=O)(=O)O)cc1)NO,8.15,-0.9111576087399766,1,train
CCCCCCCC[C@H](N[C@H](C)C(=O)O)C(=O)N[C@@H](CC(C)C)C(=O)Nc1ccccc1,570.0000000000001,-2.7558748556724915,0,train
Cc1ccc(CCC[C@H](CC(=O)NO)C(=O)N[C@@H](CC2CCCCC2)C(=O)NCCNS(=O)(=O)N2CCOCC2)cc1,2.75,-0.4393326938302626,0,train
NS(=O)(=O)c1ccc(CCNC(=O)[C@H](CC2CCCCC2)NC(=O)[C@H](CCCc2ccc(Cl)cc2)CC(=O)NO)cc1,6.35,-0.8027737252919757,1,train
Cc1ccc(CCC[C@H](CC(=O)NO)C(=O)N[C@@H](CC2CCCCC2)C(=O)NCCN2CCOCC2)cc1,6.260000000000001,-0.7965743332104297,0,train
COc1ccccc1CC[C@H](CP(=O)(O)CCCCN1C(=O)c2ccccc2C1=O)C(=O)N[C@@H](CC(C)C)C(=O)Nc1ccccc1,440.0,-2.6434526764861874,0,train
CC(C)C[C@H](NC(=O)[C@H](CCc1ccccc1)CP(=O)(O)CCCCN)C(=O)Nc1ccccc1,3700.0,-3.568201724066995,0,train
CC(C)C[C@H](NC(=O)[C@H](CCc1ccccc1)CP(=O)(O)CCC(=O)NCCc1ccccc1)C(=O)Nc1ccccc1,170.00000000000006,-2.230448921378274,1,train
CNC(=O)NCCCCP(=O)(O)C[C@@H](CCc1ccccc1)C(=O)N[C@@H](CC(C)C)C(=O)Nc1ccccc1,130.00000000000006,-2.113943352306837,0,train
CC(C)C[C@H](NC(=O)[C@H](CCc1ccccc1)CP(=O)(O)CCC(=O)NCc1ccccc1)C(=O)Nc1ccccc1,540.0000000000001,-2.7323937598229686,1,train
O=C(O)[C@H](Cc1c[nH]c2ccccc12)NS(=O)(=O)c1ccc(N2CCC(c3ccccc3)CC2)cc1,19.0,-1.2787536009528289,0,train
COc1ccc(CC[C@H](CP(=O)(O)CCCCN2C(=O)c3ccccc3C2=O)C(=O)N[C@@H](CC(C)C)C(=O)Nc2ccccc2)cc1,2.3,-0.3617278360175928,0,train
COC(=O)CCP(=O)(O)C[C@@H](CCc1ccccc1)C(=O)N[C@@H](CC(C)C)C(=O)Nc1ccccc1,519.9999999999998,-2.716003343634799,1,test
CC(C)C[C@H](NC(=O)[C@H](CCc1ccccc1)CP(=O)(O)C/C=C/CN1C(=O)c2ccccc2C1=O)C(=O)Nc1ccccc1,4.500000000000001,-0.6532125137753437,0,test
COC(=O)NCCCCP(=O)(O)C[C@@H](CCc1ccccc1)C(=O)N[C@@H](CC(C)C)C(=O)Nc1ccccc1,54.000000000000014,-1.7323937598229686,0,test
CC(C)C[C@H](NC(=O)[C@H](CCc1ccccc1)CP(=O)(O)CCCCNC(=O)NCc1ccccc1)C(=O)Nc1ccccc1,49.99999999999999,-1.6989700043360187,1,train
CC(C)C[C@H](NC(=O)[C@H](CCc1ccccc1)CP(=O)(O)CCCCNC(=O)OCc1ccccc1)C(=O)Nc1ccccc1,63.0,-1.7993405494535817,1,train
CC(C)C[C@H](NC(=O)[C@H](CCc1ccccc1)CP(=O)(O)CCCCN1Cc2ccccc2C1=O)C(=O)Nc1ccccc1,5.500000000000001,-0.7403626894942439,0,train
CCOC(=O)NCCCCP(=O)(O)C[C@@H](CCc1ccccc1)C(=O)N[C@@H](CC(C)C)C(=O)Nc1ccccc1,16.0,-1.2041199826559248,1,train
CC(C)C[C@H](NC(=O)[C@H](CCc1ccccc1)CP(=O)(O)CCC(=O)NCCCc1ccccc1)C(=O)Nc1ccccc1,670.0,-2.8260748027008264,1,test
CC(C)C[C@H](NC(=O)[C@H](CCc1ccccc1)CP(=O)(O)CCCCNC(=O)Cc1ccccc1)C(=O)Nc1ccccc1,30.0,-1.4771212547196624,1,train
CC(C)C[C@H](NC(=O)[C@H](CCc1ccccc1)CP(=O)(O)CCCCNC(=O)c1ccccc1)C(=O)Nc1ccccc1,5.700000000000001,-0.7558748556724915,1,test
CCNC(=O)NCCCCP(=O)(O)C[C@@H](CCc1ccccc1)C(=O)N[C@@H](CC(C)C)C(=O)Nc1ccccc1,17.0,-1.230448921378274,1,train
CC(C)C[C@H](NC(=O)[C@H](CCc1ccccc1)CP(=O)(O)CCC(=O)Nc1ccccc1)C(=O)Nc1ccccc1,470.00000000000006,-2.672097857935717,1,train
COc1cccc(CC[C@H](CP(=O)(O)CCCCN2C(=O)c3ccccc3C2=O)C(=O)N[C@@H](CC(C)C)C(=O)Nc2ccccc2)c1,2.5,-0.3979400086720376,0,train
CC(C)C[C@H](NC(=O)[C@H](CCc1ccccc1)CP(=O)(O)CCCCNC(=O)Nc1ccccc1)C(=O)Nc1ccccc1,70.00000000000001,-1.845098040014257,1,test
CC(C)C[C@H](NC(=O)[C@H](CCc1ccccc1)CP(=O)(O)CCCCNC(=O)Oc1ccccc1)C(=O)Nc1ccccc1,56.00000000000001,-1.7481880270062005,1,train
CC(C)C[C@H](NC(=O)[C@H](CCc1ccccc1)CP(C)(=O)O)C(=O)Nc1ccccc1,1500.0000000000005,-3.1760912590556813,0,train
O=C(NO)C1(CS(=O)(=O)c2ccc(Oc3ccc(Cl)cc3)cc2)CCOCC1,9.3,-0.9684829485539352,0,test
CCOP(=O)(N[C@H](CCC(=O)NCCc1ccccc1)C(=O)NO)c1ccc(OC)cc1,7.290000000000002,-0.8627275283179747,0,test
CCOP(=O)(N[C@H](CC(C)C)C(=O)NO)c1ccc(OC)cc1,69.80000000000001,-1.8438554226231607,0,train
CC1(C)SCCN(S(=O)(=O)c2ccc(Oc3ccncc3)cc2)[C@H]1C(=O)NO,0.27,0.5686362358410126,0,train
CNC(=O)[C@@H](NC(=O)[C@H](CCCCOc1ccccc1)CP(=O)(O)Cc1ccc(Cc2ccccc2)cc1)C(C)(C)C,30.0,-1.4771212547196624,0,train
COc1ccc(S(=O)(=O)N2CC(C)(C)CN(S(=O)(=O)c3ccc(OC)cc3)C2C(=O)NO)cc1,17.999999999999996,-1.255272505103306,0,train
CC(C)C[C@H](NC(=O)[C@@H](NC(=O)[C@@H](C)N)c1ccccc1)C(=O)Nc1ccccc1,34000.00000000002,-4.531478917042255,0,train
C[C@@H](N)C(=O)N[C@@H](CCc1ccccc1)C(=O)N[C@@H](CCN)C(=O)Nc1ccccc1,5300.000000000001,-3.724275869600789,0,train
C[C@@H](N)C(=O)N[C@@H](CCc1ccccc1)C(=O)N[C@@H](CCCN)C(=O)Nc1ccccc1,1300.0000000000005,-3.113943352306837,1,test
C[C@@H](N)C(=O)N[C@@H](CCc1ccccc1)C(=O)N[C@@H](CCCCCCN)C(=O)Nc1ccccc1,540.0000000000001,-2.7323937598229686,0,train
C[C@@H](N)C(=O)N[C@@H](CCc1ccccc1)C(=O)NC(CCCCCCCCCN)C(=O)Nc1ccccc1,109.99999999999996,-2.041392685158225,1,train
C[C@@H](N)C(=O)N[C@@H](CCc1ccccc1)C(=O)N[C@@H](CCCCN)C(=O)Nc1ccccc1,639.9999999999999,-2.806179973983887,0,train
COc1ccc(NC(=O)[C@H](CC(C)C)NC(=O)[C@H](CCc2ccccc2)NC(=O)[C@@H](C)N)cc1,230.00000000000009,-2.361727836017593,0,train
COc1cccc(NC(=O)[C@H](CC(C)C)NC(=O)[C@H](CCc2ccccc2)NC(=O)[C@@H](C)N)c1,590.0,-2.770852011642144,0,train
CC(C)C[C@H](NC(=O)[C@H](CCCc1ccccc1)NC(=O)[C@@H](C)N)C(=O)Nc1ccccc1,1600.000000000001,-3.204119982655925,0,train
C[C@@H](N)C(=O)N[C@@H](CCc1ccccc1)C(=O)N[C@@H](CCCCCN)C(=O)Nc1ccccc1,1600.000000000001,-3.204119982655925,1,train
COc1ccc(S(=O)(=O)N(CC(=O)NO)C(C)(C)C)cc1,2499.9999999999995,-3.397940008672037,1,train
COc1ccc(S(=O)(=O)N(CCN2CCOCC2)CC(=O)NO)cc1,236.00000000000009,-2.3729120029701067,0,train
COc1ccc(S(=O)(=O)N(Cc2cccnc2)[C@H](CC(C)C)C(=O)NO)cc1,46.0,-1.662757831681574,0,train
COc1ccc(S(=O)(=O)N(Cc2ccccc2)[C@@H](C(=O)NO)c2ccccc2)cc1,103.99999999999996,-2.0170333392987803,0,test
COc1ccc(S(=O)(=O)N(CC(=O)NO)C2CCCCC2)cc1,1260.0,-3.100370545117563,1,train
COc1ccc(S(=O)(=O)N(CC(=O)NO)CC(F)(F)F)cc1,305.00000000000006,-2.484299839346786,0,test
COc1ccc(S(=O)(=O)N(CC(=O)NO)Cc2cccc(OC)c2)cc1,70.00000000000001,-1.845098040014257,0,train
CCC(C)[C@H](C(=O)NO)N(Cc1ccccc1)S(=O)(=O)c1ccc(OC)cc1,38.99999999999999,-1.591064607026499,0,test
COc1ccc(S(=O)(=O)N(CCCCc2ccccc2)CC(=O)NO)cc1,100.0,-2.0,1,train
COc1ccc(S(=O)(=O)N(Cc2ccccc2)[C@H](COC(C)(C)C)C(=O)NO)cc1,47.99999999999999,-1.6812412373755872,0,train
COc1ccc(S(=O)(=O)N(Cc2ccccc2)[C@H](CC(C)(C)C)C(=O)NO)cc1,28.0,-1.4471580313422192,0,train
COc1ccc(S(=O)(=O)N(CC(=O)NO)Cc2ccc3ccccc3n2)cc1,134.00000000000003,-2.127104798364808,0,train
O=C1NCCCC[C@@H](C(=O)NCC(=O)N2CCNCC2)NC(=O)[C@H](Cc2ccc(-c3ccccc3C(F)(F)F)cc2)[C@@H](C(=O)NO)CCCO1,582.0000000000002,-2.7649229846498886,0,train
CC(C)CN(CC(=O)NO)S(=O)(=O)c1ccccc1,1769.1399999999996,-3.247762201944017,0,train
COc1ccc(CN(CC(=O)NO)S(=O)(=O)c2ccc(OC)cc2)cc1,103.99999999999996,-2.0170333392987803,0,train
COc1ccc(S(=O)(=O)N(CCN2CCCCC2)CC(=O)NO)cc1,1130.000000000001,-3.05307844348342,1,train
COc1ccc(S(=O)(=O)N(Cc2ccccc2)[C@H](CCSC)C(=O)NO)cc1,31.0,-1.4913616938342726,0,test
COc1ccc(S(=O)(=O)N(Cc2ccccc2)[C@H](CCCCNC(=O)OCc2ccccc2)C(=O)NO)cc1,70.00000000000001,-1.845098040014257,0,train
CCCCCCOc1ccc(S(=O)(=O)N(CC(=O)NO)CC(C)C)cc1,63.05,-1.7996850909091004,1,test
COc1ccc(S(=O)(=O)N(CC(=O)NO)Cc2cccnc2)cc1,113.00000000000006,-2.05307844348342,1,train
COc1ccc(S(=O)(=O)N(Cc2ccccc2)C(C(=O)NO)C(C)(C)C)cc1,700.0000000000001,-2.845098040014257,0,train
COc1ccc(S(=O)(=O)N(CCc2ccccc2)CC(=O)NO)cc1,66.00000000000001,-1.8195439355418688,1,test
COc1ccc(S(=O)(=O)N(CCC2CCCCC2)CC(=O)NO)cc1,37.99999999999999,-1.57978359661681,1,train
COc1ccc(S(=O)(=O)N(CC(=O)NO)CC(C)C)cc1,132.41499999999996,-2.1219371848637816,1,train
CC(C)CN(CC(=O)NO)S(=O)(=O)c1ccc(N)cc1,5005.935000000001,-3.699485206174203,0,train
CC(C)CCOc1ccc(S(=O)(=O)N(CC(=O)NO)CC(C)C)cc1,77.81,-1.8910354153153108,1,train
CC(C)CN(CC(=O)NO)S(=O)(=O)c1ccc(OCC2CCCCC2)cc1,60.62999999999999,-1.7826875682349663,0,train
COc1ccc(S(=O)(=O)N(Cc2ccccc2)[C@H](CCCCN(C)C)C(=O)NO)cc1,68.99999999999999,-1.8388490907372552,0,train
COc1ccc(S(=O)(=O)N(Cc2ccccc2)[C@H](CCS(C)(=O)=O)C(=O)NO)cc1,85.00000000000003,-1.9294189257142929,0,train
CC(C)CN(CC(=O)NO)S(=O)(=O)c1ccc(Cl)cc1,938.125,-2.9722607095873457,0,train
COc1ccc(S(=O)(=O)N(CC(=O)NO)Cc2ccc(Cl)cc2)cc1,93.99999999999996,-1.9731278535996983,0,test
O=C1NCCCC[C@@H](C(=O)NCC(=O)N2CCOCC2)NC(=O)[C@H](Cc2ccc(-c3ccccc3C(F)(F)F)cc2)[C@@H](C(=O)NO)CCCO1,2000.0,-3.3010299956639813,0,test
COc1ccc(S(=O)(=O)N(Cc2cccnc2)[C@H](CCCCN(C)C)C(=O)NO)cc1,81.0,-1.9084850188786495,0,train
COc1ccc(S(=O)(=O)N(Cc2cccnc2)[C@H](CC(C)(C)C)C(=O)NO)cc1,42.00000000000001,-1.6232492903979006,0,train
CCOCCOc1ccc(S(=O)(=O)N(CC(=O)NO)CC(C)C)cc1,1126.0100000000002,-3.0515422474651803,1,train
COc1ccc(S(=O)(=O)N(CC(=O)NO)Cc2ccccn2)cc1,89.99999999999997,-1.9542425094393248,1,test
COc1ccc(S(=O)(=O)N(Cc2ccccc2)[C@H](CC2CCCCC2)C(=O)NO)cc1,44.0,-1.6434526764861874,0,train
COc1ccc(S(=O)(=O)N(CCCc2ccccc2)CC(=O)NO)cc1,124.99999999999994,-2.096910013008056,1,train
COc1ccc(S(=O)(=O)N(CC(=O)NO)CC2CCCCC2)cc1,61.000000000000014,-1.7853298350107671,1,train
CCCCOc1ccc(S(=O)(=O)N(CC(=O)NO)CC(C)C)cc1,57.769999999999975,-1.7617023675414123,1,train
CCC(C)N(CC(=O)NO)S(=O)(=O)c1ccc(OC)cc1,1819.9999999999995,-3.2600713879850747,0,train
COc1ccc(S(=O)(=O)N(CC(=O)NO)Cc2cc(OC)c(OC)c(OC)c2)cc1,150.99999999999994,-2.1789769472931693,0,train
COc1ccc(S(=O)(=O)N(CC(=O)NO)Cc2ccc(-c3ccccc3)cc2)cc1,107.0,-2.0293837776852097,0,train
COc1ccc(S(=O)(=O)NCC(=O)NO)cc1,4400.0,-3.643452676486187,0,train
COc1ccc(S(=O)(=O)N(CC(=O)NO)Cc2ccncc2)cc1,192.00000000000003,-2.2833012287035497,1,train
COc1ccc(S(=O)(=O)N(Cc2ccccc2)[C@H](CC(C)C)C(=O)NO)cc1,23.0,-1.3617278360175928,0,train
COc1ccc(S(=O)(=O)N(Cc2ccccc2)C(CCN2CCOCC2)C(=O)NO)cc1,49.99999999999999,-1.6989700043360187,0,train
COc1ccc(S(=O)(=O)N(Cc2ccccc2)C(Cc2ccc(O)cc2)C(=O)NO)cc1,64.99999999999999,-1.8129133566428557,0,train
COc1ccc(S(=O)(=O)N(CCC(C)C)CC(=O)NO)cc1,93.99999999999996,-1.9731278535996983,0,train
COc1ccc(S(=O)(=O)N(CC(=O)NO)Cc2ccccc2)cc1,70.00000000000001,-1.845098040014257,1,train
CC(C)CN(CC(=O)NO)S(=O)(=O)c1ccc(OC(C)C)cc1,337.4199999999998,-2.5281708210871674,0,train
CNC(=O)[C@@H]1CCCCNC(=O)C[C@H](C(=O)O)N[C@@H](CCc2ccccc2)C(=O)N1,35000.0,-4.544068044350276,1,train
CNC(=O)CC[C@@H](N[C@@H](CCc1ccccc1)C(=O)N[C@@H](CCCCNC(C)=O)C(=O)NC)C(=O)O,14087.999999999996,-4.14884934295922,0,train
CNC(=O)[C@@H]1CCC(=O)OCCNC(=O)CC[C@H](C(=O)O)N[C@@H](CCc2ccccc2)C(=O)N1,2900.0,-3.462397997898956,1,test
CNC(=O)[C@@H]1CCCCNC(=O)CC[C@H](C(=O)O)N[C@@H](CCc2ccc(-c3ccccc3)cc2)C(=O)N1,2399.9999999999995,-3.380211241711606,0,train
O=C(NO)[C@H]1[C@@H](O)[C@H](O)[C@H](O)CN1S(=O)(=O)c1ccc(-c2ccccc2)cc1,49.99999999999999,-1.6989700043360187,0,train
CCN(CC)CCOP(=O)(c1ccc(OC)cc1)N1Cc2ccccc2CC1C(=O)NO,82.39999999999999,-1.915927211697116,1,test
COc1ccc([P@](=O)(OCCCC(F)(F)F)N2Cc3ccccc3C[C@@H]2C(=O)NO)cc1,29.4,-1.4683473304121573,0,train
COc1ccc(P(=O)(OC(C)C)N2Cc3ccccc3CC2C(=O)NO)cc1,24.4,-1.3873898263387294,0,test
CCOP(=O)(c1ccccc1)N1Cc2ccccc2CC1C(=O)NO,34.9,-1.54282542695918,0,train
CCOP(=O)(c1ccc(OC)cc1)N1Cc2cc(N)ccc2CC1C(=O)NO,12.300000000000004,-1.089905111439398,0,train
CCOP(=O)(c1ccc(F)cc1)N1Cc2ccccc2CC1C(=O)NO,64.39999999999999,-1.808885867359812,1,train
CCOP(=O)(c1ccc(OC)cc1)N1Cc2[nH]c3ccccc3c2CC1C(=O)NO,2.04,-0.3096301674258988,0,train
CCOCCOP(=O)(c1ccc(OC)cc1)N1Cc2ccccc2CC1C(=O)NO,5.43,-0.7347998295888469,1,train
CCOP(=O)(c1ccc(OC)cc1)N1Cc2nccnc2CC1C(=O)NO,10.700000000000005,-1.0293837776852095,1,train
CCOP(=O)(c1ccncc1)N1Cc2ccccc2CC1C(=O)NO,189.99999999999997,-2.278753600952829,1,test
CCOP(=O)(c1cccs1)N1Cc2ccccc2CC1C(=O)NO,67.0,-1.8260748027008264,0,test
CCCCOP(=O)(c1ccc(OC)cc1)N1Cc2ccccc2CC1C(=O)NO,23.999999999999996,-1.380211241711606,0,train
CCOP(=O)(c1ccc(C)cc1)N1Cc2ccccc2CC1C(=O)NO,72.90000000000002,-1.8627275283179747,1,train
CCOP(=O)(c1ccc(N)cc1)N1Cc2ccccc2CC1C(=O)NO,161.99999999999994,-2.2095150145426308,1,train
CCOP(=O)(c1ccc(-c2ccccc2)cc1)N1Cc2ccccc2CC1C(=O)NO,4.36,-0.6394864892685861,0,train
CCOP(=O)(c1ccc(Oc2ccncc2)cc1)N1Cc2ccccc2CC1C(=O)NO,4.85,-0.6857417386022636,0,train
CCOP(=O)(c1ccc(OC)cc1)N1Cc2ccsc2CC1C(=O)NO,5.200000000000001,-0.7160033436347992,1,test
COc1ccc(P(=O)(OC)N2Cc3ccccc3CC2C(=O)NO)cc1,2.95,-0.469822015978163,0,test
CCCCCCOP(=O)(c1ccc(OC)cc1)N1Cc2ccccc2CC1C(=O)NO,5.19,-0.7151673578484579,1,train
CCOP(=O)(/C=C/c1ccccc1)N1Cc2ccccc2CC1C(=O)NO,29.7,-1.4727564493172125,0,train
COc1ccc(P(=O)(OCCc2ccccn2)N2Cc3ccccc3CC2C(=O)NO)cc1,6.410000000000001,-0.8068580295188175,0,test
CCOP(=O)(CCc1ccccc1)N1Cc2ccccc2CC1C(=O)NO,11.600000000000003,-1.0644579892269186,1,train
CCOP(=O)(c1ccc(Oc2ccccc2)cc1)N1Cc2ccccc2CC1C(=O)NO,0.53,0.2757241303992109,0,train
CCOP(=O)(c1ccc(Oc2ccc(N)cc2)cc1)N1Cc2ccccc2CC1C(=O)NO,0.5,0.3010299956639812,1,train
CCOP(=O)(c1ccc(OC)cc1)N1CCN(C(=O)OCc2ccccc2)CC1C(=O)NO,14.9,-1.173186268412274,0,test
CCOP(=O)(c1ccccc1F)N1Cc2ccccc2CC1C(=O)NO,47.79999999999999,-1.6794278966121188,0,train
CCOCCOc1ccc([P@](=O)(OCCC(F)(F)F)N2Cc3ccccc3C[C@@H]2C(=O)NO)cc1,47.5,-1.6766936096248666,1,train
COc1ccc(P(=O)(OCC2CCCCC2)N2Cc3ccccc3CC2C(=O)NO)cc1,2.43,-0.3856062735983122,0,train
CCOP(=O)(c1ccc(OC)cc1)N1CCCC1C(=O)NO,527.0000000000001,-2.7218106152125467,0,train
COc1ccc(P(=O)(OCCc2ccccc2)N2Cc3ccccc3CC2C(=O)NO)cc1,8.15,-0.9111576087399766,0,train
COc1ccc(P(=O)(OCCc2ccc(-c3ccccc3)cc2)N2Cc3ccccc3CC2C(=O)NO)cc1,12.8,-1.1072099696478683,0,train
CCOP(=O)(c1cccc(F)c1)N1Cc2ccccc2CC1C(=O)NO,51.39999999999999,-1.7109631189952756,0,test
CC(C)C[C@H](CC(=O)NO)C(=O)N[C@H]1Cc2cn(c3ccccc23)CCCCCCNC1=O,9.0,-0.9542425094393248,1,train
CC(C)C[C@H](CN(O)C=O)C(=O)N[C@H]1Cc2cn(c3ccccc23)CCCCCCNC1=O,15.000000000000004,-1.1760912590556811,1,train
CC(C)C[C@H](CP(=O)(O)CSc1ccc2ccccc2n1)C(=O)N[C@H]1Cc2cn(c3ccccc23)CCCCCCNC1=O,806.0000000000003,-2.906335041805091,0,train
CCCCCCNC(=O)[C@H](Cc1c[nH]c2ccccc12)NC(=O)[C@H](CC(C)C)CP(=O)(O)CSc1ccc2ccccc2n1,6575.000000000001,-3.817895757161796,0,train
CC[C@@H](N[C@@H](CC(C)C)C(=O)N[C@H]1Cc2cn(c3ccccc23)CCCCCCNC1=O)C(=O)O,24999.999999999996,-4.3979400086720375,0,train
CC(C)C[C@H](CC(=O)O)C(=O)N[C@H]1Cc2cn(c3ccccc23)CCCCCCNC1=O,4499.999999999998,-3.653212513775344,1,train
CNC(=O)[C@H](Cc1ccc(OC)cc1)NS(=O)(=O)C(CC(=O)O)CC(C)C,19099.999999999985,-4.281033367247727,0,test
CNC(=O)[C@H](Cc1ccc(OC)cc1)NS(=O)(=O)C(CCc1ccccc1)CC(=O)NO,2199.9999999999995,-3.342422680822206,0,test
CNC(=O)[C@@H]1CCCNCCCCO[C@H](C(=O)NO)[C@@H](CCCc2ccccc2)C(=O)N1,265.00000000000006,-2.423245873936808,0,train
CNC(=O)[C@H](Cc1ccc(OC)cc1)NS(=O)(=O)C(CC(=O)NO)CC(C)C,4100.0,-3.612783856719736,0,train
CNC(=O)[C@H](Cc1ccc(OC)cc1)NC(=O)[C@@H](CC(=O)O)CC(C)C,29400.00000000003,-4.468347330412158,1,train
CCCCCCC(CC(=O)NO)S(=O)(=O)N[C@@H](Cc1ccc(OC)cc1)C(=O)NC,4000.000000000001,-3.6020599913279625,0,train
CNC(=O)[C@@H]1CCCN(C(=O)OC(C)(C)C)CCCCO[C@H](C(=O)NO)[C@@H](CCCc2ccccc2)C(=O)N1,373.00000000000017,-2.571708831808688,0,train
CNC(=O)[C@@H]1CCCN(C(C)=O)CC(C)CO[C@H](C(=O)NO)[C@@H](CCCc2ccccc2)C(=O)N1,267.0000000000001,-2.4265112613645754,0,train
CNC(=O)[C@@H]1CCCN(C(C)=O)CCCCO[C@H](C(=O)NO)[C@@H](CCCc2ccccc2)C(=O)N1,37.99999999999999,-1.57978359661681,0,train
CNC(=O)[C@@H]1Cc2cn(c3ccccc23)CCCCO[C@H](C(=O)NO)[C@@H](CC(C)C)C(=O)N1,2.88,-0.4593924877592308,0,train
CC(C)C[C@H]1C(=O)N[C@H](C(=O)NCC(=O)N2CCOCC2)CCCCNC(=O)OCCC[C@@H]1C(=O)NO,7.799999999999999,-0.8920946026904804,0,train
CNC(=O)[C@@H]1CCCCN(C)C(=O)CO[C@H](C(=O)NO)[C@@H](CC(C)C)C(=O)N1,3.0,-0.4771212547196624,0,train
CNC(=O)[C@@H]1CCCc2ccc(cc2)OCCC[C@H](C(=O)NO)[C@@H](CC(C)C)C(=O)N1,16.200000000000003,-1.209515014542631,0,train
CNC(=O)[C@@H]1CSc2ccccc2NC(=O)CO[C@H](C(=O)NO)[C@@H](CC(C)C)C(=O)N1,22.3,-1.3483048630481609,0,train
CNC(=O)[C@@H]1CCc2ccc(cc2)OCCC[C@H](C(=O)NO)[C@@H](CC(C)C)C(=O)N1,47.99999999999999,-1.6812412373755872,0,test
CNC(=O)CNC(=O)[C@@H]1Cc2ccc(cc2)OCCC[C@H](C(=O)NO)[C@@H](CC(C)C)C(=O)N1,13.999999999999998,-1.146128035678238,0,train
O=C1NC(=O)C2(CCC(=O)N2c2ccc(Oc3ccccc3)cc2)C(=O)N1,4499.999999999998,-3.653212513775344,1,train
O=C1NC(=O)C2(CCC(=O)N2c2ccc(Oc3ccc(Cl)cc3)cc2)C(=O)N1,430.0000000000001,-2.633468455579586,1,train
COC(=O)c1ccc(Oc2ccc(N3C(=O)CCC34C(=O)NC(=O)NC4=O)cc2)cc1,1300.0000000000005,-3.113943352306837,0,train
O=C1NC(=O)C2(CCC(=O)N2c2ccc(Oc3ccc(C(=O)O)cc3)cc2)C(=O)N1,3199.999999999999,-3.505149978319906,0,train
O=C1NC(=O)C2(CCC(=O)N2c2ccc(Oc3ccc(Oc4ccccc4)cc3)cc2)C(=O)N1,109.99999999999996,-2.041392685158225,1,train
COc1ccc(-c2ccc(S(=O)(=O)N[C@@H](C(C)C)P(=O)(O)O)cc2)cc1,40.000000000000014,-1.6020599913279625,0,train
CC[C@H](C(=O)NO)[C@H](C(=O)N1CCCC[C@H]1C(=O)NC)c1ccc(Cl)cc1,5.000000000000001,-0.6989700043360189,0,train
CC[C@H](C(=O)NO)[C@H](C(=O)N1CCCC[C@H]1C(=O)NC)c1ccc(OC)cc1,10.999999999999996,-1.041392685158225,0,train
COc1ccc([C@@H](C(=O)N2CCCCC2)[C@H](CO)C(=O)NO)cc1,300.0000000000001,-2.4771212547196626,0,train
COc1ccc([C@@H](C(=O)N2CCCCC2)[C@H](CN2C(=O)N(C)C(C)(C)C2=O)C(=O)NO)cc1,187.00000000000003,-2.271841606536499,0,test
CNC(=O)[C@@H](NC(=O)[C@H](c1ccc(OC)cc1)[C@H](CN1C(=O)N(C)C(C)(C)C1=O)C(=O)NO)C(C)(C)C,12.000000000000002,-1.0791812460476249,0,train
Cc1cc(COc2ccc(C(=O)NC3(CC(=O)NO)CCNCC3)cc2)c2ccccc2n1,91.0,-1.9590413923210936,0,test
Cc1cc(COc2ccc(C(=O)NC3(CC(=O)NO)CCOCC3)cc2)c2ccccc2n1,82.0,-1.9138138523837167,0,train
Cc1cc(COc2ccc(S(=O)(=O)NCc3n[nH]c(=O)[nH]3)cc2)c2ccccc2n1,566.9999999999998,-2.7535830588929064,0,train
Cc1cc(COc2ccc(C(=O)NCC3(Cc4ccccc4)C(=O)NC(=O)NC3=O)cc2)c2ccccc2n1,3689.999999999999,-3.56702636615906,0,train
Cc1cc(COc2ccc(C(=O)NC3(Cc4n[nH]c(=S)[nH]4)CCOCC3)cc2)c2ccccc2n1,2104.9999999999995,-3.323252100171687,0,test
Cc1nc2ccccc2n1Cc1ccc(C(=O)N[C@@H]2CN(C(=O)OC(C)(C)C)C[C@@H]2C(=O)NO)cc1,2608.999999999999,-3.4164740791002206,0,test
CC(C)c1nc2ccccc2n1Cc1ccc(C(=O)N[C@@H]2CN(C(=O)OC(C)(C)C)C[C@@H]2C(=O)NO)cc1,3915.0,-3.592731766393962,0,train
C#CCN1C[C@H](C(=O)NO)[C@H](NC(=O)c2ccc(OCc3cc(C)nc4ccccc34)cc2)C1,54.000000000000014,-1.7323937598229686,1,train
Cc1[nH]c2ccccc2c1Cc1ccc(C(=O)N[C@@H]2CNC[C@@H]2C(=O)NO)cc1,2969.9999999999995,-3.4727564493172123,0,train
CC(C)c1nn2ccccc2c1Cc1ccc(C(=O)N[C@@H]2CCOC[C@@H]2C(=O)NO)cc1,3304.999999999999,-3.519171463821659,0,test
CCc1nn2ccccc2c1Cc1ccc(C(=O)N[C@@H]2CCOC[C@@H]2C(=O)NO)cc1,3306.000000000001,-3.519302849235429,0,train
CC(C)c1oc2ccccc2c1Cc1ccc(C(=O)N[C@@H]2CCOC[C@@H]2C(=O)NO)cc1,766.0000000000003,-2.884228769632604,0,train
CC(C)c1oc2ccccc2c1Cc1ccc(C(=O)N[C@@H]2CNC[C@@H]2C(=O)NO)cc1,2719.0,-3.4344092075875,0,train
Cc1oc2ccccc2c1Cc1ccc(C(=O)N[C@@H]2CNC[C@@H]2C(=O)NO)cc1,626.9999999999999,-2.7972675408307164,0,train
Cc1oc2ccccc2c1Cc1ccc(C(=O)N[C@@H]2CCOC[C@@H]2C(=O)NO)cc1,1123.0000000000002,-3.050379756261458,0,train
CCc1[nH]c2ccccc2c1Cc1ccc(C(=O)N[C@@H]2CCOC[C@@H]2C(=O)NO)cc1,3060.000000000001,-3.48572142648158,0,test
Cc1[nH]c2ccccc2c1Cc1ccc(C(=O)N[C@@H]2CCOC[C@@H]2C(=O)NO)cc1,3689.999999999999,-3.56702636615906,0,train
C#CCN1C[C@H](C(=O)NO)[C@H](NC(=O)c2ccc(Cc3c(C)[nH]c4ccccc34)cc2)C1,852.0,-2.9304395947667,1,train
Cc1cc(COc2ccc(C[C@]3(C(N)=O)C[C@@H]3C(=O)NO)cc2)c2ccccc2n1,57999.99999999995,-4.763427993562937,0,train
Cc1cc(COc2ccc(C(=O)N[C@@]3(CC(=O)NO)C[C@@H](C)N[C@@H](C)C3)cc2)c2ccccc2n1,762.0000000000002,-2.8819549713396007,0,train
O=S(=O)(CCC(S)CS)c1ccc(Oc2ccccc2)cc1,10000.0,-4.0,0,train
CC(=O)Nc1ccc(Oc2ccc(S(=O)(=O)CC3CS3)cc2)cc1,12200.000000000004,-4.086359830674748,0,train
CS(=O)(=O)Nc1ccc(Oc2ccc(S(=O)(=O)CC3CS3)cc2)cc1,3600.0,-3.5563025007672877,0,train
O=S(=O)(CC1CS1)c1ccc(Oc2ccccc2)cc1,15000.000000000004,-4.176091259055681,0,train
CNC(=O)[C@H](Cc1c[nH]c2ccccc12)NC(=O)[C@@H](CC(=O)NNS(=O)(=O)c1ccc(-c2ccc(Br)cc2)cc1)CC(C)C,414.9999999999998,-2.6180480967120925,0,train
O=C(NCCc1cccs1)[C@H](O)[C@@H](O)C(=O)N1CCCC1c1cccc(Cl)c1,17000.000000000007,-4.230448921378274,0,test
O=C(NCc1cc2ccccc2o1)[C@H](O)[C@@H](O)C(=O)N1CCCC1c1ccccc1,7699.999999999999,-3.886490725172482,0,test
COc1ccc2[nH]n(CC3(C)NC(=O)NC3=O)c(=O)c2c1,10000.0,-4.0,0,train
COCCN1CCC(C(=O)NO)(S(=O)(=O)c2ccc(OCCCn3nnc(-c4ccc(OC(F)(F)F)cc4)n3)cc2)CC1,8.7,-0.9395192526186184,0,test
Cc1ccc(-c2nnn(CCCOc3ccc(S(=O)(=O)C4(C(=O)NO)CCOCC4)cc3)n2)nc1,44.0,-1.6434526764861874,0,train
Cc1ccc(-c2nnnn2CCCOc2ccc(S(=O)(=O)C3(C(=O)NO)CCOCC3)cc2)nc1,3.0,-0.4771212547196624,0,train
O=C(NO)C1(S(=O)(=O)c2ccc(OCCCc3nc(-c4ccc(OC(F)(F)F)cc4)no3)cc2)CCOCC1,31.0,-1.4913616938342726,0,test
CCN1CCC(C(=O)NO)(S(=O)(=O)c2ccc(OCCCc3nc(-c4ccc(OC(F)(F)F)cc4)no3)cc2)CC1,37.0,-1.568201724066995,0,train
O=C(NO)C1(S(=O)(=O)c2ccc(OCCCn3cnc(-c4ccc(OC(F)(F)F)cc4)c3)cc2)CCOCC1,59.00000000000001,-1.7708520116421442,0,train
O=C(NO)C1(S(=O)(=O)c2ccc(OCCCn3cncc3-c3ccc(OC(F)(F)F)cc3)cc2)CCOCC1,130.00000000000006,-2.113943352306837,1,train
O=C(NO)C1(S(=O)(=O)c2ccc(OCCCc3nnnn3-c3ccc(OC(F)(F)F)cc3)cc2)CCOCC1,9.9,-0.99563519459755,1,train
COc1ccc(C(=O)NCCCOc2ccc(S(=O)(=O)C3(C(=O)NO)CCOCC3)cc2)cc1,899.9999999999998,-2.9542425094393248,0,test
O=C(NO)C1(S(=O)(=O)c2ccc(OCCCn3nnc(-c4ccc(OC(F)(F)F)cc4)n3)cc2)CCOCC1,28.0,-1.4471580313422192,0,train
O=C(NCc1ccc(-n2cccn2)cc1)[C@H](O)[C@@H](O)C(=O)N1CCCC1c1cccc(Cl)c1,19000.0,-4.278753600952829,0,train
N=C(N)NCCC[C@H](N)C(=O)Nc1ccc(Oc2ccc(S(=O)(=O)CC3CS3)cc2)cc1,40499.99999999997,-4.607455023214668,0,train
Nc1ccc(Oc2ccc(S(=O)(=O)CC3CS3)cc2)cc1,23399.99999999998,-4.369215857410143,1,test
CCC(NCCCC[C@@H](C[C@@H](OC)c1ccc(F)cc1)C(=O)NO)c1ccc(F)cc1,31000.00000000003,-4.491361693834273,0,test
O=S(=O)(CC1CS1)c1ccc(Oc2cccc(F)c2)cc1,26999.99999999997,-4.431363764158987,1,train
O=S(=O)(CC1CS1)c1ccc(Oc2ccc(CO)cc2)cc1,4100.0,-3.612783856719736,0,train
O=S(=O)(CC1CS1)c1ccc(Oc2ccc(O)cc2)cc1,2199.9999999999995,-3.342422680822206,1,test
CC(C)Oc1ccc(Oc2ccc(S(=O)(=O)CC3CS3)cc2)cc1,17000.000000000007,-4.230448921378274,0,train
COCOc1ccc(Oc2ccc(S(=O)(=O)CC3CS3)cc2)cc1,12000.000000000007,-4.079181246047625,0,test
CC(=O)NCCCCCC(=O)N1C[C@H](NS(=O)(=O)c2ccc(Oc3ccccc3)cc2)[C@@H](S)C1,809.9999999999995,-2.908485018878649,0,test
O=C(NCCN1C(=O)c2ccccc2C1=O)N1C[C@H](NS(=O)(=O)c2ccc(Oc3ccccc3)cc2)[C@@H](S)C1,37.0,-1.568201724066995,0,train
CN([C@H]1CN(C(N)=O)C[C@@H]1S)S(=O)(=O)c1ccc(Oc2ccccc2)cc1,350.0,-2.544068044350276,0,train
NC(=O)N1C[C@H](NS(=O)(=O)c2ccc(Oc3ccccc3)cc2)[C@@H](S)C1,460.0000000000003,-2.6627578316815743,0,train
O=S(=O)(N[C@@H]1CCC[C@H]1S)c1ccc(Oc2ccccc2)cc1,100000.0,-5.0,0,train
O=S(=O)(N[C@H]1CCC[C@@H]1S)c1ccc(-c2ccccc2)cc1,10000.0,-4.0,0,train
CNC(=O)[C@H](Cc1ccccc1)NC(=O)[C@@H](CC(C)C)S[C@H]1CN(C(=O)CCCCCN2C(=O)c3ccccc3C2=O)C[C@H]1S,1.9,-0.2787536009528289,1,test
CNC(=O)[C@H](Cc1ccccc1)NC(=O)[C@@H](CC(C)C)S[C@H]1CN(C(=O)CCCN2C(=O)c3ccccc3C2=O)C[C@H]1S,31.0,-1.4913616938342726,1,train
CNC(=O)[C@H](Cc1ccccc1)NC(=O)[C@@H](CC(C)C)S[C@H]1CN(C(=O)CN2C(=O)c3ccccc3C2=O)C[C@H]1S,300.0000000000001,-2.4771212547196626,1,train
CNC(=O)[C@H](Cc1ccccc1)NC(=O)[C@@H](CC(C)C)S[C@H]1CN(C(C)=O)C[C@H]1S,989.9999999999994,-2.9956351945975497,0,train
NC(=O)CC[C@H](NC(=O)[C@H](CCC(=O)O)NC(=O)CCc1cc(-c2ccc(-c3ccccc3)cc2)no1)C(N)=O,105.00000000000004,-2.0211892990699383,0,train
NC(=O)[C@H](CO)NC(=O)[C@H](CCC(=O)O)NC(=O)CCc1ccc(-c2ccc(-c3ccccc3)cc2)cc1,108.00000000000004,-2.03342375548695,0,train
NC(=O)[C@H](CCC(=O)O)NC(=O)[C@H](CCC(=O)O)NC(=O)CCc1ccc(-c2ccc(-c3ccccc3)cc2)cc1,68.99999999999999,-1.8388490907372552,1,train
NC(=O)[C@H](CCCC(=O)O)NC(=O)[C@H](CCCOC=O)NC(=O)CCc1cc(-c2ccc(-c3cccc(Cl)c3)cc2)no1,575.0000000000001,-2.7596678446896306,0,train
O=C(O)CC[C@H](NC(=O)CCc1ccc(-c2ccc(-c3ccccc3)cc2)cc1)C(=O)Nc1cccc(CC(=O)O)c1,34.0,-1.5314789170422551,1,train
CC[C@H](NC(=O)CCc1cc(-c2ccc(-c3ccccc3)cc2)no1)C(=O)N[C@@H](CCC(=O)O)C(N)=O,77.99999999999999,-1.8920946026904804,0,train
O=C(O)CC[C@H](NC(=O)CCc1ccc(-c2cc(-c3ccccc3)cs2)cc1)C(=O)Nc1cccc(CC(=O)O)c1,790.9999999999998,-2.8981764834976764,1,train
CC(C)C[C@H](NC(=O)[C@H](CCC(=O)O)NC(=O)CCc1ccc(-c2ccc(-c3ccccc3)cc2)cc1)C(N)=O,257.99999999999994,-2.41161970596323,1,train
NC(=O)[C@H](CCC(=O)O)NC(=O)[C@H](CO)NC(=O)CCc1ccc(-c2ccc(-c3ccccc3)cc2)cc1,116.00000000000004,-2.0644579892269186,0,test
NC(=O)[C@H](CC(=O)O)NC(=O)[C@H](CC(=O)O)NC(=O)CCc1cc(-c2ccc(-c3ccccc3)cc2)no1,750.0000000000001,-2.8750612633917,1,train
NC(=O)[C@H](CCC(=O)O)NC(=O)[C@H](CC(=O)O)NC(=O)CCc1cc(-c2ccc(-c3ccccc3)cc2)no1,699.0000000000001,-2.844477175745681,1,train
NC(=O)[C@H](CCC(=O)O)NC(=O)[C@H](Cc1ccc(O)cc1)NC(=O)CCc1ccc(-c2ccc(-c3ccccc3)cc2)cc1,252.00000000000009,-2.401400540781544,0,train
NCCCC[C@H](NC(=O)CCc1ccc(-c2ccc(-c3ccccc3)cc2)cc1)C(=O)N[C@@H](CCC(=O)O)C(N)=O,300.0000000000001,-2.4771212547196626,0,train
CC[C@H](NC(=O)CCc1ccc(-c2cccc([N+](=O)[O-])c2)cc1)C(=O)N[C@@H](CCC(=O)O)C(N)=O,878.0,-2.9434945159061026,0,train
CC[C@H](NC(=O)CCc1ccc(-c2csnn2)cc1)C(=O)N[C@@H](CCC(=O)O)C(N)=O,280.99999999999994,-2.44870631990508,0,train
C[C@H](NC(=O)[C@H](CCC(=O)O)NC(=O)CCc1cc(-c2ccc(-c3ccccc3)cc2)no1)C(N)=O,460.0000000000003,-2.6627578316815743,0,train
NC(=O)[C@H](CCC(=O)O)NC(=O)[C@H](CCC(=O)O)NC(=O)[C@@H](CC(=O)O)Cc1ccc(-c2cc(-c3ccccc3)cs2)cc1,578.9999999999998,-2.762678563727436,0,test
NC(=O)[C@H](Cc1ccc(O)cc1)NC(=O)[C@H](CCC(=O)O)NC(=O)CCc1ccc(-c2ccc(-c3ccccc3)cc2)cc1,620.0,-2.792391689498254,0,train
NC(=O)[C@H](CCC(=O)O)NC(=O)CCc1cc(-c2ccc(-c3cccc(Cl)c3)cc2)no1,118.00000000000004,-2.071882007306125,0,train
NC(=O)[C@H](CCC(=O)O)NC(=O)[C@H](CCC(=O)O)NC(=O)CCc1ccc(-c2ccc(-c3ccccc3)s2)cc1,108.00000000000004,-2.03342375548695,1,train
C[C@H](NC(=O)CCc1ccc(-c2ccc(-c3ccccc3)cc2)cc1)C(=O)N[C@@H](CCC(=O)O)C(N)=O,141.99999999999994,-2.1522883443830563,0,train
CC[C@H](NC(=O)CCc1ccc(-c2nc3ccccc3s2)cc1)C(=O)N[C@@H](CCC(=O)O)C(N)=O,88.00000000000001,-1.944482672150169,0,train
NC(=O)[C@H](CC(=O)O)NC(=O)[C@H](CCC(=O)O)NC(=O)CCc1ccc(-c2ccc(-c3ccccc3)cc2)cc1,168.0,-2.225309281725863,1,train
CC(C)C[C@H](NC(=O)CCc1ccc(-c2ccc(-c3ccccc3)cc2)cc1)C(=O)N[C@@H](CCC(=O)O)C(N)=O,203.00000000000003,-2.307496037913213,1,test
NC(=O)[C@H](CC(=O)O)NC(=O)[C@H](CC(=O)O)NC(=O)CCc1cc(-c2ccc(-c3cccc(Cl)c3)cc2)no1,85.00000000000003,-1.9294189257142929,0,test
CC[C@H](NC(=O)[C@H](CCCOC=O)NC(=O)CCc1cc(-c2ccc(-c3cccc(Cl)c3)cc2)no1)C(N)=O,301.99999999999994,-2.4800069429571505,0,train
NC(=O)[C@H](CCC(=O)O)NC(=O)[C@H](CC(=O)O)NC(=O)CCc1ccc(-c2ccc(-c3ccccc3)cc2)cc1,16.0,-1.2041199826559248,1,train
NC(=O)[C@H](CCC(=O)O)NC(=O)[C@H](CC(=O)O)NC(=O)CCc1cc(-c2ccc(-c3cccc(Cl)c3)cc2)no1,381.0000000000001,-2.5809249756756194,1,train
NC(=O)CC[C@H](NC(=O)[C@H](CCC(=O)O)NC(=O)CCc1ccc(-c2ccc(-c3ccccc3)cc2)cc1)C(N)=O,244.0000000000001,-2.3873898263387296,1,train
O=C(O)CC[C@H](NC(=O)CCc1ccc(-c2ccc(-c3ccccc3)cc2)cc1)C(=O)N1CCCC(CC(=O)O)C1,231.00000000000009,-2.3636119798921444,0,train
CC[C@H](NC(=O)CCc1ccc(-c2ccsc2)cc1)C(=O)N[C@@H](CCC(=O)O)C(N)=O,336.99999999999994,-2.5276299008713385,0,train
CC[C@H](NC(=O)CCc1cc(-c2ccc(-c3ccccc3)cc2)no1)C(=O)N[C@@H](CC(=O)O)C(N)=O,440.0,-2.6434526764861874,0,test
C[C@H](NC(=O)[C@H](CCC(=O)O)NC(=O)CCc1ccc(-c2ccc(-c3ccccc3)cc2)cc1)C(N)=O,237.99999999999997,-2.376576957056512,0,train
NC(=O)[C@H](CC(=O)O)NC(=O)[C@H](CCC(=O)O)NC(=O)CCc1cc(-c2ccc(-c3cccc(Cl)c3)cc2)no1,243.0,-2.385606273598312,0,train
NC(=O)[C@H](CCCC(=O)O)NC(=O)[C@H](CCC(=O)O)NC(=O)CCc1cc(-c2ccc(-c3cccc(Cl)c3)cc2)no1,128.99999999999994,-2.110589710299249,0,test
NC(=O)C(Cc1cnc[nH]1)NC(=O)[C@H](CCC(=O)O)NC(=O)CCc1ccc(-c2ccc(-c3ccccc3)cc2)cc1,336.99999999999994,-2.5276299008713385,0,train
COc1cccc(CNC(=O)c2cc(-c3nnn(C[C@H]4CC[C@@H](CO)CC4)n3)cc(C)n2)c1,8729.999999999996,-3.9410142437055695,0,train
COc1cccc(CNC(=O)c2cc(-c3nnn(C[C@H]4CC[C@H](C#N)CC4)n3)cc(C)n2)c1,7209.999999999998,-3.857935264719429,0,train
CN1CC2(CC2)C[C@H](C(=O)NO)[C@H]1C(=O)N1CCN(c2ccc(C(F)(F)F)cn2)CC1,483.99999999999983,-2.6848453616444123,0,test
CN1C(=O)N(C[C@H](C(=O)NO)[C@H](CC2CCCC2)C(=O)N2CCCCC2)C(=O)C1(C)C,527.0000000000001,-2.7218106152125467,0,train
O=C(NO)C1(S(=O)(=O)c2ccc(Oc3ccc(Cl)cc3)cc2)CCOCC1,9.3,-0.9684829485539352,0,train
C=CC[C@H](C(=O)NO)C(CC(C)C)C(=O)N[C@@H](Cc1ccccc1)C(=O)NC,30.0,-1.4771212547196624,0,test
NC(=O)[C@H](CCC(=O)O)NC(=O)[C@@H](CCC(=O)O)NC(=O)CCc1ccc(-c2ccccc2)cc1,6700.0,-3.8260748027008256,1,train
