smiles,exp_mean [nM],y,cliff_mol,split
Cc1cc(N/N=C/c2ccc(O)c(O)c2)nc2ccccc12,13199.99999999999,-4.12057393120585,0,train
Cc1cc(N/N=C/c2ccncc2)nc2ccccc12,4100.0,-3.612783856719736,0,test
C[C@@H]1CCNC(=O)c2cc3ccc(C(=O)Nc4nc5ccccc5n4CCCN(C)C)cc3n21,16.0,-1.2041199826559248,0,train
CCNc1nc(Nc2cc3c(cc2OC)C(=O)N(CC(C)(C)O)C3)ncc1C(F)(F)F,22.0,-1.3424226808222062,0,train
CCNc1nc(Nc2cc(F)c(C(=O)NCC(C)(C)O)cc2OC)ncc1C(F)(F)F,10.0,-1.0,0,test
CNc1nc(Nc2cnc(C3CCOCC3)cc2OC)ncc1C(F)(F)F,50.99999999999999,-1.7075701760979365,0,test
CCNc1nc(Nc2cnc(C(=O)N3CCOCC3)cc2OC)ncc1C(F)(F)F,17.0,-1.230448921378274,0,train
CNc1nc(Nc2cc(F)c(S(C)(=O)=O)cc2OC)ncc1C(F)(F)F,27.000000000000004,-1.4313637641589874,0,train
CNc1nc(Nc2ccc(-c3nnnn3C)cc2Cl)ncc1C(F)(F)F,100.0,-2.0,0,train
COc1cc(C(=O)N2CCOCC2)c(F)cc1Nc1ncc(C(F)(F)F)c(NC2CC2)n1,4.0,-0.6020599913279624,0,train
CNc1nc(Nc2cc(F)c(C(=O)N3CCOCC3)cc2OC)ncc1C(F)(F)F,16.0,-1.2041199826559248,0,train
CNc1nc(Nc2ccc(C(=O)N3CCOCC3)c(F)c2OC)ncc1C(F)(F)F,35.0,-1.5440680443502757,0,train
CNc1nc(Nc2cc(OC)c(C(=O)N3CCOCC3)cc2F)ncc1C(F)(F)F,63.0,-1.7993405494535817,0,train
CNc1nc(Nc2cc(C)c(C(=O)N3CCOCC3)cc2OC)ncc1C(F)(F)F,10.999999999999996,-1.041392685158225,0,train
CNc1nc(Nc2cc(C)c(C(=O)N3CCOCC3)cc2Cl)ncc1C(F)(F)F,43.000000000000014,-1.6334684555795866,0,train
CCNc1nc(Nc2cc(OC)c(C(=O)N3CCOCC3)cc2Cl)ncc1C(F)(F)F,27.000000000000004,-1.4313637641589874,0,train
CNc1nc(Nc2cc(OC)c(C(=O)N3CCOCC3)cc2Cl)ncc1C(F)(F)F,23.999999999999996,-1.380211241711606,0,train
CNc1nc(Nc2cc(OC)c(C(=O)N3CCOCC3)cc2OC)ncc1C(F)(F)F,21.0,-1.3222192947339193,0,test
CNc1nc(Nc2cc(Cl)c(C(=O)N3CCOCC3)cc2OC)ncc1C(F)(F)F,7.0,-0.8450980400142568,0,train
CNc1nc(Nc2ccc(C(=O)N3CCOCC3)cc2OC)ncc1C(F)(F)F,9.0,-0.9542425094393248,0,train
CNc1nc(Nc2ccc(C(=O)N3CCOCC3)cc2OC)ncc1C#N,105.00000000000004,-2.0211892990699383,0,train
CNc1nc(Nc2ccc(C(=O)N3CCOCC3)cc2OC)ncc1F,417.99999999999983,-2.621176281775035,1,train
COc1cc(C(=O)N2CCOCC2)ccc1Nc1ncc(Br)c(OC)n1,53.000000000000014,-1.7242758696007892,0,train
CNc1nc(Nc2ccc(C(=O)N3CCOCC3)cc2OC)ncc1Br,12.999999999999998,-1.1139433523068367,1,train
COc1cc(C(=O)N2CCOCC2)ccc1Nc1ncc(Cl)c(OC)n1,68.99999999999999,-1.8388490907372552,0,train
CNc1nc(Nc2cnn(CC(C)(C)O)c2Cl)ncc1C(F)(F)F,28.0,-1.4471580313422192,0,test
CNc1nc(Nc2cnn(C)c2Cl)ncc1C(F)(F)F,38.99999999999999,-1.591064607026499,0,test
CNc1nc(Nc2cnn(C)c2C)ncc1C(F)(F)F,40.99999999999999,-1.6127838567197357,0,train
CNc1nc(Nc2cn(C)nc2C)ncc1C(F)(F)F,52.00000000000001,-1.7160033436347992,0,test
CNc1nc(Nc2cnn(C)c2)ncc1C(F)(F)F,99.0,-1.99563519459755,0,train
CNc1nc(Nc2ccnn2C)ncc1C(F)(F)F,130.00000000000006,-2.113943352306837,0,train
CNc1nc(Nc2ccn(C)n2)ncc1C(F)(F)F,170.00000000000006,-2.230448921378274,0,train
CNC(=O)c1nnc2cc(-c3ccc(S(C)(=O)=O)cc3)ccc2c1NC(C)C,414.9999999999998,-2.6180480967120925,0,train
CC(C)Nc1c(C(N)=O)nnc2cc(-c3cnsc3)ccc12,17.0,-1.230448921378274,0,train
CC(C)Nc1c(C(N)=O)nnc2cc(N3CCOCC3)ccc12,10.5,-1.021189299069938,0,train
CC(C)Nc1c(C(N)=O)nnc2cc(N3CCN(C)CC3)ccc12,56.00000000000001,-1.7481880270062005,0,train
CC(C)Nc1c(C(N)=O)nnc2cc(-c3cnn(C)c3)ccc12,10.5,-1.021189299069938,0,train
CC(C)Nc1c(C(N)=O)nnc2cc(-c3cn[nH]c3)ccc12,15.000000000000004,-1.1760912590556811,0,train
CC(C)Nc1c(C(N)=O)nnc2ccc(-c3cn[nH]c3)cc12,3.0,-0.4771212547196624,0,train
C[C@@H](Nc1c(C(N)=O)nnc2cc(-c3ccncc3)ccc12)C1CC1,4.0,-0.6020599913279624,0,train
CC(C)Nc1c(C(N)=O)nnc2cc(-c3ccncc3)ccc12,15.499999999999996,-1.1903316981702914,0,train
CS(=O)(=O)c1ccc(-c2ccc3c(NC4CC4)c(C(N)=O)nnc3c2)cc1,50.5,-1.7032913781186614,0,train
CS(=O)(=O)c1ccc(-c2ccc3c(NC4CCOCC4)c(C(N)=O)nnc3c2)cc1,27.5,-1.4393326938302626,1,train
CCNc1c(C(N)=O)nnc2cc(-c3ccc(S(C)(=O)=O)cc3)ccc12,50.5,-1.7032913781186614,0,train
CS(=O)(=O)c1ccc(-c2ccc3c(NCC4CC4)c(C(N)=O)nnc3c2)cc1,22.0,-1.3424226808222062,0,test
CS(=O)(=O)c1ccc(-c2ccc3c(NC4CCC4)c(C(N)=O)nnc3c2)cc1,14.499999999999998,-1.1613680022349748,1,train
C[C@@H](Nc1c(C(N)=O)nnc2cc(-c3ccc(S(C)(=O)=O)cc3)ccc12)C1CC1,4.0,-0.6020599913279624,1,test
CC[C@@H](C)Nc1c(C(N)=O)nnc2cc(-c3ccc(S(C)(=O)=O)cc3)ccc12,2.5,-0.3979400086720376,0,train
CC(C)Nc1c(C(N)=O)nnc2cc(-c3ccc(S(C)(=O)=O)cc3)ccc12,21.0,-1.3222192947339193,0,train
CC(C)Nc1c(C(N)=O)cnc2cc(-c3ccc(S(C)(=O)=O)cc3)ccc12,38.33333333333333,-1.5835765856339492,0,train
CS(=O)(=O)c1ccc(-c2ccc3c(Nc4ccccc4)c(C(N)=O)cnc3c2)cc1,781.0000000000001,-2.8926510338773004,1,train
C[C@@H](Nc1c(C#N)cnc2cc(-c3ccc(S(C)(=O)=O)cc3)ccc12)C1CC1,42.50000000000001,-1.6283889300503116,1,train
CS(=O)(=O)c1ccc(-c2ccc3c(N4CCCCC4)c(C#N)cnc3c2)cc1,55.500000000000014,-1.7442929831226763,0,train
CN(C)c1c(C#N)cnc2cc(-c3ccc(S(C)(=O)=O)cc3)ccc12,23.5,-1.3710678622717365,0,train
CS(=O)(=O)c1ccc(-c2ccc3c(N4CCC4)c(C#N)cnc3c2)cc1,15.000000000000004,-1.1760912590556811,0,test
Cn1cc(-c2ccc3c(N4CCC4)c(C#N)cnc3c2)cn1,11.500000000000004,-1.0606978403536118,0,test
CC(C)Nc1c(C#N)cnc2cc(-c3ccc(S(C)(=O)=O)nc3)ccc12,56.00000000000001,-1.7481880270062005,0,train
CC(C)Nc1c(C#N)cnc2cc(-c3ccc(S(=O)(=O)N(C)C)cc3)ccc12,32.50000000000001,-1.5118833609788744,0,train
CC(C)Nc1c(C#N)cnc2cc(-c3ccc(S(=O)(=O)N4CCCC4)cc3)ccc12,15.499999999999996,-1.1903316981702914,0,train
Cc1ncc(-c2ccc3c(NC(C)C)c(C#N)cnc3c2)s1,19.500000000000004,-1.290034611362518,0,train
CC(C)Nc1c(C#N)cnc2cc(-c3ccc(S(=O)(=O)N4CCOCC4)cc3)ccc12,12.000000000000002,-1.0791812460476249,0,train
CNS(=O)(=O)c1ccc(-c2ccc3c(NC(C)C)c(C#N)cnc3c2)cc1,7.500000000000001,-0.8750612633917001,0,train
CC(C)Nc1c(C#N)cnc2cc(-c3cnn(C)c3)ccc12,6.0,-0.7781512503836436,0,train
CC(C)Nc1c(C#N)cnc2cc(-c3ccc(S(C)(=O)=O)cc3)ccc12,29.5,-1.469822015978163,0,train
CC(=O)c1cnc2cc(-c3ccc(S(C)(=O)=O)cc3)ccc2c1NC(C)C,68.50000000000001,-1.8356905714924256,0,train
FC(F)(F)c1cccc(Oc2ccc3nnc(-c4ccccc4)n3n2)c1,1554.9999999999998,-3.191730393362856,1,test
Cc1cc2nnc(-c3cccs3)n2nc1Sc1cccc(C(F)(F)F)c1,2068.0000000000005,-3.315550534421905,0,train
c1ccc(Sc2ccc3nnc(-c4cncs4)n3n2)cc1,150.00000000000003,-2.1760912590556813,0,train
c1cnc(Sc2ccc3nnc(-c4cncs4)n3n2)nc1,109.00000000000004,-2.037426497940624,0,train
FC(F)(F)c1cccc(Sc2ccc3nnc(Cc4cccs4)n3n2)c1,19542.00000000001,-4.290969008948517,1,train
FC(F)(F)c1cccc(Sc2ccc3nnc(C4CCNCC4)n3n2)c1,22128.00000000001,-4.344942162765236,1,test
COc1cc(N2CCOCC2)ccc1Nc1ncc(F)c(Nc2ccccc2NS(C)(=O)=O)n1,4.24,-0.6273658565927327,0,train
Cc1cncc2cccc(S(=O)(=O)N3CCCNC[C@@H]3C)c12,244.0000000000001,-2.3873898263387296,0,train
CCN(CC)CCNC(=O)c1c(C)[nH]c(/C=C2\C(=O)Nc3ccc(F)cc32)c1C,21.500000000000004,-1.3324384599156054,0,train
CN[C@@H]1C[C@H]2O[C@@](C)([C@@H]1OC)n1c3ccccc3c3c4c(c5c6ccccc6n2c5c31)C(=O)NC4,7.65,-0.8836614351536176,0,train
COc1ccc2c(c1)/C(=C/c1cc3c([nH]1)CCN(C(=O)N1CCOCC1)C3)C(=O)N2C,150.00000000000003,-2.1760912590556813,1,test
CC(=O)N1CCc2[nH]c(/C=C3\C(=O)Nc4ccc(C#N)cc43)cc2C1,7.0,-0.8450980400142568,0,test
CC(=O)N1CCc2[nH]c(/C=C3\C(=O)Nc4ccc(C(F)(F)F)cc43)cc2C1,31.0,-1.4913616938342726,0,train
CC(=O)N1CCc2[nH]c(/C=C3\C(=O)Nc4ccc(OC(C)C)cc43)cc2C1,4.0,-0.6020599913279624,0,train
CC(=O)Nc1ccc2c(c1)/C(=C/c1cc3c([nH]1)CCN(C(=O)N1CCOCC1)C3)C(=O)N2,4.0,-0.6020599913279624,1,test
COc1ccc2c(c1)/C(=C/c1[nH]c3c(c1Cl)CN(C(C)=O)CC3)C(=O)N2,7.999999999999999,-0.9030899869919436,0,test
COc1ccc2c(c1)/C(=C/c1cc3c([nH]1)CCN(C(=O)N1CCOCC1)C3)C(=O)N2,3.0,-0.4771212547196624,1,train
COc1ccc2c(c1)/C(=C/c1cc3c([nH]1)CCN(C(=O)N1CCN(C)CC1)C3)C(=O)N2,9.0,-0.9542425094393248,1,train
COc1ccc2c(c1)/C(=C/c1cc3c([nH]1)CCN(C(=O)c1cnoc1C)C3)C(=O)N2,7.0,-0.8450980400142568,0,train
COc1ccc2c(c1)/C(=C/c1cc3c([nH]1)CCN(C(C)=O)C3)C(=O)N2,13.999999999999998,-1.146128035678238,0,train
COc1ccc2c(c1)/C(=C/c1cc3c([nH]1)CCN(C(=O)CCN)C3)C(=O)N2,10.999999999999996,-1.041392685158225,0,train
COc1ccc2c(c1)/C(=C/c1[nH]c(C)c(C(=O)NCCCN)c1C)C(=O)N2,46.0,-1.662757831681574,0,train
COc1cc(-c2cnc3[nH]c(=O)n(-c4ccc5[nH]ccc5c4)c3n2)cc(OC)c1OC,2969.9999999999995,-3.4727564493172123,0,train
Nc1ccc(-c2cnc3[nH]cc(-c4ccc5[nH]ccc5c4)c3c2)cn1,46.0,-1.662757831681574,1,train
COc1cc(-c2cnc3[nH]cc(-c4ccc5[nH]ccc5c4)c3c2)cc(OC)c1OC,35.0,-1.5440680443502757,0,train
CN1CCN(Cc2ccc(-c3cnc4[nH]cc(-c5ccc6[nH]ccc6c5)c4c3)cc2)CC1,10.999999999999996,-1.041392685158225,0,train
COc1cc(-c2cnc3[nH]cc(-c4ccc(N)nc4)c3c2)cc(OC)c1OC,5.000000000000001,-0.6989700043360189,0,train
CCc1ccc2nc(Nc3cc(Cc4ccccc4)nc(N[C@H]4CC[C@H](O)CC4)n3)sc2c1,398.10999999999984,-2.60000308662774,0,train
CNc1nc(Nc2cnn([C@H]3CCN(C4COC4)C[C@@H]3F)c2Cl)ncc1C(F)(F)F,18.850000000000005,-1.2753113545418118,0,train
CNc1nc(Nc2cn([C@H]3CCN(C4COC4)C[C@H]3F)nc2C)ncc1C(F)(F)F,13.999999999999998,-1.146128035678238,0,test
CNc1nc(Nc2cnn(C3CCN(C4COC4)CC3)c2C)ncc1C(F)(F)F,20.000000000000004,-1.3010299956639813,0,train
CNc1nc(Nc2cnn(C3CCOCC3)c2C)ncc1C(F)(F)F,10.999999999999996,-1.041392685158225,0,train
CNc1nc(Nc2cnn(C3COC3)c2C)ncc1C(F)(F)F,29.0,-1.462397997898956,0,train
CNc1nc(Nc2cnn(C3(C#N)CC3)c2Cl)ncc1C(F)(F)F,22.0,-1.3424226808222062,0,train
CNc1nc(Nc2cn(C3(C#N)CC3)nc2C)ncc1C(F)(F)F,30.0,-1.4771212547196624,0,train
CNc1nc(Nc2cnn(C(C)(C)C#N)c2C)ncc1C(F)(F)F,5.000000000000001,-0.6989700043360189,0,train
CNc1nc(Nc2cn(C(C)(C)C#N)nc2C)ncc1C(F)(F)F,3.0,-0.4771212547196624,0,train
CNc1nc(Nc2cn(C(C)(C)C(=O)NCC(F)(F)F)nc2C)ncc1C(F)(F)F,53.000000000000014,-1.7242758696007892,0,test
CNc1nc(Nc2cn(C(C)(C)C(=O)NC(C)C)nc2C)ncc1C(F)(F)F,140.00000000000006,-2.146128035678238,0,train
CCNC(=O)C(C)(C)n1cc(Nc2ncc(C(F)(F)F)c(NC)n2)c(C)n1,99.0,-1.99563519459755,0,train
CNC(=O)C(C)(C)n1cc(Nc2ncc(C(F)(F)F)c(NC)n2)c(C)n1,36.0,-1.5563025007672873,0,train
CNc1nc(Nc2cnn3c2C(C)OCC3)ncc1C(F)(F)F,42.00000000000001,-1.6232492903979006,0,train
CNc1nc(Nc2cnn3c2C(C)O[C@@H](C)C3)ncc1C(F)(F)F,48.99999999999999,-1.6901960800285136,0,train
CNc1nc(Nc2cnn3c2COCC3)ncc1C(F)(F)F,17.999999999999996,-1.255272505103306,0,train
CNc1nc(Nc2cnn3c2COC(C)(C)C3)ncc1C(F)(F)F,20.000000000000004,-1.3010299956639813,0,train
COc1ccc(OC)c(Sc2ccc3ncc(-c4cnn(C)c4)n3c2)c1,1144.9999999999998,-3.0588054866759067,1,train
COc1ccc(OC)c(Sc2ccc3nnc(-c4cnn(C)c4)n3c2)c1,1460.9999999999995,-3.1646502159342966,1,train
COc1ccc(OC)c(Sc2cc(C)c3nnc(-c4cnn(C)c4)n3n2)c1,32000.000000000025,-4.505149978319906,1,train
COc1ccc(OC)c(Sc2nn3c(-c4cnn(C)c4)nnc3cc2C)c1,32000.000000000025,-4.505149978319906,0,train
COc1ccc(OC)c(N(C)c2ccc3nnc(-c4cnn(C)c4)n3n2)c1,21858.00000000001,-4.33961042162556,1,train
COc1ccc(OC)c(C(F)(F)c2ccc3nnc(-c4cnn(C)c4)n3n2)c1,762.9999999999997,-2.8825245379548803,1,test
COc1ccc(OC)c(C(=O)c2ccc3nnc(-c4cnn(C)c4)n3n2)c1,1211.0000000000005,-3.0831441431430524,1,train
COc1ccc(OC)c(C(O)c2ccc3nnc(-c4cnn(C)c4)n3n2)c1,9123.999999999998,-3.960185276604611,1,train
COc1ccc(OC)c(Cc2ccc3nnc(-c4cnn(C)c4)n3n2)c1,6202.000000000002,-3.792531761901308,1,train
COc1ccc(OC)c(Oc2ccc3nnc(-c4cnn(C)c4)n3n2)c1,549.0,-2.739572344450092,1,train
COc1ccc(OC)c(Nc2ccc3nnc(-c4ccccc4)n3n2)c1,22265.000000000004,-4.347622699467242,1,train
COc1cc(Sc2ccc3nnc(-c4cnn(C)c4)n3n2)c(OC)nn1,12634.999999999996,-4.101575246255933,1,train
COc1ccc(C(C)C)cc1Sc1ccc2nnc(-c3cnn(C)c3)n2n1,1350.0,-3.130333768495006,0,train
COc1cccc(Sc2ccc3nnc(-c4ccccc4)n3n2)c1,2109.9999999999995,-3.3242824552976926,0,train
COc1ccccc1Sc1ccc2nnc(-c3ccccc3)n2n1,1070.0000000000002,-3.0293837776852097,1,train
COc1ccc(OC)c(Sc2ccc3nnc(Cc4cnn(C)c4)n3n2)c1,32000.000000000025,-4.505149978319906,1,train
COc1ccc(OC)c(Sc2ccc3nnc(C4CCN(C)C4)n3n2)c1,12599.999999999987,-4.1003705451175625,1,train
COc1ccc(OC)c(Sc2ccc3nnc(C4CCOC4)n3n2)c1,2489.0000000000005,-3.3960248966085933,0,test
COc1ccc(OC)c(Sc2ccc3nnc(C4CC4)n3n2)c1,2289.9999999999995,-3.359835482339888,0,train
COc1ccc(OC)c(Sc2ccc3nnc(-c4cnccn4)n3n2)c1,880.0000000000001,-2.9444826721501687,1,test
COc1ccc(OC)c(Sc2ccc3nnc(-c4ccncc4)n3n2)c1,348.99999999999983,-2.54282542695918,1,train
O=C1Nc2ccc(Cl)cc2/C1=C\c1cc(F)c(O)c(F)c1,260.99999999999994,-2.416640507338281,1,train
O=C1Nc2ccc(Cl)cc2/C1=C/c1cc(Br)c(O)c(Br)c1,12.500000000000002,-1.0969100130080565,1,test
O=C1Nc2ccc(Cl)cc2/C1=C\c1ccc(O)cc1,12000.000000000007,-4.079181246047625,0,test
COc1cc(/C=C2/C(=O)Nc3ccc(Cl)cc32)ccc1OCCN1CCOCC1,162.99999999999994,-2.2121876044039577,0,train
CN(C)CCOc1ccc(/C=C2/C(=O)Nc3ccc(Cl)cc32)cc1,466.0,-2.66838591669,0,train
O=C1Nc2ccc(Cl)cc2/C1=C\c1ccccc1,10000.0,-4.0,0,test
O=C1Nc2ccc(Cl)cc2/C1=C\c1ccc(OCCN2CCOCC2)cc1,204.99999999999997,-2.311753861055754,0,train
CC(=O)Nc1ccc(/C=C2/C(=O)Nc3ccc(Cl)cc32)cc1,10000.0,-4.0,0,train
O=C1Nc2ccc(-c3ccccc3)cc2/C1=C\c1cc(Br)c(O)c(Br)c1,204.0,-2.3096301674258988,0,test
COc1ccc2c(c1)/C(=C\c1cc(Br)c(O)c(Br)c1)C(=O)N2,31.0,-1.4913616938342726,0,train
O=C1Nc2ccc(Cl)cc2/C1=C\c1ccc(O)c(Br)c1,55.00000000000001,-1.740362689494244,0,train
COc1c(C)cc(/C=C2/C(=O)Nc3ccc(Cl)cc32)cc1C,1500.0000000000005,-3.1760912590556813,0,train
Cc1cc(/C=C2/C(=O)Nc3ccc(Cl)cc32)cc(C)c1O,194.0,-2.287801729930226,1,train
COc1ccc2c(c1)OCC(C(=O)NC(=O)N(CC(=O)NCCCCCCNC(=O)c1ccc(-c3n[nH]c4ccccc34)cc1)CC(C)C)O2,99.0,-1.99563519459755,0,test
Cc1cncc(-c2c[nH]c3ncnc(N4CCOCC4)c23)c1,23.999999999999996,-1.380211241711606,1,train
N#Cc1cccc(-c2c[nH]c3ncnc(N4CCOCC4)c23)n1,17.5,-1.2430380486862944,0,train
N#Cc1cccc(-c2c[nH]c3ncnc(N4CCOCC4)c23)c1F,8.200000000000001,-0.9138138523837168,1,train
COc1cccc(-c2c[nH]c3ncnc(N4CCOCC4)c23)c1,37.0,-1.568201724066995,1,test
c1ccc(-c2c[nH]c3ncnc(N4CCOCC4)c23)cc1,11.500000000000004,-1.0606978403536118,0,train
N#Cc1cccc(-c2c[nH]c3ncnc(N4CCOCC4)c23)c1,11.333333333333336,-1.0543576623225928,1,train
N#Cc1cccc(-c2c[nH]c3ncnc(N4CC5(COC5)C4)c23)c1,2331.0,-3.3675422735205767,1,train
N#Cc1cccc(-c2c[nH]c3ncnc(N4CCCOCC4)c23)c1,111.00000000000004,-2.0453229787866576,1,train
Cc1nc([C@H]2CN(c3ncnc4[nH]cc(-c5cccc(C#N)c5)c34)CCO2)no1,204.0,-2.3096301674258988,0,train
CN1C(=O)c2ccccc2N(C)c2nc(Nc3ccc(C(=O)N4CCC(N5CCCCC5)CC4)cc3Cl)ncc21,72.00000000000001,-1.8573324964312683,0,train
CN1Cc2ccccc2N(C)c2nc(Nc3ccc(C(=O)N4CCC(N5CCCCC5)CC4)cc3Cl)ncc21,51.20000000000001,-1.7092699609758308,0,train
Nc1ccc(C(=O)N2CCC(N3CCCCC3)CC2)cc1Cl,653.9999999999999,-2.815577748324267,0,test
NC(=O)c1ncc(N[C@@H]2CCCC[C@@H]2N)cc1-c1nc2ccccc2[nH]1,130.00000000000006,-2.113943352306837,0,train
NC(=O)c1ncc(N[C@@H]2CCCC[C@@H]2N)nc1-c1cc2ccccc2[nH]1,30.0,-1.4771212547196624,0,train
COc1cccc2[nH]c(-c3nc(N[C@@H]4CCOC[C@@H]4N)cnc3C(N)=O)cc12,33.0,-1.5185139398778875,0,train
NC(=O)c1ncc(N[C@@H]2CCCC[C@@H]2N)nc1-c1nc2ccccc2[nH]1,130.00000000000006,-2.113943352306837,0,train
CC1(C)C(=O)N([C@H]2CCc3c(O)cccc32)c2nc(Nc3ccccc3)ncc21,167.0,-2.2227164711475837,0,train
CCN1CCN(c2cc(-c3n[nH]c4ccc(-c5cnn(C)c5)cc34)ncn2)CC1,7.38,-0.8680563618230416,0,train
COCCN1CCN(c2cc(-c3n[nH]c4ccc(OC(C)C)cc34)ncn2)CC1,14.449999999999996,-1.1598678470925663,0,train
CC(C)Oc1cc2c(-c3cc(N4C[C@@H](C)O[C@@H](C)C4)ncn3)n[nH]c2cc1F,12.445,-1.094994900944612,0,train
FC1(F)CCN(c2cc(-c3n[nH]c4ccc(-c5cccnc5)cc34)ncn2)CC1,11.099999999999998,-1.0453229787866574,1,train
C[C@H]1CCCN(c2ncnc3[nH]cc(-c4cccc(CO)c4)c23)C1,17.999999999999996,-1.255272505103306,0,train
c1nc(N2CCOCC2)c2c(-c3cn[nH]c3)c[nH]c2n1,29.0,-1.462397997898956,0,train
CN(C)c1ncnc2[nH]cc(-c3cccc(CO)c3)c12,28.5,-1.4548448600085102,1,train
NC(=O)C1CCCN(c2ncnc3[nH]cc(-c4ccccc4)c23)C1,40.000000000000014,-1.6020599913279625,0,train
C[C@H]1CCCN(c2ncnc3[nH]cc(-c4ccccc4)c23)C1,91.5,-1.9614210940664485,1,train
C[C@H]1CCCN(c2ncnc3[nH]cc(-c4cnn(C)c4)c23)C1,12.999999999999998,-1.1139433523068367,1,train
OCC1CCN(c2ncnc3[nH]cc(-c4ccccc4)c23)CC1,33.5,-1.5250448070368452,0,train
C[C@@H]1C[C@H](C)CN(c2ncnc3[nH]cc(-c4cnn(C)c4)c23)C1,16.0,-1.2041199826559248,0,test
[C-]#[N+]c1ccc(OC)c(-c2c[nH]c3ncnc(N(C)C)c23)c1,27.000000000000004,-1.4313637641589874,0,train
COc1ccc(Cl)cc1-c1c[nH]c2ncnc(N(C)C)c12,20.5,-1.3117538610557542,0,train
C[C@H]1CCCN(c2ncnc3[nH]cc(-c4ccc5[nH]ncc5c4)c23)C1,66.49999999999999,-1.8228216453031043,0,test
C[C@H]1CCCN(c2ncnc3[nH]cc(-c4cccc(S(N)(=O)=O)c4)c23)C1,28.5,-1.4548448600085102,0,train
C[C@H]1CCCN(c2ncnc3[nH]cc(-c4cccc5[nH]ncc45)c23)C1,12.000000000000002,-1.0791812460476249,0,train
Cc1cc(-c2c[nH]c3ncnc(N4CCC[C@H](C)C4)c23)cnc1F,64.5,-1.809559714635268,0,train
C[C@H]1CCCN(c2ncnc3[nH]cc(-c4ccc5c(c4)CNC5=O)c23)C1,33.0,-1.5185139398778875,0,test
Cc1cncc(-c2c[nH]c3ncnc(N4CCC[C@H](C)C4)c23)c1,17.0,-1.230448921378274,0,train
C[C@H]1CCCN(c2ncnc3[nH]cc(-c4cnc5[nH]ccc5c4)c23)C1,71.5,-1.8543060418010808,0,train
C[C@H]1CCCN(c2ncnc3[nH]cc(-c4ccc5c(c4)C(=O)NC5)c23)C1,63.49999999999999,-1.8027737252919755,0,train
C[C@H]1CCCN(c2ncnc3[nH]cc(-c4cnc5cc[nH]c5c4)c23)C1,51.5,-1.711807229041191,0,test
C[C@H]1CCCN(c2ncnc3[nH]cc(-c4ccc(O)cc4)c23)C1,27.000000000000004,-1.4313637641589874,1,train
C[C@H]1CCCN(c2ncnc3[nH]cc(-c4ccc(C(N)=O)cc4)c23)C1,10.999999999999996,-1.041392685158225,0,train
C[C@H]1CCCN(c2ncnc3[nH]cc(-c4cccc(O)c4)c23)C1,10.5,-1.021189299069938,0,test
Cc1cnc(Cl)c(-c2c[nH]c3ncnc(N4CCC[C@H](C)C4)c23)c1,30.0,-1.4771212547196624,0,train
C[C@H]1CCCN(c2ncnc3[nH]cc(-c4cccc(C(=O)O)c4)c23)C1,47.00000000000001,-1.6720978579357175,0,test
CN(C)c1ncnc2[nH]cc(-c3cccc(C#N)c3F)c12,11.500000000000004,-1.0606978403536118,0,test
Cn1cc(-c2c[nH]c3ncnc(N4CCC(F)CC4)c23)cn1,43.000000000000014,-1.6334684555795866,1,train
Fc1ccccc1-c1c[nH]c2ncnc(N3CCOCC3)c12,26.0,-1.414973347970818,0,train
COc1cc(F)cc(-c2c[nH]c3ncnc(N4CCOCC4)c23)c1,14.499999999999998,-1.1613680022349748,0,train
Fc1cccc(-c2c[nH]c3ncnc(N4CCOCC4)c23)c1F,17.999999999999996,-1.255272505103306,0,train
Fc1ccc(Cl)cc1-c1c[nH]c2ncnc(N3CCOCC3)c12,10.5,-1.021189299069938,0,train
COc1ccc(F)cc1-c1c[nH]c2ncnc(N3CCOCC3)c12,8.5,-0.9294189257142929,0,test
Clc1ccccc1-c1c[nH]c2ncnc(N3CCOCC3)c12,27.000000000000004,-1.4313637641589874,0,train
OCc1cccc(-c2c[nH]c3ncnc(N4CCOCC4)c23)c1,15.499999999999996,-1.1903316981702914,1,train
COc1ccccc1-c1c[nH]c2ncnc(N3CCOCC3)c12,18.5,-1.2671717284030135,0,train
Brc1cncc(-c2c[nH]c3ncnc(N4CCOCC4)c23)c1,10.0,-1.0,1,train
COc1ccc(Cl)cc1-c1c[nH]c2ncnc(N3CCOCC3)c12,76.0,-1.8808135922807916,0,train
Cn1cc(-c2c[nH]c3ncnc(N4CCCC(O)C4)c23)cn1,38.99999999999999,-1.591064607026499,1,test
C[C@H]1CN(c2ncnc3[nH]cc(-c4cnn(C)c4)c23)CCO1,58.00000000000001,-1.7634279935629371,1,test
Cn1cc(-c2c[nH]c3ncnc(N4CCCC(F)C4)c23)cn1,29.0,-1.462397997898956,1,train
Cn1cc(-c2c[nH]c3ncnc(N4CCOC(CO)C4)c23)cn1,78.5,-1.8948696567452523,0,train
CN(c1ncnc2[nH]cc(-c3cnn(C)c3)c12)C1CC1,37.0,-1.568201724066995,0,train
N#Cc1cccc(-c2c[nH]c3ncnc(N4CCCC(N)C4)c23)c1,17.5,-1.2430380486862944,0,train
N#Cc1cccc(-c2c[nH]c3ncnc(N4CCCC(O)C4)c23)c1,18.5,-1.2671717284030135,0,test
CCn1cc(-c2c[nH]c3ncnc(N4CCOCC4)c23)cn1,84.50000000000001,-1.9268567089496924,0,train
Clc1cncc(-c2c[nH]c3ncnc(N4CCOCC4)c23)c1,32.00000000000001,-1.505149978319906,1,test
COc1cncc(-c2c[nH]c3ncnc(N4CCOCC4)c23)n1,34.50000000000001,-1.5378190950732742,0,train
COc1ccc(F)cc1-c1c[nH]c2ncnc(N3CCOC(c4noc(C)n4)C3)c12,45.00000000000001,-1.6532125137753435,0,test
COc1ccccc1-c1c[nH]c2ncnc(N3CCC(F)CC3)c12,70.49999999999999,-1.8481891169913989,0,train
COc1cc(F)cc(-c2c[nH]c3ncnc(N4CCC(F)CC4)c23)c1,89.99999999999997,-1.9542425094393248,0,train
COc1ccc(F)cc1-c1c[nH]c2ncnc(N3CCC(F)CC3)c12,27.000000000000004,-1.4313637641589874,0,train
COc1cc(F)cc(-c2c[nH]c3ncnc(N4CCCC(O)C4)c23)c1,33.5,-1.5250448070368452,0,test
COc1ccccc1-c1c[nH]c2ncnc(N3CCCC(O)C3)c12,60.0,-1.7781512503836436,0,train
COc1ccc(F)cc1-c1c[nH]c2ncnc(N3CCC3)c12,79.99999999999999,-1.9030899869919435,0,train
COc1ccccc1-c1c[nH]c2ncnc(N(C)C)c12,36.0,-1.5563025007672873,0,train
COc1ccccc1-c1c[nH]c2ncnc(N3CC[C@H](F)C3)c12,47.5,-1.6766936096248666,0,train
COc1ccccc1-c1c[nH]c2ncnc(N3CCCC3)c12,61.000000000000014,-1.7853298350107671,0,train
COc1cc(F)cc(-c2c[nH]c3ncnc(N(C)C)c23)c1,45.00000000000001,-1.6532125137753435,0,train
COc1ccc(F)cc1-c1c[nH]c2ncnc(N3CCO[C@@H](C)C3)c12,24.500000000000007,-1.3891660843645326,0,train
COc1ccc(F)cc1-c1c[nH]c2ncnc(N3CCCC(F)C3)c12,23.0,-1.3617278360175928,0,train
COc1ccc(F)cc1-c1c[nH]c2ncnc(N(C)C)c12,12.000000000000002,-1.0791812460476249,0,test
COc1ccc(F)cc1-c1c[nH]c2ncnc(N3CC[C@H](F)C3)c12,19.0,-1.2787536009528289,0,train
COc1cccc(F)c1-c1c[nH]c2ncnc(N(C)C)c12,33.5,-1.5250448070368452,0,train
COc1cccc(F)c1-c1c[nH]c2ncnc(N3CCOCC3)c12,29.5,-1.469822015978163,0,test
COc1ccc(F)c(Cl)c1-c1c[nH]c2ncnc(N3CCOCC3)c12,48.99999999999999,-1.6901960800285136,0,train
c1cnn2c(-c3c[nH]c4ncnc(N5CCOCC5)c34)cnc2c1,9.28,-0.967547976218862,0,train
Cn1cc(-c2c[nH]c3ncnc(N4CCOCC4)c23)cc1C#N,9.685,-0.9860996250551296,0,test
Cn1cc(-c2c[nH]c3ncnc(N4CCOCC4)c23)nc1C#N,11.084999999999996,-1.0447356974505069,0,train
CC(C)c1nnc(-c2cc(-c3ccc4[nH]ccc4c3)cnc2N)o1,909.9999999999995,-2.959041392321093,0,test
CC(C)n1cc(-c2cc(-c3ccc4c(ccn4C)c3)cnc2N)nn1,545.0000000000001,-2.7363965022766426,0,train
COc1cc(-c2cnc(N)c(-c3cn(C(C)C)nn3)c2)ccc1C(=O)N1CCOCC1,93.0,-1.968482948553935,0,train
COc1cc(-c2cnc(N)c(-c3cn(C(C)C)nn3)c2)ccc1CN1CCOCC1,89.50000000000001,-1.951823035315912,0,train
Cc1cc(-c2cnc(N)c(-c3cn(C(C)C)nn3)c2)ccc1C(=O)N1CCOCC1,104.50000000000004,-2.019116290447073,0,train
CC(C)n1cc(-c2cc(-c3ccc(C(=O)N4CCOCC4)c(Cl)c3)cnc2N)nn1,290.0,-2.462397997898956,0,train
Cn1cc(-c2ccc3[nH]nc(-c4cc(N5CCN(C6CC6)CC5)ncn4)c3c2)cn1,2.62,-0.4183012913197454,1,train
Cn1cc(-c2ccc3[nH]nc(-c4cc(N5CCOC6(CC6)C5)ncn4)c3c2)cn1,2.01,-0.3031960574204888,0,train
CN1CCN(c2cc(-c3n[nH]c4ccc(-c5cnn(C)c5)cc34)ncn2)CC1=O,4.909999999999999,-0.6910814921229684,0,train
CN1CCN(c2cc(-c3n[nH]c4ccc(-c5cnn(C)c5)cc34)ncn2)CC1,2.85,-0.4548448600085102,1,test
COCCNc1cc(-c2n[nH]c3ccc(-c4cnn(C)c4)cc23)ncn1,14.96,-1.1749315935284426,0,train
COCCOC1CCN(c2cc(-c3n[nH]c4ccc(-c5cnn(C)c5)cc34)ncn2)CC1,1.8700000000000003,-0.271841606536499,0,test
Cn1cc(-c2ccc3[nH]nc(-c4cc(N5CC6CCC(C5)O6)ncn4)c3c2)cn1,5.179999999999999,-0.7143297597452329,0,train
C[C@@H]1CN(c2cc(-c3n[nH]c4ccc(-c5cnn(C)c5)cc34)ncn2)C[C@H](C)O1,1.4,-0.146128035678238,1,train
COC1CCN(c2cc(-c3n[nH]c4ccc(-c5cnn(C)c5)cc34)ncn2)CC1,2.04,-0.3096301674258988,0,train
CC(=O)N1CCN(c2cc(-c3n[nH]c4ccc(-c5cnn(C)c5)cc34)ncn2)CC1,3.1500000000000004,-0.4983105537896005,0,train
Cn1cc(-c2ccc3[nH]nc(-c4cc(N5CCNC(=O)C5)ncn4)c3c2)cn1,2.84,-0.4533183400470376,0,train
CC(C)N1CCN(c2cc(-c3n[nH]c4ccc(-c5cnn(C)c5)cc34)ncn2)CC1,0.73,0.1366771398795441,0,train
CO[C@H]1CN(c2cc(-c3n[nH]c4ccc(OC(C)C)cc34)ncn2)C[C@@H]1O,14.249999999999998,-1.153814864344529,0,test
CC(C)Oc1ccc2[nH]nc(-c3cc(N4CCOC(C)(C)C4)ncn3)c2c1,6.37,-0.8041394323353505,0,test
CC(C)Oc1ccc2[nH]nc(-c3cc(N4CC[S+](O)CC4)ncn3)c2c1,16.25,-1.2108533653148932,0,train
CC(C)Oc1ccc2[nH]nc(-c3cc(N4CCC(F)(F)CC4)ncn3)c2c1,17.5,-1.2430380486862944,0,train
CC(C)Oc1ccc2[nH]nc(-c3cc(N4CCN(S(C)(=O)=O)CC4)ncn3)c2c1,7.99,-0.9025467793139914,0,train
CC(C)Oc1ccc2[nH]nc(-c3cc(N4CC5CCC(C4)O5)ncn3)c2c1,29.200000000000006,-1.4653828514484184,0,train
CC(C)Oc1ccc2[nH]nc(-c3cc(N4CCN(C)C(=O)C4)ncn3)c2c1,11.199999999999998,-1.0492180226701815,0,train
CC(C)Oc1ccc2[nH]nc(-c3cc(N4CCN(C5CC5)CC4)ncn3)c2c1,8.28,-0.91803033678488,1,train
CC(C)Oc1ccc2[nH]nc(-c3cc(N4CCOC5(CC5)C4)ncn3)c2c1,4.039999999999999,-0.6063813651106049,0,train
CC(C)Oc1ccc2[nH]nc(-c3cc(N4CCOCC4C)ncn3)c2c1,9.82,-0.9921114877869496,0,train
CCCN1CCN(c2cc(-c3n[nH]c4ccc(OC(C)C)cc34)ncn2)CC1,8.14,-0.9106244048892012,1,train
COCCNc1cc(-c2n[nH]c3ccc(OC(C)C)cc23)ncn1,26.3,-1.4199557484897578,0,train
CC(C)Oc1ccc2[nH]nc(-c3cc(N4CCN(C(C)C)CC4)ncn3)c2c1,7.68,-0.885361220031512,1,test
CC(C)Oc1ccc2[nH]nc(-c3cc(N4CCNCC4)ncn3)c2c1,12.38,-1.0927206446840991,0,train
COCCN(C)c1cc(-c2n[nH]c3ccc(OC(C)C)cc23)ncn1,66.54000000000002,-1.823082796532804,0,train
CC(C)Oc1ccc2[nH]nc(-c3cc(N4CCO[C@@H](C)C4)ncn3)c2c1,21.440000000000005,-1.3312247810207325,0,train
COCCN1CCN(c2cc(-c3n[nH]c4ccc(OC(C)C)cc34)ncn2)CC1=O,5.59,-0.7474118078864233,1,train
CC(C)Oc1ccc2[nH]nc(-c3cc(N4CCN(C(=O)C5CC5)CC4)ncn3)c2c1,4.15,-0.6180480967120927,1,train
CC(C)Oc1ccc2[nH]nc(-c3cc(N4CCN(S(=O)(=O)C5CC5)CC4)ncn3)c2c1,5.51,-0.741151598851785,0,train
CC(C)Oc1cc2c(-c3cc(N4CCN(C)CC4)ncn3)n[nH]c2cc1F,4.35,-0.6384892569546373,0,train
CC(C)Oc1cc2c(-c3cc(N4CCOCC4)ncn3)n[nH]c2cc1F,2.39,-0.3783979009481377,0,train
CC(C)Oc1ccc2[nH]nc(-c3cc(N4C=CSCC4)ncn3)c2c1,6.079999999999999,-0.7839035792727349,0,train
CCN1CCN(c2cc(-c3n[nH]c4ccc(OC(C)C)cc34)ncn2)CC1=O,5.6000000000000005,-0.7481880270062005,1,train
CC(C)Oc1ccc2[nH]nc(-c3cc(N4CCN(C(C)C)C(=O)C4)ncn3)c2c1,5.28,-0.7226339225338123,0,test
CC(C)Oc1ccc2[nH]nc(-c3cc(N4CCN(CCF)C(=O)C4)ncn3)c2c1,3.2999999999999994,-0.5185139398778874,1,train
CCCN1CCN(c2cc(-c3n[nH]c4ccc(OC(C)C)cc34)ncn2)CC1=O,4.39,-0.6424645202421213,1,train
CC(C)Oc1cc2c(-c3cc(N4C[C@H](F)[C@@H](F)C4)ncn3)n[nH]c2cc1F,4.78,-0.6794278966121189,0,train
CCN1CCN(c2cc(-c3n[nH]c4cc(F)c(OC(C)C)cc34)ncn2)CC1=O,4.16,-0.6190933306267428,1,train
CC(C)Oc1cc2c(-c3cc(N4CCNC(=O)C4)ncn3)n[nH]c2cc1F,2.89,-0.4608978427565479,0,train
CC(C)Oc1cc2c(-c3cc(N4CCOCC4C)ncn3)n[nH]c2cc1F,5.54,-0.7435097647284298,0,train
CC(C)Oc1ccc2[nH]nc(-c3cc(N4C[C@H](O)[C@@H](O)[C@@H]4C)ncn3)c2c1,18.13,-1.2583978040955086,0,train
CC(C)Oc1cc2c(-c3cc(N4CCN(C5CC5)CC4)ncn3)n[nH]c2cc1F,3.99,-0.6009728956867483,0,train
CCN1CCN(c2cc(-c3n[nH]c4cc(F)c(OC(C)C)cc34)ncn2)CC1,2.97,-0.4727564493172124,1,train
CC(C)Oc1cc2c(-c3cc(N4CC5CCC(C4)O5)ncn3)n[nH]c2cc1F,14.580000000000004,-1.163757523981956,0,train
CC(C)Oc1ccc2[nH]nc(-c3cc(N4CCC(C(=O)O)CC4)ncn3)c2c1,4.450000000000001,-0.6483600109809317,1,test
CC(C)Oc1ccc2[nH]nc(-c3cc(N4CCC5(CCCO5)CC4)ncn3)c2c1,4.13,-0.615950051656401,0,train
CC(C)Oc1ccc2[nH]nc(-c3cc(N4C[C@H](N)C[C@@H]4C)ncn3)c2c1,11.099999999999998,-1.0453229787866574,0,train
CCC(=O)N1CCN(c2cc(-c3n[nH]c4ccc(OC(C)C)cc34)ncn2)CC1,4.26,-0.6294095991027189,0,train
CC(C)Oc1ccc2[nH]nc(-c3cc(N4C[C@@H]5C[C@H]4CO5)ncn3)c2c1,5.94,-0.7737864449811935,0,train
CC(C)Oc1ccc2[nH]nc(-c3cc(N4C[C@H](O)[C@@H](N)[C@@H]4C)ncn3)c2c1,14.400000000000004,-1.1583624920952498,0,test
CC(C)Oc1cc2c(-c3cc(N4CCN(c5cnn(C)c5)CC4)ncn3)n[nH]c2cc1F,2.19,-0.3404441148401183,0,train
CC(C)Oc1cc2c(-c3cc(N4C[C@H](O)[C@@H](O)[C@@H]4C)ncn3)n[nH]c2cc1F,15.499999999999996,-1.1903316981702914,0,test
CC(C)Oc1cc2c(-c3cc(N4C[C@H](N)C[C@@H]4C)ncn3)n[nH]c2cc1F,7.6,-0.8808135922807914,0,train
CC(C)Oc1cc2c(-c3cc(N4C[C@H](O)[C@@H](N)[C@@H]4C)ncn3)n[nH]c2cc1F,11.7,-1.0681858617461617,0,test
CC(C)Oc1cc2c(-c3cc(N4CCN(CCO)CC4)ncn3)n[nH]c2cc1F,1.65,-0.2174839442139062,0,train
CC(C)Oc1cc2c(-c3cc(N4CCN(S(=O)(=O)C5CC5)CC4)ncn3)n[nH]c2cc1F,4.170000000000001,-0.6201360549737576,0,test
CCC(=O)N1CCN(c2cc(-c3n[nH]c4cc(F)c(OC(C)C)cc34)ncn2)CC1,4.32,-0.6354837468149122,0,train
CC(C)Oc1cc2c(-c3cc(N4CCN(C(=O)C5CC5)CC4)ncn3)n[nH]c2cc1F,2.98,-0.4742162640762552,0,train
CCCN1CCN(c2cc(-c3n[nH]c4cc(F)c(OC(C)C)cc34)ncn2)CC1=O,2.77,-0.4424797690644485,0,test
COCCOC1CCN(c2cc(-c3n[nH]c4cc(F)c(OC(C)C)cc34)ncn2)CC1,2.1,-0.3222192947339193,0,test
CCS(=O)(=O)N1CCN(c2cc(-c3n[nH]c4cc(F)c(OC(C)C)cc34)ncn2)CC1,2.24,-0.3502480183341628,0,train
CC(C)Oc1cc2c(-c3cc(N4CCN(C(C)C)C(=O)C4)ncn3)n[nH]c2cc1F,3.09,-0.4899584794248346,0,train
CC(C)Oc1cc2c(-c3cc(N4CCN(C)C(=O)C4)ncn3)n[nH]c2cc1F,2.19,-0.3404441148401183,1,test
COCCN1CCN(c2cc(-c3n[nH]c4cc(F)c(OC(C)C)cc34)ncn2)CC1=O,1.63,-0.2121876044039577,0,train
CC(C)Oc1cc2c(-c3cc(N4C[C@@H](C)N(C)[C@@H](C)C4)ncn3)n[nH]c2cc1F,1.33,-0.1238516409670858,0,train
COc1ccc2[nH]nc(-c3cc(N4C[C@H](F)[C@@H](F)C4)ncn3)c2c1,68.59999999999998,-1.836324115706752,0,test
COc1ccc2[nH]nc(-c3cc(N4C[C@@H](C)O[C@@H](C)C4)ncn3)c2c1,29.300000000000008,-1.4668676203541096,0,train
COc1ccc2[nH]nc(-c3cc(N4CCN(S(C)(=O)=O)CC4)ncn3)c2c1,35.400000000000006,-1.549003262025788,0,train
COc1ccc2[nH]nc(-c3cc(N4CCN(C(C)=O)CC4)ncn3)c2c1,74.49999999999999,-1.8721562727482928,0,train
COc1ccc2[nH]nc(-c3cc(N4CC5CCC(C4)O5)ncn3)c2c1,148.19999999999996,-2.170848203643309,0,train
COc1ccc2[nH]nc(-c3cc(N4CCN(C)CC4)ncn3)c2c1,28.200000000000003,-1.4502491083193612,0,train
CCN1CCN(c2cc(-c3n[nH]c4ccc(OC)cc34)ncn2)CC1,24.3,-1.385606273598312,0,train
COc1ccc2[nH]nc(-c3cc(N4CCN(C5CC5)CC4)ncn3)c2c1,25.90000000000001,-1.413299764081252,0,train
COc1ccc2[nH]nc(-c3cc(N4CCNC(=O)C4)ncn3)c2c1,100.89999999999996,-2.0038911662369103,0,test
CCN1CCN(c2cc(-c3n[nH]c4ccc(OC)cc34)ncn2)CC1=O,78.30000000000001,-1.8937617620579437,1,train
CCOc1ccc2[nH]nc(-c3cc(N4CCN(S(C)(=O)=O)CC4)ncn3)c2c1,15.38,-1.1869563354654122,0,train
CCOc1ccc2[nH]nc(-c3cc(N4C[C@@H](C)O[C@@H](C)C4)ncn3)c2c1,12.75,-1.105510184769974,0,train
CCOc1ccc2[nH]nc(-c3cc(N4C[C@H](F)[C@@H](F)C4)ncn3)c2c1,26.559999999999995,-1.4242280706959798,0,test
CCOc1ccc2[nH]nc(-c3cc(N4CCN(C)CC4)ncn3)c2c1,26.91,-1.4299136977637543,0,train
CCOc1ccc2[nH]nc(-c3cc(N4CCN(C5CC5)CC4)ncn3)c2c1,16.679999999999996,-1.22219604630172,0,train
CCOc1ccc2[nH]nc(-c3cc(N4CCNC(=O)C4)ncn3)c2c1,63.85,-1.805160901599434,0,train
CCOc1ccc2[nH]nc(-c3cc(N4CCN(C)C(=O)C4)ncn3)c2c1,37.13,-1.569724949226159,1,train
CCOc1ccc2[nH]nc(-c3cc(N4CCN(CC)CC4)ncn3)c2c1,12.57,-1.0993352776859575,0,train
CCOc1ccc2[nH]nc(-c3cc(N4CCN(CC)C(=O)C4)ncn3)c2c1,16.7,-1.2227164711475833,0,train
CCOc1ccc2[nH]nc(-c3cc(N4CC5CCC(C4)O5)ncn3)c2c1,32.69,-1.514414920580369,0,train
CCOc1ccc2[nH]nc(-c3cc(N4CCN(C(C)=O)CC4)ncn3)c2c1,17.999999999999996,-1.255272505103306,0,train
COCCOc1ccc2[nH]nc(-c3cc(N4CCN(S(C)(=O)=O)CC4)ncn3)c2c1,64.72999999999999,-1.8111056070179303,0,train
COCCOc1ccc2[nH]nc(-c3cc(N4C[C@@H](C)O[C@@H](C)C4)ncn3)c2c1,76.57000000000001,-1.8840586470939384,0,train
COCCOc1ccc2[nH]nc(-c3cc(N4C[C@H](F)[C@@H](F)C4)ncn3)c2c1,138.5,-2.1414497734004674,1,test
COCCOc1ccc2[nH]nc(-c3cc(N4CCN(C)CC4)ncn3)c2c1,67.20999999999998,-1.8274338954007792,1,train
COCCOc1ccc2[nH]nc(-c3cc(N4CCN(C5CC5)CC4)ncn3)c2c1,97.04000000000002,-1.9869507878585169,1,train
COCCOc1ccc2[nH]nc(-c3cc(N4CCNC(=O)C4)ncn3)c2c1,135.60000000000002,-2.1322596895310446,0,train
COCCOc1ccc2[nH]nc(-c3cc(N4CCN(C)C(=O)C4)ncn3)c2c1,69.01,-1.838912027405999,1,train
CCN1CCN(c2cc(-c3n[nH]c4ccc(OCCOC)cc34)ncn2)CC1,96.98999999999998,-1.9867269593312185,1,train
CCN1CCN(c2cc(-c3n[nH]c4ccc(OCCOC)cc34)ncn2)CC1=O,107.09999999999992,-2.029789470831856,1,train
COCCOc1ccc2[nH]nc(-c3cc(N4CC5CCC(C4)O5)ncn3)c2c1,154.0,-2.187520720836463,0,train
COCCOc1ccc2[nH]nc(-c3cc(N4CCN(C(C)=O)CC4)ncn3)c2c1,127.50000000000009,-2.105510184769974,1,train
COC[C@H](C)Oc1ccc2[nH]nc(-c3cc(N4CCN(S(C)(=O)=O)CC4)ncn3)c2c1,4.500000000000001,-0.6532125137753437,0,train
COC[C@H](C)Oc1ccc2[nH]nc(-c3cc(N4CCN(C)CC4)ncn3)c2c1,2.08,-0.3180633349627615,0,test
COC[C@H](C)Oc1ccc2[nH]nc(-c3cc(N4CC5CCC(C4)O5)ncn3)c2c1,9.93,-0.9969492484953812,0,test
COC[C@H](C)Oc1ccc2[nH]nc(-c3cc(N4CCC5(CCC(=O)N5)CC4)ncn3)c2c1,4.36,-0.6394864892685861,0,train
COC[C@H](C)Oc1ccc2[nH]nc(-c3cc(N4CCC5(CC4)CC(=O)N(C)C5)ncn3)c2c1,2.870000000000001,-0.4578818967339924,0,train
COC[C@H](C)Oc1ccc2[nH]nc(-c3cc(N4CCC5(CC4)CNC(=O)C5)ncn3)c2c1,2.85,-0.4548448600085102,0,train
COC[C@H](C)Oc1ccc2[nH]nc(-c3cc(N4CCC5(CCCO5)CC4)ncn3)c2c1,2.02,-0.3053513694466238,0,test
COC[C@H](C)Oc1ccc2[nH]nc(-c3cc(N4CCC5(CCN(C)C5=O)CC4)ncn3)c2c1,3.71,-0.5693739096150459,0,train
COC[C@H](C)Oc1ccc2[nH]nc(-c3cc(N4CCC5(CCNC5=O)CC4)ncn3)c2c1,2.83,-0.4517864355242902,0,train
c1cnc(-c2ccc3[nH]nc(-c4cc(N5CCOCC5)ncn4)c3c2)cn1,34.7,-1.5403294747908738,1,train
CS(=O)(=O)N1CCN(c2cc(-c3n[nH]c4ccc(-c5cnccn5)cc34)ncn2)CC1,19.200000000000003,-1.2833012287035497,0,train
CC(C)Oc1ccc2[nH]nc(-c3cc(N4CCC(O)CC4)ncn3)c2c1,5.9,-0.7708520116421442,0,train
CC(C)Oc1ccc2[nH]nc(-c3cc(N4CCN(CCO)CC4)ncn3)c2c1,7.4,-0.8692317197309762,0,train
CC(C)Oc1ccc2[nH]nc(-c3cc(N4CCCCC4)ncn3)c2c1,10.599999999999998,-1.0253058652647702,0,train
CC(C)Oc1ccc2[nH]nc(-c3cc(N4CCC4)ncn3)c2c1,7.899999999999999,-0.8976270912904414,0,test
CC(C)Oc1ccc2[nH]nc(-c3cc(N4CCCC4)ncn3)c2c1,13.900000000000004,-1.1430148002540952,0,train
CC(C)Oc1ccc2[nH]nc(-c3cc(N4C[C@@H](C)O[C@@H](C)C4)ncn3)c2c1,7.799999999999999,-0.8920946026904804,0,train
CC(C)Oc1ccc2[nH]nc(-c3cc(N4C[C@H](O)[C@@H](N(C)C)C4)ncn3)c2c1,15.300000000000002,-1.1846914308175989,0,test
CC(C)Oc1ccc2[nH]nc(-c3cc(N4C[C@H](F)[C@@H](F)C4)ncn3)c2c1,11.099999999999998,-1.0453229787866574,1,test
CC(C)Oc1ccc2[nH]nc(-c3cc(N4CCCN(S(C)(=O)=O)CC4)ncn3)c2c1,51.3,-1.7101173651118162,1,train
CC(C)Oc1ccc2[nH]nc(-c3cc(N4CC(n5cccn5)C4)ncn3)c2c1,22.6,-1.354108439147401,0,test
CC(C)Oc1ccc2[nH]nc(-c3cc(N4CCc5oc(C6CC6)nc5C4)ncn3)c2c1,30.1,-1.4785664955938431,0,train
CC(C)Oc1ccc2[nH]nc(-c3cc(N4CC(S(C)(=O)=O)C4)ncn3)c2c1,13.3,-1.1238516409670858,0,train
CC(C)Oc1ccc2[nH]nc(-c3cc(N4CCN(C)CC4)ncn3)c2c1,5.4,-0.7323937598229685,1,test
CC(C)Oc1ccc2[nH]nc(-c3cc(N4CC(F)(F)C4)ncn3)c2c1,24.3,-1.385606273598312,0,test
CCc1nnc2n1CCN(c1cc(-c3n[nH]c4ccc(OC(C)C)cc34)ncn1)C2,8.6,-0.9344984512435676,0,test
CC(C)Oc1ccc2[nH]nc(-c3cc(N4CCc5nc(C6CC6)oc5C4)ncn3)c2c1,43.000000000000014,-1.6334684555795866,0,train
CC(C)Oc1ccc2[nH]nc(-c3cc(N4CCN(c5nnc(C6CC6)o5)CC4)ncn3)c2c1,13.999999999999998,-1.146128035678238,0,train
Cc1noc(C2CN(c3cc(-c4n[nH]c5ccc(OC(C)C)cc45)ncn3)C2)n1,9.3,-0.9684829485539352,0,train
CC(C)Oc1ccc2[nH]nc(-c3cc(N4CC(n5cnnc5)C4)ncn3)c2c1,20.1,-1.3031960574204888,0,train
CC(C)Oc1ccc2[nH]nc(-c3cc(N4CCN(c5ccncn5)CC4)ncn3)c2c1,15.8,-1.1986570869544226,0,train
CC(C)NC(=O)CN1CCN(c2cc(-c3n[nH]c4ccc(OC(C)C)cc34)ncn2)CC1,5.1000000000000005,-0.7075701760979364,0,train
CC(C)Oc1ccc2[nH]nc(-c3cc(N4CCN(C(=O)c5ccco5)CC4)ncn3)c2c1,8.7,-0.9395192526186184,0,train
CCN1CCN(c2cc(-c3n[nH]c4ccc(OC(C)C)cc34)ncn2)CC1,6.0,-0.7781512503836436,1,train
COC1CCCN(c2cc(-c3n[nH]c4ccc(OC(C)C)cc34)ncn2)C1,12.699999999999998,-1.1038037209559568,0,train
CC(=O)N1CCN(c2cc(-c3n[nH]c4ccc(OC(C)C)cc34)ncn2)CC1,11.199999999999998,-1.0492180226701815,0,test
CC(C)Oc1ccc2[nH]nc(-c3cc(N4CCN(C(=O)C5CCCO5)CC4)ncn3)c2c1,58.09999999999999,-1.7641761323903309,1,train
CC(C)Oc1ccc2[nH]nc(-c3cc(N4CCN(c5ncccn5)CC4)ncn3)c2c1,11.800000000000002,-1.0718820073061257,0,train
CC(C)Oc1ccc2[nH]nc(-c3cc(N4CCC(C#N)CC4)ncn3)c2c1,7.200000000000001,-0.8573324964312685,0,train
COC(=O)N1CCN(c2cc(-c3n[nH]c4ccc(OC(C)C)cc34)ncn2)CC1,10.2,-1.0086001717619175,0,train
CC(C)Oc1ccc2[nH]nc(-c3cc(N4CCC(n5ccnc5)C4)ncn3)c2c1,11.3,-1.0530784434834195,0,train
CC(C)Oc1ccc2[nH]nc(-c3cc(N4CCC(O)(C(F)(F)F)CC4)ncn3)c2c1,10.5,-1.021189299069938,0,test
CC(C)Oc1ccc2[nH]nc(-c3cc(N4CCCC(C(C)(C)O)C4)ncn3)c2c1,6.9,-0.8388490907372553,0,train
CC(C)Oc1ccc2[nH]nc(-c3cc(N4CCC(n5cccn5)CC4)ncn3)c2c1,15.300000000000002,-1.1846914308175989,0,train
CC(C)Oc1ccc2[nH]nc(-c3cc(N4CCC(CF)C4)ncn3)c2c1,6.9,-0.8388490907372553,0,train
CC(C)Oc1ccc2[nH]nc(-c3cc(N4CCN(Cc5ccncc5)CC4)ncn3)c2c1,8.200000000000001,-0.9138138523837168,0,train
CC(C)Oc1ccc2[nH]nc(-c3cc(N4CCN(c5cnn(C)c5)CC4)ncn3)c2c1,5.4,-0.7323937598229685,0,train
CC(C)Oc1ccc2[nH]nc(-c3cc(N4CCC(C(C)(C)O)CC4)ncn3)c2c1,5.4,-0.7323937598229685,0,train
CC(C)Oc1ccc2[nH]nc(-c3cc(N4CCn5nc(C6CC6)nc5C4)ncn3)c2c1,18.2,-1.260071387985075,0,train
CC(C)Oc1ccc2[nH]nc(-c3cc(N4CCC(F)(CO)CC4)ncn3)c2c1,6.3,-0.7993405494535817,0,test
CC(C)Oc1ccc2[nH]nc(-c3cc(N4CCN(c5nncs5)CC4)ncn3)c2c1,17.0,-1.230448921378274,0,test
Cn1cc(-c2cc3c(-c4cc(N5CCn6ncnc6C5)ncn4)n[nH]c3cc2F)cn1,63.90000000000001,-1.8055008581584,0,train
Cn1cc(-c2cc3c(-c4cc(N5CC[C@H](CF)C5)ncn4)n[nH]c3cc2F)cn1,13.599999999999998,-1.1335389083702174,0,train
Cn1cc(-c2cc3c(-c4cc(N5CCCC(F)(F)C5)ncn4)n[nH]c3cc2F)cn1,23.399999999999995,-1.3692158574101427,1,train
Cn1cc(-c2cc3c(-c4cc(N5CCC(F)(F)C5)ncn4)n[nH]c3cc2F)cn1,70.9,-1.8506462351830664,0,train
Cn1cc(-c2cc3c(-c4cc(N5CCCC(C)(O)C5)ncn4)n[nH]c3cc2F)cn1,67.49999999999999,-1.8293037728310249,0,train
Cn1cc(-c2cc3c(-c4cc(N5CC[S+](O)CC5)ncn4)n[nH]c3cc2F)cn1,130.69999999999996,-2.116275587580544,1,train
CN1CCN(c2cc(-c3n[nH]c4cc(F)c(-c5cnn(C)c5)cc34)ncn2)CC1=O,37.7,-1.5763413502057928,1,train
Cn1cc(-c2cc3c(-c4cc(N5CCc6oncc6C5)ncn4)n[nH]c3cc2F)cn1,453.3000000000001,-2.656385719058688,1,test
Cn1cc(-c2cc3c(-c4cc(N5CCN(C6CC6)CC5)ncn4)n[nH]c3cc2F)cn1,17.7,-1.2479732663618066,1,test
Cn1cc(-c2cc3c(-c4cc(N5C[C@@H](F)[C@H](F)C5)ncn4)n[nH]c3cc2F)cn1,29.899999999999995,-1.4756711883244296,1,train
Cn1cc(-c2cc3c(-c4cc(N5CCCC6(CCO6)C5)ncn4)n[nH]c3cc2F)cn1,398.1,-2.599992177584098,1,test
Cn1cc(-c2cc3c(-c4cc(N5CCC(n6cccn6)C5)ncn4)n[nH]c3cc2F)cn1,73.50000000000001,-1.866287339084195,0,train
Cc1nc2c(o1)CCN(c1cc(-c3n[nH]c4cc(F)c(-c5cnn(C)c5)cc34)ncn1)C2,53.4,-1.7275412570285564,1,train
Cn1cc(-c2cc3c(-c4cc(N5CCN6C(=O)OCC6C5)ncn4)n[nH]c3cc2F)cn1,64.20000000000002,-1.8075350280688531,0,train
Cn1cc(-c2cc3c(-c4cc(N5CCC(F)(C#N)CC5)ncn4)n[nH]c3cc2F)cn1,39.400000000000006,-1.5954962218255742,0,train
CO[C@@H]1CN(c2cc(-c3n[nH]c4cc(F)c(-c5cnn(C)c5)cc34)ncn2)C[C@H]1O,36.20000000000001,-1.5587085705331658,0,train
CN(C)[C@@H]1CN(c2cc(-c3n[nH]c4cc(F)c(-c5cnn(C)c5)cc34)ncn2)C[C@H]1O,67.1,-1.826722520168992,0,train
Cn1cc(-c2cc3c(-c4cc(N5CCS(=O)(=O)CC5)ncn4)n[nH]c3cc2F)cn1,145.89999999999995,-2.1640552918934515,0,train
Cn1cc(-c2cc3c(-c4cc(N5CCC(F)(CO)CC5)ncn4)n[nH]c3cc2F)cn1,15.300000000000002,-1.1846914308175989,0,train
CN(C)[C@@H]1CCN(c2cc(-c3n[nH]c4cc(F)c(-c5cnn(C)c5)cc34)ncn2)C1,58.00000000000001,-1.7634279935629371,1,train
Cn1cc(-c2cc3c(-c4cc(N5CCN(CCCO)CC5)ncn4)n[nH]c3cc2F)cn1,12.6,-1.100370545117563,1,train
Cn1cc(-c2cc3c(-c4cc(N5CCc6nccnc6C5)ncn4)n[nH]c3cc2F)cn1,11.099999999999998,-1.0453229787866574,1,train
Cn1cc(-c2ccc3[nH]nc(-c4cc(N5CCCC(F)(F)C5)ncn4)c3c2)cn1,2.2,-0.3424226808222063,0,train
Cn1cc(-c2ccc3[nH]nc(-c4cc(N5CCn6ncnc6C5)ncn4)c3c2)cn1,8.5,-0.9294189257142929,0,train
Cn1cc(-c2ccc3[nH]nc(-c4cc(N5CC[C@@H](CF)C5)ncn4)c3c2)cn1,2.3,-0.3617278360175928,0,train
CC(O)C1CCN(c2cc(-c3n[nH]c4ccc(-c5cnn(C)c5)cc34)ncn2)C1,2.3,-0.3617278360175928,0,train
Cn1cc(-c2ccc3[nH]nc(-c4cc(N5CCCC(C)(O)C5)ncn4)c3c2)cn1,7.899999999999999,-0.8976270912904414,0,train
Cn1cc(-c2ccc3[nH]nc(-c4cc(N5CC[S+](O)CC5)ncn4)c3c2)cn1,26.800000000000008,-1.428134794028789,1,train
Cn1cc(-c2ccc3[nH]nc(-c4cc(N5C[C@H](F)[C@@H](F)C5)ncn4)c3c2)cn1,3.8,-0.5797835966168101,0,train
Cc1nc2c(o1)CCN(c1cc(-c3n[nH]c4ccc(-c5cnn(C)c5)cc34)ncn1)C2,2.8,-0.4471580313422192,1,train
Cn1cc(-c2ccc3[nH]nc(-c4cc(N5CCN6C(=O)OCC6C5)ncn4)c3c2)cn1,6.3,-0.7993405494535817,0,train
Cn1cc(-c2ccc3[nH]nc(-c4cc(N5CCCC6(CCO6)C5)ncn4)c3c2)cn1,10.9,-1.0374264979406236,0,test
CN(C)[C@H]1CN(c2cc(-c3n[nH]c4ccc(-c5cnn(C)c5)cc34)ncn2)C[C@@H]1O,13.5,-1.130333768495006,0,train
Cn1cc(-c2ccc3[nH]nc(-c4cc(N5CCS(=O)(=O)CC5)ncn4)c3c2)cn1,22.4,-1.3502480183341627,0,test
CN(C)[C@H]1CCN(c2cc(-c3n[nH]c4ccc(-c5cnn(C)c5)cc34)ncn2)C1,4.6000000000000005,-0.6627578316815741,1,train
Cn1cc(-c2ccc3[nH]nc(-c4cc(N5CCOC(C)(C)C5)ncn4)c3c2)cn1,8.9,-0.9493900066449128,0,train
Cn1cc(-c2ccc3[nH]nc(-c4cc(N5CCC(F)(F)CC5)ncn4)c3c2)cn1,4.6000000000000005,-0.6627578316815741,0,train
Cn1cc(-c2ccc3[nH]nc(-c4cc(N5CCC(n6cccn6)C5)ncn4)c3c2)cn1,3.6,-0.5563025007672873,0,train
CO[C@H]1CN(c2cc(-c3n[nH]c4ccc(-c5cnn(C)c5)cc34)ncn2)C[C@@H]1O,6.0,-0.7781512503836436,0,train
Cn1cc(-c2ccc3[nH]nc(-c4cc(N5CCC(F)(CO)CC5)ncn4)c3c2)cn1,2.9,-0.4623979978989561,0,train
Cn1cc(-c2ccc3[nH]nc(-c4cc(N5CCN(CCCO)CC5)ncn4)c3c2)cn1,3.0,-0.4771212547196624,0,test
Cn1cc(-c2ccc3[nH]nc(-c4cc(N5CCC(F)(F)C5)ncn4)c3c2)cn1,3.7,-0.568201724066995,0,train
Cn1cc(-c2ccc3[nH]nc(-c4cc(N5CCC(F)(C#N)CC5)ncn4)c3c2)cn1,3.0,-0.4771212547196624,0,train
Cn1cc(-c2ccc3[nH]nc(-c4cc(N5CCc6nccnc6C5)ncn4)c3c2)cn1,2.7,-0.4313637641589873,0,test
CC(C)Oc1cc2c(-c3cc(N4CCn5ncnc5C4)ncn3)n[nH]c2cc1F,7.1,-0.8512583487190752,0,train
COCC(=O)N1CCN(c2cc(-c3n[nH]c4cc(F)c(OC(C)C)cc34)ncn2)CC1,5.6000000000000005,-0.7481880270062005,0,train
CC(C)Oc1cc2c(-c3cc(N4CCOC(C(F)(F)F)C4)ncn3)n[nH]c2cc1F,26.6,-1.424881636631067,0,train
CC(C)Oc1cc2c(-c3cc(N4CCN(C5CCS(=O)(=O)C5)CC4)ncn3)n[nH]c2cc1F,2.5,-0.3979400086720376,0,train
CC(C)Oc1cc2c(-c3cc(N4CCn5nc(C(F)(F)F)nc5C4C)ncn3)n[nH]c2cc1F,176.00000000000006,-2.24551266781415,0,train
CC(C)Oc1cc2c(-c3cc(N4CCC(F)(F)C4)ncn3)n[nH]c2cc1F,6.1,-0.785329835010767,0,train
CC(C)Oc1cc2c(-c3cc(N4CC[S+](O)CC4)ncn3)n[nH]c2cc1F,6.1,-0.785329835010767,0,train
CC(C)Oc1cc2c(-c3cc(N4CCc5oncc5C4)ncn3)n[nH]c2cc1F,9.8,-0.9912260756924948,0,train
CC(C)Oc1cc2c(-c3cc(N4C5CCC4COC5)ncn3)n[nH]c2cc1F,18.2,-1.260071387985075,0,test
COCC1CN(c2cc(-c3n[nH]c4cc(F)c(OC(C)C)cc34)ncn2)CCO1,2.9,-0.4623979978989561,0,train
CC(C)Oc1cc2c(-c3cc(N4CCC(n5cccn5)C4)ncn3)n[nH]c2cc1F,6.1,-0.785329835010767,0,train
Cc1nc2c(o1)CCN(c1cc(-c3n[nH]c4cc(F)c(OC(C)C)cc34)ncn1)C2,6.4,-0.8061799739838872,0,train
CC(C)Oc1cc2c(-c3cc(N4CCOC(C)(C)C4)ncn3)n[nH]c2cc1F,6.2,-0.7923916894982539,0,train
CC(C)Oc1cc2c(-c3cc(N4CCC(F)(C#N)CC4)ncn3)n[nH]c2cc1F,17.7,-1.2479732663618066,0,test
CO[C@H]1CN(c2cc(-c3n[nH]c4cc(F)c(OC(C)C)cc34)ncn2)C[C@@H]1O,7.699999999999999,-0.8864907251724818,0,train
CC(C)Oc1cc2c(-c3cc(N4C[C@H](O)[C@@H](N(C)C)C4)ncn3)n[nH]c2cc1F,7.899999999999999,-0.8976270912904414,0,train
CC(C)Oc1cc2c(-c3cc(N4CCS(=O)(=O)CC4)ncn3)n[nH]c2cc1F,23.999999999999996,-1.380211241711606,1,test
CC(C)Oc1cc2c(-c3cc(N4CCC(F)(CO)CC4)ncn3)n[nH]c2cc1F,2.3,-0.3617278360175928,1,train
CCOC(=O)N1CCN(c2cc(-c3n[nH]c4cc(F)c(OC(C)C)cc34)ncn2)CC1,6.1,-0.785329835010767,0,train
CC(C)Oc1cc2c(-c3cc(N4CC[C@H](N(C)C)C4)ncn3)n[nH]c2cc1F,7.0,-0.8450980400142568,0,train
CC(C)Oc1cc2c(-c3cc(N4CCN(CCCO)CC4)ncn3)n[nH]c2cc1F,3.1,-0.4913616938342727,0,test
COC[C@H](C)Oc1ccc2[nH]nc(-c3cc(N4CCn5ncnc5C4)ncn3)c2c1,20.2,-1.3053513694466237,0,train
COC[C@H](C)Oc1ccc2[nH]nc(-c3cc(N4CC[C@@H](CF)C4)ncn3)c2c1,2.7,-0.4313637641589873,0,train
COC[C@H](C)Oc1ccc2[nH]nc(-c3cc(N4CCCC(F)(F)C4)ncn3)c2c1,2.8,-0.4471580313422192,0,train
COC[C@H](C)Oc1ccc2[nH]nc(-c3cc(N4CCOC(C(F)(F)F)C4)ncn3)c2c1,8.6,-0.9344984512435676,0,train
COC[C@H](C)Oc1ccc2[nH]nc(-c3cc(N4CCC(F)(F)C4)ncn3)c2c1,12.6,-1.100370545117563,0,train
COC[C@H](C)Oc1ccc2[nH]nc(-c3cc(N4CCN(C)C(=O)C4)ncn3)c2c1,10.9,-1.0374264979406236,0,train
COC[C@H](C)Oc1ccc2[nH]nc(-c3cc(N4CC(OC)C4)ncn3)c2c1,5.6000000000000005,-0.7481880270062005,0,test
COC[C@H](C)Oc1ccc2[nH]nc(-c3cc(N4CCN(C5CC5)CC4)ncn3)c2c1,4.1,-0.6127838567197355,0,test
COC[C@H](C)Oc1ccc2[nH]nc(-c3cc(N4C[C@H](F)[C@@H](F)C4)ncn3)c2c1,7.899999999999999,-0.8976270912904414,0,test
COCC1CN(c2cc(-c3n[nH]c4ccc(O[C@@H](C)COC)cc34)ncn2)CCO1,3.6,-0.5563025007672873,0,train
COC[C@H](C)Oc1ccc2[nH]nc(-c3cc(N4CC(F)(F)C4)ncn3)c2c1,7.6,-0.8808135922807914,0,train
COC[C@H](C)Oc1ccc2[nH]nc(-c3cc(N4[C@H](C)COC[C@@H]4C)ncn3)c2c1,7.4,-0.8692317197309762,0,test
COC[C@H](C)Oc1ccc2[nH]nc(-c3cc(N4CCc5oc(C)nc5C4)ncn3)c2c1,8.4,-0.9242792860618816,0,train
COC[C@H](C)Oc1ccc2[nH]nc(-c3cc(N4CCOC(C)(C)C4)ncn3)c2c1,5.3,-0.724275869600789,0,train
COC[C@H](C)Oc1ccc2[nH]nc(-c3cc(N4CCC(F)(F)CC4)ncn3)c2c1,7.999999999999999,-0.9030899869919436,0,train
COC[C@H](C)Oc1ccc2[nH]nc(-c3cc(N4CCN5C(=O)OCC5C4)ncn3)c2c1,8.8,-0.9444826721501688,0,train
COC[C@H](C)Oc1ccc2[nH]nc(-c3cc(N4C[C@H](OC)[C@@H](O)C4)ncn3)c2c1,19.8,-1.2966651902615312,0,train
COC[C@H](C)Oc1ccc2[nH]nc(-c3cc(N4C[C@H](O)[C@@H](N(C)C)C4)ncn3)c2c1,6.6,-0.8195439355418687,0,train
COC[C@H](C)Oc1ccc2[nH]nc(-c3cc(N4CCC5(CC4)CNC(=O)CO5)ncn3)c2c1,3.5000000000000004,-0.5440680443502757,0,test
N#Cc1cc(-c2ccc3[nH]nc(-c4cc(N5CCOCC5)ncn4)c3c2)ccn1,340.1,-2.531606631932722,1,test
c1nc(-c2n[nH]c3ccc(-c4ccc5ncnn5c4)cc23)cc(N2CCOCC2)n1,192.7,-2.284881714655453,1,train
c1cc(-c2ccc3[nH]nc(-c4cc(N5CCOCC5)ncn4)c3c2)ccn1,96.7,-1.9854264740830017,1,train
Cc1noc(C)c1-c1ccc2[nH]nc(-c3cc(N4CCOCC4)ncn3)c2c1,48.69999999999999,-1.6875289612146342,1,train
c1ncc(-c2ccc3[nH]nc(-c4cc(N5CCOCC5)ncn4)c3c2)cn1,40.70000000000001,-1.60959440922522,1,train
N#Cc1ccc(-c2ccc3[nH]nc(-c4cc(N5CCOCC5)ncn4)c3c2)cc1,149.80000000000007,-2.175511813363448,1,test
N#Cc1cccc(-c2ccc3[nH]nc(-c4cc(N5CCOCC5)ncn4)c3c2)c1,81.30000000000001,-1.910090545594068,1,train
CCN(CC)C(=O)c1ccc(-c2ccc3[nH]nc(-c4cc(N5CCOCC5)ncn4)c3c2)cc1,607.4999999999998,-2.7835462822703496,0,train
O=S(=O)(c1ccc(-c2ccc3[nH]nc(-c4cc(N5CCOCC5)ncn4)c3c2)cc1)N1CCCC1,914.4,-2.9611362173872253,0,train
COc1cnc(-c2ccc3[nH]nc(-c4cc(N5CCOCC5)ncn4)c3c2)cn1,271.5000000000001,-2.433769833924866,1,train
COc1cncc(-c2ccc3[nH]nc(-c4cc(N5CCOCC5)ncn4)c3c2)n1,18.3,-1.2624510897304295,1,train
c1nc(-c2n[nH]c3ccc(-c4ccc5nncn5c4)cc23)cc(N2CCOCC2)n1,56.1,-1.7489628612561614,1,train
Cn1nccc1-c1ccc2[nH]nc(-c3cc(N4CCOCC4)ncn3)c2c1,45.7,-1.6599162000698502,1,train
COc1ncccc1-c1ccc2[nH]nc(-c3cc(N4CCOCC4)ncn3)c2c1,37.7,-1.5763413502057928,1,train
Cc1nocc1-c1ccc2[nH]nc(-c3cc(N4CCOCC4)ncn3)c2c1,59.00000000000001,-1.7708520116421442,1,train
COCCn1cc(-c2ccc3[nH]nc(-c4cc(N5CCOCC5)ncn4)c3c2)cn1,1.5,-0.1760912590556812,1,train
COc1ccc(-c2ccc3[nH]nc(-c4cc(N5CCOCC5)ncn4)c3c2)cn1,31.200000000000006,-1.4941545940184429,1,train
O=C(NCCO)c1ccc(-c2ccc3[nH]nc(-c4cc(N5CCOCC5)ncn4)c3c2)cc1,153.59999999999994,-2.186391215695493,0,train
C[C@@H]1CN(c2cc(-c3n[nH]c4ccc(-c5ccc6ncnn6c5)cc34)ncn2)C[C@H](C)O1,240.1,-2.3803921600570277,1,test
COc1ncccc1-c1ccc2[nH]nc(-c3cc(N4C[C@@H](C)O[C@@H](C)C4)ncn3)c2c1,158.50000000000003,-2.2000292665537704,1,train
C[C@@H]1CN(c2cc(-c3n[nH]c4ccc(-c5ccnn5C)cc34)ncn2)C[C@H](C)O1,32.1,-1.506505032404872,1,train
Cc1cncc(-c2ccc3[nH]nc(-c4cc(N5C[C@@H](C)O[C@@H](C)C5)ncn4)c3c2)c1,2.2,-0.3424226808222063,1,train
Cc1nocc1-c1ccc2[nH]nc(-c3cc(N4C[C@@H](C)O[C@@H](C)C4)ncn3)c2c1,40.000000000000014,-1.6020599913279625,1,test
C[C@@H]1CN(c2cc(-c3n[nH]c4ccc(-c5ccncc5)cc34)ncn2)C[C@H](C)O1,49.49999999999999,-1.6946051989335686,1,train
COc1cnc(-c2ccc3[nH]nc(-c4cc(N5C[C@@H](C)O[C@@H](C)C5)ncn4)c3c2)cn1,63.4,-1.802089257881733,1,train
C[C@@H]1CN(c2cc(-c3n[nH]c4ccc(-c5cncnc5)cc34)ncn2)C[C@H](C)O1,30.3,-1.481442628502305,1,train
COc1ccc(-c2ccc3[nH]nc(-c4cc(N5C[C@@H](C)O[C@@H](C)C5)ncn4)c3c2)cn1,41.10000000000001,-1.6138418218760693,1,train
COc1cncc(-c2ccc3[nH]nc(-c4cc(N5C[C@@H](C)O[C@@H](C)C5)ncn4)c3c2)n1,2.4,-0.380211241711606,1,train
C[C@@H]1CN(c2cc(-c3n[nH]c4ccc(-c5ccnc(C#N)c5)cc34)ncn2)C[C@H](C)O1,171.69999999999993,-2.2347702951609163,1,train
Cc1ncc(-c2ccc3[nH]nc(-c4cc(N5C[C@@H](C)O[C@@H](C)C5)ncn4)c3c2)nc1C,17.4,-1.2405492482825995,0,test
C[C@@H]1CN(c2cc(-c3n[nH]c4ccc(-c5cnc(N6CCCC6)s5)cc34)ncn2)C[C@H](C)O1,7.6,-0.8808135922807914,1,train
COCCn1cc(-c2ccc3[nH]nc(-c4cc(N5C[C@@H](C)O[C@@H](C)C5)ncn4)c3c2)cn1,1.8,-0.255272505103306,1,train
COc1cc(-c2ccc3[nH]nc(-c4cc(N5C[C@@H](C)O[C@@H](C)C5)ncn4)c3c2)ccn1,155.10000000000002,-2.190611797813605,1,train
C[C@@H]1CN(c2cc(-c3n[nH]c4ccc(-c5ccc6nncn6c5)cc34)ncn2)C[C@H](C)O1,60.60000000000001,-1.7824726241662865,1,train
C[C@@H]1CN(c2cc(-c3n[nH]c4ccc(-c5ccc(C(=O)NCCO)cc5)cc34)ncn2)C[C@H](C)O1,77.0,-1.8864907251724816,0,train
C[C@@H]1CN(c2cc(-c3n[nH]c4ccc(-c5ccc(C#N)cc5)cc34)ncn2)C[C@H](C)O1,177.39999999999995,-2.2489536154957075,1,test
C[C@@H]1CN(c2cc(-c3n[nH]c4ccc(-c5cccc(C#N)c5)cc34)ncn2)C[C@H](C)O1,47.9,-1.6803355134145632,1,train
CCN(CC)C(=O)c1ccc(-c2ccc3[nH]nc(-c4cc(N5C[C@@H](C)O[C@@H](C)C5)ncn4)c3c2)cc1,847.1000000000001,-2.9279346817411795,0,train
CC(C)=Cc1ccc2[nH]nc(-c3cc(N4CCO[C@H](C)C4)ncn3)c2c1,16.399999999999995,-1.2148438480476975,0,train
CC(C)=Cc1ccc2[nH]nc(-c3cc(N4CCN(S(C)(=O)=O)CC4)ncn3)c2c1,28.8,-1.4593924877592308,0,train
CC(C)=Cc1ccc2[nH]nc(-c3cc(N4CCN(C)CC4)ncn3)c2c1,32.89999999999999,-1.5171958979499742,0,test
CC(C)=Cc1ccc2[nH]nc(-c3cc(N4CCN(C)C(=O)C4)ncn3)c2c1,36.20000000000001,-1.5587085705331658,1,train
CC(C)=Cc1ccc2[nH]nc(-c3cc(N4C[C@@H](C)O[C@@H](C)C4)ncn3)c2c1,20.300000000000004,-1.307496037913213,0,train
CC(C)=Cc1ccc2[nH]nc(-c3cc(N4CCOCC4)ncn3)c2c1,16.399999999999995,-1.2148438480476975,0,train
c1cncc(-c2ccc3[nH]nc(-c4cc(N5CCOCC5)ncn4)c3c2)c1,5.500000000000001,-0.7403626894942439,1,train
CS(=O)(=O)N1CCN(c2cc(-c3n[nH]c4ccc(-c5cccnc5)cc34)ncn2)CC1,7.3,-0.8633228601204559,0,test
FC1(F)CCN(c2cc(-c3n[nH]c4ccc(-c5ccoc5)cc34)ncn2)CC1,86.2,-1.9355072658247128,1,train
FC1(F)CCN(c2cc(-c3n[nH]c4ccc(-c5ccsc5)cc34)ncn2)CC1,347.80000000000007,-2.5413295776666938,1,train
FC1(F)CCN(c2cc(-c3n[nH]c4ccc(C5=CCNCC5)cc34)ncn2)CC1,119.69999999999996,-2.0780941504064105,1,train
COc1ccncc1-c1ccc2[nH]nc(-c3cc(N4CCC(F)(F)CC4)ncn3)c2c1,6.660000000000001,-0.8234742291703011,0,train
CC1(C)CC(=O)C=C(c2ccc3[nH]nc(-c4cc(N5CCC(F)(F)CC5)ncn4)c3c2)C1,7.08,-0.850033257689769,0,test
FC1(F)CCN(c2cc(-c3n[nH]c4ccc(-c5cc[nH]n5)cc34)ncn2)CC1,2.16,-0.3344537511509309,1,test
FC1(F)CCN(c2cc(-c3n[nH]c4ccc(-c5cn[nH]c5)cc34)ncn2)CC1,5.69,-0.7551122663950712,1,test
c1nc(-c2n[nH]c3ccc(-c4ccoc4)cc23)cc(N2CCOCC2)n1,19.01,-1.2789821168654432,1,train
c1nc(-c2n[nH]c3ccc(-c4ccsc4)cc23)cc(N2CCOCC2)n1,36.39999999999999,-1.561101383649056,1,test
Cc1ncc(-c2ccc3[nH]nc(-c4cc(N5CCOCC5)ncn4)c3c2)s1,2.2,-0.3424226808222063,1,train
CC1(C)CC(=O)C=C(c2ccc3[nH]nc(-c4cc(N5CCOCC5)ncn4)c3c2)C1,1.63,-0.2121876044039577,0,train
C1=C(c2ccc3[nH]nc(-c4cc(N5CCOCC5)ncn4)c3c2)CCNC1,71.60000000000001,-1.854913022307856,1,train
COc1ccncc1-c1ccc2[nH]nc(-c3cc(N4CCOCC4)ncn3)c2c1,1.72,-0.2355284469075489,1,train
c1cc(-c2ccc3[nH]nc(-c4cc(N5CCOCC5)ncn4)c3c2)[nH]n1,2.63,-0.4199557484897578,1,test
Cc1ccc(-c2ccc3[nH]nc(-c4cc(N5CCOCC5)ncn4)c3c2)cc1,251.1000000000001,-2.3998467127129226,1,train
c1nc(-c2n[nH]c3ccc(-c4cn[nH]c4)cc23)cc(N2CCOCC2)n1,2.3,-0.3617278360175928,1,train
O=C1C=C(c2ccc3[nH]nc(-c4cc(N5CCOCC5)ncn4)c3c2)CCC1,1.63,-0.2121876044039577,1,train
Clc1cc(-c2ccc3[nH]nc(-c4cc(N5CCOCC5)ncn4)c3c2)ccn1,266.50000000000006,-2.425697213362591,1,train
Cc1n[nH]c(C)c1-c1ccc2[nH]nc(-c3cc(N4CCOCC4)ncn3)c2c1,2.58,-0.4116197059632301,1,train
COc1ccncc1-c1ccc2[nH]nc(-c3cc(N4CCN(S(C)(=O)=O)CC4)ncn3)c2c1,1.58,-0.1986570869544226,0,test
CC(C)N1CCN(c2cc(-c3n[nH]c4ccc(-c5cccs5)cc34)ncn2)CC1,61.50000000000001,-1.7888751157754168,1,train
CC(C)N1CCN(c2cc(-c3n[nH]c4ccc(-c5ccoc5)cc34)ncn2)CC1,9.03,-0.9556877503135056,0,train
COc1ccncc1-c1ccc2[nH]nc(-c3cc(N4CCN(C(C)C)CC4)ncn3)c2c1,1.26,-0.1003705451175629,0,train
CC(C)N1CCN(c2cc(-c3n[nH]c4ccc(-c5cn[nH]c5)cc34)ncn2)CC1,0.96,0.0177287669604316,1,train
CC(C)N1CCN(c2cc(-c3n[nH]c4ccc(-c5ccn[nH]5)cc34)ncn2)CC1,2.34,-0.3692158574101428,1,train
COc1ccncc1-c1ccc2[nH]nc(-c3cc(N4C[C@@H](C)O[C@@H](C)C4)ncn3)c2c1,0.75,0.1249387366082999,1,train
C[C@@H]1CN(c2cc(-c3n[nH]c4ccc(-c5cn[nH]c5)cc34)ncn2)C[C@H](C)O1,1.35,-0.1303337684950061,1,train
C[C@@H]1CN(c2cc(-c3n[nH]c4ccc(-c5ccn[nH]5)cc34)ncn2)C[C@H](C)O1,1.44,-0.1583624920952496,1,train
Cc1n[nH]c(C)c1-c1ccc2[nH]nc(-c3cc(N4CCO[C@H](C)C4)ncn3)c2c1,3.2000000000000006,-0.505149978319906,0,train
CC(C)Cc1ccc2[nH]nc(-c3cc(N4CCOCC4)ncn3)c2c1,56.00000000000001,-1.7481880270062005,0,train
c1ccc2c(-c3cc(N4CCOCC4)ncn3)[nH]nc2c1,134.15,-2.127590677007958,1,train
CCc1cccc(-c2ccnc3[nH]cc(C#N)c23)c1,259.00000000000006,-2.413299764081252,0,train
Cc1cccc(-c2cc(Nc3ccn(C)n3)nc3[nH]cc(C#N)c23)c1,8.166666666666666,-0.91204482964487,0,train
Cc1cc(-c2cc(Nc3ccn(C)n3)nc3[nH]cc(C#N)c23)ccc1CN1CCOCC1,2.5,-0.3979400086720376,0,test
CC1(Oc2ccc3[nH]nc(-c4cc(N5CCN(S(C)(=O)=O)CC5)ncn4)c3c2)CC1,6.933333333333334,-0.8409420802430991,0,test
CC1(Oc2ccc3[nH]nc(-c4cc(N5CCOCC5)ncn4)c3c2)CC1,5.95,-0.7745169657285496,0,train
c1cc(-c2n[nH]c3ccc(OC4CC4)cc23)cc(N2CCOCC2)n1,40.99999999999999,-1.6127838567197357,0,train
COc1ccc2[nH]nc(-c3ccnc(N4CCOCC4)c3)c2c1,15.000000000000004,-1.1760912590556811,0,train
O=S(=O)(c1ccc2[nH]nc(-c3ccnc(N4CCOCC4)c3)c2c1)C1CC1,17.999999999999996,-1.255272505103306,0,train
N#Cc1ccc2[nH]nc(-c3ccnc(N4CCOCC4)c3)c2c1,63.99999999999999,-1.806179973983887,0,train
c1cc(-c2n[nH]c3ccc(C4CC4)cc23)cc(N2CCOCC2)n1,12.999999999999998,-1.1139433523068367,1,train
c1cnnc(-c2ccc3[nH]nc(-c4ccnc(N5CCOCC5)c4)c3c2)c1,6.4,-0.8061799739838872,1,train
c1ccc2c(-c3cncc(N4CCOCC4)c3)n[nH]c2c1,256.0,-2.4082399653118496,1,train
c1ccc2c(-c3ccnc(N4CCOCC4)c3)n[nH]c2c1,12.000000000000002,-1.0791812460476249,1,train
COCCNc1cc(-c2n[nH]c3ccccc23)ccn1,98.0,-1.9912260756924949,0,test
c1ccc(-c2n[nH]c3ccccc23)nc1,6185.999999999999,-3.79140991566716,0,train
c1cncc(-c2n[nH]c3ccccc23)c1,1230.9999999999995,-3.090258052931316,0,train
c1ccc2c(-c3ccncc3)n[nH]c2c1,904.0,-2.9561684304753637,0,train
C[C@@H]1CN(c2cc(-c3n[nH]c4ccc(OC5(C)CC5)cc34)ncn2)C[C@H](C)O1,1.682,-0.2258259914618933,1,train
Nc1cc(-c2n[nH]c3ccc(Nc4ccccc4)cc23)ccn1,728.0,-2.862131379313037,1,test
CN(c1cccc(S(C)(=O)=O)c1)c1ccc2[nH]nc(-c3ccncc3)c2c1,44.0,-1.6434526764861874,0,train
CCOc1ccc(Nc2nc(N3CCOCC3)c3nc[nH]c3n2)cc1,352.99999999999983,-2.5477747053878224,0,test
Cc1ncc(/C=C2\C(=O)Nc3ccc(OC(C)C)cc32)[nH]1,1.2,-0.0791812460476248,0,train
C[C@H]1CNC(=O)c2c(SCC3CC3)sc(-c3cc[nH]n3)c21,31.0,-1.4913616938342726,0,train
c1cc(-c2n[nH]c3ccnc(OC4CCOCC4)c23)cc(N2CCCC2)n1,3.0,-0.4771212547196624,1,train
Cc1ccccc1Nc1nc2ccc(-c3cc(C)c(O)c(C)c3)cn2n1,10.0,-1.0,0,train
N#Cc1c[nH]c2ncccc12,46521.99999999996,-4.667658376956949,0,train
N#Cc1c[nH]c2nccc(Cl)c12,37765.00000000001,-4.577089489033186,0,train
N#Cc1c[nH]c2nccc(-c3ccc(Cl)cc3)c12,1983.0000000000005,-3.2973227142053028,0,train
CCn1cc(-c2cc(-c3ccc(C)cc3)cnc2N)cn1,12000.000000000007,-4.079181246047625,0,train
Cc1ccc(-c2cnc(N)c(-n3cc(C)nn3)c2)cc1,9099.999999999996,-3.959041392321093,0,train
Cc1ccc(-c2cnc(N)c(-c3cn[nH]c3)c2)cc1,13000.000000000004,-4.113943352306837,0,train
Cc1ccc(-c2cnc(N)c(-c3cn(C)cn3)c2)cc1,57000.00000000001,-4.755874855672492,0,test
Cn1cc(-c2cc(-c3ccc4[nH]ccc4c3)cnc2N)cn1,13000.000000000004,-4.113943352306837,0,test
Cc1nnc(-c2cc(-c3ccc4[nH]ccc4c3)cnc2N)o1,3600.0,-3.5563025007672877,0,train
CCc1nnc(-c2cc(-c3ccc4[nH]ccc4c3)cnc2N)o1,2900.0,-3.462397997898956,0,train
Cn1cc(-c2cc(-c3ccc4c(ccn4C)c3)cnc2N)cn1,5800.000000000001,-3.763427993562937,0,train
O=C(Nc1cccnc1)c1cc(Br)ccc1OCc1ccccc1Cl,100.0,-2.0,1,train
O=C(Nc1cccnc1)c1cc(Br)ccc1OCc1ccccc1F,7.943,-0.899984562549391,1,test
O=C(Nc1cccnc1)c1cc(Br)ccc1OCc1cccc(F)c1,15.850000000000003,-1.2000292665537704,0,train
O=C(Nc1cccnc1)c1cc(Br)ccc1OCc1ccc(F)cc1,7.943,-0.899984562549391,1,train
COc1ccc(COc2ccc(Br)cc2C(=O)Nc2cccnc2)cc1,39.81,-1.599992177584098,0,train
N#Cc1ccc(COc2ccc(Br)cc2C(=O)Nc2cccnc2)cc1,63.1,-1.8000293592441343,0,train
O=C(Nc1cccnc1)c1cc(Br)ccc1OCc1ccccc1,12.590000000000002,-1.1000257301078626,1,train
O=C(Nc1cccnc1)c1cc(Br)ccc1OCc1ccc(F)c(F)c1,19.95,-1.299942900022767,0,train
CC(Oc1ccc(Br)cc1C(=O)Nc1cccnc1)c1ccccc1,39.81,-1.599992177584098,0,train
O=C(Nc1ccnnc1)c1cc(Br)ccc1OCc1ccccc1,19.95,-1.299942900022767,1,train
O=C(Nc1cccnn1)c1cc(Br)ccc1OCc1ccccc1,50.11999999999999,-1.7000110623221123,1,train
O=C(Nc1cnccn1)c1cc(Br)ccc1OCc1ccccc1,1995.2599999999995,-3.299999496116984,1,test
Cc1cccc(NC(=O)c2cc(Br)ccc2OCc2ccccc2)c1,63.1,-1.8000293592441343,1,train
O=C(Nc1cccc(F)c1)c1cc(Br)ccc1OCc1ccccc1,251.18999999999997,-2.400002345927956,0,train
O=C(Nc1cccc(Cl)c1)c1cc(Br)ccc1OCc1ccccc1,25.120000000000005,-1.4000196350651586,0,train
COc1cccc(NC(=O)c2cc(Br)ccc2OCc2ccccc2)c1,125.88999999999992,-2.099991233544684,1,test
CN(C)c1cccc(NC(=O)c2cc(Br)ccc2OCc2ccccc2)c1,15848.930000000002,-4.199999947261554,1,train
O=C(Nc1ncco1)c1cc(Br)ccc1OCc1ccccc1,2511.8899999999985,-3.40000061697638,1,train
O=C(Nc1cccnc1)c1cc(F)ccc1OCc1ccccc1,39.81,-1.599992177584098,1,train
O=C(Nc1cccnc1)c1cc(Cl)ccc1OCc1ccccc1,15.850000000000003,-1.2000292665537704,1,train
Cc1ccc(OCc2ccccc2)c(C(=O)Nc2cccnc2)c1,12.590000000000002,-1.1000257301078626,1,train
Cn1cc(-c2ccc(OCc3ccc(F)cc3)c(C(=O)Nc3cccnc3)c2)cn1,10.0,-1.0,0,test
Cn1cc(-c2ccc(OCc3ccccc3)c(C(=O)Nc3cccnc3)c2)cn1,7.943,-0.899984562549391,0,train
Cn1nccc1-c1ccc(OCc2ccccc2)c(C(=O)Nc2cccnc2)c1,12.590000000000002,-1.1000257301078626,0,train
O=C(Nc1cccnc1)c1cc(-c2ccncc2)ccc1OCc1ccccc1,10.0,-1.0,0,test
CN(C)S(=O)(=O)c1ccc(OCc2ccccc2)c(C(=O)Nc2cccnc2)c1,1258.9299999999994,-3.100001582801352,0,train
CN(C)C(=O)c1ccc(OCc2ccccc2)c(C(=O)Nc2cccnc2)c1,199.52999999999992,-2.300008202553813,0,train
O=C(Nc1cccnc1)c1cc(C(F)(F)F)ccc1OCc1ccc(F)cc1,19.95,-1.299942900022767,0,train
COc1ccc(OCc2ccccc2)c(C(=O)Nc2cccnc2)c1,15.850000000000003,-1.2000292665537704,0,test
O=C(Nc1cccnc1)c1cc(-c2cn[nH]c2)ccc1OCc1ccc(F)cc1,10.0,-1.0,0,train
CCC(=O)Nc1ccc(C(=O)Nc2ccc(Nc3ncc4c(n3)N(C)c3ccc(C)cc3C(=O)N4C)cc2)cc1,714.0000000000001,-2.8536982117761744,0,train
C=CC(=O)Nc1ccc(C(=O)Nc2ccc(Nc3ncc4c(n3)N(C)c3ccc(C)cc3C(=O)N4C)cc2)cc1,753.9999999999997,-2.877371345869774,0,train
N#Cc1ccc(N=C2C(=O)Nc3ccccc32)cc1,15399.999999999984,-4.187520720836463,0,test
O=C1Nc2ccccc2/C1=N/c1ccc([N+](=O)[O-])cc1,7269.999999999998,-3.8615344108590377,0,train
CN1C(=O)C(=NN(c2ccccc2)c2ccccc2)c2ccccc21,5759.999999999997,-3.760422483423212,0,train
O=C1C(=NN(c2ccccc2)c2ccccc2)c2ccccc2N1Cc1ccccc1,6979.999999999997,-3.843855422623161,0,train
O=C1Nc2ccc(Br)cc2C1=NN(c1ccccc1)c1ccccc1,25.000000000000007,-1.3979400086720375,0,train
CCOc1cc(-c2nncn2C)ccc1Nc1ncc2cc(C)nc(NCC(C)(C)C)c2n1,47.99999999999999,-1.6812412373755872,0,test
COc1cccc(OCc2cc(C)ccn2)c1-c1ccc2c(c1)CCNCC2,3981.0700000000006,-3.59999981394342,0,train
FC(F)(F)c1cc(-c2n[nH]c3ccnc(NC4CCOCC4)c23)ncn1,23.999999999999996,-1.380211241711606,0,train
c1ccc(-c2n[nH]c3ccnc(NC4CCOCC4)c23)nc1,40.99999999999999,-1.6127838567197357,0,train
CCc1cc(-c2n[nH]c3ccnc(NC4CCOCC4)c23)nn1C,4.500000000000001,-0.6532125137753437,0,train
CC(C)n1cc(-c2n[nH]c3ccnc(NC4CCOCC4)c23)nn1,48.99999999999999,-1.6901960800285136,1,train
CC(C)c1nc(-c2n[nH]c3ccnc(NC4CCOCC4)c23)n[nH]1,35.0,-1.5440680443502757,1,train
CC(C)(O)Cn1cc(-c2n[nH]c3ccnc(OC4CCOCC4)c23)cn1,12.999999999999998,-1.1139433523068367,1,test
c1cc(-c2n[nH]c3ccnc(OC4CCOCC4)c23)cc(N2CCOCC2)n1,17.999999999999996,-1.255272505103306,0,test
c1cc(-c2n[nH]c3ccnc(NC4CCOCC4)c23)cc(N2CCOCC2)n1,135.0,-2.130333768495006,1,train
Cc1n[nH]c2ccnc(OC3CCOCC3)c12,300.99999999999983,-2.478566495593843,0,train
Cc1n[nH]c2ccnc(NC3CCCCC3)c12,389.9999999999999,-2.591064607026499,0,train
Cc1n[nH]c2ccnc(N3CCOCC3)c12,3000.0000000000014,-3.4771212547196626,0,test
Cc1n[nH]c2ccnc(Nc3cnn(C)c3)c12,829.9999999999997,-2.9190780923760737,0,test
Cc1n[nH]c2ccnc(Nc3ccccc3F)c12,150.00000000000003,-2.1760912590556813,0,train
Cc1ccc(Nc2nccc3[nH]nc(C)c23)cc1,97.0,-1.9867717342662448,1,test
Cc1n[nH]c2ccnc(Nc3ccc(Cl)cc3)c12,389.9999999999999,-2.591064607026499,1,train
Cc1n[nH]c2ccnc(NCc3ccc(Cl)cc3)c12,4900.000000000002,-3.690196080028514,1,train
Cc1n[nH]c2ccnc(N(C)C3CCCCC3)c12,1600.000000000001,-3.204119982655925,0,train
Cc1n[nH]c2ccnc(NC3CCCC3)c12,410.0,-2.6127838567197355,1,test
Cc1n[nH]c2ccnc(NC3CCC3)c12,530.0000000000001,-2.724275869600789,0,test
Cc1n[nH]c2ccnc(NC3CC3)c12,4700.000000000001,-3.6720978579357175,1,train
Cc1n[nH]c2ccnc(NC(C)C)c12,880.0000000000001,-2.9444826721501687,1,test
Cc1n[nH]c2ccnc(NCC3CC3)c12,2399.9999999999995,-3.380211241711606,0,test
CC[C@H](C)Nc1nccc2[nH]nc(C)c12,300.0000000000001,-2.4771212547196626,0,train
Cc1n[nH]c2ccnc(OC3CCCCC3)c12,67.0,-1.8260748027008264,1,train
Cc1n[nH]c2ccnc(OC3CCN(C)CC3)c12,1899.9999999999995,-3.278753600952829,1,train
CCOc1nccc2[nH]nc(C)c12,440.0,-2.6434526764861874,0,train
Cc1n[nH]c2ccnc(OC(C)C)c12,68.00000000000001,-1.8325089127062364,1,train
Cc1[nH]nc2ccnc(OC3CCCC3)c12,85.99999999999999,-1.934498451243568,0,train
Cc1n[nH]c2ccnc(OC3CCC3)c12,170.00000000000006,-2.230448921378274,1,train
Cc1n[nH]c2ccnc(O[C@@H]3CCOC3)c12,249.99999999999997,-2.397940008672037,0,train
Cn1cc(-c2n[nH]c3ccnc(NC4CCCCC4)c23)cn1,130.00000000000006,-2.113943352306837,0,train
CC(C)n1cc(-c2n[nH]c3ccnc(NC4CCCCC4)c23)cn1,109.99999999999996,-2.041392685158225,1,train
c1cc2[nH]nc(-c3cnn(C4CCCC4)c3)c2c(NC2CCOCC2)n1,170.00000000000006,-2.230448921378274,1,train
CC(C)Cn1cc(-c2n[nH]c3ccnc(NC4CCOCC4)c23)cn1,410.0,-2.6127838567197355,1,test
CC(C)n1cc(-c2n[nH]c3ccnc(OC4CCCCC4)c23)cn1,2.0,-0.3010299956639812,1,train
CC(C)n1cc(-c2n[nH]c3ccnc(OC4CCOCC4)c23)cn1,10.999999999999996,-1.041392685158225,1,train
c1cc2[nH]nc(-c3cnn(C4CCCC4)c3)c2c(OC2CCOCC2)n1,4.0,-0.6020599913279624,1,train
CC(C)Cn1cc(-c2n[nH]c3ccnc(OC4CCOCC4)c23)cn1,15.000000000000004,-1.1760912590556811,1,train
Cc1n[nH]c2cncc(NC3CCCCC3)c12,770.0,-2.886490725172482,1,train
Cc1n[nH]c2ccnc(Nc3ccc4ncsc4c3)c12,130.00000000000006,-2.113943352306837,0,train
[2H]C([2H])([2H])c1cnc(Cc2nc3cnc4ccc(Cl)cc4c3n2[C@@H]2CCO[C@H](C)C2)cn1,2.685,-0.4289442900355744,0,train
N#Cc1ccc2ncc3nc(Cc4csnn4)n([C@@H]4CC[C@H](F)C4)c3c2c1,9.74,-0.9885589568786156,0,train
Cc1nc(Cc2nc3cnc4ccc(C(F)(F)F)cc4c3n2[C@@H]2CCOCC2(F)F)no1,26.100000000000005,-1.416640507338281,0,test
Cc1cn(Cc2nc3cnc4ccc(Cl)cc4c3n2C2CN(C)CC2(F)F)nn1,2.105,-0.3232521001716871,0,train
Cc1cnc(Cc2nc3cnc4ccc(C(F)(F)F)cc4c3n2[C@@H]2CCO[C@H](C)C2)cn1,5.3,-0.724275869600789,0,train
Cc1cnc(Cc2nc3cnc4ccc(C#N)cc4c3n2C2CN(C)CC2(F)F)cn1,3.715,-0.5699588180965941,0,train
C[C@@H]1C[C@H](n2c(Cc3cn(C)nn3)nc3cnc4ccc(C(F)(F)F)cc4c32)CCO1,8.675,-0.9382694834629114,0,train
Cc1cc(Cc2nc3cnc4ccc(C#N)cc4c3n2[C@@H]2CCN(C)C2)ncn1,8.845,-0.946697837245742,0,test
Cc1cnn(Cc2nc3cnc4ccc(C#N)cc4c3n2C2CN(C)CC2(F)F)n1,10.455,-1.019324037153691,0,train
COCCN1CCC(c2ccc(OCc3ccccc3)c(C(=O)Nc3ccnnc3)c2)CC1,63.1,-1.8000293592441343,0,train
CN1CCC(c2ccc(OCc3ccccc3)c(C(=O)Nc3ccnnc3)c2)CC1,19.95,-1.299942900022767,0,test
CN1CC2(CCN(c3ccc(OCc4ccccc4)c(C(=O)Nc4ccnnc4)c3)CC2)C1,63.1,-1.8000293592441343,0,train
CN1CC2(C1)CN(c1ccc(OCc3ccccc3)c(C(=O)Nc3ccnnc3)c1)C2,25.120000000000005,-1.4000196350651586,0,test
O=C(Nc1ccnnc1)c1cc(N2C[C@H]3COC[C@H]3C2)ccc1OCc1ccccc1,50.11999999999999,-1.7000110623221123,0,train
CN1CCN(c2ccc(OCc3ccccc3)c(C(=O)Nc3ccnnc3)c2)CC1,12.590000000000002,-1.1000257301078626,0,test
O=C(Nc1ccnnc1)c1cc(N2CCNCC2)ccc1OCc1ccccc1,15.850000000000003,-1.2000292665537704,0,train
C[C@@H]1CN(c2ccc(OCc3ccccc3)c(C(=O)Nc3ccnnc3)c2)C[C@H](C)O1,19.95,-1.299942900022767,0,train
C[C@@H]1COCCN1c1ccc(OCc2ccccc2)c(C(=O)Nc2ccnnc2)c1,19.95,-1.299942900022767,0,train
N#CC1CCN(c2ccc(OCc3ccccc3)c(C(=O)Nc3ccnnc3)c2)CC1,10.0,-1.0,0,train
O=C(Nc1ccnnc1)c1cc(N2CCC(CO)CC2)ccc1OCc1ccccc1,19.95,-1.299942900022767,0,train
O=C(Nc1ccnnc1)c1cc(N2CCC(O)CC2)ccc1OCc1ccccc1,39.81,-1.599992177584098,0,test
O=C(Nc1ccnnc1)c1cc(N2CCC(F)CC2)ccc1OCc1ccccc1,39.81,-1.599992177584098,0,train
O=C(Nc1ccnnc1)c1cc(N2CCCCC2)ccc1OCc1ccccc1,25.120000000000005,-1.4000196350651586,0,train
O=C(Nc1ccnnc1)c1cc(N2CCCC2)ccc1OCc1ccccc1,19.95,-1.299942900022767,0,train
O=C(Nc1ccnnc1)c1cc(N2CC(F)(F)C2)ccc1OCc1ccccc1,12.590000000000002,-1.1000257301078626,0,train
O=C(Nc1ccnnc1)c1cc(N2CC(F)C2)ccc1OCc1ccccc1,25.120000000000005,-1.4000196350651586,0,train
O=C(Nc1ccnnc1)c1cc(C(F)(F)F)ccc1OCc1ccccc1,15.850000000000003,-1.2000292665537704,0,train
N#Cc1cccc(NC(=O)c2cc(C(F)(F)F)ccc2OCc2ccc(F)cc2)c1,7.943,-0.899984562549391,0,train
O=C(Nc1cccc(F)c1)c1cc(C(F)(F)F)ccc1OCc1ccc(F)cc1,31.619999999999997,-1.4999618655961902,0,train
O=C(Nc1cccc(Cl)c1)c1cc(C(F)(F)F)ccc1OCc1ccccc1,25.120000000000005,-1.4000196350651586,0,train
O=C(Nc1cccc(Cl)c1)c1cc(C(F)(F)F)ccc1OCc1ccc(F)cc1,12.590000000000002,-1.1000257301078626,0,test
O=C(Nc1cccnc1)c1cc(C(F)(F)F)ccc1OCc1ccccc1,12.590000000000002,-1.1000257301078626,0,train
O=C(Nc1nc2ccc(Cl)cc2s1)c1ccc(N2CCOCC2)cc1,370.0,-2.568201724066995,0,train
O=C(Nc1nc2ccc(F)cc2s1)c1ccc(N2CCOCC2)cc1,175.0,-2.2430380486862944,0,train
O=C(Nc1nc2ccc(F)cc2s1)c1ccccc1,519.9999999999998,-2.716003343634799,0,train
Cc1cc(-c2ccc3nc(Nc4ccccc4)nn3c2)cc(C)c1O,20.000000000000004,-1.3010299956639813,0,train
Cc1ccc(-c2cc3nccnc3c(NCCCCN)n2)cc1,1258.9299999999994,-3.100001582801352,0,train
Cn1cc(-c2cc3nccnc3c(NC[C@@H]3CNCCO3)n2)cn1,251.18999999999997,-2.400002345927956,0,train
N#CC1(c2ccc3cnn(-c4cc(N5CC[C@@H](O)[C@@H](F)C5)ncn4)c3c2)CC2(CC2)C1,4.4,-0.6434526764861874,0,train
CC(C)(O)[C@@H]1CCN(c2cc(-n3ncc4ccc(C5(C#N)CC6(CC6)C5)cc43)ncn2)C1,0.9,0.0457574905606751,0,test
C[C@H]1CN(c2cc(-n3ncc4ccc(C5(C#N)CC6(CC6)C5)cc43)ncn2)CCN1C1COC1,1.0,-0.0,0,test
CC(C)(O)C1CN(c2cc(-n3ncc4ccc(C5(C#N)CC6(CC6)C5)cc43)ncn2)C1,2.6,-0.414973347970818,0,test
CC1(O)CC2(CN(c3cc(-n4ncc5ccc(C6(C#N)CC7(CC7)C6)cc54)ncn3)C2)C1,1.0,-0.0,0,train
Cc1nc(N2CCN3CCOC[C@@H]3C2)cc(-n2ncc3cnc(C4(C#N)CC5(CC5)C4)cc32)n1,20.2,-1.3053513694466237,0,train
O=C(NCC(F)(F)F)c1cc(-c2cnn3cc(-c4ccc(OCCN5CCCCC5)cc4)cnc23)cs1,13.999999999999998,-1.146128035678238,0,train
Cn1cc(-c2cnc3c(-c4csc(C(=O)N[C@@H]5CCCC[C@@H]5N)c4)cnn3c2)cn1,3.1,-0.4913616938342727,0,test
Cc1sc(C(=O)N[C@@H]2[C@H](N)CCCC2(F)F)cc1-c1cnn2cc(Cl)cnc12,62.0,-1.792391689498254,0,train
COc1cc(N2CCN(C)CC2)ccc1Nc1ncc2c(n1)N(C)c1ccccc1C(=O)N2C,29.0,-1.462397997898956,1,test
COc1cc(N2CCOCC2)ccc1Nc1ncc2c(n1)N(C)c1ccccc1C(=O)N2C,31.0,-1.4913616938342726,0,test
COc1cc(N2CCNCC2)ccc1Nc1ncc2c(n1)N(C)c1ccccc1C(=O)N2C,23.0,-1.3617278360175928,0,train
COc1cc(N2CCN(C3CCN(C)CC3)CC2)ccc1Nc1ncc2c(n1)N(C)c1ccccc1C(=O)N2C,16.0,-1.2041199826559248,0,train
CN1C(=O)c2ccccc2N(C)c2nc(Nc3ccc(N4CCC(O)CC4)cc3)ncc21,30.0,-1.4771212547196624,0,train
Cc1cc(N2CCC(O)CC2)ccc1Nc1ncc2c(n1)N(C)c1ccccc1C(=O)N2C,35.0,-1.5440680443502757,0,train
COc1cc(N2CCC(O)CC2)ccc1Nc1ncc2c(n1)N(C)c1ccccc1C(=O)N2C,14.1,-1.14921911265538,1,train
CCOc1cc(N2CCC(O)CC2)ccc1Nc1ncc2c(n1)N(C)c1ccccc1C(=O)N2C,46.0,-1.662757831681574,0,train
CC(C)Oc1cc(N2CCC(O)CC2)ccc1Nc1ncc2c(n1)N(C)c1ccccc1C(=O)N2C,160.00000000000009,-2.204119982655925,1,train
COc1cc(NS(C)(=O)=O)ccc1Nc1ncc2c(n1)N(C)c1ccccc1C(=O)N2C,5.9,-0.7708520116421442,1,train
CN1C(=O)c2ccccc2N(C)c2nc(Nc3ccc(S(N)(=O)=O)cc3)ncc21,7.0,-0.8450980400142568,0,train
CN1C(=O)c2ccccc2N(C)c2nc(Nc3cccc(S(N)(=O)=O)c3)ncc21,6.1,-0.785329835010767,0,train
COc1cc(C(=O)N2CCN(C3CCN(C)CC3)CC2)ccc1Nc1ncc2c(n1)N(C)c1ccccc1C(=O)N2C,5.000000000000001,-0.6989700043360189,0,test
COc1cc(C(=O)NC2CCN(C)CC2)ccc1Nc1ncc2c(n1)N(C)c1ccccc1C(=O)N2C,8.200000000000001,-0.9138138523837168,1,train
CCOc1cc(C(=O)N2CCC(N3CCN(C)CC3)CC2)ccc1Nc1ncc2c(n1)N(C1CCCC1)c1ccccc1C(=O)N2C,170.99999999999991,-2.2329961103921536,0,train
CCN1c2ccccc2C(=O)N(C)c2cnc(Nc3ccc(N4CCN(C)CC4)cc3OC)nc21,57.00000000000001,-1.7558748556724917,1,test
COc1cc(N2CCN(C)CC2)ccc1Nc1ncc2c(n1)N(C(C)C)c1ccccc1C(=O)N2C,288.99999999999994,-2.460897842756548,0,train
CCC(C)N1c2ccccc2C(=O)N(C)c2cnc(Nc3ccc(N4CCN(C)CC4)cc3OC)nc21,743.0000000000003,-2.8709888137605755,1,train
COc1cc(N2CCN(C)CC2)ccc1Nc1ncc2c(n1)N(C1CCC1)c1ccccc1C(=O)N2C,97.0,-1.9867717342662448,0,test
COc1cc(N2CCN(C)CC2)ccc1Nc1ncc2c(n1)N(C1CCCC1)c1ccccc1C(=O)N2C,421.0,-2.6242820958356683,1,train
COc1cc(N2CCN(C)CC2)ccc1Nc1ncc2c(n1)N(Cc1ccccc1)c1ccccc1C(=O)N2C,140.99999999999991,-2.14921911265538,0,train
COc1cc(N2CCN(C)CC2)ccc1Nc1nc(C)c2c(n1)N(C)c1ccccc1C(=O)N2C,501.0000000000002,-2.699837725867246,1,train
COc1cc(N2CCN(C)CC2)ccc1Nc1ncc2c(n1)N(C)c1ccc(C)cc1C(=O)N2C,927.9999999999995,-2.967547976218862,1,train
COc1cc(N2CCN(C)CC2)ccc1Nc1ncc2c(n1)N(C)c1ccc(Cl)cc1C(=O)N2C,1330.0,-3.123851640967086,1,train
COc1cc(N2CCN(C)CC2)ccc1Nc1ncc2c(n1)N(C)c1cc(Cl)ccc1C(=O)N2C,3740.000000000001,-3.5728716022004803,1,train
COc1cc(N2CCN(C)CC2)ccc1Nc1ncc2c(n1)N(C)c1ccccc1C(=O)N2,70.00000000000001,-1.845098040014257,1,train
CCN1C(=O)c2ccccc2N(C)c2nc(Nc3ccc(N4CCN(C)CC4)cc3OC)ncc21,62.0,-1.792391689498254,0,train
COc1cc(N2CCN(C)CC2)ccc1Nc1ncc2c(n1)N(C)c1ccccc1C(=O)N2CC(F)(F)F,7000.000000000002,-3.845098040014257,1,train
COc1cc(N2CCN(C)CC2)ccc1Nc1ncc2c(n1)N(C)c1ccccc1C(=O)N2C(C)C,1899.9999999999995,-3.278753600952829,1,test
CCN1C(=O)c2ccccc2N(C)c2nc(Nc3ccc(C(=O)NC4CCN(C)CC4)cc3OC)ncc21,13.999999999999998,-1.146128035678238,0,train
COc1cc(C(=O)NC2CCN(C)CC2)ccc1Nc1ncc2c(n1)N(C)c1ccccc1C(=O)N2CC(F)(F)F,377.9999999999998,-2.577491799837225,1,train
COc1cc(C(=O)NC2CCN(C)CC2)ccc1Nc1ncc2c(n1)N(C)c1ccccc1C(=O)N2C(C)C,331.0000000000001,-2.519827993775719,1,test
CCN1C(=O)c2ccccc2N(C)c2nc(Nc3ccc(NS(C)(=O)=O)cc3OC)ncc21,23.0,-1.3617278360175928,1,test
COc1cc(NS(C)(=O)=O)ccc1Nc1ncc2c(n1)N(C)c1ccccc1C(=O)N2CC(F)(F)F,8893.999999999996,-3.949097125112916,1,train
COc1cc(NS(C)(=O)=O)ccc1Nc1ncc2c(n1)N(C)c1ccccc1C(=O)N2C(C)C,682.9999999999997,-2.8344207036815323,1,train
CC(O)(C#Cc1ccc(N2CCOCC2)c(Nc2ncnc3[nH]ccc23)c1)c1nccs1,94.6,-1.9758911364017928,0,train
Cn1cc(NC(=O)c2cnn3cccnc23)c(-c2cc(Cl)ccc2Cl)n1,400.0000000000001,-2.6020599913279625,0,train
O=C(Nc1c[nH]nc1-c1cc(Cl)ccc1OC(F)F)c1cnn2cccnc12,17.999999999999996,-1.255272505103306,0,train
Cn1cc(NC(=O)c2cnn3cccnc23)c(-c2cc(Cl)ccc2OC(F)F)n1,81.0,-1.9084850188786495,0,train
O=C(Nc1c[nH]nc1-c1cc(Cl)ccc1OC(F)F)c1cncc2c[nH]nc12,78.99999999999999,-1.8976270912904412,0,train
O=C(Nc1c[nH]nc1-c1cc2ccccc2cc1OC(F)F)c1cnn2cccnc12,179.99999999999997,-2.255272505103306,0,train
OC1(c2cncs2)CCN(c2cc3c(cnn3-c3cnn(C4CC4)c3)cc2Cl)CC1,97.50999999999998,-1.98904915643822,0,train
CO[C@H]1COC[C@H]1N1CCN(c2cc3c(cnn3-c3cnn(C45CC(C4)C5)c3)cc2Cl)CC1,104.30000000000004,-2.018284308426531,0,train
[2H]C([2H])([2H])OCC12CC(n3cc(-n4ncc5cc(Cl)c(N6CCN([C@]7(C)COC[C@@H]7O)CC6)cc54)cn3)(C1)C2,156.99999999999994,-2.1958996524092336,0,train
Cc1cc2cnn(-c3cnn(C45CC(C4)C5)c3)c2cc1N1CCN([C@@H]2COC[C@@H]2O)CC1,259.20000000000005,-2.413634997198556,0,train
C[C@@]1(N2CCN(c3cc4c(cnn4-c4cnn(C56CC(C5)C6)c4)cc3Cl)CC2)CC[C@H]1O,154.0,-2.187520720836463,0,test
Clc1cc2cnn(-c3cnn(C4CCC4)c3)c2cc1C1CCN(C2COC2)CC1,0.9,0.0457574905606751,0,train
CCn1cc(-n2ncc3cc(Cl)c(C4CCN(C5(C)COC5)CC4)cc32)cn1,0.8,0.0969100130080563,0,train
CC1(N2CCC(c3cc4c(cnn4-c4cnn(C56CC(C5)C6)c4)cc3Cl)CC2)COC1,0.71,0.1487416512809247,0,test
CCOc1nc(Nc2ccc(C(=O)N3CCOCC3)cc2OC)nc2[nH]ccc12,20.02,-1.3014640731432998,0,train
CCOc1nc(Nc2ccc(C(=O)N3CCN(C)CC3)cc2OC(F)F)nc2[nH]ccc12,158.49,-2.200001865406602,0,train
Nc1[nH]cnc2ncnc1-2,15808.999999999998,-4.198904399456732,0,train
CN(C)c1ncnc2nc[nH]c12,3354.9999999999995,-3.525692524505011,0,train
Nc1ncnc2[nH]ncc12,26629.999999999985,-4.425371166438941,0,train
Cn1c(NCc2ccccc2)c(C#N)c2c(N)ncnc21,3532.000000000001,-3.548020694905531,0,train
C[C@@H]1CCCN1c1c(C#N)c2c(N)ncnc2n1C,12.999999999999998,-1.1139433523068367,0,train
C[C@@H]1CCCN1c1c(C#N)c2c(N)nccc2n1C,31.0,-1.4913616938342726,0,train
C[C@@H]1CCCN1c1c(C#N)c2c(N)nc(Nc3cnn(C)c3)nc2n1C,5.500000000000001,-0.7403626894942439,0,train
C[C@@H]1CCCN1c1c(C#N)c2c(N)nc(Nc3cn[nH]c3)nc2n1C,6.0,-0.7781512503836436,0,train
Cc1n[nH]cc1Nc1nc(N)c2c(C#N)c(N3CCC[C@H]3C)n(C)c2n1,34.50000000000001,-1.5378190950732742,0,train
Clc1cccc(-c2c[nH]c3ncnc(N4CCCCC4)c23)c1,1140.0000000000002,-3.0569048513364727,1,train
OC1CCN(c2ncnc3[nH]cc(-c4cccc(Cl)c4)c23)CC1,1340.0000000000002,-3.127104798364808,1,train
CNC1CCN(c2ncnc3[nH]cc(-c4cccc(Cl)c4)c23)CC1,3539.999999999998,-3.549003262025788,0,train
CC(=O)NC1CCN(c2ncnc3[nH]cc(-c4cccc(Cl)c4)c23)CC1,1389.9999999999995,-3.143014800254095,0,train
CN(CCO)c1ncnc2[nH]cc(-c3cccc(Cl)c3)c12,1520.0000000000002,-3.1818435879447726,1,train
OCCCNc1ncnc2[nH]cc(-c3cccc(Cl)c3)c12,2490.0,-3.3961993470957363,0,train
CC(CO)CN(C)c1ncnc2[nH]cc(-c3cccc(Cl)c3)c12,7140.000000000001,-3.8536982117761744,0,train
Clc1cccc(-c2c[nH]c3nccc(N4CCOCC4)c23)c1,120.99999999999991,-2.08278537031645,1,train
Clc1cc2cnc(Nc3cnn(C4CC4)c3Cl)nc2cc1N1CCN(C2COC2)CC1,2.6,-0.414973347970818,0,train
CC(C)(O)Cn1ncc(Nc2ncc3cc(Cl)c(C4CCN(C5COC5)CC4)cc3n2)c1Cl,0.8,0.0969100130080563,0,train
Cc1c(Nc2ncc3cc(Cl)c(C4CCN(C5COC5)CC4)cc3n2)cnn1C1CC1,0.65,0.1870866433571444,0,train
Cc1c(Nc2ncc3ccc(C4CCN(C5COC5)CC4)cc3n2)cnn1C1CCOCC1,6799.999999999997,-3.832508912706236,1,train
Cc1c(Nc2ncc3ccc(C4(C#N)CC4)cc3n2)cnn1C1CCOCC1,0.7,0.1549019599857432,0,train
Cc1c(Nc2ncc3ccc(-c4ccn[nH]4)cc3n2)cnn1C1CCOCC1,1.7,-0.2304489213782739,1,train
Cc1c(Nc2ncc3cccc(C4CC4)c3n2)cnn1C1CCOCC1,1.0,-0.0,0,train
c1cc(C2CC2)c2nc(Nc3cnn(C4CCOCC4)c3)ncc2c1,15.000000000000004,-1.1760912590556811,0,test
Cc1nn(CC(F)(F)F)cc1Nc1ncc(C2CC2)c(NCCc2c[nH]cn2)n1,89.0,-1.9493900066449128,0,train
Cc1nn(CC(F)(F)F)cc1Nc1ncc(C2CC2)c(NCCCNC(=O)C2CCC2)n1,19.0,-1.2787536009528289,0,train
Cc1nn(CC(F)(F)F)cc1Nc1ncc(Br)c(NCc2ccc(S(N)(=O)=O)cc2)n1,158.99999999999994,-2.2013971243204518,0,train
Cc1cnc(N2C[C@@H](C)O[C@@H](C)C2)cc1NC(=O)c1cccc(-c2cnn(C)c2)n1,16.5,-1.2174839442139065,0,test
C[C@@H]1CN(c2cc(NC(=O)c3cccc(-c4cnn(C)c4)n3)c(C(F)(F)F)cn2)C[C@H](C)O1,2.75,-0.4393326938302626,0,train
Cn1cc(-c2cccc(C(=O)Nc3cc(N4CC(O)C4)ncc3C(F)(F)F)n2)cn1,6.150000000000001,-0.7888751157754168,0,test
C[C@@H]1[C@@H](O)CN1c1cc(NC(=O)c2cccc(-c3cnn(C)c3)n2)c(C(F)(F)F)cn1,2.0,-0.3010299956639812,0,train
C[C@@H]1[C@H](O)CCN1c1cc(NC(=O)c2cccc(-c3cnn(C)c3)n2)c(C(F)(F)F)cn1,4.0,-0.6020599913279624,0,train
Cn1cc(-c2cccc(C(=O)Nc3cc(N4CC5(C(C)(C)O)CC4C5)ncc3C(F)(F)F)n2)cn1,5.500000000000001,-0.7403626894942439,0,train
Cn1cc(-c2cccc(C(=O)Nc3cc(N4CC[C@@H](C(C)(C)O)C4)ncc3C(F)(F)F)n2)cn1,1.75,-0.2430380486862944,1,train
C[C@H]1CN(c2cc(NC(=O)c3cccc(-c4cnn(C)c4)n3)c(C(F)(F)F)cn2)CCN1C1COC1,1.5,-0.1760912590556812,0,train
Cn1cc(-c2cccc(C(=O)Nc3cc(N4CC[C@@H](C(C)(C)O)C4)cnc3C(F)(F)F)n2)cn1,19.0,-1.2787536009528289,1,train
CC(C)(O)[C@@H]1CCN(c2cnc(C(F)(F)F)c(NC(=O)c3cccc(-c4cnn(C5CCC5)c4)n3)c2)C1,10.15,-1.0064660422492318,0,train
CC(C)(O)[C@@H]1CCN(c2cnc(C(F)(F)F)c(NC(=O)c3cccc(-c4cnn(CC5CC5)c4)n3)c2)C1,4.500000000000001,-0.6532125137753437,0,test
CC(C)(O)[C@@H]1CCN(c2cnc(C(F)(F)F)c(NC(=O)c3cccc(-c4cnn(CC5(C(F)(F)F)CC5)c4)n3)c2)C1,4.15,-0.6180480967120927,0,train
CC(C)(O)[C@@H]1CCN(c2cnc(C(F)(F)F)c(NC(=O)c3cccc(-c4cnn(CC(F)(F)F)c4)n3)c2)C1,5.3500000000000005,-0.7283537820212285,0,train
N#CC1CCN(c2cc3cc(NC(=O)C4CC4c4cncnc4)ncc3cc2Cl)CC1,0.08128,1.090016305060156,0,train
CCC1C(C(=O)Nc2cc3cc(N4CCN(C5(C)COCC5F)CC4)c(C)cc3cn2)C1c1cnn(C)c1,0.08128,1.090016305060156,0,test
CCOC1CC1C(=O)Nc1cc2cc(N3CCN(C4(C)COCC4O)CC3)c(Cl)cc2cn1,0.0831799999999999,1.0799810839710853,0,train
CC1(N2CCN(c3cc4cc(NC(=O)C5CC5c5cccs5)ncc4cc3Cl)CC2)COCC1O,0.08128,1.090016305060156,0,test
CC1(C2CCOC2)CC1C(=O)Nc1cc2cc(N3CCN(C4(C)COCC4O)CC3)c(Cl)cc2cn1,0.1,1.0,0,train
Cn1ncc(C2CC2C(=O)Nc2cc3cc(N4CCN(C5(C)COCC5O)CC4)c(Cl)cc3cn2)n1,0.08128,1.090016305060156,0,test
CC(C)(O)CN1CCN(c2cc3nc(Nc4cnn(C5CC5)c4Cl)ncc3cc2Cl)CC1,0.07586,1.1199871616332282,0,train
CC1(O)CCN(c2cc3nc(Nc4cnn(C5CC5)c4Cl)ncc3cc2Cl)C1,0.169,0.7721132953863264,0,test
Clc1cc2cnc(Nc3cnn(C45CC(C4)C5)c3Cl)nc2cc1N1CCC2(CCCO2)CC1,0.1742,0.7589518493283556,0,train
CC1NN=CC1Nc1ncc2cc(Cl)c(N3CCC(C)(O)C(C)C3)cc2n1,0.06457,1.1899692135941604,0,train
CC(C)(C)Cn1cc(Nc2ncc3cc(Cl)c(N4CCC(C5(C)COC5)CC4)cc3n2)cn1,0.1875,0.7269987279362623,0,train
Cc1c(Nc2ncc3cc(Cl)c(N4C(=O)OC[C@H]4C)cc3n2)cnn1C1CCOCC1,0.4508,0.3460160926259311,0,train
Cc1[nH]nc(-c2ccnc(N3CCOCC3)c2)c1-c1ccc(-c2cccc(S(N)(=O)=O)c2)cc1,4.6000000000000005,-0.6627578316815741,0,train
CCc1cc(-c2c(-c3ccncc3)n[nH]c2C)ccc1-c1cccc(S(N)(=O)=O)c1,11.049999999999995,-1.0433622780211294,0,train
Cc1cc(-c2n[nH]c(C)c2-c2ccc(-c3cccc(S(N)(=O)=O)c3)c(C3CC3)c2)ccn1,9.75,-0.9890046156985368,0,test
CC(C)CN(CC(=O)NCCCCCCNC(=O)c1ccc(-c2n[nH]c3ccccc23)cc1)C(=O)CNC(=O)C1COc2ccccc2C1,12.000000000000002,-1.0791812460476249,0,test
N#Cc1ccc(Nc2ccc3[nH]nc(-c4ccncc4)c3c2)c([N+](=O)[O-])c1,14.6,-1.1643528557844371,0,train
N#Cc1ccc(Oc2ccc3[nH]nc(-c4ccncc4)c3c2)c([N+](=O)[O-])c1,17.999999999999996,-1.255272505103306,0,train
N#Cc1ccccc1Nc1ccc2[nH]nc(-c3ccncc3)c2c1,11.500000000000004,-1.0606978403536118,1,train
N#Cc1ccc(Oc2ccc3[nH]nc(-c4ccncc4)c3c2)c(C#N)c1,43.000000000000014,-1.6334684555795866,0,train
N#Cc1ccccc1Oc1ccc2[nH]nc(-c3ccncc3)c2c1,13.999999999999998,-1.146128035678238,1,train
COc1ccc(Nc2ccc3[nH]nc(-c4ccncc4)c3c2)c(C#N)c1,14.499999999999998,-1.1613680022349748,0,train
Cc1ccc(Nc2ccc3[nH]nc(-c4ccncc4)c3c2)c(C#N)c1,12.000000000000002,-1.0791812460476249,0,test
Cc1cccc(C#N)c1Nc1ccc2[nH]nc(-c3ccncc3)c2c1,16.5,-1.2174839442139065,0,train
N#Cc1cccc(F)c1Nc1ccc2[nH]nc(-c3ccncc3)c2c1,6.0,-0.7781512503836436,0,train
N#Cc1c(F)cccc1Nc1ccc2[nH]nc(-c3ccncc3)c2c1,13.5,-1.130333768495006,0,train
COc1cc(-c2n[nH]c3ccc(Nc4ccccc4C#N)cc23)ccn1,12.000000000000002,-1.0791812460476249,0,test
Cc1cc(-c2n[nH]c3ccc(Nc4ccc(C#N)cc4C#N)cc23)ccn1,4.500000000000001,-0.6532125137753437,0,train
Cc1cc(-c2n[nH]c3ccc(Nc4ccccc4C#N)cc23)ccn1,3.0,-0.4771212547196624,1,train
N#Cc1cccc(CNc2ccc3[nH]nc(-c4ccncc4)c3c2)c1,23.5,-1.3710678622717365,0,train
N#Cc1ccc(CNc2ccc3[nH]nc(-c4ccncc4)c3c2)cc1,45.5,-1.6580113966571124,0,test
Cc1cc(-c2n[nH]c3ccc(N[C@H]4CCCc5cc(C#N)ccc54)cc23)cc(C)n1,10.999999999999996,-1.041392685158225,0,train
N#Cc1ccc2c(c1)CCC[C@@H]2Nc1ccc2[nH]nc(-c3ccnc(N4CCOCC4)c3)c2c1,7.999999999999999,-0.9030899869919436,0,test
C[C@@H]1CN(c2cc(-c3nn(C)c4ccc(OC5(C)CC5)cc34)ncn2)C[C@H](C)O1,6479.999999999999,-3.811575005870593,1,test
