smiles,exp_mean [nM],y,cliff_mol,split
O=C(O)c1ccccc1NC(=O)C(c1ccccc1)c1ccccc1,11000.000000000007,-4.041392685158225,0,train
O=C(O)c1ccccc1C(=O)c1ccccc1,70000.00000000001,-4.845098040014257,0,test
Cc1ccc(C(=O)c2ccccc2C(=O)O)cc1,44000.00000000005,-4.643452676486188,0,train
O=C(O)c1ccccc1C(=O)c1ccc(Br)cc1,39000.00000000003,-4.5910646070265,0,train
O=C(O)c1cccc(Oc2ccccc2)c1,679.9999999999998,-2.832508912706236,0,train
CC1(C)CC[C@@]2(CC[C@H]3[C@@H]4CCc5cc(C(N)=O)ccc5[C@H]4CC[C@@]32C)OC1=O,3.2000000000000006,-0.505149978319906,0,train
COCCOc1cc2c(cc1C#N)[C@H]1CC[C@@]3(C)[C@@H](CC[C@@]34CCC(C)(C)C(=O)O4)[C@@H]1CC2,12.999999999999998,-1.1139433523068367,0,test
COCCOc1cc2c(cc1OC(N)=O)[C@H]1CC[C@@]3(C)[C@@H](CC[C@@]34CCC(C)(C)C(=O)O4)[C@@H]1CC2,9.499999999999998,-0.9777236052888476,0,train
C[C@]12CC[C@@H]3c4ccc(O)cc4CC[C@H]3[C@@H]1CC[C@@]21CCCC(=O)O1,20.000000000000004,-1.3010299956639813,0,train
C[C@]12CC[C@@H]3c4ccc(O)cc4CC[C@H]3[C@@H]1CC[C@@]21CCCCC(=O)O1,42.00000000000001,-1.6232492903979006,0,train
CC1CC[C@@]2(CC[C@H]3[C@@H]4CCc5cc(O)ccc5[C@H]4CC[C@@]32C)OC1=O,16.0,-1.2041199826559248,0,train
CC1(C)CC[C@@]2(CC[C@H]3[C@@H]4CCc5cc(O)ccc5[C@H]4CC[C@@]32C)OC1=O,28.0,-1.4471580313422192,0,train
CC1CC(=O)O[C@]2(CC[C@H]3[C@@H]4CCc5cc(O)ccc5[C@H]4CC[C@@]32C)C1,19.0,-1.2787536009528289,0,train
C=CCC1CC[C@@]2(CC[C@H]3[C@@H]4CCc5cc(O)ccc5[C@H]4CC[C@@]32C)OC1=O,107.0,-2.0293837776852097,1,train
COC(=O)C1CC[C@@]2(CC[C@H]3[C@@H]4CCc5cc(O)ccc5[C@H]4CC[C@@]32C)OC1=O,72.00000000000001,-1.8573324964312683,0,train
C[C@]12CC[C@@H]3c4ccc(O)cc4CC[C@H]3[C@@H]1CC[C@@]21CC=CC(=O)O1,48.99999999999999,-1.6901960800285136,0,train
C[C@]12CC[C@@H]3c4ccc(O)cc4CC[C@H]3[C@@H]1C[C@@H]1CCCC(=O)O[C@@H]12,66.00000000000001,-1.8195439355418688,0,train
C[C@]12CC[C@@H]3c4ccccc4CC[C@H]3[C@@H]1CC[C@@]21CCCC(=O)O1,10.0,-1.0,0,train
CC1CC[C@@]2(CC[C@H]3[C@@H]4CCc5ccccc5[C@H]4CC[C@@]32C)OC1=O,6.1,-0.785329835010767,1,train
CC1(C)CC[C@@]2(CC[C@H]3[C@@H]4CCc5ccccc5[C@H]4CC[C@@]32C)OC1=O,2.9,-0.4623979978989561,0,train
O=C1CCC/C1=C\c1ccc(Cl)cc1,36700.00000000004,-4.56466606425209,0,train
COC1CCC/C1=C\c1ccc(Cl)cc1,17799.999999999985,-4.250420002308894,0,test
CCOC1CCC/C1=C\c1ccc(Cl)cc1,22500.00000000001,-4.352182518111363,0,train
O=C(O)C1CCC(c2ccccc2)C1,76600.00000000003,-4.884228769632604,0,train
O=C(O)c1ccccc1Nc1ccccc1,1500.0000000000005,-3.1760912590556813,0,train
O=C(O)c1cccc(Nc2ccccc2)c1,940.0000000000002,-2.9731278535996988,0,train
O=C(O)c1ccc(Nc2ccccc2)cc1,2800.0000000000014,-3.4471580313422194,0,train
O=C(O)c1cccc(Nc2ccc([N+](=O)[O-])cc2)c1,36.0,-1.5563025007672873,1,train
CC(=O)c1ccc(Nc2cccc(C(=O)O)c2)cc1,54.000000000000014,-1.7323937598229686,1,train
O=C(O)c1cccc(Nc2ccc(C(F)(F)F)cc2)c1,62.0,-1.792391689498254,0,train
O=C(O)c1cccc(Nc2ccc(Cl)cc2)c1,130.00000000000006,-2.113943352306837,0,train
O=C(O)c1cccc(Nc2ccc(Br)cc2)c1,119.99999999999996,-2.0791812460476247,0,train
CC(C)(C)c1ccc(Nc2cccc(C(=O)O)c2)cc1,280.0000000000001,-2.4471580313422194,0,train
COc1ccc(Nc2cccc(C(=O)O)c2)cc1,490.0000000000002,-2.690196080028514,0,train
Cc1ccc(Nc2cccc(C(=O)O)c2)cc1,700.0000000000001,-2.845098040014257,0,train
CC(C)NC(=O)N(Cc1cccc(C#Cc2ccc(Cl)cc2)c1)Cc1cccc(C#Cc2ccccn2)c1,17599.999999999985,-4.2455126678141495,0,train
CC(C)NC(=O)N(Cc1cccc(C#Cc2ccc(Cl)cc2)c1)Cc1cccc(C#Cc2cccnc2)c1,8600.000000000004,-3.934498451243568,0,train
CC(C)NC(=O)N(Cc1cccc(C#Cc2ccc(C(F)(F)F)cc2)c1)Cc1cccc(C#Cc2cccnc2)c1,10600.000000000004,-4.02530586526477,0,train
CC(C)NC(=O)N(Cc1cccc(C#Cc2ccncc2)c1)Cc1cccc(C#Cc2ccc(Cl)cc2)c1,10700.000000000002,-4.02938377768521,0,test
O=C(O)c1cccc(Nc2ccc([N+](=O)[O-])c3ccccc23)c1,83.00000000000001,-1.919078092376074,0,test
CC(C)=CCc1cc(/C=C/C(=O)O)cc(CC=C(C)C)c1O,1000.0,-3.0,0,train
CC(C)=CCc1cc(/C=C/C(=O)O)ccc1O,15000.000000000004,-4.176091259055681,0,test
COc1ccccc1Nc1ccccc1C(=O)O,2220.000000000001,-3.346352974450639,0,train
O=C(O)c1ccccc1Nc1cccc([N+](=O)[O-])c1,40.000000000000014,-1.6020599913279625,1,train
CC(=O)c1cccc(Nc2ccccc2C(=O)O)c1,140.00000000000006,-2.146128035678238,0,train
O=C(O)c1ccccc1Nc1cccc(Cl)c1,150.00000000000003,-2.1760912590556813,0,train
COc1cccc(Nc2ccccc2C(=O)O)c1,570.0000000000001,-2.7558748556724915,0,train
Cc1cccc(Nc2ccccc2C(=O)O)c1,239.99999999999997,-2.380211241711606,0,train
O=C(O)c1cccc(Nc2ccccc2C(=O)O)c1,980.0000000000006,-2.991226075692495,1,train
O=C(O)c1ccccc1Nc1ccc([N+](=O)[O-])cc1,160.00000000000009,-2.204119982655925,1,train
CC(=O)c1ccc(Nc2ccccc2C(=O)O)cc1,130.00000000000006,-2.113943352306837,1,test
O=C(O)c1ccccc1Nc1ccc(Cl)cc1,70.00000000000001,-1.845098040014257,0,test
COc1ccc(Nc2ccccc2C(=O)O)cc1,89.99999999999997,-1.9542425094393248,0,test
Cc1ccc(Nc2ccccc2C(=O)O)cc1,360.0,-2.5563025007672877,0,train
CC(C)(C)c1ccc(Nc2ccccc2C(=O)O)cc1,40.000000000000014,-1.6020599913279625,0,train
O=C(O)c1ccc(Nc2ccccc2C(=O)O)cc1,2740.0,-3.437750562820388,1,train
COc1ccc(Nc2ccccc2C(=O)O)c([N+](=O)[O-])c1,30.0,-1.4771212547196624,0,train
COc1cc(Nc2ccccc2C(=O)O)cc(OC)c1,890.0,-2.949390006644913,0,train
Cc1cc(C)cc(Nc2ccccc2C(=O)O)c1,1090.0000000000005,-3.037426497940624,0,train
COc1ccc(C(=O)O)c(Nc2cccc(C(F)(F)F)c2)c1,60.0,-1.7781512503836436,0,train
COc1ccc(C(=O)O)c(Nc2ccccc2)c1,1659.9999999999995,-3.220108088040055,0,train
COc1ccc(C(=O)O)c(Nc2ccccc2OC)c1,1730.0000000000002,-3.2380461031287955,0,train
COc1ccc(C(=O)O)c(Nc2cccc([N+](=O)[O-])c2)c1,79.99999999999999,-1.9030899869919435,1,train
COc1ccc(C(=O)O)c(Nc2cccc(Cl)c2)c1,160.00000000000009,-2.204119982655925,0,train
COc1cccc(Nc2cc(OC)ccc2C(=O)O)c1,570.0000000000001,-2.7558748556724915,0,train
COc1ccc(C(=O)O)c(Nc2cccc(C)c2)c1,639.9999999999999,-2.806179973983887,0,train
COc1ccc(C(=O)O)c(Nc2cccc(C(=O)O)c2)c1,1449.9999999999998,-3.161368002234975,1,train
COc1ccc(C(=O)O)c(Nc2ccc([N+](=O)[O-])cc2)c1,500.0,-2.6989700043360187,0,train
COc1ccc(C(=O)O)c(Nc2ccc(C(C)=O)cc2)c1,500.0,-2.6989700043360187,0,train
COc1ccc(C(=O)O)c(Nc2ccc(Cl)cc2)c1,220.0,-2.342422680822206,0,train
COc1ccc(C(=O)O)c(Nc2ccc(Br)cc2)c1,150.00000000000003,-2.1760912590556813,0,train
COc1ccc(Nc2cc(OC)ccc2C(=O)O)cc1,249.99999999999997,-2.397940008672037,0,test
COc1ccc(C(=O)O)c(Nc2ccc(C)cc2)c1,800.0000000000003,-2.903089986991944,0,train
COc1ccc(C(=O)O)c(Nc2ccc(C(C)(C)C)cc2)c1,79.99999999999999,-1.9030899869919435,0,train
COc1ccc(C(=O)O)c(Nc2ccc(C(=O)O)cc2)c1,689.9999999999999,-2.838849090737255,0,train
COc1cc(Nc2cc(OC)ccc2C(=O)O)cc(OC)c1,2220.000000000001,-3.346352974450639,0,train
COc1ccc(C(=O)O)c(Nc2cc(C)cc(C)c2)c1,1730.0000000000002,-3.2380461031287955,0,train
CC(=O)c1ccc(Nc2cccc(C(F)(F)F)c2)c(C(=O)O)c1,730.0,-2.863322860120456,0,train
CC(=O)c1ccc(Nc2ccccc2)c(C(=O)O)c1,2530.0000000000005,-3.403120521175818,0,train
CC(=O)c1ccc(Nc2ccccc2[N+](=O)[O-])c(C(=O)O)c1,1110.0000000000005,-3.0453229787866576,0,train
CC(=O)c1ccc(Nc2ccccc2C(C)=O)c(C(=O)O)c1,4439.999999999998,-3.64738297011462,0,train
CC(=O)c1ccc(Nc2ccccc2C(F)(F)F)c(C(=O)O)c1,1350.0,-3.130333768495006,0,train
COc1ccccc1Nc1ccc(C(C)=O)cc1C(=O)O,3060.000000000001,-3.48572142648158,0,test
CC(=O)c1ccc(Nc2cccc([N+](=O)[O-])c2)c(C(=O)O)c1,980.0000000000006,-2.991226075692495,1,train
CC(=O)c1cccc(Nc2ccc(C(C)=O)cc2C(=O)O)c1,650.0000000000002,-2.812913356642856,1,test
CC(=O)c1ccc(Nc2cccc(Cl)c2)c(C(=O)O)c1,1160.0000000000002,-3.0644579892269186,0,train
COc1cccc(Nc2ccc(C(C)=O)cc2C(=O)O)c1,2259.999999999999,-3.3541084391474008,0,test
CC(=O)c1ccc(Nc2cccc(C)c2)c(C(=O)O)c1,1940.0,-3.287801729930226,0,train
CC(=O)c1ccc(Nc2ccc([N+](=O)[O-])cc2)c(C(=O)O)c1,1170.0000000000002,-3.0681858617461617,0,test
CC(=O)c1ccc(Nc2ccc(C(C)=O)cc2C(=O)O)cc1,470.00000000000006,-2.672097857935717,0,train
CC(=O)c1ccc(Nc2ccc(C(F)(F)F)cc2)c(C(=O)O)c1,140.00000000000006,-2.146128035678238,0,test
CC(=O)c1ccc(Nc2ccc(Cl)cc2)c(C(=O)O)c1,599.9999999999997,-2.7781512503836434,0,train
CC(=O)c1ccc(Nc2ccc(Br)cc2)c(C(=O)O)c1,249.99999999999997,-2.397940008672037,0,train
COc1ccc(Nc2ccc(C(C)=O)cc2C(=O)O)cc1,610.0000000000001,-2.785329835010767,0,test
CC(=O)c1ccc(Nc2ccc(C)cc2)c(C(=O)O)c1,1650.0,-3.2174839442139063,0,test
CC(=O)c1ccc(Nc2ccc(C(C)(C)C)cc2)c(C(=O)O)c1,280.0000000000001,-2.4471580313422194,0,train
CC(=O)c1ccc(Nc2ccc(C(=O)O)cc2)c(C(=O)O)c1,1549.9999999999995,-3.1903316981702914,1,test
COc1ccc(Nc2ccc(C(C)=O)cc2C(=O)O)c([N+](=O)[O-])c1,259.9999999999999,-2.4149733479708178,0,train
CC(=O)c1ccc(Nc2cc(C(F)(F)F)cc(C(F)(F)F)c2)c(C(=O)O)c1,1760.0000000000005,-3.24551266781415,0,train
COc1cc(Nc2ccc(C(C)=O)cc2C(=O)O)cc(OC)c1,899.9999999999998,-2.9542425094393248,0,train
CC(=O)c1ccc(Nc2cc(C)cc(C)c2)c(C(=O)O)c1,1819.9999999999995,-3.2600713879850747,0,test
CC(=O)c1ccc(Nc2cc(C(=O)O)cc(C(=O)O)c2)c(C(=O)O)c1,610.0000000000001,-2.785329835010767,0,train
O=C(O)c1cccc(Nc2cccc(C(F)(F)F)c2)c1,319.9999999999999,-2.505149978319906,0,train
O=C(O)c1cccc(Nc2ccccc2[N+](=O)[O-])c1,150.00000000000003,-2.1760912590556813,0,train
CC(=O)c1ccccc1Nc1cccc(C(=O)O)c1,960.0,-2.9822712330395684,1,train
O=C(O)c1cccc(Nc2ccccc2C(F)(F)F)c1,559.9999999999998,-2.7481880270062,0,train
COc1ccccc1Nc1cccc(C(=O)O)c1,1650.0,-3.2174839442139063,0,train
O=C(O)c1cccc(Nc2cccc([N+](=O)[O-])c2)c1,290.0,-2.462397997898956,1,train
CC(=O)c1cccc(Nc2cccc(C(=O)O)c2)c1,559.9999999999998,-2.7481880270062,1,train
O=C(O)c1cccc(Nc2cccc(Cl)c2)c1,460.0000000000003,-2.6627578316815743,0,train
COc1cccc(Nc2cccc(C(=O)O)c2)c1,1189.9999999999995,-3.0755469613925306,0,train
Cc1cccc(Nc2cccc(C(=O)O)c2)c1,1879.9999999999989,-3.27415784926368,0,test
O=C(O)c1cccc(Nc2cccc(C(=O)O)c2)c1,3570.0,-3.552668216112193,1,train
O=C(O)c1ccc(Nc2cccc(C(=O)O)c2)cc1,1640.0000000000002,-3.214843848047698,1,train
Cc1cccc(C)c1Nc1cccc(C(=O)O)c1,2910.0000000000005,-3.463892988985908,0,train
CC(=O)c1ccc(Nc2cccc(C(=O)O)c2)c(C(=O)O)c1,40.000000000000014,-1.6020599913279625,1,train
O=C(O)c1cccc(Nc2ccc(C(F)(F)F)cc2[N+](=O)[O-])c1,30.0,-1.4771212547196624,0,train
COc1ccc(Nc2cccc(C(=O)O)c2)c([N+](=O)[O-])c1,40.000000000000014,-1.6020599913279625,1,train
O=C(O)c1cccc(Nc2ccc([N+](=O)[O-])cc2OC(F)(F)F)c1,40.000000000000014,-1.6020599913279625,0,test
O=C(O)c1cccc(Nc2cc(C(F)(F)F)cc(C(F)(F)F)c2)c1,249.99999999999997,-2.397940008672037,0,train
COc1cc(Nc2cccc(C(=O)O)c2)cc(OC)c1,360.0,-2.5563025007672877,0,train
Cc1cc(C)cc(Nc2cccc(C(=O)O)c2)c1,1080.0000000000005,-3.03342375548695,0,train
O=C(O)c1ccc(Nc2cccc(C(F)(F)F)c2)cc1,500.0,-2.6989700043360187,0,train
COc1ccccc1Nc1ccc(C(=O)O)cc1,3389.9999999999995,-3.530199698203082,0,train
O=C(O)c1ccc(Nc2cccc([N+](=O)[O-])c2)cc1,4210.0,-3.624282095835668,1,test
COc1cccc(Nc2ccc(C(=O)O)cc2)c1,2650.0000000000005,-3.423245873936808,0,train
Cc1cccc(Nc2ccc(C(=O)O)cc2)c1,1670.0,-3.2227164711475837,0,train
O=C(O)c1ccc(Nc2ccc([N+](=O)[O-])cc2)cc1,1320.0000000000005,-3.12057393120585,1,train
CC(=O)c1ccc(Nc2ccc(C(=O)O)cc2)cc1,2499.9999999999995,-3.397940008672037,1,test
O=C(O)c1ccc(Nc2ccc(Cl)cc2)cc1,1050.0000000000005,-3.0211892990699383,0,train
O=C(O)c1ccc(Nc2ccc(Br)cc2)cc1,1180.0000000000002,-3.071882007306125,0,train
COc1ccc(Nc2ccc(C(=O)O)cc2)cc1,2209.9999999999995,-3.3443922736851106,0,train
Cc1ccc(Nc2ccc(C(=O)O)cc2)cc1,1890.000000000001,-3.2764618041732443,0,train
CC(C)(C)c1ccc(Nc2ccc(C(=O)O)cc2)cc1,930.0000000000002,-2.9684829485539352,0,train
O=C(O)c1ccc(Nc2ccc(C(=O)O)cc2)cc1,2370.0000000000005,-3.374748346010104,0,test
COc1ccc(Nc2ccc(C(=O)O)cc2)c([N+](=O)[O-])c1,2059.9999999999995,-3.3138672203691533,1,train
Cc1cc(C)cc(Nc2ccc(C(=O)O)cc2)c1,870.0000000000003,-2.9395192526186187,0,test
COc1cc(Nc2ccc(C(=O)O)cc2)cc(OC)c1,2530.0000000000005,-3.403120521175818,0,train
CCCCOc1cc(C(=O)Nc2ccccc2C(=O)O)ccc1[N+](=O)[O-],7500.000000000001,-3.8750612633917,0,train
CC(C)Cc1ccc([C@H](C)C(=O)O)cc1,32700.000000000025,-4.514547752660286,0,train
O=C(O)C1CCCN(S(=O)(=O)c2ccc(-c3cccc(-c4ccccc4)c3)cc2)C1,24400.00000000001,-4.38738982633873,0,test
CC(C(=O)O)c1ccc(-c2ccccc2)c(F)c1,1560.0,-3.1931245983544616,0,test
COc1ccc(CCNS(=O)(=O)c2cccc(C(=O)O)c2)cc1,1440.0000000000005,-3.1583624920952498,0,train
O=C(O)c1cccc(S(=O)(=O)N2CCc3ccc(C#Cc4ccc(OC(F)(F)F)cc4)cc3C2)c1,1310.0000000000005,-3.1172712956557644,0,train
O=C(O)c1ccc(S(=O)(=O)N2CCc3ccccc3C2)cc1,1240.0000000000002,-3.093421685162235,1,train
CN(C)CCNC(=O)c1cccc(S(=O)(=O)N2CCc3ccccc3C2)c1,899.9999999999998,-2.9542425094393248,1,train
O=C(O)c1cccc(S(=O)(=O)N2Cc3ccccc3C2)c1,46.92333333333333,-1.6713888558913363,1,train
O=C(O)C1CCCN(S(=O)(=O)c2cccc(-c3ccccc3Cl)c2)C1,740.0000000000001,-2.869231719730976,0,train
COc1cccc(CCNS(=O)(=O)c2cccc(C(=O)O)c2)c1,740.0000000000001,-2.869231719730976,0,train
Cc1ccc(CCNS(=O)(=O)c2cccc(C(=O)O)c2)cc1,639.9999999999999,-2.806179973983887,0,train
O=C(O)c1cccc(S(=O)(=O)Nc2ccc3ccccc3c2)c1,599.9999999999997,-2.7781512503836434,1,test
O=C(O)C1CCCN(S(=O)(=O)c2ccc(-c3ccccc3Cl)cc2)C1,549.9999999999998,-2.740362689494244,0,train
Cc1ccc(Cl)c(Nc2ccccc2C(=O)O)c1Cl,540.0000000000001,-2.7323937598229686,0,train
O=C(O)c1cccc(S(=O)(=O)NCCc2cccc(Oc3ccccc3)c2)c1,530.0000000000001,-2.724275869600789,0,train
O=C(O)c1ccn(S(=O)(=O)c2ccc3ccccc3c2)n1,500.0,-2.6989700043360187,0,train
O=C(O)c1cccc(S(=O)(=O)N2CCc3c(O)cccc3C2)c1,15.95,-1.2027606873932,1,train
O=C(c1cccc(S(=O)(=O)N2CCc3ccccc3C2)c1)N1CCSCC1,449.99999999999983,-2.6532125137753435,0,train
O=C(O)c1cn(S(=O)(=O)c2ccc(Br)cc2)c2ccccc12,67.86999999999999,-1.8316778491914667,0,train
COc1ccc2c(c1)CCN(S(=O)(=O)c1cccc(C(=O)O)c1)C2,38.00666666666668,-1.5798597819484508,0,train
O=C(O)C1CCCN(S(=O)(=O)c2ccc3cc4ccccc4cc3c2)C1,389.9999999999999,-2.591064607026499,1,train
O=C(O)c1cccc(S(=O)(=O)N2CC=CCC2)c1,389.9999999999999,-2.591064607026499,0,train
O=C(O)C1CCN(S(=O)(=O)c2ccc3ccccc3c2)C1,380.0,-2.57978359661681,0,train
O=C(c1cccc(S(=O)(=O)N2CCc3ccccc3C2)c1)N1CC2(COC2)C1,350.0,-2.544068044350276,0,train
O=C(O)c1cccc(S(=O)(=O)NCCc2ccccc2F)c1,330.00000000000006,-2.5185139398778875,0,train
N#Cc1ccc2c(c1)CN(S(=O)(=O)c1cccc(C(=O)O)c1)CC2,33.96,-1.530967681571915,0,test
Cc1cccc(CCNS(=O)(=O)c2cccc(C(=O)O)c2)c1,220.0,-2.342422680822206,0,train
O=C(O)c1cccc(S(=O)(=O)NCCc2ccccc2)c1,220.0,-2.342422680822206,0,train
O=C(O)c1cccc(S(=O)(=O)NCCc2cccc(Cl)c2)c1,209.99999999999991,-2.322219294733919,1,train
O=C(O)c1cccc(S(=O)(=O)N2CCc3ccccc32)c1,209.99999999999991,-2.322219294733919,1,train
O=C(O)c1cccc(S(=O)(=O)N2CCCc3ccccc32)c1,200.00000000000003,-2.3010299956639813,1,test
Nc1cccc2c1CCN(S(=O)(=O)c1cccc(C(=O)O)c1)C2,52.82666666666665,-1.722853207810828,0,train
CC1Cc2ccccc2CN1S(=O)(=O)c1cccc(C(=O)O)c1,8.570333333333334,-0.932997713639888,0,train
NC(=O)c1cccc(S(=O)(=O)N2CCc3ccccc3C2)c1,170.00000000000006,-2.230448921378274,1,train
COc1cc2c(cc1OC)CN(S(=O)(=O)c1cccc(C(=O)O)c1)CC2,160.00000000000009,-2.204119982655925,0,train
O=C(O)c1cccc(S(=O)(=O)NCCc2ccc(Cl)cc2)c1,140.00000000000006,-2.146128035678238,0,train
O=C(O)c1cccc(S(=O)(=O)N2CCc3ccc([N+](=O)[O-])cc3C2)c1,16.99333333333334,-1.2302785764135864,0,train
O=C(O)c1cccc(S(=O)(=O)N2CCc3ccc(-c4nn[nH]n4)cc3C2)c1,68.00000000000001,-1.8325089127062364,0,train
O=C(O)C(=O)Nc1cccc(S(=O)(=O)N2CCc3ccccc3C2)c1,62.0,-1.792391689498254,0,train
O=C(NCCc1ccncc1)c1cccc(S(=O)(=O)N2CCc3ccccc3C2)c1,57.84666666666668,-1.7622783383961251,0,train
CN(C)C(=O)c1cccc(S(=O)(=O)N2CCc3ccccc3C2)c1,52.82666666666665,-1.722853207810828,1,train
Cc1ccc2c(c1)CCN(S(=O)(=O)c1cccc(C(=O)O)c1)C2,16.99333333333334,-1.2302785764135864,0,test
CNC(=O)c1cccc(S(=O)(=O)N2CCc3ccccc3C2)c1,50.03999999999999,-1.6993173010213822,0,train
O=C(O)c1cccc(S(=O)(=O)N2CCc3ccc(I)cc3C2)c1,14.043333333333337,-1.1474702044071854,1,train
O=C(O)c1cncc(S(=O)(=O)N2CCc3ccccc3C2)c1,42.00000000000001,-1.6232492903979006,1,train
C#Cc1ccc2c(c1)CN(S(=O)(=O)c1cccc(C(=O)O)c1)CC2,42.00000000000001,-1.6232492903979006,0,test
O=C(O)c1cccc(S(=O)(=O)N2CCc3cc(Cl)ccc3C2)c1,8.703333333333333,-0.939685617103282,0,train
COc1cccc2c1CCN(S(=O)(=O)c1cccc(C(=O)O)c1)C2,15.95,-1.2027606873932,0,test
O=C(O)c1cccc(S(=O)(=O)N2CCc3cc(I)ccc3C2)c1,38.99999999999999,-1.591064607026499,0,train
O=C(O)c1cccc(S(=O)(=O)N2CCc3sccc3C2)c1,29.5,-1.469822015978163,0,test
Cc1ccc2c(c1)CN(S(=O)(=O)c1cccc(C(=O)O)c1)CC2,12.96,-1.1126050015345743,0,train
O=C(O)c1cccc(S(=O)(=O)N2CCc3c(cccc3[N+](=O)[O-])C2)c1,8.904333333333334,-0.9496014094261168,0,train
COc1ccc2c(c1)CN(S(=O)(=O)c1cccc(C(=O)O)c1)CC2,29.0,-1.462397997898956,0,test
N#Cc1ccc2c(c1)CCN(S(=O)(=O)c1cccc(C(=O)O)c1)C2,29.0,-1.462397997898956,0,test
O=C(O)c1cccc(S(=O)(=O)N2CCc3cccc(Cl)c3C2)c1,19.016666666666666,-1.279134394034571,1,train
O=C(O)c1cccc(S(=O)(=O)N2CCc3ccccc3C2)c1,20.000000000000004,-1.3010299956639813,1,train
O=C(O)c1cccc(S(=O)(=O)N2CCc3cc(O)ccc3C2)c1,27.000000000000004,-1.4313637641589874,0,train
CC1c2ccccc2CCN1S(=O)(=O)c1cccc(C(=O)O)c1,26.97333333333333,-1.4309346193791046,0,train
O=C(O)c1cccc(S(=O)(=O)N2CCc3ccc(F)cc3C2)c1,20.96333333333334,-1.3214603400088851,1,train
O=C(O)c1cccc(S(=O)(=O)N2CCc3cc([N+](=O)[O-])ccc3C2)c1,22.0,-1.3424226808222062,0,train
O=C(O)c1cccc(S(=O)(=O)N2CCc3ccc(Br)cc3C2)c1,12.006666666666668,-1.0794224537638522,0,train
O=C(O)c1cccc(S(=O)(=O)N2CCc3c(I)cccc3C2)c1,14.043333333333337,-1.1474702044071854,1,train
O=C(O)c1cccc(S(=O)(=O)N2CCc3ccc(Cl)cc3C2)c1,20.000000000000004,-1.3010299956639813,0,test
O=C(O)c1cccc(S(=O)(=O)N2CCc3c(Cl)cccc3C2)c1,10.986666666666665,-1.0408659483054157,0,train
O=C(O)c1cccc(S(=O)(=O)N2CCc3c(Br)cccc3C2)c1,10.986666666666665,-1.0408659483054157,0,train
O=C(O)c1cccc(S(=O)(=O)N2CCc3cc(Br)ccc3C2)c1,6.075333333333333,-0.7835701112178142,0,train
O=C1CC(c2ccccc2O)Oc2ccccc21,300.0000000000001,-2.4771212547196626,0,train
O=C1CCC2(c3ccccc3)Nc3ccccc3N12,5460.000000000001,-3.737192642704737,0,train
O=C(CC1SC(=O)NC1=O)Nc1ccccc1O,212.99999999999997,-2.3283796034387376,0,train
COc1ccc2c(c1)c1c(n2C(=O)c2ccc(Cl)cc2)CC(C(=O)O)CC1,339.99999999999983,-2.531478917042255,1,train
COc1ccc2c(c1)c1c(n2C(=O)c2ccc(Cl)cc2)CCC(C(=O)NS(C)(=O)=O)C1,5070.000000000001,-3.705007959333336,0,train
COc1ccc2c(c1)c1c(n2C(=O)c2cccc(C(F)(F)F)c2)CCC(C(=O)O)C1,278.9999999999999,-2.4456042032735974,0,train
COc1ccc2c(c1)c(C)c(CCC(=O)NS(=O)(=O)c1ccc(C(C)C)cc1)n2C(=O)c1ccc(Cl)cc1,4690.000000000001,-3.6711728427150834,0,train
COc1ccc2c(c1)c(C)c(CCC(=O)NS(=O)(=O)c1ccc(C(C)=O)cc1)n2C(=O)c1ccc(Cl)cc1,2650.0000000000005,-3.423245873936808,0,train
COc1ccc2c(c1)c(C)c(CCC(=O)NS(=O)(=O)c1ccc(OC(F)(F)F)cc1)n2C(=O)c1ccc(Cl)cc1,2499.9999999999995,-3.397940008672037,0,train
COc1ccc2c(c1)c(C)c(CCC(=O)NS(=O)(=O)c1ccc(C(F)(F)F)cc1)n2C(=O)c1ccc(Cl)cc1,1110.0000000000005,-3.0453229787866576,0,train
COc1ccc2c(c1)c(C)c(CCC(=O)NS(=O)(=O)c1ccccc1C)n2C(=O)c1ccc(Cl)cc1,3250.0000000000005,-3.5118833609788744,0,train
COc1ccc2c(c1)c(C)c(CCC(=O)NS(=O)(=O)c1ccc3ccccc3c1)n2C(=O)c1ccc(Cl)cc1,2540.0,-3.404833716619938,0,test
COc1ccc2c(c1)c(C)c(CCC(=O)NS(=O)(=O)c1ccc(C)cc1)n2C(=O)c1ccc(Cl)cc1,3110.0,-3.492760389026837,0,train
COc1ccc2c(c1)c(C)c(CCC(=O)NS(=O)(=O)C(F)(F)F)n2C(=O)c1ccc(Cl)cc1,1440.0000000000005,-3.1583624920952498,1,train
COc1ccc2c(c1)c(C)c(CC(C)C(=O)NS(C)(=O)=O)n2C(=O)c1ccc(Cl)cc1,5530.000000000001,-3.7427251313046974,1,train
COc1ccc2c(c1)c(C)c(CC(C)C(=O)O)n2C(=O)c1ccc(Cl)cc1,290.0,-2.462397997898956,1,test
COc1ccc2c(c1)c(C)c(CC(C)(C)C(=O)O)n2C(=O)c1ccc(Cl)cc1,119.99999999999996,-2.0791812460476247,0,train
CCC(=O)Cc1cn(C(=O)OC)c2ccc(OC)cc12,22779.99999999999,-4.357553719743081,0,test
CCC(=O)Cc1cn(C(=O)O)c2ccc(OC)cc12,2399.9999999999995,-3.380211241711606,0,train
COc1ccc2c(c1)c(CC(=O)NS(=O)(=O)c1cc(C(F)(F)F)ccc1C(F)(F)F)cn2C(=O)c1ccc(Cl)cc1,1940.0,-3.287801729930226,0,train
COc1ccc2c(c1)c(CC(=O)NS(=O)(=O)c1ccc(Br)cc1)cn2C(=O)c1ccc(Cl)cc1,3970.000000000001,-3.598790506763115,0,train
COc1ccc2c(c1)c(CC(=O)NS(=O)(=O)c1ccc(C#N)cc1)cn2C(=O)c1ccc(Cl)cc1,1110.0000000000005,-3.0453229787866576,1,train
COc1ccc2c(c1)c(CC(=O)NS(=O)(=O)c1ccc(Oc3ccccc3)cc1)cn2C(=O)c1ccc(Cl)cc1,2520.0000000000005,-3.401400540781544,0,test
COc1ccc2c(c1)c(CC(=O)NS(=O)(=O)c1ccc(F)cc1)cn2C(=O)c1ccc(Cl)cc1,7859.999999999999,-3.895422546039408,0,train
COc1ccc(S(=O)(=O)NC(=O)Cc2cn(C(=O)c3ccc(Cl)cc3)c3ccc(OC)cc23)cc1,5800.000000000001,-3.763427993562937,0,train
COc1ccc2c(c1)c(CC(=O)NS(=O)(=O)c1ccc(C(C)C)cc1)cn2C(=O)c1ccc(Cl)cc1,6339.999999999996,-3.802089257881733,0,train
COc1ccc2c(c1)c(CC(=O)NS(=O)(=O)c1ccc(C(C)=O)cc1)cn2C(=O)c1ccc(Cl)cc1,2090.000000000001,-3.3201462861110542,0,test
COc1ccc2c(c1)c(CC(=O)NS(=O)(=O)c1ccc(Cl)s1)cn2C(=O)c1ccc(Cl)cc1,3729.999999999998,-3.571708831808688,0,train
COc1ccc2c(c1)c(CC(=O)NS(=O)(=O)c1ccc(OC(F)(F)F)cc1)cn2C(=O)c1ccc(Cl)cc1,2650.0000000000005,-3.423245873936808,0,test
COc1ccc2c(c1)c(CC(=O)NS(=O)(=O)c1ccc(C(F)(F)F)cc1)cn2C(=O)c1ccc(Cl)cc1,2070.0000000000005,-3.315970345456918,0,train
COc1ccc2c(c1)c(CC(=O)NS(=O)(=O)c1ccccc1C)cn2C(=O)c1ccc(Cl)cc1,8820.000000000002,-3.94546858513182,0,test
COc1ccc2c(c1)c(CC(=O)NS(=O)(=O)c1ccc3ccccc3c1)cn2C(=O)c1ccc(Cl)cc1,1189.9999999999995,-3.0755469613925306,1,train
COc1ccc2c(c1)c(CC(=O)NS(=O)(=O)c1ccc(C)cc1)cn2C(=O)c1ccc(Cl)cc1,12399.999999999987,-4.093421685162235,1,test
COc1ccc2c(c1)c(CC(=O)NS(C)(=O)=O)cn2C(=O)c1ccc(Cl)cc1,12000.000000000007,-4.079181246047625,0,train
O=C(O)Cc1cn(C(=O)c2ccc(Cl)cc2)c2ccc(F)cc12,500.0,-2.6989700043360187,0,train
COc1ccc2c(c1)c(CC(=O)O)cn2C(=O)c1cccc(C(F)(F)F)c1,5210.000000000003,-3.7168377232995247,1,train
COc1ccc2c(c1)c(CC(=O)O)cn2C(=O)c1ccc(C(F)(F)F)cc1,1080.0000000000005,-3.03342375548695,1,test
COc1ccc2c(c1)c(CC(=O)O)cn2C(=O)c1ccc(F)cc1,4960.000000000002,-3.6954816764901977,1,train
COC(=O)Cc1cn(C(=O)c2ccc(Cl)cc2)c2ccc(OC)cc12,11339.999999999998,-4.054613054556888,0,train
COc1ccc2c(c1)cc(C)n2C(=O)c1ccc(Cl)cc1,3560.000000000001,-3.5514499979728757,0,train
Cc1c(CCC(=O)O)c2cc(F)ccc2n1C(=O)c1ccc(Cl)cc1,290.0,-2.462397997898956,0,train
COc1ccc2c(c1)c(CC(=O)NS(C)(=O)=O)c(C)n2C(=O)c1ccc(Cl)cc1,2239.9999999999995,-3.3502480183341627,0,test
COC(=O)Cc1c(C)n(C(=O)c2ccc(OC)cc2)c2ccc(OC)cc12,7589.999999999996,-3.88024177589548,0,train
COC(=O)Cc1c(C)n(C(=O)c2ccc(C(F)(F)F)cc2)c2ccc(OC)cc12,15709.999999999987,-4.196176185039973,0,train
COC(=O)Cc1c(C)n(C(=O)c2ccc(C)cc2)c2ccc(OC)cc12,7539.999999999996,-3.877371345869774,0,train
COC(=O)Cc1c(C)n(C(=O)c2ccc(Cl)cc2)c2ccc(OC)cc12,5669.999999999998,-3.7535830588929056,0,train
Cc1c(CC(=O)O)c2cc(F)ccc2n1C(=O)c1cccc(C(F)(F)F)c1,2230.0,-3.3483048630481607,0,train
Cc1c(CC(=O)O)c2cc(F)ccc2n1C(=O)c1ccc(Cl)cc1,249.99999999999997,-2.397940008672037,0,test
COc1ccc2c(c1)c(CC(=O)O)c(C)n2C(=O)c1ccc(F)cc1,710.0000000000003,-2.8512583487190755,1,train
COc1ccc2c(c1)c(CC(=O)O)c(C)n2C(=O)c1cccc(C(F)(F)F)c1,2440.0000000000014,-3.3873898263387296,1,train
COc1ccc(C(=O)n2c(C)c(CC(=O)O)c3cc(OC)ccc32)cc1,140.00000000000006,-2.146128035678238,1,train
Cc1cccc(Nc2ccccc2C(=O)O)c1C,559.9999999999998,-2.7481880270062,0,train
CS(=O)(=O)c1ccc(/C=C(/C(=O)O)c2ccc(S(C)(=O)=O)cc2)cc1,51000.00000000005,-4.707570176097937,0,train
CSc1ccc(/C=C(/C(=O)O)c2ccc(S(C)(=O)=O)cc2)cc1,5800.000000000001,-3.763427993562937,0,train
CS(=O)(=O)c1ccc(/C(=C\c2ccc(C(F)(F)F)cc2)C(=O)O)cc1,23300.0,-4.367355921026019,0,test
CS(=O)(=O)c1ccc(/C(=C\c2ccc(Br)cc2)C(=O)O)cc1,4900.000000000002,-3.690196080028514,1,test
CS(=O)(=O)c1ccc(/C(=C\c2cccc(Br)c2)C(=O)O)cc1,13600.000000000013,-4.133538908370218,0,train
CS(=O)(=O)c1ccc(/C(=C\c2cccc(F)c2)C(=O)O)cc1,38900.00000000004,-4.589949601325708,0,train
CS(=O)(=O)c1ccc(/C(=C\c2ccc(O)c(O)c2)C(=O)O)cc1,33100.00000000001,-4.519827993775719,0,test
COc1ccc(/C=C(/C(=O)O)c2ccc(S(C)(=O)=O)cc2)cc1,36900.00000000002,-4.567026366159061,0,train
CCc1ccc(/C=C(/C(=O)O)c2ccc(S(C)(=O)=O)cc2)cc1,13600.000000000013,-4.133538908370218,0,train
Cc1ccc(/C=C(/C(=O)O)c2ccc(S(C)(=O)=O)cc2)cc1,13399.999999999987,-4.127104798364807,0,train
CS(=O)(=O)c1ccc(/C(=C\c2ccc(F)cc2)C(=O)O)cc1,43099.99999999999,-4.634477270160732,0,train
CS(=O)(=O)c1ccc(/C(=C\c2cccc(Cl)c2)C(=O)O)cc1,16800.00000000002,-4.225309281725863,0,train
CS(=O)(=O)c1ccc(/C=C(/C(=O)O)c2cccc(Cl)c2)cc1,76699.99999999996,-4.884795363948981,0,train
CSc1ccc(/C=C(/C(=O)O)c2cccc(Cl)c2)cc1,17000.000000000007,-4.230448921378274,0,train
CS(=O)(=O)c1ccc(/C(=C\c2ccc(Cl)cc2)C(=O)O)cc1,10799.999999999993,-4.033423755486949,0,train
CS(=O)(=O)c1ccc(/C=C(/C(=O)O)c2ccc(Cl)cc2)cc1,86600.00000000003,-4.937517892017347,1,train
CSc1ccc(/C=C(/C(=O)O)c2ccc(Cl)cc2)cc1,8299.999999999996,-3.9190780923760737,0,train
CS(=O)(=O)c1ccc(/C(=C\c2ccccc2)C(=O)O)cc1,69799.99999999997,-4.843855422623161,1,train
CSc1ccc(/C=C(/C(=O)O)c2ccccc2)cc1,30200.000000000025,-4.480006942957151,0,train
COc1ccc(/C=C(/C(=O)O)c2ccc3ccccc3c2)cc1OC,38700.0,-4.587710965018911,0,train
CC1CCCCN1S(=O)(=O)c1ccc(N2CCCS2(=O)=O)cc1,5219.999999999999,-3.717670503002262,0,train
CC(C)C(=O)Nc1ccc(S(=O)(=O)N2CCCCC2C)cc1,12499.999999999996,-4.096910013008056,0,train
CC1CCCCN1S(=O)(=O)c1ccc(NC(=O)C(C)(C)C)cc1,5940.0,-3.7737864449811935,0,train
CC1CCCCN1S(=O)(=O)c1ccc(N2CCCC2=O)cn1,2770.0000000000005,-3.4424797690644486,0,test
Cc1cc(S(=O)(=O)N2CCCCC2C)ccc1N1CCCC1=O,10200.00000000001,-4.008600171761918,0,test
CC1CCCCN1S(=O)(=O)c1ccc(N2CCCCC2=O)cc1,3770.000000000002,-3.576341350205793,0,train
CC1CCCCN1S(=O)(=O)c1ccc(N2CCC2=O)cc1,5609.999999999997,-3.748962861256161,0,train
C[C@@H]1CN(S(=O)(=O)c2ccc(N3CCCC3=O)cc2)C[C@H](C)N1,21200.00000000001,-4.326335860928752,0,train
CC1CCN(S(=O)(=O)c2ccc(N3CCCC3=O)cc2)CC1,200.00000000000003,-2.3010299956639813,0,test
O=C1CCCN1c1ccc(S(=O)(=O)N2CCCCC2)cc1,140.00000000000006,-2.146128035678238,0,train
CC(C)(O)CC1CCN(C(=O)c2cc3ccccc3[nH]2)CC1,2.1,-0.3222192947339193,0,train
CC(O)CC1CCN(C(=O)c2cc3ccccc3[nH]2)CC1,12.000000000000002,-1.0791812460476249,0,train
CC(=O)CC1CCN(C(=O)c2cc3ccccc3[nH]2)CC1,12.999999999999998,-1.1139433523068367,0,train
COCCC1CCN(C(=O)c2cc3ccccc3[nH]2)CC1,33.0,-1.5185139398778875,0,train
O=C(NCCCCCO)c1cc2ccccc2[nH]1,1199.9999999999995,-3.0791812460476247,0,train
O=C(c1cc2ccccc2[nH]1)N1CC(CCO)C1,140.00000000000006,-2.146128035678238,1,train
O=C(c1cc2ccccc2[nH]1)N1CCC(CCO)C1,1099.9999999999998,-3.041392685158225,1,train
O=C(c1cc2ccccc2[nH]1)N1CCCCC1CCO,230.00000000000009,-2.361727836017593,0,train
O=C(c1cc2ccccc2[nH]1)N1CCCC(CCO)C1,2099.999999999999,-3.322219294733919,1,test
O=C(c1cc2ccccc2[nH]1)N1CCC(CCO)CC1,4.500000000000001,-0.6532125137753437,1,train
Cc1ccc2[nH]c(C(=O)N3CCN(CCO)CC3)cc2c1,770.0,-2.886490725172482,0,test
Cc1ccc2[nH]c(C(=O)N3CCC(CCCO)CC3)cc2c1,160.00000000000009,-2.204119982655925,0,train
Cc1ccc2[nH]c(C(=O)N3CCC(CO)CC3)cc2c1,789.9999999999999,-2.8976270912904414,0,train
Cc1ccc2[nH]c(C(=O)N3CC=CCC3)cc2c1,2800.0000000000014,-3.4471580313422194,0,test
O=C(N1CCOCC1)N1CC2CC1CN2c1ccc(Cl)cc1,3700.0,-3.568201724066995,0,test
O=C(N1CCOCC1)N1CCCN(c2ccccc2)CC1,30000.00000000001,-4.477121254719663,1,train
O=C(O)C1CCN(C(=O)N2CCN(c3ccc(Cl)cc3)CC2)CC1,21900.000000000007,-4.340444114840119,0,train
O=C(N1CCSCC1)N1CCN(c2ccc(Cl)cc2)CC1,9099.999999999996,-3.959041392321093,1,test
O=C(N1CCCCC1)N1CCN(c2ccc(Cl)cc2)CC1,3800.0,-3.57978359661681,1,train
O=C(c1ccncc1)N1CCN(c2ccc(Cl)cc2)CC1,12599.999999999987,-4.1003705451175625,1,test
O=C(N1CCOCC1)N1CCN(c2ccc(C(F)(F)F)cc2)CC1,68.00000000000001,-1.8325089127062364,1,train
O=C(c1ccc(Cl)cc1)N1CCN(C(=O)N2CCOCC2)CC1,480.0,-2.681241237375587,0,train
O=C(N1CCOCC1)N1CCN(Cc2ccc(Cl)cc2)CC1,350.0,-2.544068044350276,1,train
O=C(N1CCOCC1)N1CCN(c2ccc(Cl)nc2)CC1,530.0000000000001,-2.724275869600789,1,test
O=C(N1CCOCC1)N1CCN(c2ccc([N+](=O)[O-])cc2)CC1,570.0000000000001,-2.7558748556724915,0,test
CS(=O)(=O)c1ccc(N2CCN(C(=O)N3CCOCC3)CC2)cc1,5520.000000000001,-3.741939077729199,1,train
O=C(N1CCOCC1)N1CCN(c2ccc(F)cc2)CC1,500.0,-2.6989700043360187,1,train
C#Cc1ccc(N2CCN(C(=O)N3CCOCC3)CC2)cc1,660.0000000000001,-2.8195439355418688,0,test
O=C(N1CCOCC1)N1CCN(c2cnc3ccccc3c2)CC1,2900.0,-3.462397997898956,0,train
O=C(N1CCOCC1)N1CCN(c2ccc3ccccc3c2)CC1,4900.000000000002,-3.690196080028514,0,train
COc1ccc(N2CCN(C(=O)N3CCOCC3)CC2)cc1,350.0,-2.544068044350276,0,train
Cc1ccc(N2CCN(C(=O)N3CCOCC3)CC2)cc1,360.0,-2.5563025007672877,1,train
O=C(N1CCOCC1)N1CCN(c2cccc(Cl)c2)CC1,5300.000000000001,-3.724275869600789,1,train
O=C(N1CCOCC1)N1CCN(c2ccccc2C(F)(F)F)CC1,700.0000000000001,-2.845098040014257,0,train
O=C(N1CCOCC1)N1CCN(c2ccccc2Cl)CC1,2300.000000000001,-3.361727836017593,1,train
COc1ccccc1N1CCN(C(=O)N2CCOCC2)CC1,20299.99999999998,-4.307496037913213,0,train
Cc1ccccc1N1CCN(C(=O)N2CCOCC2)CC1,12099.999999999993,-4.08278537031645,0,train
O=C(N1CCOCC1)N1CCN(c2ccccc2)CC1,6100.000000000002,-3.785329835010767,1,train
COc1cccc(COc2cc(/C=C/C(=O)O)ccc2OC(=O)CCc2ccccc2)c1,960.0,-2.9822712330395684,0,test
O=C(O)/C=C/c1ccc(OC(=O)CCc2ccc(O)cc2)c(OCc2cccc(F)c2)c1,839.9999999999999,-2.9242792860618816,0,train
O=C(O)/C=C/c1ccc(OC(=O)CCc2cccc(O)c2)c(OCc2cccc(F)c2)c1,800.0000000000003,-2.903089986991944,0,train
O=C(O)/C=C/c1ccc(OC(=O)CCc2c(F)cc(F)cc2F)c(OCc2cccc(F)c2)c1,580.0000000000001,-2.7634279935629373,0,train
O=C(O)/C=C/c1ccc(OC(=O)CCc2ccc(F)cc2)c(OCc2cccc(F)c2)c1,540.0000000000001,-2.7323937598229686,0,train
O=C(O)/C=C/c1ccc(OC(=O)CCc2cccc(F)c2)c(OCc2cccc(F)c2)c1,400.0000000000001,-2.6020599913279625,0,train
Cc1ccc(COc2cc(/C=C/C(=O)O)ccc2OC(=O)CCc2cccc(O)c2)cc1,909.9999999999995,-2.959041392321093,0,train
Cc1ccc(COc2cc(/C=C/C(=O)O)ccc2OC(=O)CCc2ccc(O)cc2)cc1,770.0,-2.886490725172482,0,train
Cc1ccc(COc2cc(/C=C/C(=O)O)ccc2OC(=O)CCc2c(F)cc(F)cc2F)cc1,540.0000000000001,-2.7323937598229686,0,train
Cc1ccc(COc2cc(/C=C/C(=O)O)ccc2OC(=O)CCc2ccc(F)cc2)cc1,470.00000000000006,-2.672097857935717,0,train
Cc1ccc(COc2cc(/C=C/C(=O)O)ccc2OC(=O)CCc2cccc(F)c2)cc1,160.00000000000009,-2.204119982655925,0,train
O=C(O)/C=C/c1ccc(OC(=O)CCc2ccccc2)c(OCCc2ccccc2)c1,570.0000000000001,-2.7558748556724915,0,train
O=C(O)/C=C/c1ccc(OC(=O)CCc2ccccc2)c(OCc2ccc(Cl)cc2)c1,890.0,-2.949390006644913,0,test
O=C(O)/C=C/c1ccc(OC(=O)CCc2ccccc2)c(OCc2cc(F)cc(F)c2)c1,360.0,-2.5563025007672877,0,train
O=C(O)/C=C/c1ccc(OC(=O)CCc2ccccc2)c(OCc2ccc(F)cc2)c1,220.0,-2.342422680822206,0,train
O=C(O)/C=C/c1ccc(OC(=O)CCc2ccccc2)c(OCc2cccc(F)c2)c1,109.99999999999996,-2.041392685158225,0,train
O=C(O)/C=C/c1ccc(OC(=O)CCc2ccccc2)c(OCc2ccccc2F)c1,319.9999999999999,-2.505149978319906,0,train
Cc1ccc(COc2cc(/C=C/C(=O)O)ccc2OC(=O)CCc2ccccc2)cc1,109.99999999999996,-2.041392685158225,0,train
O=C(O)/C=C/c1ccc(OC(=O)CCc2ccccc2)c(OCc2ccccc2)c1,389.9999999999999,-2.591064607026499,0,test
C=C(C)COc1cc(/C=C/C(=O)O)ccc1OC(=O)CCc1ccccc1,850.0000000000002,-2.929418925714293,0,test
C/C=C/COc1cc(/C=C/C(=O)O)ccc1OC(=O)CCc1ccccc1,1099.9999999999998,-3.041392685158225,0,train
CC(C)COc1cc(/C=C/C(=O)O)ccc1OC(=O)CCc1ccccc1,559.9999999999998,-2.7481880270062,0,test
CCCCOc1cc(/C=C/C(=O)O)ccc1OC(=O)CCc1ccccc1,419.9999999999999,-2.6232492903979003,1,train
CC(C)Oc1cc(/C=C/C(=O)O)ccc1OC(=O)CCc1ccccc1,3099.9999999999995,-3.4913616938342726,1,train
CCCOc1cc(/C=C/C(=O)O)ccc1OC(=O)CCc1ccccc1,2199.9999999999995,-3.342422680822206,0,train
CCOc1cc(/C=C/C(=O)O)ccc1OC(=O)CCc1ccccc1,969.9999999999998,-2.9867717342662448,0,train
COc1cc(/C=C/C(=O)O)ccc1OC(=O)CCc1ccccc1,4499.999999999998,-3.653212513775344,1,train
O=C(O)c1ccccc1Nc1cccc(S(F)(F)(F)(F)F)c1,57.00000000000001,-1.7558748556724917,0,train
O=C(O)c1cccc(Nc2cccc(S(F)(F)(F)(F)F)c2)c1,85.99999999999999,-1.934498451243568,0,test
O=C(O)c1cccc(Nc2ccc(S(F)(F)(F)(F)F)cc2)c1,35.0,-1.5440680443502757,0,train
O=C(O)c1ccccc1Nc1ccc(S(F)(F)(F)(F)F)cc1,36.0,-1.5563025007672873,0,train
O=C(O)c1cccc(S(=O)(=O)C2CCc3sccc3C2)c1,25.06000000000001,-1.3989810666581313,0,train
O=C(O)c1cccc(S(=O)(=O)C2CC=CCC2)c1,389.5249999999999,-2.590535336241249,0,train
O=C(O)c1cccc(S(=O)(=O)C2CCc3ccccc3C2)c1,12.94,-1.1119342763326816,1,train
CN1CC(c2ccc(S(=O)(=O)N3CCc4ccccc4C3)cc2)CC1=O,41.845,-1.621643572194573,0,test
O=C(NN1CCSCC1)c1cccc(S(=O)(=O)N2CCc3ccccc3C2)c1,448.3400000000001,-2.6516074874812623,0,train
O=C(NN1CCOCC1)c1cccc(S(=O)(=O)N2CCc3ccccc3C2)c1,77.81,-1.8910354153153108,0,train
O=C(O)c1cccc(S(=O)(=O)N2CCc3ccc(C#Cc4ccc(C(F)(F)F)cc4)cc3C2)c1,1314.13,-3.11863832982802,0,train
O=c1cc(-c2ccccc2O)oc2ccccc12,300.0000000000001,-2.4771212547196626,0,test
C/C(=C\c1ccccc1)C(=O)O,6399.999999999998,-3.806179973983887,0,test
CCNC(=O)CCC/C=C\C[C@@H]1[C@@H](/C=C/[C@@H](O)CCc2ccccc2)[C@H](O)C[C@@H]1O,4999.999999999999,-3.6989700043360183,0,train
CN1C(=O)CN=C(c2ccccc2)c2cc(Cl)ccc21,84000.00000000007,-4.924279286061882,0,test
CC(=O)c1ccc(C(=O)O)c(Nc2ccccc2C(=O)O)c1,40.000000000000014,-1.6020599913279625,0,train
O=C(O)c1ccccc1Nc1cc(C(F)(F)F)ccc1[N+](=O)[O-],30.0,-1.4771212547196624,0,train
COc1ccc([N+](=O)[O-])c(Nc2ccccc2C(=O)O)c1,40.000000000000014,-1.6020599913279625,0,test
COC(=O)c1cccc(Nc2ccc([N+](=O)[O-])c3ccccc23)c1,79.99999999999999,-1.9030899869919435,0,test
COc1ccc2c(c1)c(CC(=O)NS(=O)(=O)C(F)(F)F)cn2C(=O)c1ccc(Cl)cc1,0.21,0.6777807052660807,1,train
COc1ccc2c(c1)c(C)c(CCC(=O)O)n2C(=O)c1ccc(Cl)cc1,0.13,0.8860566476931632,1,train
COc1ccc2c(c1)c(C)c(CCC(=O)NS(C)(=O)=O)n2C(=O)c1ccc(Cl)cc1,0.34,0.4685210829577448,1,train
COc1ccc2c(c1)c(CC(=O)O)cn2C(=O)c1ccc(Cl)cc1,0.96,0.0177287669604316,1,train
COc1ccc2c(c1)c(CC(=O)NS(=O)(=O)C(F)(F)F)c(C)n2C(=O)c1ccc(Cl)cc1,0.74,0.1307682802690238,0,train
COc1ccc2c(c1)c(CCC(=O)O)c(C)n2C(=O)c1ccc(Cl)cc1,0.22,0.6575773191777937,1,test
COc1ccc2c(c1)c(CC(=O)O)c(C)n2C(=O)c1ccc(C)cc1,0.16,0.7958800173440752,1,train
COc1ccc2c(c1)c(CC(=O)O)c(C)n2C(=O)c1ccc(CCl)cc1,0.1199999999999999,0.9208187539523752,1,train
COc1ccc2c(c1)c(CC(=O)O)c(C)n2C(=O)c1ccc(C(F)(F)F)cc1,0.27,0.5686362358410126,1,train
CCc1c(CCC(=O)O)n(C(=O)c2ccc(Cl)cc2)c2ccc(OC)cc12,0.0899999999999999,1.0457574905606752,0,train
COc1ccc2c(c1)c1c(n2C(=O)c2ccc(Cl)cc2)CCC(C(=O)O)C1,0.16,0.7958800173440752,1,train
C[C@]12CC[C@@H]3c4ccc(C(=O)NCC5(C(=O)O)CCOCC5)cc4CC[C@H]3[C@@H]1CC=C2c1cncc(F)c1,1.65,-0.2174839442139062,1,train
CN(CCC(=O)O)C(=O)c1ccc2c(c1)CC[C@@H]1[C@@H]2CC[C@]2(C)C(c3cncc(F)c3)=CC[C@@H]12,1.35,-0.1303337684950061,1,train
C[C@]12CC[C@@H]3c4ccc(C(=O)NCC5(C(=O)O)CC5)cc4CC[C@H]3[C@@H]1CC=C2c1cncc(F)c1,9.699999999999998,-0.9867717342662448,0,train
C[C@]12CC[C@@H]3c4ccc(C(=O)NCC5(C(=O)O)CCCC5)cc4CC[C@H]3[C@@H]1CC=C2c1cncc(F)c1,11.400000000000004,-1.0569048513364727,0,train
CC(C)(CNC(=O)c1ccc2c(c1)CC[C@@H]1[C@@H]2CC[C@]2(C)C(c3cncc(F)c3)=CC[C@@H]12)C(=O)O,6.25,-0.7958800173440752,0,train
C[C@]12CC[C@@H]3c4ccc(C(=O)N5CCC(C(=O)O)CC5)cc4CC[C@H]3[C@@H]1CC=C2c1cncc(F)c1,21.05,-1.323252100171687,1,test
CC(C)(NC(=O)c1ccc2c(c1)CC[C@@H]1[C@@H]2CC[C@]2(C)C(c3cncc(F)c3)=CC[C@@H]12)C(=O)O,9.05,-0.9566485792052032,0,train
C[C@]12CC[C@@H]3c4ccc(C(=O)NCCCC(=O)O)cc4CC[C@H]3[C@@H]1CC=C2c1cncc(F)c1,7.65,-0.8836614351536176,0,train
C[C@]12CC[C@@H]3c4ccc(C(=O)NCCC(=O)O)cc4CC[C@H]3[C@@H]1CC=C2c1cncc(F)c1,8.9,-0.9493900066449128,0,train
C[C@]12CC[C@@H]3c4ccc(C(=O)NCC(=O)O)cc4CC[C@H]3[C@@H]1CC=C2c1cncc(F)c1,6.1,-0.785329835010767,0,train
C[C@]12CC[C@@H]3c4ccc(C(=O)N[C@@H]5CCC[C@@H]5C(=O)O)cc4CC[C@H]3[C@@H]1CC=C2c1cncc(F)c1,2.0,-0.3010299956639812,0,test
COc1cncc(C2=CC[C@H]3[C@@H]4CCc5cc(C(=O)NCC(C)(C)C(=O)O)ccc5[C@H]4CC[C@]23C)c1,13.85,-1.1414497734004674,0,test
COc1cncc(C2=CC[C@H]3[C@@H]4CCc5cc(C(=O)NCCC(=O)O)ccc5[C@H]4CC[C@]23C)c1,7.050000000000001,-0.8481891169913988,0,train
COc1cncc(C2=CC[C@H]3[C@@H]4CCc5cc(C(=O)N(C)CCC(=O)O)ccc5[C@H]4CC[C@]23C)c1,5.65,-0.7520484478194386,0,train
C[C@]12CC[C@@H]3c4ccc(C(=O)NCCC(=O)O)cc4CC[C@H]3[C@@H]1CC=C2c1cncnc1,33.650000000000006,-1.5269850685599955,0,train
C[C@]12CC[C@@H]3c4ccc(C(=O)NCCCC(=O)O)cc4CC[C@H]3[C@@H]1CC=C2c1cncnc1,27.65,-1.441695135640717,0,train
CN(CCC(=O)O)C(=O)c1ccc2c(c1)CC[C@@H]1[C@@H]2CC[C@]2(C)C(c3cncnc3)=CC[C@@H]12,26.7,-1.4265112613645752,1,test
CC(C)(CNC(=O)c1ccc2c(c1)CC[C@@H]1[C@@H]2CC[C@]2(C)C(c3cncnc3)=CC[C@@H]12)C(=O)O,45.9,-1.6618126855372612,0,train
C[C@]12CC[C@@H]3c4ccc(C(=O)NCCC(=O)O)cc4CC[C@H]3[C@@H]1CC=C2c1cncc(C(F)(F)F)c1,8.5,-0.9294189257142929,0,test
CN(CCC(=O)O)C(=O)c1ccc2c(c1)CC[C@@H]1[C@@H]2CC[C@]2(C)C(c3cncc(C(F)(F)F)c3)=CC[C@@H]12,4.2,-0.6232492903979004,0,train
C[C@]12C[C@H](F)[C@@H]3c4ccc(C(=O)NCCCC(=O)O)cc4CC[C@H]3[C@@H]1CC=C2c1cncc(F)c1,22.95000000000001,-1.3607826898732802,0,train
Cc1cc(C2=CC[C@H]3[C@@H]4CCc5cc(C(=O)N(C)CCC(=O)O)ccc5[C@H]4CC[C@]23C)cnn1,0.5,0.3010299956639812,0,train
CN(CCC(=O)O)C(=O)c1ccc2c(c1)CC[C@@H]1[C@@H]2CC[C@]2(C)C(c3cccnc3)=CC[C@@H]12,2.5,-0.3979400086720376,1,train
COc1cncc(C2=CC[C@H]3[C@@H]4CCc5cc(C(=O)NCCCC(=O)O)ccc5[C@H]4CC[C@]23C)c1,9.25,-0.9661417327390326,0,train
O=C(NCCCc1ccc(O)cc1)c1cc2ccc(O)cc2oc1=O,1600.000000000001,-3.204119982655925,0,train
O=C(NCCCc1ccc(F)cc1)c1cc2ccc(O)cc2oc1=O,470.00000000000006,-2.672097857935717,0,train
Cn1nnc(O)c1C(=O)Nc1cccc(C(F)(F)F)c1,32789.999999999985,-4.515741416669365,0,train
COc1ccc(Cn2nnc(O)c2C(=O)Nc2cccc(C(F)(F)F)c2)cc1,309.99999999999994,-2.4913616938342726,0,train
COc1ccc(Cn2nnc(O)c2C(=O)Nc2cccc(C(F)(F)F)c2)cc1OC,400.0000000000001,-2.6020599913279625,0,train
O=C(Nc1cccc(C(F)(F)F)c1)c1c(O)nnn1Cc1ccc(OC(F)(F)F)cc1,189.99999999999997,-2.278753600952829,0,train
Oc1noc2cccc(Nc3cccc(C(F)(F)F)c3)c12,549.9999999999998,-2.740362689494244,0,train
Oc1noc2ccc(Nc3cccc(C(F)(F)F)c3)cc12,3479.999999999998,-3.5415792439465807,0,train
Oc1noc2cccc(Nc3cc(C(F)(F)F)cc(C(F)(F)F)c3)c12,259.9999999999999,-2.4149733479708178,0,test
O=[N+]([O-])c1cccc(Nc2cccc3onc(O)c23)c1,1409.999999999999,-3.14921911265538,0,train
Oc1noc2cccc(Nc3cccc(S(F)(F)(F)(F)F)c3)c12,309.99999999999994,-2.4913616938342726,0,train
C[C@]12CC[C@H]3[C@@H](CC[C@H]4c5cccnc5CC[C@@]43C)[C@@H]1CC(=O)OC2,15000.000000000004,-4.176091259055681,0,train
CCCc1nn(-c2ccccc2F)c2c1C(c1cc(OC)c(O)c([N+](=O)[O-])c1)C(C#N)=C(N)O2,682.9999999999997,-2.8344207036815323,0,test
CCCc1nn(-c2ccccn2)c2c1C(c1cc(OC)c(O)c([N+](=O)[O-])c1)C(C#N)=C(N)O2,5050.0,-3.703291378118661,0,test
CCCc1nn(C2CCOC2)c2c1C(c1cc(OC)c(O)c([N+](=O)[O-])c1)C(C#N)=C(N)O2,778.0000000000001,-2.890979596989689,0,train
CCCc1nn(C2CCCC2)c2c1C(c1cc(OC)c(O)c([N+](=O)[O-])c1)C(C#N)=C(N)O2,1829.9999999999995,-3.2624510897304293,0,train
CCCc1nn(C)c2c1C(c1cc(OC)c(O)c([N+](=O)[O-])c1)C(C#N)=C(N)O2,509.9999999999999,-2.7075701760979363,0,train
CCCc1n[nH]c2c1C(c1ccc(O)cc1)C(C#N)=C(N)O2,6730.000000000002,-3.828015064223977,0,train
CCCc1n[nH]c2c1C(c1ccc(O)c(O)c1)C(C#N)=C(N)O2,3959.999999999999,-3.597695185925512,0,train
CCCc1n[nH]c2c1C(c1ccc(O)c(OC)c1)C(C#N)=C(N)O2,16500.000000000015,-4.217483944213907,0,train
CCCc1n[nH]c2c1C(c1ccc(O)c([N+](=O)[O-])c1)C(C#N)=C(N)O2,277.99999999999994,-2.444044795918076,0,test
O=C(O)c1ccc2c(c1)C(=O)N(c1nccs1)C2=O,24199.99999999999,-4.383815365980431,0,train
COC(=O)c1sc(C)nc1NC(=O)/C(=N/Nc1ccccc1C(=O)O)C(C)=O,15500.000000000013,-4.190331698170292,0,train
Cc1[nH][nH]c(=O)c1C(c1ccc(OS(=O)(=O)c2ccc(F)cc2)cc1)c1c(C)[nH][nH]c1=O,15200.000000000002,-4.181843587944773,0,test
NNC(=O)CSc1nnc(-c2ccncc2)n1/N=C/c1ccccc1Cl,14800.000000000004,-4.1702617153949575,0,train
COc1ccc(N2C(C(=O)c3ccccc3)=C(O)C(=O)C2c2ccc(F)cc2)c(OC)c1,7799.999999999999,-3.89209460269048,0,train
O=[N+]([O-])c1ccc(COP(=O)(O)OCc2ccc([N+](=O)[O-])cc2)cc1,7219.999999999997,-3.858537197569639,0,test
Nc1cc(O)nc(/C=C/c2cccc(Cl)c2)c1,5540.000000000002,-3.74350976472843,0,train
O=C1C=C/C(=C\NNc2nc(N3CCOCC3)nc(N3CCOCC3)n2)C=C1[N+](=O)[O-],1460.0000000000002,-3.164352855784437,0,train
CCCc1n[nH]c2c1C(c1cc(OC)c(O)c([N+](=O)[O-])c1)C(C#N)=C(N)O2,226.9999999999999,-2.3560258571931225,0,train
COc1cc(C2C(C#N)=C(N)Oc3[nH]nc(CCCc4ccccc4)c32)cc([N+](=O)[O-])c1O,469.0000000000001,-2.671172842715084,0,train
COc1cc(C2C(C#N)=C(N)Oc3[nH]nc(CCC4CCCCC4)c32)cc([N+](=O)[O-])c1O,287.00000000000006,-2.4578818967339924,0,train
COc1cc(C2C(C#N)=C(N)Oc3[nH]nc(CCC4CCCC4)c32)cc([N+](=O)[O-])c1O,237.00000000000009,-2.374748346010104,0,train
COc1cc(C2C(C#N)=C(N)Oc3[nH]nc(CC(C)(C)C)c32)cc([N+](=O)[O-])c1O,480.0,-2.681241237375587,0,test
COc1cc(C2C(C#N)=C(N)Oc3[nH]nc(CCCC(C)C)c32)cc([N+](=O)[O-])c1O,730.0,-2.863322860120456,0,train
COc1cc(C2C(C#N)=C(N)Oc3[nH]nc(CCC(C)C)c32)cc([N+](=O)[O-])c1O,676.0,-2.829946695941636,0,test
CCCCCCCc1n[nH]c2c1C(c1cc(OC)c(O)c([N+](=O)[O-])c1)C(C#N)=C(N)O2,683.9999999999999,-2.835056101720116,0,train
CCCCCCc1n[nH]c2c1C(c1cc(OC)c(O)c([N+](=O)[O-])c1)C(C#N)=C(N)O2,168.0,-2.225309281725863,0,train
CCCCCc1n[nH]c2c1C(c1cc(OC)c(O)c([N+](=O)[O-])c1)C(C#N)=C(N)O2,160.00000000000009,-2.204119982655925,0,train
CCCCc1n[nH]c2c1C(c1cc(OC)c(O)c([N+](=O)[O-])c1)C(C#N)=C(N)O2,212.99999999999997,-2.3283796034387376,0,train
CCc1n[nH]c2c1C(c1cc(OC)c(O)c([N+](=O)[O-])c1)C(C#N)=C(N)O2,254.99999999999991,-2.406540180433955,0,train
COc1cc(C2C(C#N)=C(N)Oc3[nH]nc(C)c32)cc([N+](=O)[O-])c1O,533.0000000000001,-2.7267272090265724,0,train
O=C(O)c1cc2c(cc1C(=O)O)CN1C(=O)CCC1C2,23110.000000000007,-4.363799945479109,0,train
CCOC(=O)c1cc2c(cc1C(=O)OCC)CN1C(=O)CCC1C2,11690.000000000004,-4.06781451116184,0,train
CC(C)=CCc1cc(/C=C/C(=O)O)ccc1NC(=O)Cc1cccc2ccccc12,1799.9999999999998,-3.255272505103306,0,train
CC(C)=CCc1cc(/C=C/C(=O)O)ccc1NC(=O)CC1CCCCC1,2800.0000000000014,-3.4471580313422194,0,train
CC(C)=CCc1cc(/C=C/C(=O)O)ccc1OC(=O)CCc1ccccc1F,124.99999999999994,-2.096910013008056,1,train
CC(C)=CCc1cc(/C=C/C(=O)O)ccc1OC(=O)CCc1cccc(F)c1,156.0,-2.1931245983544616,0,train
CC(C)=CCc1cc(/C=C/C(=O)O)ccc1OC(=O)CCc1ccc(F)cc1,135.0,-2.130333768495006,0,test
COc1ccccc1CCC(=O)Oc1ccc(/C=C/C(=O)O)cc1CC=C(C)C,135.0,-2.130333768495006,0,train
COc1cccc(CCC(=O)Oc2ccc(/C=C/C(=O)O)cc2CC=C(C)C)c1,126.0,-2.100370545117563,0,train
COc1ccc(CCC(=O)Oc2ccc(/C=C/C(=O)O)cc2CC=C(C)C)cc1,132.00000000000006,-2.12057393120585,0,train
O=C(O)/C=C/c1ccc(Br)c(O)c1,37999.99999999999,-4.57978359661681,0,train
C=CCc1ccc(/C=C/C(=O)O)cc1OC(=O)CCc1ccccc1,273.0,-2.436162647040756,0,train
CC(C)=CCc1ccc(/C=C/C(=O)O)cc1NC(=O)/C=C/c1ccccc1,98.0,-1.9912260756924949,0,train
O=C(O)/C=C/c1ccc(-c2cccc(CO)c2)c(NC(=O)CCc2ccccc2)c1,540.0000000000001,-2.7323937598229686,0,train
CC(C)=CCc1ccc(/C=C/C(=O)O)cc1NC(=O)CCc1ccccc1F,98.0,-1.9912260756924949,0,test
CC(C)=CCc1ccc(/C=C/C(=O)O)cc1NC(=O)CCc1cccc(F)c1,76.0,-1.8808135922807916,0,train
CC(C)=CCc1ccc(/C=C/C(=O)O)cc1NC(=O)CCc1ccc(F)cc1,91.0,-1.9590413923210936,0,train
COc1ccccc1CCC(=O)Nc1cc(/C=C/C(=O)O)ccc1CC=C(C)C,81.0,-1.9084850188786495,0,train
COc1cccc(CCC(=O)Nc2cc(/C=C/C(=O)O)ccc2CC=C(C)C)c1,89.0,-1.9493900066449128,0,train
COc1ccc(CCC(=O)Nc2cc(/C=C/C(=O)O)ccc2CC=C(C)C)cc1,93.99999999999996,-1.9731278535996983,0,train
CC(C)=CCc1ccc(/C=C/C(=O)O)cc1NC(=O)CCc1cccc(OS(=O)(=O)c2ccc(C)cc2)c1,179.99999999999997,-2.255272505103306,0,test
CC(C)=CCc1ccc(/C=C/C(=O)O)cc1NC(=O)CCc1ccc(OS(=O)(=O)c2ccc(C)cc2)cc1,189.99999999999997,-2.278753600952829,0,train
CC(C)=CCc1ccc(/C=C/C(=O)O)cc1NC(=O)CCc1cccc(O)c1,140.00000000000006,-2.146128035678238,0,train
CC(C)=CCc1ccc(/C=C/C(=O)O)cc1NC(=O)CCc1ccc(O)cc1,109.99999999999996,-2.041392685158225,0,train
CC(C)=CCc1cc(/C=C/C(=O)O)cc(NC(=O)CCc2ccccc2)c1,130.00000000000006,-2.113943352306837,0,train
O=C(O)/C=C/c1cc(NC(=O)CCc2ccccc2)cc(-c2cccc(CO)c2)c1,1199.9999999999995,-3.0791812460476247,0,train
CC(C)=CCc1cc(/C=C/C(=O)O)cc(C(=O)NCCc2ccccc2)c1,70.00000000000001,-1.845098040014257,0,train
CC(C)=CCc1cc(/C=C/C(=O)O)cc(C(=O)OCCc2ccccc2)c1,119.99999999999996,-2.0791812460476247,0,train
O=C(O)/C=C/c1cc(C(=O)NCCc2ccccc2)cc(-c2cccc(CO)c2)c1,330.00000000000006,-2.5185139398778875,0,test
C=CCc1cc(/C=C/C(=O)O)cc(C(=O)NCCc2ccccc2)c1,259.9999999999999,-2.4149733479708178,0,test
CC(C)=CCc1cc(/C=C/C(=O)O)ccc1NC(=O)CCCc1ccccc1,866.0000000000003,-2.937517892017347,0,train
CC(=O)Nc1ccc(/C=C/C(=O)O)cc1CC=C(C)C,3600.0,-3.5563025007672877,0,train
CCCCCC(=O)Oc1ccc(/C=C/C(=O)O)cc1CC=C(C)C,300.0000000000001,-2.4771212547196626,0,train
CC(C)=CCc1cc(/C=C/C(=O)O)ccc1OC(=O)c1ccncc1,1799.9999999999998,-3.255272505103306,1,test
CC(C)=CCc1cc(/C=C/C(=O)O)ccc1OC(=O)c1ccccc1,347.9999999999999,-2.5415792439465807,0,train
CC(C)=CCc1cc(/C=C/C(=O)O)ccc1OC(=O)Cc1cccc2ccccc12,370.0,-2.568201724066995,0,train
CC(C)=CCc1cc(/C=C/C(=O)O)ccc1OC(=O)CC1CCCCC1,453.0,-2.656098202012832,0,train
CC(C)=CCc1cc(/C=C/C(=O)O)ccc1OC(=O)CCCc1ccccc1,232.99999999999997,-2.367355921026019,1,train
CC(=O)Oc1ccc(/C=C/C(=O)O)cc1CC=C(C)C,440.0,-2.6434526764861874,0,train
O=C(O)/C=C/c1cc(-c2cccc(CO)c2)ccc1NC(=O)CCc1ccccc1,1000.0,-3.0,0,test
CC(C)=CCc1ccc(NC(=O)CCc2ccccc2)c(/C=C/C(=O)O)c1,200.00000000000003,-2.3010299956639813,1,train
CC1(C)OB(/C=C/c2ccc(Br)c(NC(=O)CCc3ccccc3)c2)OC1(C)C,16000.00000000001,-4.204119982655925,0,train
CC(C)=CCc1cc(/C=C/B(O)O)ccc1OC(=O)CCc1ccccc1,2300.000000000001,-3.361727836017593,1,test
CC(C)=CCc1cc(/C=C/B2OC(C)(C)C(C)(C)O2)ccc1OC(=O)CCc1ccccc1,6600.000000000002,-3.8195439355418688,0,train
CC(C)=CCc1cc(/C=C/C(=O)O)cc(C(=O)NCc2ccc(N(C)C)cc2)c1,60.0,-1.7781512503836436,0,test
CC(C)=CCc1cc(/C=C/C(=O)O)cc(C(=O)NCc2ccc(C)cc2)c1,70.00000000000001,-1.845098040014257,0,train
CC(C)=CCc1cc(/C=C/C(=O)O)cc(C(=O)NCc2cccc(OC(F)(F)F)c2)c1,130.00000000000006,-2.113943352306837,0,train
CC(C)=CCc1cc(/C=C/C(=O)O)cc(C(=O)NCc2ccc(OC(F)(F)F)cc2)c1,109.99999999999996,-2.041392685158225,0,train
COc1ccc(CNC(=O)c2cc(/C=C/C(=O)O)cc(CC=C(C)C)c2)cc1,70.00000000000001,-1.845098040014257,0,test
COc1ccc(CCNC(=O)c2cc(/C=C/C(=O)O)cc(CC=C(C)C)c2)cc1,109.99999999999996,-2.041392685158225,0,train
CC(C)=CCc1cc(/C=C/C(=O)O)cc(C(=O)NCCc2ccc(F)cc2)c1,100.0,-2.0,0,train
COc1cccc(COc2cc(/C=C/C(=O)O)cc(C(=O)NCCc3ccccc3)c2)c1,290.0,-2.462397997898956,0,train
O=C(O)/C=C/c1cc(OCc2ccccc2)cc(C(=O)NCCc2ccccc2)c1,160.00000000000009,-2.204119982655925,0,train
COc1ccc2[nH]c(C(=O)N3CCC(CC(C)(C)O)CC3)cc2c1,119.99999999999996,-2.0791812460476247,0,test
COc1ccc2c(c1)c(Cc1nn(C)nc1O)c(C)n2C(=O)c1ccc(Cl)cc1,940.0000000000002,-2.9731278535996988,0,test
COc1ccc2c(c1)c(Cc1nonc1O)c(C)n2C(=O)c1ccc(Cl)cc1,300.0000000000001,-2.4771212547196626,0,train
COc1ccc2cc([C@@H](C)C(=O)O)ccc2c1,49.99999999999999,-1.6989700043360187,0,train
CCc1ccc2cc(C(C)C(=O)O)ccc2c1,119.99999999999996,-2.0791812460476247,0,train
CCOc1ccc2cc(C(C)C(=O)O)ccc2c1,100.0,-2.0,0,train
CC(C(=O)O)c1ccc2cc([S+](C)O)ccc2c1,1050.0000000000005,-3.0211892990699383,0,train
CC(C(=O)O)c1ccc2cc(S(C)(=O)=O)ccc2c1,820.0,-2.9138138523837167,0,train
CCC(C(=O)NS(C)(=O)=O)c1ccc2cc(OC)ccc2c1,6000.000000000003,-3.778151250383644,0,train
COc1ccc2cc(CC(=O)O)ccc2c1,650.0000000000002,-2.812913356642856,0,train
C[C@@H]1C(O)=C(C(N)=O)C(=O)[C@@]2(O)C(O)=C3C(=O)c4c(O)cccc4[C@@](C)(O)[C@H]3C[C@@H]12,501.1899999999998,-2.7000023971422538,0,train
CC(C)c1cccc(NC(=O)c2cc3cccc(O)c3oc2=N)c1,47.00000000000001,-1.6720978579357175,0,train
CC(C)c1ccccc1NC(=O)c1cc2cccc(O)c2oc1=N,30.0,-1.4771212547196624,0,train
N=c1oc2c(O)cccc2cc1C(=O)Nc1ccc(C(F)(F)F)cc1C(F)(F)F,58.00000000000001,-1.7634279935629371,0,train
N=c1oc2c(O)cccc2cc1C(=O)Nc1ccc(C(F)(F)F)cc1,23.999999999999996,-1.380211241711606,0,test
N=c1oc2c(O)cccc2cc1C(=O)Nc1cccc(C(F)(F)F)c1,49.99999999999999,-1.6989700043360187,0,test
N=c1oc2c(O)cccc2cc1C(=O)Nc1ccccc1C(F)(F)F,20.000000000000004,-1.3010299956639813,0,train
N=c1oc2c(O)cccc2cc1C(=O)Nc1cc(F)c(F)c(F)c1,47.00000000000001,-1.6720978579357175,0,train
N=c1oc2c(O)cccc2cc1C(=O)Nc1ccc(F)c(F)c1,220.0,-2.342422680822206,0,train
N=c1oc2c(O)cccc2cc1C(=O)Nc1cccc(O)c1,60.0,-1.7781512503836436,0,train
CCc1ccc(NC(=O)c2cc3cccc(O)c3oc2=N)cc1,45.00000000000001,-1.6532125137753435,0,train
CCc1cccc(NC(=O)c2cc3cccc(O)c3oc2=N)c1,34.0,-1.5314789170422551,0,test
CCc1ccccc1NC(=O)c1cc2cccc(O)c2oc1=N,21.0,-1.3222192947339193,0,train
Cc1ccc(NC(=O)c2cc3cccc(O)c3oc2=N)cc1,27.000000000000004,-1.4313637641589874,0,train
Cc1cccc(NC(=O)c2cc3cccc(O)c3oc2=N)c1,55.00000000000001,-1.740362689494244,0,train
Cc1ccccc1NC(=O)c1cc2cccc(O)c2oc1=N,52.00000000000001,-1.7160033436347992,0,train
N=c1oc2c(O)cccc2cc1C(=O)Nc1ccc(Cl)cc1,52.00000000000001,-1.7160033436347992,0,train
N=c1oc2c(O)cccc2cc1C(=O)Nc1cccc(Cl)c1,46.0,-1.662757831681574,0,train
N=c1oc2c(O)cccc2cc1C(=O)Nc1ccccc1Cl,56.00000000000001,-1.7481880270062005,0,train
N=c1oc2c(O)cccc2cc1C(=O)Nc1ccc(F)cc1,25.000000000000007,-1.3979400086720375,0,train
N=c1oc2c(O)cccc2cc1C(=O)Nc1cccc(F)c1,29.0,-1.462397997898956,0,train
N=c1oc2c(O)cccc2cc1C(=O)Nc1ccccc1F,63.99999999999999,-1.806179973983887,0,train
N=c1oc2c(O)cccc2cc1C(=O)Nc1ccccc1,36.0,-1.5563025007672873,0,train
N=c1oc2cccc(O)c2cc1C(=O)Nc1ccc(F)cc1,370.0,-2.568201724066995,0,train
O=C(O)c1cccc(Nc2ccc([N+](=O)[O-])c3c([N+](=O)[O-])cccc23)c1,53.000000000000014,-1.7242758696007892,0,test
CC(=O)c1ccc(Nc2cccc(C(=O)O)c2)c2ccccc12,82.0,-1.9138138523837167,0,test
CO[C@@H]1C=C[C@@]23c4cc5c(cc4CO[C@]2(O)CN(C)[C@H]3C1)OCO5,15800.000000000016,-4.198657086954423,0,train
CCCCC/C=C\C/C=C\CCCCCCCC(=O)O,689.9999999999999,-2.838849090737255,0,test
CCC1=C(C)CN(C(=O)NCCc2ccc(S(=O)(=O)NC(=O)N[C@H]3CC[C@H](C)CC3)cc2)C1=O,850.0000000000002,-2.929418925714293,0,train
Cc1ccc(S(=O)(=O)NC(=O)NN2CC3CCCC3C2)cc1,19619.999999999985,-4.292699003043929,0,train
CCc1cnn2c(NCc3ccc[n+]([O-])c3)cc(N3CCCC[C@H]3CCO)nc12,230.00000000000009,-2.361727836017593,0,train
CC(C)C(CO)Nc1nc(Nc2cccc(Cl)c2)c2ncn(C(C)C)c2n1,6580.000000000004,-3.818225893613956,0,train
CCC(CO)Nc1nc(NCc2ccccc2)c2ncn(C(C)C)c2n1,2150.0000000000005,-3.3324384599156054,0,train
CCCCCCCCOC(=O)c1cc(O)c(O)c(O)c1,2560.0,-3.4082399653118496,0,test
COc1ccc(Cn2nnc(O)c2C(=O)Nc2cc(C(F)(F)F)cc(C(F)(F)F)c2)cc1,400.0000000000001,-2.6020599913279625,0,train
COc1ccc(Cn2nnc(O)c2C(=O)Nc2ccc(-c3ccccc3)cc2)cc1,470.00000000000006,-2.672097857935717,0,test
COc1ccc(Cn2nnc(O)c2C(=O)Nc2cccc(-c3ccccc3)c2)cc1,68.99999999999999,-1.8388490907372552,0,train
COc1ccc(Cn2nnc(O)c2C(=O)Nc2cccc(-c3ccc(O)cc3)c2)cc1,309.99999999999994,-2.4913616938342726,0,train
COc1ccc(Cn2nnc(O)c2C(=O)Nc2cccc(-c3cccc(O)c3)c2)cc1,209.99999999999991,-2.322219294733919,0,train
COc1ccc(Cn2nnc(O)c2C(=O)Nc2cccc(-c3ccc(OC)cc3)c2)cc1,220.0,-2.342422680822206,0,test
COc1ccc(Cn2nnc(O)c2C(=O)Nc2cccc(-c3cccc(OC)c3)c2)cc1,259.9999999999999,-2.4149733479708178,0,train
COc1ccc(Cn2nnc(O)c2C(=O)Nc2ccc(Oc3ccccc3)cc2)cc1,270.00000000000006,-2.431363764158988,0,train
COc1ccc(Cn2nnc(O)c2C(=O)Nc2cccc(Oc3ccccc3)c2)cc1,109.99999999999996,-2.041392685158225,0,test
COc1ccc(Cn2nnc(O)c2C(=O)Nc2ccc3c(c2)ncn3-c2ccccc2)cc1,1629.9999999999995,-3.2121876044039577,0,train
COc1ccc(Cc2onc(O)c2C(=O)Nc2cccc(-c3ccccc3)c2)cc1,189.99999999999997,-2.278753600952829,0,test
CC(=O)c1c[nH]c(C(=O)NCc2ccc(CS(N)(=O)=O)cc2)c1,2080.0,-3.318063334962761,0,train
CCOc1ccc2c(c1)CC(C(=O)N(C)Cc1cc(C(=O)O)c(C)o1)CO2,130.00000000000006,-2.113943352306837,0,train
Cc1noc(C)c1COc1ccccc1C(=O)NCCc1ccc(S(N)(=O)=O)cc1,160.00000000000009,-2.204119982655925,0,test
Cc1oc(CN(C)C(=O)CCc2nc(C3CC3)no2)cc1C(=O)O,200.00000000000003,-2.3010299956639813,0,train
CCCc1cc(=O)[nH]c(SCC(=O)c2ccc3c(c2)CCCC(=O)N3)n1,189.99999999999997,-2.278753600952829,0,test
