smiles,exp_mean [nM],y,cliff_mol,split
COc1cc([C@@H]2c3cc4c(cc3C[C@H]3COC(=O)[C@@H]32)OCO4)cc(OC)c1O,2000.0,-3.3010299956639813,0,train
C=CC[C@@H](CC/C(C)=C/C=C/CC/C=C\c1csc([C@@H]2C[C@@H]2C)n1)OC,740.0000000000001,-2.869231719730976,0,test
C=CC[C@@H](CC/C(C)=C/C=C/CC/C=C\[C@@H]1CSC([C@@H]2C[C@@H]2C)=N1)OCOC,639.9999999999999,-2.806179973983887,0,train
C=CC[C@@H](CC/C(C)=C/C=C/CC/C=C\[C@@H]1CSC([C@@H]2C[C@@H]2C)=N1)OCC(F)(F)C(F)(F)C(F)(F)F,5400.000000000001,-3.7323937598229686,0,train
C=CC[C@H](O)CC/C(C)=C/C=C/CC/C=C\C1CSC([C@@H]2C[C@@H]2C)=N1,870.0000000000003,-2.9395192526186187,0,train
C=CCCC1=N[C@H](/C=C\CC/C=C/C=C(\C)CC[C@H](CC=C)OC)CS1,919.9999999999995,-2.963787827345555,0,train
CCC[C@@H](CC/C(C)=C/C=C/CCCCC1CSC([C@@H]2C[C@@H]2C)=N1)OC,4599.999999999998,-3.662757831681574,0,train
C=CC[C@@H](CC/C(C)=C/C=C/CC/C=C\[C@H](CSC(=O)[C@@H]1C[C@@H]1C)NC(C)=O)OC,1500.0000000000005,-3.1760912590556813,0,train
CCC[C@@H](CC/C(C)=C/C=C/CC/C=C\[C@@H]1CSC([C@@H]2C[C@@H]2C)=N1)OC,1199.9999999999995,-3.0791812460476247,0,train
C=CCC1(CC/C(C)=C/C=C/CC/C=C\[C@@H]2CSC([C@@H]3C[C@@H]3C)=N2)OCCO1,779.9999999999999,-2.8920946026904804,0,train
C=CC[C@@H](CC/C(C)=C/C=C/CC/C=C\[C@H](CSC)NC(C)=O)OC,3300.0000000000005,-3.5185139398778875,0,train
C=CC[C@@H](CC/C=C/C=C/CC/C=C\[C@@H]1CSC([C@@H]2C[C@@H]2C)=N1)OC,4799.999999999999,-3.681241237375587,0,train
COc1cc2c(c(OC)c1OC)-c1ccc(SC)c(=O)cc1C(=O)CC2,760.0,-2.880813592280792,0,train
COc1cc2c(c(OC)c1OC)-c1ccc(SC)c(=O)cc1[C@@H](NC(C)=O)CC2,650.0000000000002,-2.812913356642856,1,test
COc1cc2c(c(OC)c1OC)-c1ccc(SC)c(=O)cc1[C@@H](N)CC2,1300.0000000000005,-3.113943352306837,0,test
COc1cc2c(c(OC)c1OC)-c1ccc(SC)c(=O)cc1C(OC(=O)c1ccccc1)CC2,1400.0000000000005,-3.146128035678238,0,train
COc1cc2c(c(OC)c1OC)-c1ccc(SC)c(=O)cc1C(O)CC2,1199.9999999999995,-3.0791812460476247,0,train
COc1cc2c(c(OC)c1OC)-c1ccc(SC)c(=O)cc1C(Br)CC2,1099.9999999999998,-3.041392685158225,0,train
COc1ccc(-c2oc3c(OC)c(OC)c(OC)c(O)c3c(=O)c2OC)cc1O,829.9999999999997,-2.9190780923760737,0,train
COc1cccc(-c2cc(O)c3cc(N4CCCC4)ccc3n2)c1,440.0,-2.6434526764861874,0,train
COc1ccc(C[C@H]2NC(=O)/C=C/C[C@@H]([C@H](C)[C@H]3O[C@@H]3c3ccccc3)OC(=O)[C@H](CC(C)C)OC(=O)[C@H](C)CNC2=O)cc1Cl,3700.0,-3.568201724066995,0,train
COc1ccc(C[C@H]2NC(=O)/C=C/C[C@@H]([C@H](C)[C@H]3O[C@@H]3c3ccccc3)OC(=O)[C@H](CC(C)C)OC(=O)CCNC2=O)cc1,15000.000000000004,-4.176091259055681,0,test
COc1ccc(C[C@H]2NC(=O)/C=C/C[C@@H]([C@H](C)[C@H]3O[C@@H]3c3ccc(C(=O)c4ccccc4)cc3)OC(=O)[C@H](CC(C)C)OC(=O)CCNC2=O)cc1,7400.000000000001,-3.869231719730976,0,test
Oc1cc(-c2ccccc2)nc2ccccc12,7300.0,-3.863322860120456,0,train
COc1ccc(-c2oc3cc(O)c(OC)c(O)c3c(=O)c2OC)cc1O,2000.0,-3.3010299956639813,0,train
COc1cc(OC)c(-c2oc3ccccc3c(=O)c2O)c(OC)c1,31000.00000000003,-4.491361693834273,0,train
COc1ccc(-c2oc3cc(O)cc(O)c3c(=O)c2OC)cc1O,3000.0000000000014,-3.4771212547196626,0,train
COc1cc2c(c(OC)c1OC)-c1ccc(SC)c(=O)cc1[C@@H](NC(=O)c1ccc(C#N)cc1)CC2,1899.9999999999995,-3.278753600952829,0,train
COc1cc2c(c(OC)c1OC)-c1ccc(SC)c(=O)cc1[C@@H](NC(=O)c1ccc(Cl)cc1)CC2,2300.000000000001,-3.361727836017593,0,train
COc1cc2c(c(OC)c1OC)-c1ccc(SC)c(=O)cc1[C@@H](NCc1cccc([N+](=O)[O-])c1)CC2,2800.0000000000014,-3.4471580313422194,0,train
COc1cc(C(=O)N[C@H]2CCc3cc(OC)c(OC)c(OC)c3-c3ccc(SC)c(=O)cc32)cc(OC)c1OC,3000.0000000000014,-3.4771212547196626,0,train
COc1cc2c(c(OC)c1OC)-c1ccc(SC)c(=O)cc1[C@@H](NC(=O)c1ccc(F)cc1)CC2,2399.9999999999995,-3.380211241711606,0,train
COc1cc2c(c(OC)c1OC)-c1ccc(SC)c(=O)cc1[C@@H](NCc1ccccc1[N+](=O)[O-])CC2,3199.999999999999,-3.505149978319906,0,train
COc1cc2c(c(OC)c1OC)-c1ccc(SC)c(=O)cc1[C@@H](NC(=O)c1cccc([N+](=O)[O-])c1)CC2,3399.999999999998,-3.531478917042255,0,train
CCCCCC(=O)N[C@H]1CCc2cc(OC)c(OC)c(OC)c2-c2ccc(SC)c(=O)cc21,2300.000000000001,-3.361727836017593,0,train
COc1cc2c(c(OC)c1OC)-c1ccc(SC)c(=O)cc1[C@@H](NCc1ccc([N+](=O)[O-])cc1)CC2,2800.0000000000014,-3.4471580313422194,0,test
COc1cc2c(c(OC)c1OC)-c1ccc(SC)c(=O)cc1[C@@H](NCc1ccc(F)cc1)CC2,2300.000000000001,-3.361727836017593,0,train
COc1cc2c(c(OC)c1OC)-c1ccc(SC)c(=O)cc1[C@@H](NC(=O)c1ccc([N+](=O)[O-])cc1)CC2,2099.999999999999,-3.322219294733919,0,train
COc1cc2c(c(OC)c1OC)-c1ccc(SC)c(=O)cc1[C@@H](NCc1ccc(C#N)cc1)CC2,2300.000000000001,-3.361727836017593,0,train
COc1ccc(CN[C@H]2CCc3cc(OC)c(OC)c(OC)c3-c3ccc(SC)c(=O)cc32)c(OC)c1OC,2499.9999999999995,-3.397940008672037,0,train
COc1cc2c(c(OC)c1OC)-c1ccc(SC)c(=O)cc1[C@@H](NC(=O)c1ccc(OC(C)=O)cc1)CC2,2099.999999999999,-3.322219294733919,0,train
COc1cc(CN[C@H]2CCc3cc(OC)c(OC)c(OC)c3-c3ccc(SC)c(=O)cc32)cc(OC)c1,3399.999999999998,-3.531478917042255,0,train
COc1cc2c(c(OC)c1OC)-c1ccc(SC)c(=O)cc1[C@@H](NCc1cccc(C#N)c1)CC2,2499.9999999999995,-3.397940008672037,0,train
COc1c(O)c(O)cc2c1-c1ccc(SC)c(=O)cc1[C@@H](NC(C)=O)CC2,4000.000000000001,-3.6020599913279625,0,train
COc1cc2c(c(O)c1OC)-c1ccc(SC)c(=O)cc1[C@@H](NC(C)=O)CC2,4000.000000000001,-3.6020599913279625,0,test
COc1cc2c(c(OC)c1O)-c1ccc(SC)c(=O)cc1[C@@H](NC(C)=O)CC2,2000.0,-3.3010299956639813,0,train
COc1cc2c(c(O)c1O)-c1ccc(SC)c(=O)cc1[C@@H](NC(C)=O)CC2,4000.000000000001,-3.6020599913279625,0,train
COc1c(O)cc2c(c1OC)-c1ccc(SC)c(=O)cc1[C@@H](NC(C)=O)CC2,2000.0,-3.3010299956639813,0,train
Oc1nc(/C=C/c2ccccc2)nc2cc(Cl)ccc12,17000.000000000007,-4.230448921378274,0,train
CN1CCN(C(Cc2nc(O)c3cc(Cl)ccc3n2)c2ccccc2)CC1,5300.000000000001,-3.724275869600789,0,test
COc1ccc2nc(CC(c3ccccc3)N3CCCCC3)nc(O)c2c1,14000.000000000004,-4.146128035678238,0,test
C=CCC(NC(=O)[C@@]1(O)[C@H](O)[C@]2(CC)C=CCN3CC[C@@]4(c5cc([C@@]6(C(=O)OC)C[C@@H]7CN(CCc8c6[nH]c6ccccc86)C[C@](O)(CC)C7)c(OC)cc5N(C)[C@@H]14)[C@@H]32)P(=O)(OCC)OCC,300.0000000000001,-2.4771212547196626,1,train
Oc1nc(CCc2ccccc2)nc2ccc(Cl)cc12,7300.0,-3.863322860120456,0,test
Oc1nc(/C=C/c2ccccc2)nc2ccc(Br)cc12,2000.0,-3.3010299956639813,0,train
CCOC(=O)C(Cc1c[nH]c2ccccc12)NC(=O)[C@@]1(O)[C@H](O)[C@]2(CC)C=CCN3CC[C@@]4(c5cc([C@@]6(C(=O)OC)C[C@@H]7CN(CCc8c6[nH]c6ccccc86)C[C@](O)(CC)C7)c(OC)cc5N(C)[C@@H]14)[C@@H]32,200.00000000000003,-2.3010299956639813,0,test
COc1ccc2c(O)nc(/C=C/c3ccccc3)nc2c1,5700.000000000001,-3.755874855672492,0,test
CCOP(=O)(CNC(=O)[C@@]1(O)[C@H](O)[C@]2(CC)C=CCN3CC[C@@]4(c5cc([C@@]6(C(=O)OC)C[C@@H]7CN(CCc8c6[nH]c6ccccc86)C[C@](O)(CC)C7)c(OC)cc5N(C)[C@@H]14)[C@@H]32)OCC,300.0000000000001,-2.4771212547196626,0,test
Cc1ccc2nc(/C=C/c3ccccc3)nc(O)c2c1,2000.0,-3.3010299956639813,0,train
CCOP(=O)(OCC)C(Cc1ccccc1)NC(=O)[C@@]1(O)[C@H](O)[C@]2(CC)C=CCN3CC[C@@]4(c5cc([C@@]6(C(=O)OC)C[C@@H]7CN(CCc8c6[nH]c6ccccc86)C[C@](O)(CC)C7)c(OC)cc5N(C)[C@@H]14)[C@@H]32,70.00000000000001,-1.845098040014257,0,train
CCCCCC(NC(=O)[C@@]1(O)[C@H](O)[C@]2(CC)C=CCN3CC[C@@]4(c5cc([C@@]6(C(=O)OC)C[C@@H]7CN(CCc8c6[nH]c6ccccc86)C[C@](O)(CC)C7)c(OC)cc5N(C)[C@@H]14)[C@@H]32)P(=O)(OCC)OCC,20.000000000000004,-1.3010299956639813,1,train
Oc1nc(/C=C/c2ccccc2)nc2ccc(Cl)cc12,2499.9999999999995,-3.397940008672037,0,train
Oc1nc(/C=C/c2ccccc2)nc2ccc(I)cc12,1400.0000000000005,-3.146128035678238,0,test
COc1cc2nc(/C=C/c3ccccc3)nc(O)c2cc1OC,3300.0000000000005,-3.5185139398778875,0,train
O=c1[nH]c(/C=C/c2ccccc2)nc2ccccc12,11000.000000000007,-4.041392685158225,0,train
CC[C@]1(O)C[C@H]2CN(CCc3c([nH]c4ccccc34)[C@@](C(=O)OC)(c3cc4c(cc3OC)N(C=O)[C@H]3[C@@](O)(C(=O)OC)[C@H](OC(C)=O)[C@]5(CC)C=CCN6CC[C@]43[C@@H]65)C2)C1,500.0,-2.6989700043360187,0,train
CC(=O)Oc1ccc2nc(/C=C/c3ccccc3)nc(O)c2c1,4000.000000000001,-3.6020599913279625,0,train
CCOC(=O)CC(NC(=O)[C@@]1(O)[C@H](O)[C@]2(CC)C=CCN3CC[C@@]4(c5cc([C@@]6(C(=O)OC)C[C@@H]7CN(CCc8c6[nH]c6ccccc86)C[C@](O)(CC)C7)c(OC)cc5N(C)[C@@H]14)[C@@H]32)P(=O)(OCC)OCC,300.0000000000001,-2.4771212547196626,1,train
COc1ccc2nc(/C=C/c3ccccc3)[nH]c(=O)c2c1,2000.0,-3.3010299956639813,0,train
Oc1nc(/C=C/c2ccccc2)nc2ccc(F)cc12,5400.000000000001,-3.7323937598229686,0,train
CCOC(=O)c1[nH]c2cc(OC)c(OC)cc2c1Sc1cc(OC)c(OC)c(OC)c1,22000.00000000002,-4.342422680822207,1,train
CCOC(=O)c1[nH]c2cc(OC)c(OC)cc2c1Sc1ccccc1,14000.000000000004,-4.146128035678238,0,train
COC(=O)c1[nH]c2ccc([N+](=O)[O-])cc2c1Sc1cc(OC)c(OC)c(OC)c1,4499.999999999998,-3.653212513775344,0,test
CCOC(=O)c1[nH]c2ccc(OC)cc2c1Sc1cc(OC)c(OC)c(OC)c1,2399.9999999999995,-3.380211241711606,0,test
CCOC(=O)c1[nH]c2ccc(OC)cc2c1Sc1cccc(OC)c1,3099.9999999999995,-3.4913616938342726,0,train
CCOC(=O)c1[nH]c2ccc(OC)cc2c1Sc1ccccc1OC,16000.00000000001,-4.204119982655925,0,train
CCOC(=O)c1[nH]c2ccc(Cl)cc2c1Sc1cc(OC)c(OC)c(OC)c1,2199.9999999999995,-3.342422680822206,0,train
COC(=O)c1[nH]c2ccc(Cl)cc2c1Sc1cc(OC)cc(OC)c1,2199.9999999999995,-3.342422680822206,0,train
COC(=O)c1[nH]c2ccc(Cl)cc2c1S(=O)(=O)c1cccc(OC)c1,31000.00000000003,-4.491361693834273,0,train
COC(=O)c1[nH]c2ccc(Cl)cc2c1Sc1cccc(OC)c1,1799.9999999999998,-3.255272505103306,0,train
COC(=O)c1[nH]c2ccc(Cl)cc2c1Sc1ccccc1OC,4199.999999999999,-3.6232492903979,0,train
CCOC(=O)c1[nH]c2ccccc2c1Sc1cc(OC)c(OC)c(OC)c1,2900.0,-3.462397997898956,0,train
CCOC(=O)c1[nH]c2ccccc2c1Sc1cccc(OC)c1,2900.0,-3.462397997898956,0,train
CCOC(=O)c1[nH]c2ccccc2c1Sc1ccccc1OC,12000.000000000007,-4.079181246047625,0,train
CC(C)OC(=O)c1[nH]c2ccccc2c1Sc1ccccc1,18000.000000000015,-4.2552725051033065,0,train
COC(=O)c1[nH]c2ccc(Cl)cc2c1Sc1cc(OC)c(OC)c(OC)c1,2499.9999999999995,-3.397940008672037,0,train
c1ccc(CNc2nccnc2-c2nnc(Nc3ccc4c(c3)OCCO4)o2)nc1,2000.0,-3.3010299956639813,1,train
Fc1cnc(NCc2ccccn2)c(-c2nnc(Nc3ccc4c(c3)OCCO4)o2)c1,3399.999999999998,-3.531478917042255,0,train
Cc1ccc(-c2nnc(Nc3ccc4c(c3)OCCO4)o2)c(NCc2ccccn2)n1,2399.9999999999995,-3.380211241711606,0,train
c1ccc(COc2ncccc2-c2nnc(Nc3ccc4c(c3)OCCO4)o2)nc1,18100.0,-4.2576785748691846,1,train
FC1(F)Oc2ccc(Nc3nnc(-c4cccnc4NCc4ccccn4)o3)cc2O1,13300.0,-4.123851640967086,0,train
COc1ccc(Nc2nnc(-c3cccnc3NCc3ccccn3)o2)cc1,1500.0000000000005,-3.1760912590556813,0,test
c1cnc(NCC2CCCO2)c(-c2nnc(Nc3ccc4c(c3)OCO4)o2)c1,15500.000000000013,-4.190331698170292,1,train
c1coc(CNc2ncccc2-c2nnc(Nc3ccc4c(c3)OCO4)o2)c1,4900.000000000002,-3.690196080028514,0,train
c1coc(CNc2ncccc2-c2nnc(Nc3ccc4c(c3)OCCO4)o2)c1,2000.0,-3.3010299956639813,1,train
c1cnc(NCc2cnccn2)c(-c2nnc(Nc3ccc4c(c3)OCO4)o2)c1,9600.0,-3.982271233039568,0,train
c1cnc(NCc2cnccn2)c(-c2nnc(Nc3ccc4c(c3)OCCO4)o2)c1,2199.9999999999995,-3.342422680822206,1,train
c1cncc(CNc2ncccc2-c2nnc(Nc3ccc4c(c3)OCO4)o2)c1,8800.000000000002,-3.9444826721501687,0,test
c1cnc(NCc2ccncc2)c(-c2nnc(Nc3ccc4c(c3)OCCO4)o2)c1,29900.000000000025,-4.47567118832443,1,train
CS(=O)(=O)Nc1ccc(CNc2ncccc2-c2nnc(Nc3ccc4c(c3)OCO4)o2)cc1,3800.0,-3.57978359661681,0,test
CS(=O)(=O)Nc1ccc(CNc2ncccc2-c2nnc(Nc3ccc4c(c3)OCCO4)o2)cc1,2000.0,-3.3010299956639813,0,train
Fc1ccc(CNc2ncccc2-c2nnc(Nc3ccc4c(c3)OCO4)o2)cc1F,2199.9999999999995,-3.342422680822206,0,train
Fc1ccc(CNc2ncccc2-c2nnc(Nc3ccc4c(c3)OCCO4)o2)cc1F,700.0000000000001,-2.845098040014257,1,train
Fc1ccc(CNc2ncccc2-c2nnc(Nc3ccc4c(c3)OCCO4)o2)cc1,4999.999999999999,-3.6989700043360183,0,train
COc1ccc(CNc2ncccc2-c2nnc(Nc3ccc4c(c3)OCCO4)o2)cc1,1600.000000000001,-3.204119982655925,1,test
c1cnc(NCc2ccc3c(c2)OCO3)c(-c2nnc(Nc3ccc4c(c3)OCCO4)o2)c1,500.0,-2.6989700043360187,1,test
c1cnc(NCc2ccc3c(c2)OCCO3)c(-c2nnc(Nc3ccc4c(c3)OCCO4)o2)c1,1799.9999999999998,-3.255272505103306,0,train
O=C(NC(=O)c1ccccc1[N+](=O)[O-])Nc1ccc(Oc2ncc(Br)cn2)cc1,4700.000000000001,-3.6720978579357175,0,train
Nc1ccccc1C(=O)NC(=O)Nc1ccc(Oc2ncc(Br)cn2)cc1,35999.99999999996,-4.556302500767287,0,train
O=C(NC(=O)c1ccccc1[N+](=O)[O-])Nc1ccc(Sc2ncc(Br)cn2)cc1,2099.999999999999,-3.322219294733919,0,train
COc1cc2c(c(OC)c1OC)-c1ccc(OC)c(=O)cc1[C@@H](Nc1ccc([N+](=O)[O-])cc1[N+](=O)[O-])CC2,4599.999999999998,-3.662757831681574,0,train
CCN[C@H]1CCc2cc(OC)c(OC)c(OC)c2-c2ccc(OC)c(=O)cc21,5099.999999999999,-3.707570176097936,0,train
COc1cc2c(c(OC)c1OC)-c1ccc(=O)c(OC)cc1[C@@H](NS(=O)(=O)c1ccc([N+](=O)[O-])cc1[N+](=O)[O-])CC2,58999.99999999994,-4.770852011642144,0,test
COc1cc2c(c(OC)c1OC)-c1ccc(OC)c(=O)cc1[C@@H](NS(=O)(=O)c1ccc([N+](=O)[O-])cc1[N+](=O)[O-])CC2,9699.999999999998,-3.9867717342662448,0,train
COc1cc2c(c(OC)c1OC)-c1ccc(=O)c(OC)cc1[C@@H](NS(=O)(=O)c1ccccc1[N+](=O)[O-])CC2,57999.99999999995,-4.763427993562937,1,train
COc1cc2c(c(OC)c1OC)-c1ccc(OC)c(=O)cc1[C@@H](NS(=O)(=O)c1ccccc1[N+](=O)[O-])CC2,5599.999999999998,-3.7481880270062,1,train
COc1cc2c(c(OC)c1OC)-c1ccc(OC)c(=O)cc1[C@@H](/N=C(/C)S)CC2,2199.9999999999995,-3.342422680822206,0,train
COc1cc2c(c(OC)c1OC)-c1ccc(=O)c(OC)cc1[C@@H](NCC(C)=O)CC2,68000.00000000004,-4.832508912706237,1,train
COc1cc2c(c(OC)c1OC)-c1ccc(OC)c(=O)cc1[C@@H](NCC(C)=O)CC2,8299.999999999996,-3.9190780923760737,1,test
CC[C@@H](C)[C@@H]1NC(=O)[C@@H](NC)[C@H](O)c2ccc(O)c(c2)O[C@](C)(CC)[C@@H](C(=O)NCC(=O)O)NC1=O,4799.999999999999,-3.681241237375587,0,train
CC[C@@]1(C)Oc2cc(ccc2O)[C@@H](O)[C@H](NC)C(=O)N[C@@H](C)C(=O)N[C@@H]1C(=O)NCC(=O)O,8200.0,-3.9138138523837167,0,train
CC[C@@]1(C)Oc2cc(ccc2O)[C@@H](O)[C@H](NC)C(=O)N[C@@H](C(C)C)C(=O)N[C@@H]1C(=O)NCC(=O)O,1500.0000000000005,-3.1760912590556813,0,train
CC[C@@]1(C)Oc2cc(c([S+](O)C[C@@H](O)C[C@H](N)C(=O)O)cc2O)[C@@H](O)[C@H](NC)C(=O)N[C@@H](C(C)C)C(=O)N[C@@H]1C(=O)NCC(=O)O,1099.9999999999998,-3.041392685158225,0,train
CC[C@H](C)[C@@H]([C@@H](CC(=O)N1CCC[C@H]1[C@H](OC)[C@@H](C)C(=O)N[C@@H](Cc1ccccc1)c1nccs1)OC)N(C)C(=O)[C@@H](NC(=O)[C@H](C(C)C)N(C)C)C(C)C,1.5666666666666669,-0.194976603216055,0,train
CN(C)CC(=O)Nc1ccc(C(=O)/C=C/c2ccccn2)cc1,19799.999999999996,-4.296665190261531,0,train
CC(=O)Nc1ccc(C(=O)/C=C/c2ccccn2)cc1,15700.000000000013,-4.195899652409234,0,test
Cc1nc(C)c(-c2csc(Nc3ccc(Br)cc3)n2)s1,1000.0,-3.0,0,train
Cc1ccc(Nc2nc(-n3ccnc3C)cs2)cc1,750.0000000000001,-2.8750612633917,1,train
Cc1ccc(Nc2nc(-n3cc(C)nc3C)cs2)cc1,6250.000000000003,-3.795880017344075,0,train
COc1ccc(Nc2nc(-n3ccnc3C)cs2)cc1,8000.000000000004,-3.903089986991944,1,train
COc1ccc(Nc2nc(-n3cc(C)nc3C)cs2)cc1,7500.000000000001,-3.8750612633917,0,train
Cc1cn(-c2csc(Nc3ccc(Br)cc3)n2)c(C)n1,4000.000000000001,-3.6020599913279625,0,train
COc1ccc(Nc2nc(-n3c(C)nc4ccccc43)cs2)cc1,750.0000000000001,-2.8750612633917,0,train
Brc1ccc(Nc2nc(-n3cnc4ccccc43)cs2)cc1,100000.0,-5.0,0,train
Cc1nc2ccccc2n1-c1csc(Nc2ccc(Br)cc2)n1,1249.9999999999995,-3.096910013008056,0,test
COc1cccc(-c2cc(C(=O)c3cc(OC)c(OC)c(OC)c3)c(N)s2)c1,1199.9999999999995,-3.0791812460476247,0,train
COc1ccc(-c2cc(C(=O)c3cc(OC)c(OC)c(OC)c3)c(N)s2)cc1,1099.9999999999998,-3.041392685158225,0,test
COc1cc(C(=O)c2cc(-c3ccc(C)cc3)sc2N)cc(OC)c1OC,800.0000000000003,-2.903089986991944,1,test
COc1cc(C(=O)c2cc(-c3ccc(F)cc3)sc2N)cc(OC)c1OC,860.0000000000003,-2.934498451243568,1,train
COc1cc(C(=O)c2cc(-c3ccccc3)sc2N)cc(OC)c1OC,1300.0000000000005,-3.113943352306837,0,test
COc1cc(C(=O)c2sc(-c3cccc([N+](=O)[O-])c3)cc2N)cc(OC)c1OC,969.9999999999998,-2.9867717342662448,0,train
COc1ccc(-c2cc(N)c(C(=O)c3cc(OC)c(OC)c(OC)c3)s2)cc1OC,1099.9999999999998,-3.041392685158225,0,train
COc1cccc(-c2cc(N)c(C(=O)c3cc(OC)c(OC)c(OC)c3)s2)c1,639.9999999999999,-2.806179973983887,0,train
COc1ccc(-c2cc(N)c(C(=O)c3cc(OC)c(OC)c(OC)c3)s2)cc1,1099.9999999999998,-3.041392685158225,0,train
COc1cc(C(=O)c2sc(-c3ccc(C)cc3)cc2N)cc(OC)c1OC,1099.9999999999998,-3.041392685158225,0,train
COc1cc(C(=O)c2sc(-c3ccccc3Cl)cc2N)cc(OC)c1OC,1199.9999999999995,-3.0791812460476247,0,train
COc1cc(C(=O)c2sc(-c3ccc(F)cc3)cc2N)cc(OC)c1OC,1500.0000000000005,-3.1760912590556813,0,train
COc1cc(C(=O)c2sc(-c3ccsc3)cc2N)cc(OC)c1OC,1300.0000000000005,-3.113943352306837,0,train
COc1cc(C(=O)c2sc(-c3cccs3)cc2N)cc(OC)c1OC,1199.9999999999995,-3.0791812460476247,0,train
COc1cc(C(=O)c2sc(-c3ccccc3)cc2N)cc(OC)c1OC,1199.9999999999995,-3.0791812460476247,0,train
COc1ccc(/C=C\c2cc(OC)c(OC)c(OC)c2)c(N)c1,1600.000000000001,-3.204119982655925,0,test
COc1ccc(/C=C\c2cc(OC)c(OC)c(OC)c2N)cc1N,1799.9999999999998,-3.255272505103306,0,train
COc1ccc(/C=C\c2cc(OC)c(OC)c(OC)c2N)cc1O,1700.000000000001,-3.230448921378274,0,train
COc1ccc(/C=C\c2cc(Br)c(OC)c(OC)c2)cc1,2099.999999999999,-3.322219294733919,0,test
COc1ccc(/C=C\c2cc(OC)c(OC)c(OC)c2)cc1,2193.879999999999,-3.34121286901668,1,train
COc1ccc(/C=C\c2cc(OC)cc(OC)c2N)cc1,2399.9999999999995,-3.380211241711606,0,train
COc1ccc(/C=C\c2cc(OC)c(OC)c(OC)c2N)cc1,2099.999999999999,-3.322219294733919,0,train
COc1ccc(S(=O)(=O)N2CCc3cccc(NC(=O)c4ccc(F)cc4)c32)cc1,1500.0000000000005,-3.1760912590556813,0,train
COc1ccc(S(=O)(=O)N2CCc3cccc(NC(C)=O)c32)cc1,1899.9999999999995,-3.278753600952829,0,train
COc1ccc(S(=O)(=O)N2CCc3cccc(NC(=O)c4cccs4)c32)cc1,1700.000000000001,-3.230448921378274,0,train
COc1ccc(S(=O)(=O)N2CCc3cccc(NC(=O)c4ccco4)c32)cc1,1199.9999999999995,-3.0791812460476247,0,train
COc1ccc(S(=O)(=O)N2CCc3cccc(NC(=O)c4ccncc4)c32)cc1,1099.9999999999998,-3.041392685158225,0,train
COc1ccc(S(=O)(=O)N2CCc3cccc(NC(=O)c4ccc([N+](=O)[O-])cc4)c32)cc1,1899.9999999999995,-3.278753600952829,0,test
COc1ccc(/C=C(\F)C(=O)c2cc(OC)c(OC)c(OC)c2)cc1O,599.9999999999997,-2.7781512503836434,0,train
COc1ccc(/C=C(\F)C(=O)c2cc(OC)c(OC)c(OC)c2)cc1,4599.999999999998,-3.662757831681574,0,train
COc1cc(-c2nncn2-c2ccc(N(C)C)cc2)cc(OC)c1OC,4100.0,-3.612783856719736,0,test
COc1ccc(-n2cnnc2-c2cc(OC)c(OC)c(OC)c2)cc1O,6000.000000000003,-3.778151250383644,0,train
COc1cc(-c2nncn2-c2ccc3c(ccn3C)c2)cc(OC)c1OC,3000.0000000000014,-3.4771212547196626,0,train
COc1cc(-n2cnnc2-c2ccc3c(ccn3C)c2)cc(OC)c1OC,5599.999999999998,-3.7481880270062,0,test
c1ccc(Sc2c[nH]c3ccccc23)cc1,15000.000000000004,-4.176091259055681,0,test
COc1ccc2c(C(=O)c3cc(OC)c(OC)c(OC)c3)c(-c3ccc(OC)c(O)c3)[nH]c2c1,1600.000000000001,-3.204119982655925,0,train
COc1ccc2c(-c3cc(OC)c(OC)c(OC)c3)c(-c3ccc(OC)c(O)c3)[nH]c2c1,4100.0,-3.612783856719736,0,train
COC(=O)c1[nH]c2ccc(OC)cc2c1Sc1cc(OC)c(OC)c(OC)c1,2000.0,-3.3010299956639813,1,train
COC(=O)c1[nH]c2ccc(OC)cc2c1Sc1ccccc1,6200.0,-3.792391689498254,0,train
CCOC(=O)c1[nH]c2ccccc2c1S(=O)(=O)c1ccccc1,4400.0,-3.643452676486187,0,train
CCOC(=O)c1[nH]c2ccccc2c1Sc1ccccc1,4400.0,-3.643452676486187,0,train
COC(=O)c1[nH]c2ccccc2c1Sc1cc(OC)c(OC)c(OC)c1,2900.0,-3.462397997898956,0,test
COC(=O)c1[nH]c2ccccc2c1Sc1ccccc1,8299.999999999996,-3.9190780923760737,0,test
COc1cc(C2C(C#N)=C(N)Oc3cc(N(C)C)ccc32)cc(Br)c1OC,8000.000000000004,-3.903089986991944,0,test
COc1cc(C2C(C#N)=C(N)Oc3cc(N(C)C)ccc32)cc2c1OCO2,400.0000000000001,-2.6020599913279625,0,train
COc1ccc(CCN2C=CC=C3C2=Nc2ccccc2S(=O)(=O)N3C)cc1,3800.0,-3.57978359661681,0,train
COc1ccc(CCN2C=CC=C3C2=Nc2ccccc2N(C)S3(=O)=O)cc1,2399.9999999999995,-3.380211241711606,0,train
CC(=O)O[C@@]12COC1C[C@H](O)[C@@]1(C)C(=O)[C@H](O)C3=C(C)[C@@H](OC(=O)C(O)[C@@H](NC(=O)N[C@H](C(=O)N4CCC[C@H]4C(=O)NCC(=O)NCC(=O)O)C(C)C)c4ccccc4)C[C@@](O)([C@@H](OC(=O)c4cccc(N)c4)C21)C3(C)C,1000.0,-3.0,0,test
CC(=O)O[C@@]12COC1C[C@H](O)[C@@]1(C)C(=O)[C@H](O)C3=C(C)[C@@H](OC(=O)C(O)[C@@H](NC(=O)N[C@H](C(=O)N4CCC[C@H]4C(=O)NCC(=O)NCC(=O)OCc4ccccc4)C(C)C)c4ccccc4)C[C@@](O)([C@@H](OC(=O)c4cccc([N+](=O)[O-])c4)C21)C3(C)C,500.0,-2.6989700043360187,0,train
CC(=O)O[C@@]12COC1C[C@H](O)[C@@]1(C)C(=O)[C@H](O)C3=C(C)[C@@H](OC(=O)[C@H](O)[C@@H](NC(=O)OC(C)(C)C)c4ccccc4)C[C@@](O)([C@@H](OC(=O)CN)C21)C3(C)C,51000.00000000005,-4.707570176097937,0,train
CC(=O)O[C@@]12COC1C[C@H](O)[C@@]1(C)C(=O)[C@H](O)C3=C(C)[C@@H](OC(=O)[C@H](O)[C@@H](NC(=O)NCC(=O)N[C@@H](CO)C(=O)N[C@@H](Cc4ccc(O)cc4)C(=O)O)c4ccccc4)C[C@@](O)([C@@H](OCc4ccccc4)C21)C3(C)C,1000.0,-3.0,0,train
COC(=O)[C@@H](CCSC)NC(=O)[C@H](Cc1ccccc1)NC(=O)[C@@H](NC(=O)N[C@@H](c1ccccc1)[C@@H](O)C(=O)O[C@H]1C[C@@]2(O)[C@@H](OCc3ccccc3)C3[C@]4(OC(C)=O)COC4C[C@H](O)[C@@]3(C)C(=O)[C@H](O)C(=C1C)C2(C)C)C(C)C,2599.999999999998,-3.4149733479708178,0,train
CC(=O)O[C@@]12COC1C[C@H](O)[C@@]1(C)C(=O)[C@H](O)C3=C(C)[C@@H](OC(=O)[C@H](O)[C@@H](NC(=O)N[C@H](C(=O)N4CCC[C@H]4C(=O)NCC(=O)NCC(=O)OCc4ccccc4)C(C)C)c4ccccc4)C[C@@](O)([C@@H](OCc4ccccc4)C21)C3(C)C,300.0000000000001,-2.4771212547196626,0,train
CC(=O)O[C@@]12COC1C[C@H](O)[C@@]1(C)C(=O)[C@H](O)C3=C(C)[C@@H](OC(=O)[C@H](O)[C@@H](NC(=O)N[C@H](C(=O)N4CCC[C@H]4C(=O)NCC(=O)NCC(=O)O)C(C)C)c4ccccc4)C[C@@](O)([C@@H](OCc4ccccc4)C21)C3(C)C,500.0,-2.6989700043360187,0,train
CC(=O)O[C@@]12COC1C[C@H](O)[C@@]1(C)C(=O)[C@H](O)C3=C(C)[C@@H](OC(=O)[C@H](O)[C@@H](NC(=O)N[C@H](C(=O)N4CCC[C@H]4C(=O)NCC(=O)OCc4ccccc4)C(C)C)c4ccccc4)C[C@@](O)([C@@H](OCc4ccccc4)C21)C3(C)C,400.0000000000001,-2.6020599913279625,0,train
CC(=O)O[C@@]12COC1C[C@H](O)[C@@]1(C)C(=O)[C@H](O)C3=C(C)[C@@H](OC(=O)C(O)C(NC(=O)N[C@H](C(=O)N4CCC[C@H]4C(=O)NCC(=O)O)C(C)C)c4ccccc4)C[C@@](O)([C@@H](OCc4ccccc4)C21)C3(C)C,599.9999999999997,-2.7781512503836434,0,train
CC(=O)O[C@@]12COC1C[C@H](O)[C@@]1(C)C(=O)[C@H](O)C3=C(C)[C@@H](OC(=O)[C@H](O)[C@@H](NC(=O)N[C@H](C(=O)N4CCC[C@H]4C(=O)OCc4ccccc4)C(C)C)c4ccccc4)C[C@@](O)([C@@H](OCc4ccccc4)C21)C3(C)C,500.0,-2.6989700043360187,0,test
CC(=O)O[C@@]12COC1C[C@H](O)[C@@]1(C)C(=O)[C@H](O)C3=C(C)[C@@H](OC(=O)[C@H](O)[C@@H](NC(=O)N[C@H](C(=O)N4CCC[C@H]4C(=O)O)C(C)C)c4ccccc4)C[C@@](O)([C@@H](OCc4ccccc4)C21)C3(C)C,1700.000000000001,-3.230448921378274,0,train
CC(=O)O[C@@]12COC1C[C@H](O)[C@@]1(C)C(=O)[C@H](O)C3=C(C)[C@@H](OC(=O)[C@H](O)[C@@H](NC(=O)N[C@H](C(=O)OCc4ccccc4)C(C)C)c4ccccc4)C[C@@](O)([C@@H](OCc4ccccc4)C21)C3(C)C,800.0000000000003,-2.903089986991944,0,test
CC(=O)O[C@@]12COC1C[C@H](O)[C@@]1(C)C(=O)[C@H](O)C3=C(C)[C@@H](OC(=O)[C@H](O)[C@@H](NC(=O)N[C@H](C(=O)O)C(C)C)c4ccccc4)C[C@@](O)([C@@H](OCc4ccccc4)C21)C3(C)C,800.0000000000003,-2.903089986991944,0,train
COc1cc(C2C(C#N)=C(N)Oc3c2ccc2[nH]ccc32)cc(Br)c1OC,400.0000000000001,-2.6020599913279625,0,train
COc1cc(C2C(C#N)=C(N)Oc3c2ccc2cc[nH]c32)cc(Br)c1OC,899.9999999999998,-2.9542425094393248,0,train
COc1cc(Sc2c[nH]c3ccccc23)cc(OC)c1OC,2599.999999999998,-3.4149733479708178,0,train
COc1cc(Sc2c[nH]c3ccc(OCCO)cc23)cc(OC)c1OC,6799.999999999997,-3.832508912706236,0,test
COc1cc(Sc2c[nH]c3ccc(O)cc23)cc(OC)c1OC,6300.0,-3.7993405494535817,0,train
COc1cc(Sc2c[nH]c3ccc(OC(C)C)cc23)cc(OC)c1OC,19000.0,-4.278753600952829,0,train
CCOc1ccc2[nH]cc(Sc3cc(OC)c(OC)c(OC)c3)c2c1,2099.999999999999,-3.322219294733919,0,train
COc1ccc2[nH]c(C)c(Sc3cc(OC)c(OC)c(OC)c3)c2c1,3300.0000000000005,-3.5185139398778875,0,train
COc1ccc2[nH]cc(Sc3cc(OC)c(OC)c(OC)c3)c2c1,4100.0,-3.612783856719736,0,train
COc1cc(Sc2c[nH]c3ccc(C)cc23)cc(OC)c1OC,2700.0000000000005,-3.431363764158988,0,test
COc1cc(Sc2c[nH]c3ccc(N)cc23)cc(OC)c1OC,13000.000000000004,-4.113943352306837,0,train
COc1cc(Sc2c[nH]c3ccc([N+](=O)[O-])cc23)cc(OC)c1OC,16000.00000000001,-4.204119982655925,0,train
COc1cc(Sc2c[nH]c3ccc(F)cc23)cc(OC)c1OC,3300.0000000000005,-3.5185139398778875,0,train
COc1cc(Sc2c[nH]c3ccc(I)cc23)cc(OC)c1OC,2700.0000000000005,-3.431363764158988,0,train
COc1cc(Sc2c[nH]c3ccc(Br)cc23)cc(OC)c1OC,1600.000000000001,-3.204119982655925,0,train
COc1cc(Sc2c(C)[nH]c3ccc(Cl)cc23)cc(OC)c1OC,2700.0000000000005,-3.431363764158988,0,train
COc1cc(Sc2c[nH]c3ccc(Cl)cc23)cc(OC)c1OC,2599.999999999998,-3.4149733479708178,0,train
Cc1cc(C)cc(Sc2c[nH]c3ccc(Cl)cc23)c1,9400.000000000002,-3.9731278535996983,0,test
COc1ccccc1Sc1c[nH]c2ccc(Cl)cc12,11000.000000000007,-4.041392685158225,0,train
COc1cc(Sc2c(C)[nH]c3ccccc23)cc(OC)c1OC,6799.999999999997,-3.832508912706236,0,train
CCCCc1ccc2[nH]c(-c3ccc(OC)cc3)c(/C=N\C)c2c1,1199.9999999999995,-3.0791812460476247,0,train
COc1cc(C(=O)c2ccc3[nH]ccc3c2)cc(OC)c1OC,2199.9999999999995,-3.342422680822206,0,train
CCn1ccc2cc(C(=O)c3cc(OC)c(OC)c(OC)c3)ccc21,1199.9999999999995,-3.0791812460476247,0,test
COc1cc(C(=O)c2ccc3c(ccn3C)c2)cc(OC)c1OC,1099.9999999999998,-3.041392685158225,0,train
COc1cc(C(=O)c2cccc3c2ccn3C)cc(OC)c1OC,1899.9999999999995,-3.278753600952829,0,train
COc1cc(C(=O)c2cccc3[nH]ccc23)cc(OC)c1OC,2000.0,-3.3010299956639813,0,train
COc1cc(C(=O)c2ccc3c(ccn3CO)c2)cc(OC)c1OC,1799.9999999999998,-3.255272505103306,0,train
COc1cc(-c2ccc3c(c2)NC(=O)/C3=C\c2ccc[nH]2)ccc1O,130.00000000000006,-2.113943352306837,0,train
COc1ccc(-c2snnc2-c2cc(OC)c(OC)c(OC)c2)cc1,860.0000000000003,-2.934498451243568,1,test
COc1ccc(-c2nnsc2-c2cc(OC)c(OC)c(OC)c2)cc1O,860.0000000000003,-2.934498451243568,1,train
COc1ccc(-c2snnc2-c2cc(OC)c(OC)c(OC)c2)cc1N,679.9999999999998,-2.832508912706236,1,test
COc1ccc(-c2snnc2-c2cc(OC)c(OC)c(OC)c2)cc1O,700.0000000000001,-2.845098040014257,1,test
COc1ccc(-c2snnc2-c2cc(OC)c(OC)c(OC)c2)cc1[N+](=O)[O-],2129.9999999999995,-3.3283796034387376,0,train
COc1ccc(-c2snnc2-c2cc(OC)c(OC)c(OC)c2)cc1OC,720.0000000000001,-2.8573324964312685,1,test
COc1ccc(S(=O)(=O)Oc2c3ccccc3cc3ccccc23)cc1,559.9999999999998,-2.7481880270062,0,train
COc1ccc(S(=O)(=O)Oc2c3ccccc3cc3sccc23)cc1,509.9999999999999,-2.7075701760979363,0,train
COc1ccc([C@@H]2OCO[C@H]2c2cc(OC)c(OC)c(OC)c2)cc1O,4000.000000000001,-3.6020599913279625,0,train
COc1ccc(C[C@@H](O)c2cc(OC)c(OC)c(OC)c2)cc1O,4999.999999999999,-3.6989700043360183,0,train
CN(Cc1ccc2nccnc2c1)C(=O)c1ccc(C(=O)C(F)(F)F)s1,12000.000000000007,-4.079181246047625,0,train
COc1ccc(CON=C2c3ccccc3C(=O)c3ccccc32)cc1,1050.0000000000005,-3.0211892990699383,0,train
COc1ccc(CON=C2c3ccccc3C(=O)c3ccccc32)cc1O,1430.0000000000002,-3.155336037465062,0,test
COc1cc(C(=O)c2ccc(-c3csc(N)n3)cc2-n2cncn2)cc(OC)c1OC,4290.000000000002,-3.632457292184725,0,train
CCn1c2ccncc2c2cc(C(=O)c3ccc(S(C)(=O)=O)cc3)ccc21,4300.000000000001,-3.633468455579586,0,train
COc1cc2ccc3cc(O)c(C)cc3c2c(OC)c1OC,100000.0,-5.0,0,train
COc1ccc(Cc2cc(OC)c(OC)c(OC)c2)cc1O,7762.470000000004,-3.889999934748613,0,train
COc1ccc(/C=C(/C#N)c2cc(OC)c(OC)c(OC)c2)cc1,6025.6,-3.780000298336571,0,train
COc1ccc(/C=C(/C=O)c2cc(OC)c(OC)c(OC)c2)cc1,3981.0700000000006,-3.59999981394342,0,train
COc1ccc(C(=O)c2cc(OC)c(OC)c(OC)c2)cc1,7413.100000000003,-3.8699998586345257,1,test
COc1ccc(OCc2cc(OC)c(OC)c(OC)c2)cc1O,22387.210000000014,-4.34999997311882,0,train
COc1ccc(COc2cc(OC)c(OC)c(OC)c2)cc1O,3467.3699999999985,-3.540000187311,1,train
COc1ccc(CCCCc2cc(OC)c(OC)c(OC)c2)cc1O,54954.09,-4.740000020659954,1,train
COc1ccc(CCc2cc(OC)c(OC)c(OC)c2)cc1O,3311.3100000000013,-3.519999840669677,1,train
COc1ccc(NCc2cc(OC)c(OC)c(OC)c2)cc1,22908.680000000004,-4.360000065827037,1,test
COc1ccc(CCc2cc(OC)c(OC)c(OC)c2)cc1,7943.280000000002,-3.899999871665804,0,train
COc1ccc(/C=C\C=C\C=C\c2cc(OC)c(OC)c(OC)c2)cc1O,10000.0,-4.0,0,train
COc1cc(/C=C\c2ccn(C)c(=O)c2)cc(OC)c1OC,1995.2599999999995,-3.299999496116984,0,test
COc1cnc(/C=C\c2cc(OC)c(OC)c(OC)c2)cn1,8912.510000000004,-3.950000030146585,0,train
COc1ncc(/C=C\c2cc(OC)c(OC)c(OC)c2)cn1,3019.950000000001,-3.479999752591636,0,train
COc1ccc(/C=C\c2cc(OC)c(OC)c(OC)c2)nc1,3019.950000000001,-3.479999752591636,0,train
COc1ccc(/C=C\c2cc(OC)c(OC)c(OC)c2)cn1,1995.2599999999995,-3.299999496116984,1,train
COc1cc(/C=C\c2ccc(C)c(N=[N+]=[N-])c2)cc(OC)c1OC,1202.2600000000004,-3.0799983980783527,0,test
COc1cc(/C=C\c2ccc(Cl)c(N)c2)cc(OC)c1OC,3019.950000000001,-3.479999752591636,0,train
COc1cc(/C=C\c2ccc(C)c(N)c2)cc(OC)c1OC,3981.0700000000006,-3.59999981394342,0,train
COc1ccc(/C=C(/C(N)=O)c2cc(OC)c(OC)c(OC)c2)cc1N,3019.950000000001,-3.479999752591636,0,test
COc1ccc(/C=C(/C#N)c2cc(OC)c(OC)c(OC)c2)cc1O,5011.870000000001,-3.6999997975545824,0,train
COc1ccc(/C(C#N)=C\c2cc(OC)c(OC)c(OC)c2)cc1N,5011.870000000001,-3.6999997975545824,0,train
COc1ccc(/C=C(/C#N)c2cc(OC)c(OC)c(OC)c2)cc1N,10000.0,-4.0,0,train
COc1ccc(/C=C\c2cc(OC)c(OC(C)=O)c(OC)c2)cc1,23988.33000000001,-4.380000014661041,0,train
COc1ccc(/C=C\c2ccc(OC)c(OC)c2)cc1,18197.009999999987,-4.260000033744503,0,train
COc1cc(/C=C\c2ccc(C)cc2)cc(OC)c1OC,1995.2599999999995,-3.299999496116984,1,train
CCCOc1ccc(/C=C\c2cc(OC)c(OC)c(OC)c2)cc1,6025.6,-3.780000298336571,0,train
CCOc1ccc(/C=C\c2cc(OC)c(OC)c(OC)c2)cc1,2691.5300000000016,-3.429999224858319,0,train
COc1cc(/C=C\c2cccc(SC)c2)cc(OC)c1OC,6165.95,-3.7899999986888777,0,train
COc1cc(/C=C\c2ccc(Br)cc2)cc(OC)c1OC,3090.2999999999997,-3.490000641890952,0,train
COc1cc(/C=C\c2ccc(N(C)C)cc2)cc(OC)c1OC,3388.4400000000014,-3.5299997998772934,0,train
COc1cc(/C=C\c2ccc(OC(C)=O)cc2)cc(OC)c1OC,28840.31999999998,-4.460000074822121,0,train
COc1cc(/C=C\c2ccccc2)cc(OC)c1OC,36307.809999999976,-4.5600000541015735,1,test
COc1cccc(/C=C\c2cc(OC)c(OC)c(OC)c2)c1,8709.64,-3.940000204462932,0,train
COC(=O)c1ccc(C(F)(F)F)nc1N(C)c1ccc(OC)cc1,1700.000000000001,-3.230448921378274,0,test
COCc1ccc(Cl)nc1N(C)c1ccc(OC)cc1,1500.0000000000005,-3.1760912590556813,0,train
COC(=O)c1ccc(Cl)nc1N(C)c1ccc(OC)cc1,1400.0000000000005,-3.146128035678238,0,test
COc1cc(C(=O)c2c(C3CCCC3)[nH]c3ccccc23)cc(OC)c1OC,4000.000000000001,-3.6020599913279625,0,train
COc1cc(Sc2c(C3CCCC3)[nH]c3ccccc23)cc(OC)c1OC,2599.999999999998,-3.4149733479708178,0,train
COc1cc(C(=O)c2c(C3CCC3)[nH]c3ccccc23)cc(OC)c1OC,2800.0000000000014,-3.4471580313422194,0,train
COc1cc(Sc2c(C3CCC3)[nH]c3ccccc23)cc(OC)c1OC,2000.0,-3.3010299956639813,0,train
COc1cc(Sc2c(-c3cc4ccccc4s3)[nH]c3ccccc23)cc(OC)c1OC,1700.000000000001,-3.230448921378274,0,train
COc1cc(Sc2c(-c3cc4ccccc4o3)[nH]c3ccccc23)cc(OC)c1OC,1500.0000000000005,-3.1760912590556813,0,train
COc1cc(Sc2c(-c3cc4ccccc4[nH]3)[nH]c3ccccc23)cc(OC)c1OC,1799.9999999999998,-3.255272505103306,0,train
COc1cc(Sc2c(-c3ccc4[nH]ccc4c3)[nH]c3ccccc23)cc(OC)c1OC,3099.9999999999995,-3.4913616938342726,0,train
COc1cc(Sc2c(-c3ccc4ncccc4c3)[nH]c3ccccc23)cc(OC)c1OC,4000.000000000001,-3.6020599913279625,0,train
COc1cc(Sc2c(-c3ccc4ccccc4c3)[nH]c3ccccc23)cc(OC)c1OC,1000.0,-3.0,0,train
COc1cc(C(=O)c2c(-c3ccncc3)[nH]c3ccccc23)cc(OC)c1OC,6000.000000000003,-3.778151250383644,0,train
COc1cc(Sc2c(-c3ccncc3)[nH]c3ccccc23)cc(OC)c1OC,949.9999999999995,-2.977723605288848,0,test
COc1cc(C(=O)c2c(-c3cccnc3)[nH]c3ccccc23)cc(OC)c1OC,6300.0,-3.7993405494535817,0,test
COc1cc(Sc2c(-c3cccnc3)[nH]c3ccccc23)cc(OC)c1OC,1300.0000000000005,-3.113943352306837,0,train
COc1cc(Sc2c(-c3ccccn3)[nH]c3ccccc23)cc(OC)c1OC,1500.0000000000005,-3.1760912590556813,0,train
COc1ccc(-c2[nH]c3ccccc3c2C(=O)c2cc(OC)c(OC)c(OC)c2)cc1,4100.0,-3.612783856719736,0,train
COc1ccc(-c2[nH]c3ccccc3c2Sc2cc(OC)c(OC)c(OC)c2)cc1O,1099.9999999999998,-3.041392685158225,1,test
COc1ccc(-c2[nH]c3ccccc3c2Sc2cc(OC)c(OC)c(OC)c2)cc1,940.0000000000002,-2.9731278535996988,1,train
COc1cccc(-c2[nH]c3ccccc3c2Sc2cc(OC)c(OC)c(OC)c2)c1,3600.0,-3.5563025007672877,0,train
COc1ccccc1-c1[nH]c2ccccc2c1Sc1cc(OC)c(OC)c(OC)c1,3300.0000000000005,-3.5185139398778875,0,train
COc1cc(C(=O)c2c(-c3ccc(F)cc3)[nH]c3ccccc23)cc(OC)c1OC,9400.000000000002,-3.9731278535996983,0,train
COc1cc(Sc2c(-c3ccc(F)cc3)[nH]c3ccccc23)cc(OC)c1OC,1799.9999999999998,-3.255272505103306,1,test
COc1cc(C(=O)c2c(-c3cccc(F)c3)[nH]c3ccccc23)cc(OC)c1OC,7600.0,-3.880813592280792,0,train
COc1cc(Sc2c(-c3cccc(F)c3)[nH]c3ccccc23)cc(OC)c1OC,1700.000000000001,-3.230448921378274,1,train
COc1cc(C(=O)c2c(-c3ccccc3F)[nH]c3ccccc23)cc(OC)c1OC,2099.999999999999,-3.322219294733919,0,test
COc1cc(Sc2c(-c3ccccc3F)[nH]c3ccccc23)cc(OC)c1OC,1700.000000000001,-3.230448921378274,0,train
COc1cc(Sc2c(-c3ccc(Cl)cc3)[nH]c3ccccc23)cc(OC)c1OC,1799.9999999999998,-3.255272505103306,1,train
COc1cc(Sc2c(-c3ccc(C)cc3)[nH]c3ccccc23)cc(OC)c1OC,940.0000000000002,-2.9731278535996988,1,train
COc1cc(Cc2c(-c3ccccc3)[nH]c3ccccc23)cc(OC)c1OC,3700.0,-3.568201724066995,0,train
COc1cc(C(=O)c2c(-c3ccccc3)[nH]c3ccccc23)cc(OC)c1OC,5700.000000000001,-3.755874855672492,0,test
COc1cc(Sc2c(-c3ccccc3)[nH]c3ccccc23)cc(OC)c1OC,3300.0000000000005,-3.5185139398778875,0,train
COc1cc(C(=O)c2c(-c3ncco3)[nH]c3ccccc23)cc(OC)c1OC,3399.999999999998,-3.531478917042255,0,train
COc1cc(Sc2c(-c3ncco3)[nH]c3ccccc23)cc(OC)c1OC,4499.999999999998,-3.653212513775344,0,train
COc1cc(Cc2c(C3=NCCO3)[nH]c3ccccc23)cc(OC)c1OC,9400.000000000002,-3.9731278535996983,1,train
COc1cc(C(=O)c2c(C3=NCCO3)[nH]c3ccccc23)cc(OC)c1OC,14000.000000000004,-4.146128035678238,1,train
COc1cc(Sc2c(C3=NCCO3)[nH]c3ccccc23)cc(OC)c1OC,3300.0000000000005,-3.5185139398778875,0,train
COc1cc(Sc2c(-c3nccs3)[nH]c3ccccc23)cc(OC)c1OC,960.0,-2.9822712330395684,0,train
COc1cc(Cc2c(-c3ccsc3)[nH]c3ccccc23)cc(OC)c1OC,2700.0000000000005,-3.431363764158988,0,train
COc1cc(C(=O)c2c(-c3ccsc3)[nH]c3ccccc23)cc(OC)c1OC,2099.999999999999,-3.322219294733919,0,train
COc1cc(Cc2c(-c3ccoc3)[nH]c3ccccc23)cc(OC)c1OC,6500.000000000002,-3.812913356642856,0,test
COc1cc(C(=O)c2c(-c3ccoc3)[nH]c3ccccc23)cc(OC)c1OC,1099.9999999999998,-3.041392685158225,1,train
COc1cc(Cc2c(-c3ccco3)[nH]c3ccccc23)cc(OC)c1OC,6799.999999999997,-3.832508912706236,0,train
COc1cc(C(=O)c2c(-c3ccco3)[nH]c3ccccc23)cc(OC)c1OC,1899.9999999999995,-3.278753600952829,0,train
COc1cc(Sc2c(-n3cncn3)[nH]c3ccccc23)cc(OC)c1OC,1199.9999999999995,-3.0791812460476247,0,test
COc1cc(C(=O)c2c(-n3ccnc3)[nH]c3ccccc23)cc(OC)c1OC,3500.0000000000005,-3.544068044350276,0,test
COc1cc(Sc2c(-n3ccnc3)[nH]c3ccccc23)cc(OC)c1OC,1300.0000000000005,-3.113943352306837,0,train
COc1cc(Sc2c(-c3ncc[nH]3)[nH]c3ccccc23)cc(OC)c1OC,4599.999999999998,-3.662757831681574,0,train
COc1cc(Sc2c(-c3cc[nH]n3)[nH]c3ccccc23)cc(OC)c1OC,1199.9999999999995,-3.0791812460476247,0,train
COc1cc(C(=O)c2c(-c3cn[nH]c3)[nH]c3ccccc23)cc(OC)c1OC,1700.000000000001,-3.230448921378274,0,train
COc1cc(Sc2c(-c3cn[nH]c3)[nH]c3ccccc23)cc(OC)c1OC,919.9999999999995,-2.963787827345555,1,test
COc1cc(Cc2c(-c3cc[nH]c3)[nH]c3ccccc23)cc(OC)c1OC,3000.0000000000014,-3.4771212547196626,0,train
COc1cc(C(O)c2c(-c3ccn(S(=O)(=O)c4ccccc4)c3)[nH]c3ccccc23)cc(OC)c1OC,8999.999999999998,-3.9542425094393248,0,train
COc1cc(C(O)c2c(-c3cc[nH]c3)[nH]c3ccccc23)cc(OC)c1OC,1799.9999999999998,-3.255272505103306,0,train
COc1cc(C(=O)c2c(-c3ccn(S(=O)(=O)c4ccccc4)c3)[nH]c3ccccc23)cc(OC)c1OC,28999.99999999997,-4.462397997898956,0,test
COc1cc(C(=O)c2c(-c3cc[nH]c3)[nH]c3ccccc23)cc(OC)c1OC,1799.9999999999998,-3.255272505103306,0,train
COc1cc(C(=O)c2c(-c3ccc[nH]3)[nH]c3ccccc23)cc(OC)c1OC,1400.0000000000005,-3.146128035678238,0,train
COc1ccc(C2CC2c2cc(OC)c(OC)c(OC)c2)cc1[N+](=O)[O-],26300.00000000001,-4.419955748489758,1,train
COc1ccc(C2CC2c2cc(OC)c(OC)c(OC)c2)cc1N,2800.0000000000014,-3.4471580313422194,1,train
COc1ccc(C2CC2c2ccc(OC)c(OC)c2OC)cc1,2399.9999999999995,-3.380211241711606,0,train
COc1cccc(-c2noc(Nc3ccc(C)cc3)n2)c1,1500.0000000000005,-3.1760912590556813,0,train
COc1ccc(Nc2nc(-c3cccc(OC)c3)no2)cc1,1899.9999999999995,-3.278753600952829,0,train
COc1cccc(-c2noc(Nc3ccc(OC)c(Cl)c3)n2)c1,2300.000000000001,-3.361727836017593,0,train
COc1cccc(-c2noc(Nc3ccc4c(c3)OCCO4)n2)c1,1899.9999999999995,-3.278753600952829,0,train
COc1cccc(-c2noc(Nc3ccc4c(c3)OCO4)n2)c1,2199.9999999999995,-3.342422680822206,0,train
CCOc1ccc(Nc2nc(-c3cccc(OC)c3)no2)cc1,1600.000000000001,-3.204119982655925,0,train
CCc1ccc(Nc2nc(-c3cccc(OC)c3)no2)cc1,1600.000000000001,-3.204119982655925,0,train
COc1cccc(-c2noc(Nc3ccc(C)cc3)n2)c1OC,3600.0,-3.5563025007672877,0,test
COc1ccc(Nc2nc(-c3cccc(OC)c3OC)no2)cc1,2599.999999999998,-3.4149733479708178,0,test
CCOc1ccc(Nc2nc(-c3cccc(OC)c3OC)no2)cc1,1799.9999999999998,-3.255272505103306,0,train
Cc1ccc(Nc2nc(-c3ccccc3F)no2)cc1,1600.000000000001,-3.204119982655925,0,train
COc1ccc(Nc2nc(-c3ccccc3F)no2)cc1,1099.9999999999998,-3.041392685158225,0,train
Cc1ccc(Nc2nc(-c3ccccc3F)no2)cc1F,1600.000000000001,-3.204119982655925,0,train
CCOc1ccc(Nc2nc(-c3ccccc3F)no2)cc1,1700.000000000001,-3.230448921378274,0,test
CCc1ccc(Nc2nc(-c3ccccc3F)no2)cc1,2700.0000000000005,-3.431363764158988,0,train
Cc1ccc(Nc2nc(-c3ccccc3)no2)cc1,1400.0000000000005,-3.146128035678238,0,train
COc1ccc(Nc2nc(-c3ccccc3)no2)cc1Cl,1700.000000000001,-3.230448921378274,0,test
CCOc1ccc(Nc2nc(-c3ccccc3)no2)cc1,1199.9999999999995,-3.0791812460476247,0,train
CCc1ccc(Nc2nc(-c3cc(OC)ccc3OC)no2)cc1,1799.9999999999998,-3.255272505103306,0,train
COc1ccc(OC)c(-c2noc(Nc3ccc4c(c3)OCO4)n2)c1,2499.9999999999995,-3.397940008672037,0,train
COc1ccc(OC)c(-c2noc(Nc3ccc4c(c3)OCCO4)n2)c1,3500.0000000000005,-3.544068044350276,0,train
COc1ccc(OC)c(-c2noc(Nc3ccc(C)c(F)c3)n2)c1,3500.0000000000005,-3.544068044350276,0,test
COc1ccc(/C=C\c2cc(OC)c(OC)c(OC)c2)cc1[N+](=O)[O-],1799.9999999999998,-3.255272505103306,1,train
CNc1nc(N2CCCc3cc(OC)ccc32)c2ccccc2n1,919.9999999999995,-2.963787827345555,0,train
COc1ccc2c(c1)CCCN2c1nc(Cl)nc2ccccc12,930.0000000000002,-2.9684829485539352,0,train
COc1ccc2c(c1)CCCN2c1nc(C)nc2ccccc12,1000.0,-3.0,0,train
COc1ccc2c(c1)CCCN2c1cc(C)nc2ccccc12,1000.0,-3.0,0,train
COc1ccc2c(c1)CCCN2c1cc(Br)cc(C(=O)NC2CC2)c1,1000.0,-3.0,0,train
COc1ccc(N(C)c2cc(Br)cc(C(=O)NC3CC3)c2)cc1,1600.000000000001,-3.204119982655925,0,train
CNC(=O)c1cc(Br)cc(N(C)c2ccc(OC)cc2)c1,2199.9999999999995,-3.342422680822206,0,train
COc1cc(-c2ncoc2-c2ccc(OC)c3[nH]cnc23)cc(OC)c1OC,389.9999999999999,-2.591064607026499,0,train
COc1cc(OC)cc(N2CCN(C(=O)c3oc(C)nc3-c3ccccc3F)CC2)c1,1668.782024162083,-3.2223996129608943,0,train
Cc1nc(-c2cccc(F)c2)c(C(=O)N2CCN(c3cc(Cl)cc(Cl)c3)CC2)o1,1772.9761592270745,-3.2487028957894464,0,train
Cc1nc(-c2ccccc2F)c(C(=O)N2CCN(c3cc(Cl)cc(Cl)c3)CC2)o1,1680.8735016048888,-3.2255350307374204,0,train
Cc1nc(-c2ccccc2)c(C(=O)N2CCN(c3cc(Cl)cc(Cl)c3)CC2)o1,1609.385358916955,-3.206660046095883,0,train
Cc1nc(-c2ccccc2)c(C(=O)N2CCN(c3cccc(C)c3C)CC2)o1,1411.5566540248003,-3.1496983136105188,0,test
Cc1nc(-c2ccccc2)c(C(=O)N2CCN(c3ccccc3)CC2)o1,1784.5937746461025,-3.251539373665353,0,test
COc1ccc(-c2csc3c2-n2cccc2C3=O)cc1O,2900.0,-3.462397997898956,0,test
COc1cc([C@@H]2c3cc4c(cc3C[C@H]3COC(=O)[C@@H]32)OCO4)cc(OC)c1OC,2399.9999999999995,-3.380211241711606,0,test
COc1ccc2c(c1)CCCCN2c1nc(C)nc2ccccc12,870.0000000000003,-2.9395192526186187,0,test
COc1ccc2c(c1)N(C)C(=O)CN2c1nc(C)nc2ccccc12,1300.0000000000005,-3.113943352306837,0,train
COc1ccc2c(c1)NC(=O)CN2c1nc(C)nc2ccccc12,770.0,-2.886490725172482,0,train
COc1ccc2c(c1)C(O)CCN2c1nc(C)nc2ccccc12,969.9999999999998,-2.9867717342662448,0,train
COc1ccc2c(c1)C(=O)CCN2c1nc(C)nc2ccccc12,940.0000000000002,-2.9731278535996988,0,train
O=C1OCC2=C1C(c1ccc(-c3ccc(-c4cc(F)cc(F)c4)cc3)cc1)c1c(ccc3cn[nH]c13)N2,2740.0,-3.437750562820388,0,train
O=C1OCC2=C1C(c1ccc(-c3ccc(-c4ccc(OC(F)(F)F)cc4)cc3)cc1)c1c(ccc3cn[nH]c13)N2,2950.0,-3.469822015978163,0,train
COc1ccc(C(=O)c2cc(OC)c(OC)c(OC)c2)cc1NC(=O)/C=C/c1ccc(F)cc1,599.9999999999997,-2.7781512503836434,0,train
COc1ccc(C(=O)c2cc(OC)c(OC)c(OC)c2)cc1NC(=O)/C=C/c1ccc(C(F)(F)F)cc1,700.0000000000001,-2.845098040014257,0,test
COc1ccc(C(=O)c2cc(OC)c(OC)c(OC)c2)cc1N,599.9999999999997,-2.7781512503836434,1,train
COc1ccc(Nc2ncccc2C(=O)NCc2cn(Cc3cccc(Oc4ccccc4)c3)nn2)c(OC)c1,1930.0000000000005,-3.285557309007774,0,train
COc1cc(Nc2ncccc2C(=O)NCc2cn(Cc3cccc(Oc4ccccc4)c3)nn2)cc(OC)c1,2779.9999999999995,-3.444044795918076,0,train
COc1cc(/C=C\c2ccc(OC)c(B(O)O)c2)cc(OC)c1,21000.00000000001,-4.32221929473392,0,train
COc1cc(/C=C\c2ccc(B(O)O)cc2)cc(OC)c1,79000.00000000007,-4.897627091290442,0,test
COc1cc(/C=C/C(=O)c2cc(OC)c(OC)c(OC)c2)ccc1O,2599.999999999998,-3.4149733479708178,1,train
COc1cc(/C=C/C(=O)c2cc(OC)c(OC)c(OC)c2)ccc1B(O)O,31000.00000000003,-4.491361693834273,1,train
COc1ccc(/C=C/c2cc(OC)c(OC)c(OC)c2)cc1B(O)O,7799.999999999999,-3.89209460269048,0,train
O=C(Nc1cccnc1Nc1ccc(F)cc1)c1cccnc1Nc1cc(C(F)(F)F)cc(C(F)(F)F)c1,2159.999999999999,-3.3344537511509307,0,train
COc1ccc(S(=O)(=O)N2CCc3cccc(Nc4ccc([N+](=O)[O-])cc4)c32)cc1,3700.0,-3.568201724066995,0,train
COc1ccc(S(=O)(=O)N2CCc3cccc(Nc4ccc(C#N)cc4)c32)cc1,3199.999999999999,-3.505149978319906,0,test
COC(=O)c1ccc(Nc2cccc3c2N(S(=O)(=O)c2ccc(OC)cc2)CC3)cc1,4700.000000000001,-3.6720978579357175,0,train
COc1cc(C(=O)c2ccn(-c3cccc(F)c3)c2)cc(OC)c1OC,2099.999999999999,-3.322219294733919,0,train
COc1cc(C(=O)c2ccn(-c3ccccc3F)c2)cc(OC)c1OC,1000.0,-3.0,1,test
COc1cc(C(=O)c2ccn(-c3ccc(Cl)cc3)c2)cc(OC)c1OC,2300.000000000001,-3.361727836017593,0,train
COc1cc(C(=O)c2ccn(-c3cccc(Cl)c3)c2)cc(OC)c1OC,2199.9999999999995,-3.342422680822206,0,train
COc1cc(C(=O)c2ccn(-c3ccccc3Cl)c2)cc(OC)c1OC,8800.000000000002,-3.9444826721501687,0,train
COc1cc(C(=O)c2ccn(-c3ccccc3)c2)cc(OC)c1OC,1500.0000000000005,-3.1760912590556813,0,train
COc1cc(C(=O)c2ccn(-c3ccc(C)cc3)c2)cc(OC)c1OC,899.9999999999998,-2.9542425094393248,1,train
COc1ccccc1-n1ccc(C(=O)c2cc(OC)c(OC)c(OC)c2)c1,2700.0000000000005,-3.431363764158988,0,test
COc1cccc(-n2ccc(C(=O)c3cc(OC)c(OC)c(OC)c3)c2)c1,1799.9999999999998,-3.255272505103306,0,train
COc1ccc(-n2ccc(C(=O)c3cc(OC)c(OC)c(OC)c3)c2)cc1,1199.9999999999995,-3.0791812460476247,0,train
COc1cc(C(=O)c2ccn(-c3cccc(C)c3)c2)cc(OC)c1OC,949.9999999999995,-2.977723605288848,1,train
COc1cc(C(=O)c2ccn(-c3cccc(NC(C)C)c3)c2)cc(OC)c1OC,2499.9999999999995,-3.397940008672037,0,train
COc1cc(C(=O)c2ccn(-c3cccc([N+](=O)[O-])c3)c2)cc(OC)c1OC,8900.0,-3.949390006644913,0,train
COc1cc(C(=O)c2ccn(-c3ccccc3C)c2)cc(OC)c1OC,13000.000000000004,-4.113943352306837,1,train
CNc1cccc(-n2ccc(C(=O)c3cc(OC)c(OC)c(OC)c3)c2)c1,1000.0,-3.0,0,train
COc1cc(C(=O)c2ccn(-c3ccc(F)cc3)c2)cc(OC)c1OC,1400.0000000000005,-3.146128035678238,1,train
COc1cc(C(=O)c2ccn(-c3cccc(N4CCCC4)c3)c2)cc(OC)c1OC,2499.9999999999995,-3.397940008672037,0,train
COc1cc(C(=O)c2ccn(-c3ccc(N)cc3)c2)cc(OC)c1OC,1300.0000000000005,-3.113943352306837,1,train
COc1cc(C(=O)c2ccn(-c3cccc(-n4cccc4)c3)c2)cc(OC)c1OC,2499.9999999999995,-3.397940008672037,0,train
COc1cc(C(=O)c2ccn(-c3cccc(N)c3)c2)cc(OC)c1OC,1400.0000000000005,-3.146128035678238,1,train
COc1cc(C(=O)c2ccn(-c3cccc(NS(C)(=O)=O)c3)c2)cc(OC)c1OC,860.0000000000003,-2.934498451243568,0,test
COc1cc(C(=O)c2ccn(-c3ccccc3N)c2)cc(OC)c1OC,6799.999999999997,-3.832508912706236,0,train
COc1cc(C(=O)c2ccn(-c3cccc(N(C)C)c3)c2)cc(OC)c1OC,1500.0000000000005,-3.1760912590556813,0,train
COc1cc(C(=O)c2ccn(-c3ccccc3OC(C)C)c2)cc(OC)c1OC,6100.000000000002,-3.785329835010767,0,train
COc1cc(C(=O)c2ccn(-c3cccc(OC(C)C)c3)c2)cc(OC)c1OC,2499.9999999999995,-3.397940008672037,0,train
COc1cc(C(=O)c2ccn(-c3ccccc3O)c2)cc(OC)c1OC,1700.000000000001,-3.230448921378274,0,train
COc1cc(C(=O)c2ccn(-c3cccc(O)c3)c2)cc(OC)c1OC,1199.9999999999995,-3.0791812460476247,1,train
COc1cc(C(=O)c2ccn(-c3ccc(O)cc3)c2)cc(OC)c1OC,15000.000000000004,-4.176091259055681,1,train
COc1ccc(-n2ccc(C(=O)c3cc(OC)c(OC)c(OC)c3)c2)cc1N,1300.0000000000005,-3.113943352306837,0,train
COc1ccc(-n2ccc(C(=O)c3cc(OC)c(OC)c(OC)c3)c2)cc1O,1300.0000000000005,-3.113943352306837,0,train
COc1ccc(-n2ccc(C(=O)c3cc(OC)c(OC)c(OC)c3)c2)cc1OC,2099.999999999999,-3.322219294733919,0,train
COc1ccc(-n2ccc(C(=O)c3cc(OC)c(OC)c(OC)c3)c2)cc1OC(C)C,1700.000000000001,-3.230448921378274,0,train
COc1cc(C(=O)c2ccn(S(=O)(=O)c3ccccc3)c2)cc(OC)c1OC,16000.00000000001,-4.204119982655925,0,train
O=C(NCc1ccco1)N1CCC(c2nc(-c3ccc(Cl)cc3)no2)CC1,2000.0,-3.3010299956639813,0,train
COc1cccc(NC(=O)N2CCC(c3nc(-c4ccc(C)cc4)no3)CC2)c1,3000.0000000000014,-3.4771212547196626,0,train
O=C(NCc1ccccc1)N1CCC(c2nc(-c3ccc(F)cc3)no2)CC1,1600.000000000001,-3.204119982655925,0,train
Cc1ccc(-c2noc(C3CCN(C(=O)NCc4ccccc4)CC3)n2)cc1,1099.9999999999998,-3.041392685158225,0,train
O=C(NCc1ccccc1)N1CCC(c2nc(-c3ccccc3)no2)CC1,1799.9999999999998,-3.255272505103306,0,train
O=C(NCc1ccccc1)N1CCC(c2nc(-c3ccccc3Cl)no2)CC1,2599.999999999998,-3.4149733479708178,0,test
Cc1ccc(-c2noc(C3CCN(C(=O)NCc4ccco4)CC3)n2)cc1,2300.000000000001,-3.361727836017593,0,train
COc1cccc(NC(=O)N2CCC(c3nc(-c4ccc(Cl)cc4)no3)CC2)c1,5300.000000000001,-3.724275869600789,0,test
COc1cc(-c2cc3c4ccccc4n(C(C)=O)c3nn2)cc(OC)c1OC,2410.0,-3.3820170425748683,0,train
COc1ccc(-c2cc3c4ccccc4n(C(C)=O)c3nn2)cc1OC,4919.999999999997,-3.69196510276736,0,train
CC(=O)n1c2ccccc2c2cc(-c3ccc4ccccc4c3)nnc21,8910.000000000002,-3.949877704036875,0,test
CC(=O)n1c2ccccc2c2cc(-c3cccc4ccccc34)nnc21,8970.000000000002,-3.952792443044092,0,train
COc1ccc(/C=C\c2cc(OC)c(OC)c(OC)c2)cc1NC(=O)c1cn(Cc2ccc(F)cc2)nn1,1160.0000000000002,-3.0644579892269186,0,train
COc1ccc(Cn2cc(C(=O)Nc3cc(/C=C\c4cc(OC)c(OC)c(OC)c4)cc(OC)c3OC)nn2)cc1,949.9999999999995,-2.977723605288848,0,train
COc1ccc(/C=C/C(=O)c2ccccc2-c2ccc(F)cc2)cc1,1799.9999999999998,-3.255272505103306,0,train
COc1ccc(/C=C/C(=O)c2ccccc2-c2ccc(F)cc2)cc1O,1300.0000000000005,-3.113943352306837,0,train
COc1ccc(/C=C/C(=O)c2ccccc2-c2ccc(F)cc2)cc1B(O)O,3399.999999999998,-3.531478917042255,0,train
CN(C)c1ccc(/C=C/C(=O)c2ccccc2-c2ccc(F)cc2)cc1,3600.0,-3.5563025007672877,0,train
COc1ccc(/C=C/C(=O)c2ccccc2-c2cccc(F)c2)cc1,4000.000000000001,-3.6020599913279625,0,train
COc1ccc(/C=C/C(=O)c2ccccc2-c2cccc(F)c2)cc1O,490.0000000000002,-2.690196080028514,0,train
COc1ccc(/C=C/C(=O)c2ccccc2-c2cc(OC)c(OC)c(OC)c2)cc1O,2800.0000000000014,-3.4471580313422194,0,train
CCC1=CC2CN(/C=C(/C(=O)OC)Cc3c([nH]c4ccc(I)cc34)[C@@](C(=O)OC)(c3cc4c(cc3OC)N(C)[C@H]3[C@@](O)(C(=O)OC)[C@H](OC(C)=O)[C@]5(CC)C=CCN6CC[C@]43[C@@H]65)C2)C1,6200.0,-3.792391689498254,0,train
COC(=O)Nc1nc2ccc(C(=O)c3sccc3O)cc2[nH]1,2000.0,-3.3010299956639813,0,train
COC(=O)Nc1nc2ccc(C(=O)c3ccc(OC)cc3O)cc2[nH]1,2199.9999999999995,-3.342422680822206,0,train
COC(=O)Nc1nc2ccc(/C=C\c3cc(OC)c(OC)c(OC)c3)cc2[nH]1,1600.000000000001,-3.204119982655925,0,train
COc1ccc(-c2oc3cc(O)c(OC)c(O)c3c(=O)c2OC)cc1,5700.000000000001,-3.755874855672492,0,train
COc1cc(-c2oc3cc(O)c(OC)c(O)c3c(=O)c2OC)cc(OC)c1OC,21400.000000000007,-4.330413773349191,0,train
COc1cc(-c2oc3cc(O)c(OC)c(O)c3c(=O)c2OC)cc(O)c1OC,17799.999999999985,-4.250420002308894,0,train
COc1ccc(-c2oc3cc(O)c(OC)c(O)c3c(=O)c2OC)cc1OC,19300.000000000004,-4.285557309007774,0,test
Cc1ccc(S(=O)(=O)N2CC(=O)N3Cc4ccccc4[C@@H](OCc4ccccc4)[C@@H]3C2)cc1,1680.0,-3.225309281725863,0,train
Cc1ccc(S(=O)(=O)N2C[C@H]3[C@H](OCc4ccccc4)c4ccccc4CN3C(=O)[C@@H]2C)cc1,3550.000000000001,-3.550228353055094,0,train
COc1cc(C2=NCC(=O)Nc3cc4c(cc32)OCO4)cc(OC)c1OC,13600.000000000013,-4.133538908370218,0,train
COc1ccc2c(c1)NC(=O)CN=C2c1cc(OC)c(OC)c(OC)c1,8999.999999999998,-3.9542425094393248,0,train
COc1ccc2c(c1O)NC(=O)CN=C2c1cc(OC)c(OC)c(OC)c1,1300.0000000000005,-3.113943352306837,0,train
COc1ccc(-c2nc3cccc(C)n3c2Nc2cc(OC)c(OC)c(OC)c2)cc1O,37999.99999999999,-4.57978359661681,0,test
COc1ccc(Nc2c(-c3ccc(OC)c(O)c3)nc3ncccn23)cc1,53999.99999999996,-4.732393759822968,0,train
COc1ccc(Nc2c(-c3cccc(O)c3)nc3ccccn23)cc1,42000.00000000003,-4.623249290397901,0,test
COc1ccc(Nc2c(-c3cccc(B(O)O)c3)nc3ccccn23)cc1,48000.00000000005,-4.681241237375588,0,train
COc1ccc(Nc2c(-c3ccc(OC)cc3)nc3ccccn23)cc1,34000.00000000002,-4.531478917042255,0,train
COc1ccc(Nc2c(-c3cc(OC)c(OC)c(OC)c3)nc3ccccn23)cc1,14000.000000000004,-4.146128035678238,0,train
COc1cc(Nc2c(C3C=Nc4ccccc43)nc3cnccn23)cc(OC)c1OC,11000.000000000007,-4.041392685158225,0,train
COc1ccc(Nc2c(-c3ccc(OC)c(O)c3)nc3cnccn23)cc1,37999.99999999999,-4.57978359661681,0,train
COc1ccc(Nc2c(-c3ccc(Cl)cc3)nc3cnccn23)cc1,46000.00000000003,-4.662757831681574,0,train
COc1ccc(Nc2c(-c3ccc(F)cc3)nc3cnccn23)cc1,44000.00000000005,-4.643452676486188,0,train
COc1cc(-c2nc3cnccn3c2Nc2cc(OC)c(OC)c(OC)c2)cc(OC)c1O,34000.00000000002,-4.531478917042255,0,test
COc1cc(Nc2c(-c3ccc(F)cc3)nc3cnccn23)cc(OC)c1OC,35999.99999999996,-4.556302500767287,1,train
COc1cc(Nc2c(-c3ccc(Cl)cc3)nc3cnccn23)cc(OC)c1OC,32000.000000000025,-4.505149978319906,1,train
COc1cc(Nc2c(-c3cccc(O)c3)nc3cnccn23)cc(OC)c1OC,39000.00000000003,-4.5910646070265,1,train
COc1ccc(-c2nc3cnccn3c2Nc2cc(OC)c(OC)c(OC)c2)cc1,40000.00000000001,-4.6020599913279625,1,train
COc1ccc(-c2nc3sc4ccccc4n3c2Nc2cc(OC)c(OC)c(OC)c2)cc1O,20000.000000000004,-4.301029995663981,0,test
COc1ccc(-c2nc3sccn3c2Nc2cc(OC)c(OC)c(OC)c2)cc1O,35999.99999999996,-4.556302500767287,1,train
COc1ccc(-c2nc3cnccn3c2Nc2cc(OC)c(OC)c(OC)c2)cc1O,37999.99999999999,-4.57978359661681,1,train
COc1ccc(-c2nc3cc(C)ccn3c2Nc2cc(OC)c(OC)c(OC)c2)cc1O,10000.0,-4.0,1,train
COc1ccc(-c2nc3ccccn3c2Nc2cc(OC)c(OC)c(OC)c2)cc1O,12000.000000000007,-4.079181246047625,1,test
COc1cc(C(=O)c2c(-c3ccccc3)[nH]c3c(Cl)c(Cl)ccc23)cc(OC)c1OC,1500.0000000000005,-3.1760912590556813,0,train
COc1cc(Sc2c(-c3ccccc3)[nH]c3c(Cl)c(Cl)ccc23)cc(OC)c1OC,1199.9999999999995,-3.0791812460476247,0,test
COc1cc(C(=O)c2c(-c3ccccc3)[nH]c3c(OC)cccc23)cc(OC)c1OC,1799.9999999999998,-3.255272505103306,0,test
COc1cc(Sc2c(-c3ccccc3)[nH]c3c(OC)cccc23)cc(OC)c1OC,1199.9999999999995,-3.0791812460476247,0,train
COc1cc(C(=O)c2c(-c3ccccc3)[nH]c3c(F)cccc23)cc(OC)c1OC,1700.000000000001,-3.230448921378274,0,train
COc1cc(Sc2c(-c3ccccc3)[nH]c3c(F)cccc23)cc(OC)c1OC,1000.0,-3.0,0,train
COc1cc(Cc2c(-c3ccccc3)[nH]c3c(Cl)cccc23)cc(OC)c1OC,2399.9999999999995,-3.380211241711606,0,train
COc1cc(C(=O)c2c(-c3ccccc3)[nH]c3c(Cl)cccc23)cc(OC)c1OC,1799.9999999999998,-3.255272505103306,0,test
COc1cc(Sc2c(-c3ccccc3)[nH]c3c(Cl)cccc23)cc(OC)c1OC,1300.0000000000005,-3.113943352306837,0,train
COc1cc(C(=O)c2c(-c3ccccc3)[nH]c3c(Br)cccc23)cc(OC)c1OC,1700.000000000001,-3.230448921378274,0,train
COc1cc(Sc2c(-c3ccccc3)[nH]c3c(Br)cccc23)cc(OC)c1OC,1600.000000000001,-3.204119982655925,0,train
COc1ccc2c(C(=O)c3cc(OC)c(OC)c(OC)c3)c(-c3ccccc3)[nH]c2c1,1199.9999999999995,-3.0791812460476247,0,train
COc1ccc2c(Sc3cc(OC)c(OC)c(OC)c3)c(-c3ccccc3)[nH]c2c1,1099.9999999999998,-3.041392685158225,0,train
COc1cc(C(=O)c2c(-c3ccccc3)[nH]c3cc(F)ccc23)cc(OC)c1OC,10000.0,-4.0,0,train
COc1cc(Sc2c(-c3ccccc3)[nH]c3cc(F)ccc23)cc(OC)c1OC,2399.9999999999995,-3.380211241711606,0,test
COc1cc(Cc2c(-c3ccccc3)[nH]c3cc(Cl)ccc23)cc(OC)c1OC,1600.000000000001,-3.204119982655925,1,train
COc1cc(C(=O)c2c(-c3ccccc3)[nH]c3cc(Cl)ccc23)cc(OC)c1OC,1400.0000000000005,-3.146128035678238,0,train
COc1cc(Sc2c(-c3ccccc3)[nH]c3cc(Cl)ccc23)cc(OC)c1OC,1199.9999999999995,-3.0791812460476247,1,train
COc1cc(C(=O)c2c(-c3ccccc3)[nH]c3cc(Br)ccc23)cc(OC)c1OC,1300.0000000000005,-3.113943352306837,0,train
COc1cc(Sc2c(-c3ccccc3)[nH]c3cc(Br)ccc23)cc(OC)c1OC,1899.9999999999995,-3.278753600952829,0,test
COc1ccc2[nH]c(-c3ccccc3)c(Cc3cc(OC)c(OC)c(OC)c3)c2c1,3500.0000000000005,-3.544068044350276,0,test
COc1ccc2[nH]c(-c3ccccc3)c(C(=O)c3cc(OC)c(OC)c(OC)c3)c2c1,8299.999999999996,-3.9190780923760737,0,test
COc1ccc2[nH]c(-c3ccccc3)c(Sc3cc(OC)c(OC)c(OC)c3)c2c1,2099.999999999999,-3.322219294733919,0,train
COc1cc(C(=O)c2c(-c3ccccc3)[nH]c3ccc(F)cc23)cc(OC)c1OC,13000.000000000004,-4.113943352306837,1,train
COc1cc(Sc2c(-c3ccccc3)[nH]c3ccc(F)cc23)cc(OC)c1OC,1500.0000000000005,-3.1760912590556813,1,test
COc1cc(Cc2c(-c3ccccc3)[nH]c3ccc(Cl)cc23)cc(OC)c1OC,4400.0,-3.643452676486187,0,test
COc1cc(Sc2c(-c3ccccc3)[nH]c3ccc(Cl)cc23)cc(OC)c1OC,1500.0000000000005,-3.1760912590556813,1,train
COc1cc(Cc2c(-c3ccccc3)[nH]c3ccc(Br)cc23)cc(OC)c1OC,4000.000000000001,-3.6020599913279625,0,train
COc1cc(Sc2c(-c3ccccc3)[nH]c3ccc(Br)cc23)cc(OC)c1OC,1300.0000000000005,-3.113943352306837,1,train
COc1cc(C(=O)c2c(-c3ccccc3)[nH]c3cccc(F)c23)cc(OC)c1OC,1600.000000000001,-3.204119982655925,0,train
COc1cc(Sc2c(-c3ccccc3)[nH]c3cccc(F)c23)cc(OC)c1OC,1700.000000000001,-3.230448921378274,0,train
COc1cc(Cc2c(-c3ccccc3)[nH]c3cccc(Cl)c23)cc(OC)c1OC,17000.000000000007,-4.230448921378274,1,train
COc1cc(C(=O)c2c(-c3ccccc3)[nH]c3cccc(Cl)c23)cc(OC)c1OC,3600.0,-3.5563025007672877,0,train
COc1cc(Sc2c(-c3ccccc3)[nH]c3cccc(Cl)c23)cc(OC)c1OC,1600.000000000001,-3.204119982655925,1,train
COc1cc(Sc2c(-c3ccccc3)[nH]c3cccc(Br)c23)cc(OC)c1OC,2399.9999999999995,-3.380211241711606,0,test
COc1ccc(S(=O)(=O)Nc2ccccc2-c2ccc(C#N)c(F)c2)cc1,670.0,-2.8260748027008264,0,train
O=C1c2cc(Cl)ccc2OC2c3[nH]c4ccc(O)cc4c3CCN12,5300.000000000001,-3.724275869600789,0,train
O=C1c2cc(Cl)ccc2SC2c3[nH]c4ccc(O)cc4c3CCN12,4499.999999999998,-3.653212513775344,0,train
COc1ccc2c(c1)CCCN2c1nc(NCCCO)nc2ccccc12,850.0000000000002,-2.929418925714293,0,train
COc1ccc2c(c1)CCCN2c1nc(NC2CC2)nc2ccccc12,1300.0000000000005,-3.113943352306837,0,test
COc1ccc2c(c1)CCCN2c1nc(NC2CCCC2)nc2ccccc12,5700.000000000001,-3.755874855672492,0,train
COc1ccc2c(c1)CCCN2c1ncnc2ccccc12,1300.0000000000005,-3.113943352306837,0,test
COc1ccc2c(c1)CCCN2c1nccc2ccccc12,2599.999999999998,-3.4149733479708178,0,train
COc1ccc2c(c1)CCCN2c1cncc2ccccc12,3300.0000000000005,-3.5185139398778875,0,train
COc1cc(/C=C/C(=O)/C=C/c2cc(OC)c(OC)c(OC)c2)ccc1OCc1cn(CCN2C(=O)C(=O)c3ccccc32)nn1,2360.000000000001,-3.3729120029701067,0,train
COc1ccc(/C=C/C(=O)/C=C/c2ccc(OCc3cn(CCN4C(=O)C(=O)c5ccccc54)nn3)c(OC)c2)cc1OC,3970.000000000001,-3.598790506763115,0,test
COc1ccc(/C=C/C(=O)/C=C/c2ccc(OCc3cn(CCN4C(=O)C(=O)c5ccccc54)nn3)c(OC)c2)cc1,5409.999999999997,-3.733197265106569,0,test
COc1cc(/C=C/C(=O)/C=C/c2cccc3ccccc23)ccc1OCc1cn(CCN2C(=O)C(=O)c3ccccc32)nn1,7159.999999999997,-3.854913022307856,0,train
COc1ccc(-c2sccc2-c2cc(OC)c(OC)c(OC)c2)cc1O,9759.999999999998,-3.989449817666692,1,train
COc1ccc(-c2ccsc2-c2cc(OC)c(OC)c(OC)c2)cc1O,5010.000000000002,-3.699837725867246,0,train
COc1ccc(/C=C2\Cc3c(cc(OC)c(OC)c3OC)C2=O)cc1O,7559.999999999996,-3.8785217955012063,0,train
COc1ccc(/C=C2\Cc3c(cc(OC)c(OC)c3OC)C2=O)cc1,9620.000000000004,-3.983175072037813,0,train
COc1ccc(/C=C2\Cc3c(cc(OC)c(OC)c3OC)C2=O)cc1F,8920.000000000002,-3.950364854376123,0,test
COc1ccc(/C=C2\Cc3c(cc(OC)c(OC)c3OC)C2=O)cc1Br,9050.0,-3.9566485792052033,0,test
COc1ccc(/C=C2\Cc3c(cc(OC)c(OC)c3OC)C2=O)cc1N,8639.999999999998,-3.936513742478893,0,train
COc1cc(/C=C/C(=O)/C=C/c2cc(OC)c(OC)c(OC)c2)ccc1OCc1cn(CCOc2cc(=O)oc3ccccc23)nn1,1549.9999999999995,-3.1903316981702914,0,train
COc1ccc(/C=C/C(=O)/C=C/c2ccc(OCc3cn(CCOc4cc(=O)oc5ccccc45)nn3)c(OC)c2)cc1OC,2880.0000000000014,-3.459392487759231,0,test
COc1cc(/C=C/C(=O)/C=C/c2cccc3ccccc23)ccc1OCc1cn(CCOc2cc(=O)oc3ccccc23)nn1,7650.0,-3.8836614351536176,0,train
COc1cc2nc3occc3c(OC)c2cc1OC,820.0,-2.9138138523837167,0,train
COc1ccc(-c2sc3cc(OC)ccc3c2Oc2cc(OC)c(OC)c(OC)c2)cc1,880.0000000000001,-2.9444826721501687,1,train
COc1ccc(-c2sc3cc4c(cc3c2C(=O)c2cc(OC)c(OC)c(OC)c2)OCO4)cc1O,40000.00000000001,-4.6020599913279625,0,train
COc1ccc(-c2sc3cc(OC)ccc3c2C(=O)c2cc(OC)c(OC)c(OC)c2)cc1,40000.00000000001,-4.6020599913279625,1,train
COc1ccc2c(C(=O)c3cc(OC)c(OC)c(OC)c3)c(-c3ccc(OC)c(O)c3)sc2c1,3500.0000000000005,-3.544068044350276,0,test
COc1ccc2c(C(O)c3ccc(OC)c(O)c3)c(-c3cc(OC)c(OC)c(OC)c3)sc2c1,6100.000000000002,-3.785329835010767,0,train
N#C/C(=C\c1ccc(Br)cc1)n1nnc2ncccc21,17199.999999999993,-4.235528446907549,0,train
Cc1ccc(/C=C(\C#N)n2nnc3ncccc32)cc1,23900.00000000001,-4.378397900948138,0,train
N#C/C(=C\c1ccc(Br)cc1)n1nnc2cnccc21,29099.99999999997,-4.463892988985907,0,train
COc1ccc(N(C)C2=CC(=O)C(=O)c3ccccc32)cc1F,4978.000000000002,-3.697054892272575,0,train
COC(=O)c1ccc2c(c1)NC(=O)CN2C(=O)c1cc(OC)c(OC)c(OC)c1,3970.000000000001,-3.598790506763115,0,train
COC1=CC(=O)N(C(=O)[C@@H](OC(=O)[C@@H]2CCCN2C(=O)[C@@H]2CCCN2C(=O)[C@H](C(C)C)N(C)C(=O)[C@@H](NC(=O)[C@H](C(C)C)N(C)C)C(C)C)C(C)C)[C@H]1Cc1ccccc1,23000.00000000001,-4.361727836017593,0,train
O=C(/C=C\Nc1ccc2ncccc2c1)c1c(-c2ccccc2)nc2ccccn12,1819.9999999999995,-3.2600713879850747,0,train
O=C(/C=C\Nc1ccc(Br)cc1)c1c(-c2ccc(Cl)cc2)nc2ccccn12,1930.0000000000005,-3.285557309007774,0,train
COc1ccc(N2C(=O)CSC2c2cc(OC)c(OC)c(OC)c2)cc1,2119.999999999999,-3.326335860928751,0,train
CCOc1ccc(-c2cc(C)nn2-c2cc(OC)c(OC)c(OC)c2)cc1Cl,1700.000000000001,-3.230448921378274,0,train
COc1cc(Sc2c[nH]c3ccc(-c4ccco4)cc23)cc(OC)c1OC,870.0000000000003,-2.9395192526186187,0,train
COc1cc(Sc2c[nH]c3ccc(-c4ccoc4)cc23)cc(OC)c1OC,1799.9999999999998,-3.255272505103306,0,test
COc1cc(Sc2c[nH]c3ccc(-c4cccs4)cc23)cc(OC)c1OC,1300.0000000000005,-3.113943352306837,0,train
COc1cc(Sc2c[nH]c3ccc(-c4ccsc4)cc23)cc(OC)c1OC,1700.000000000001,-3.230448921378274,0,train
COc1cc(Sc2c[nH]c3cc(-c4ccco4)ccc23)cc(OC)c1OC,590.0,-2.770852011642144,0,train
COc1cc(C(=O)c2c[nH]c3cc(-c4ccco4)ccc23)cc(OC)c1OC,760.0,-2.880813592280792,0,train
COc1cc(Sc2c[nH]c3cc(-c4ccoc4)ccc23)cc(OC)c1OC,2300.000000000001,-3.361727836017593,0,train
COc1cc(C(=O)c2c[nH]c3cc(-c4ccoc4)ccc23)cc(OC)c1OC,610.0000000000001,-2.785329835010767,1,train
COc1cc(Sc2c[nH]c3cc(-c4cccs4)ccc23)cc(OC)c1OC,470.00000000000006,-2.672097857935717,0,train
COc1cc(C(=O)c2c[nH]c3cc(-c4cccs4)ccc23)cc(OC)c1OC,380.0,-2.57978359661681,1,train
COc1cc(Sc2c[nH]c3cc(-c4ccsc4)ccc23)cc(OC)c1OC,580.0000000000001,-2.7634279935629373,0,train
COc1cc(C(=O)c2c[nH]c3cc(-c4ccsc4)ccc23)cc(OC)c1OC,599.9999999999997,-2.7781512503836434,1,train
COc1cc(Sc2c[nH]c3c(-c4ccco4)cccc23)cc(OC)c1OC,639.9999999999999,-2.806179973983887,0,train
COc1cc(C(=O)c2c[nH]c3c(-c4ccco4)cccc23)cc(OC)c1OC,1899.9999999999995,-3.278753600952829,0,train
COc1cc(Sc2c[nH]c3c(-c4ccoc4)cccc23)cc(OC)c1OC,1300.0000000000005,-3.113943352306837,0,train
COc1cc(C(=O)c2c[nH]c3c(-c4ccoc4)cccc23)cc(OC)c1OC,3000.0000000000014,-3.4771212547196626,0,train
COc1cc(Sc2c[nH]c3c(-c4cccs4)cccc23)cc(OC)c1OC,570.0000000000001,-2.7558748556724915,0,train
COc1cc(C(=O)c2c[nH]c3c(-c4cccs4)cccc23)cc(OC)c1OC,2599.999999999998,-3.4149733479708178,0,test
COc1cc(Sc2c[nH]c3c(-c4ccsc4)cccc23)cc(OC)c1OC,1300.0000000000005,-3.113943352306837,0,train
COc1cc(C(=O)c2c[nH]c3c(-c4ccsc4)cccc23)cc(OC)c1OC,6200.0,-3.792391689498254,1,test
COc1cc(Sc2c(-c3cccs3)[nH]c3ccccc23)cc(OC)c1OC,740.0000000000001,-2.869231719730976,1,train
COc1ccc(CN(C(=O)CSc2nc3ccccc3o2)c2cc(OC)c(OC)c(OC)c2)cc1,3349.9999999999995,-3.525044807036845,0,train
Cc1ccc(S(=O)(=O)NCc2cn(Cc3cccc(Oc4ccccc4)c3)nn2)cc1,2410.0,-3.3820170425748683,0,train
C/C(=C\c1csc(C)n1)[C@@H]1C[C@@H]2O[C@]2(C)CCC[C@H](C)[C@H](O)[C@@H](C)C(=O)C(C)(C)[C@@H](O)CC(=O)O1,3.5000000000000004,-0.5440680443502757,0,train
O=C1c2ccccc2C(=Cc2cccc(O)c2)c2ccccc21,10000.0,-4.0,0,train
COc1cc(-c2nnc(SCC(=O)Nc3ccc(C)cc3)n2N)cc(OC)c1OC,5900.000000000001,-3.770852011642144,0,train
COc1ccccc1-n1cc(C(=O)c2cc(OC)c(OC)c(OC)c2)c(-c2ccccc2)c1,1300.0000000000005,-3.113943352306837,0,train
COc1cc(C(=O)c2cn(-c3cccc(Cl)c3)cc2-c2ccccc2)cc(OC)c1OC,2099.999999999999,-3.322219294733919,0,train
COc1cc(C(=O)c2cn(-c3cccc(Br)c3)cc2-c2ccccc2)cc(OC)c1OC,1899.9999999999995,-3.278753600952829,0,train
COc1cccc(-n2cc(C(=O)c3cc(OC)c(OC)c(OC)c3)c(-c3ccccc3)c2)c1,1600.000000000001,-3.204119982655925,0,train
COc1cc(C(=O)c2cn(-c3ccc(Cl)cc3)cc2-c2ccccc2)cc(OC)c1OC,1700.000000000001,-3.230448921378274,0,train
COc1cc(C(=O)c2cn(-c3ccc(Br)cc3)cc2-c2ccccc2)cc(OC)c1OC,660.0000000000001,-2.8195439355418688,0,train
COc1cc(C(=O)c2cn(-c3ccc([N+](=O)[O-])cc3)cc2-c2ccccc2)cc(OC)c1OC,3300.0000000000005,-3.5185139398778875,0,train
COc1cc(C(=O)c2cn(-c3ccc(N)cc3)cc2-c2ccccc2)cc(OC)c1OC,1600.000000000001,-3.204119982655925,0,train
COc1ccc(-n2cc(C(=O)c3cc(OC)c(OC)c(OC)c3)c(-c3ccccc3)c2)cc1,960.0,-2.9822712330395684,0,train
COc1cc(C(=O)c2cn(-c3ccccc3)cc2-c2ccccc2C)cc(OC)c1OC,789.9999999999999,-2.8976270912904414,0,train
COc1cc(C(=O)c2cn(-c3ccccc3)cc2-c2ccccc2Cl)cc(OC)c1OC,630.0,-2.7993405494535817,0,test
COc1cc(C(=O)c2cn(-c3ccccc3)cc2-c2cccc(Cl)c2)cc(OC)c1OC,2300.000000000001,-3.361727836017593,0,train
COc1cc(C(=O)c2cn(-c3ccccc3)cc2-c2ccc(Cl)cc2)cc(OC)c1OC,1199.9999999999995,-3.0791812460476247,0,train
COc1cc(C(=O)c2cn(-c3ccccc3)cc2-c2ccccc2Br)cc(OC)c1OC,670.0,-2.8260748027008264,0,train
COc1cc(C(=O)c2cn(-c3ccccc3)cc2-c2ccc(Br)cc2)cc(OC)c1OC,770.0,-2.886490725172482,0,train
COc1cc(C(=O)c2cn(-c3ccccc3)cc2-c2ccccc2[N+](=O)[O-])cc(OC)c1OC,730.0,-2.863322860120456,0,train
COc1cc(C(=O)c2cn(-c3ccccc3)cc2-c2cccc([N+](=O)[O-])c2)cc(OC)c1OC,940.0000000000002,-2.9731278535996988,0,train
COc1ccccc1-c1cn(-c2ccccc2)cc1C(=O)c1cc(OC)c(OC)c(OC)c1,549.9999999999998,-2.740362689494244,0,train
COc1cccc(-c2cn(-c3ccccc3)cc2C(=O)c2cc(OC)c(OC)c(OC)c2)c1,449.99999999999983,-2.6532125137753435,0,test
COc1ccc(-c2cn(-c3ccccc3)cc2C(=O)c2cc(OC)c(OC)c(OC)c2)cc1,480.0,-2.681241237375587,0,train
COc1cc(C(=O)c2cn(-c3ccccc3)cc2-c2cc(F)ccc2F)cc(OC)c1OC,1300.0000000000005,-3.113943352306837,0,train
COc1cc(C(=O)c2cn(-c3ccccc3)cc2-c2c(F)cc(F)cc2F)cc(OC)c1OC,509.9999999999999,-2.7075701760979363,0,test
COc1cc(C(=O)c2cn(-c3cccc(C)c3)cc2-c2ccccc2F)cc(OC)c1OC,789.9999999999999,-2.8976270912904414,0,train
COc1cc(C(=O)c2cn(-c3cccc(C)c3)cc2-c2ccccc2Cl)cc(OC)c1OC,710.0000000000003,-2.8512583487190755,0,train
COc1cc(C(=O)c2cn(-c3cccc(C)c3)cc2-c2ccccc2[N+](=O)[O-])cc(OC)c1OC,1199.9999999999995,-3.0791812460476247,0,train
COc1cc(C(=O)c2cn(-c3cccc(C)c3)cc2-c2cccc(N)c2)cc(OC)c1OC,909.9999999999995,-2.959041392321093,0,train
COc1cc(C(=O)c2cn(-c3cccc(C)c3)cc2-c2ccc(N)cc2)cc(OC)c1OC,330.00000000000006,-2.5185139398778875,0,train
COc1cc(C(=O)c2cn(-c3cccc(F)c3)cc2-c2ccccc2[N+](=O)[O-])cc(OC)c1OC,1099.9999999999998,-3.041392685158225,0,train
COc1cc(C(=O)c2cn(-c3cccc(N)c3)cc2-c2ccccc2F)cc(OC)c1OC,500.0,-2.6989700043360187,0,train
COc1cc(C(=O)c2cn(-c3cccc(N)c3)cc2-c2ccccc2Cl)cc(OC)c1OC,630.0,-2.7993405494535817,0,test
COc1cc(C(=O)c2cn(-c3cccc(N)c3)cc2-c2ccccc2[N+](=O)[O-])cc(OC)c1OC,710.0000000000003,-2.8512583487190755,0,train
COc1cc(C(=O)c2cn(-c3cccc(N)c3)cc2-c2cccc([N+](=O)[O-])c2)cc(OC)c1OC,1700.000000000001,-3.230448921378274,0,train
COc1cc(C(=O)c2cn(-c3cccc(N)c3)cc2-c2ccc([N+](=O)[O-])cc2)cc(OC)c1OC,779.9999999999999,-2.8920946026904804,0,train
COc1cc(C(=O)c2cn(-c3cccc(N)c3)cc2-c2cccc(N)c2)cc(OC)c1OC,880.0000000000001,-2.9444826721501687,0,test
COc1cc(C(=O)c2cn(-c3cccc(N)c3)cc2-c2ccc(N)cc2)cc(OC)c1OC,470.00000000000006,-2.672097857935717,0,test
COc1cc(C(=O)c2cn(-c3ccc(C)cc3)cc2-c2ccccc2F)cc(OC)c1OC,779.9999999999999,-2.8920946026904804,0,train
COc1cc(C(=O)c2cn(-c3ccc(C)cc3)cc2-c2ccccc2Cl)cc(OC)c1OC,480.0,-2.681241237375587,0,train
COc1cc(C(=O)c2cn(-c3ccc(C)cc3)cc2-c2ccccc2[N+](=O)[O-])cc(OC)c1OC,610.0000000000001,-2.785329835010767,0,train
COc1cc(C(=O)c2cn(-c3ccc(C)cc3)cc2-c2cccc([N+](=O)[O-])c2)cc(OC)c1OC,710.0000000000003,-2.8512583487190755,0,train
COc1cc(C(=O)c2cn(-c3ccc(C)cc3)cc2-c2ccc([N+](=O)[O-])cc2)cc(OC)c1OC,650.0000000000002,-2.812913356642856,0,test
COc1cc(C(=O)c2cn(-c3ccc(C)cc3)cc2-c2cccc(N)c2)cc(OC)c1OC,419.9999999999999,-2.6232492903979003,0,train
COc1cc(C(=O)c2cn(-c3ccc(C)cc3)cc2-c2ccc(N)cc2)cc(OC)c1OC,360.0,-2.5563025007672877,0,train
COc1cc(C(=O)c2cn(-c3ccc(F)cc3)cc2-c2ccccc2F)cc(OC)c1OC,660.0000000000001,-2.8195439355418688,0,train
COc1cc(C(=O)c2cn(-c3ccc(F)cc3)cc2-c2ccccc2Cl)cc(OC)c1OC,509.9999999999999,-2.7075701760979363,0,train
COc1cc(C(=O)c2cn(-c3ccc(F)cc3)cc2-c2ccccc2[N+](=O)[O-])cc(OC)c1OC,679.9999999999998,-2.832508912706236,0,train
COc1cc(C(=O)c2cn(-c3ccc(F)cc3)cc2-c2cccc(N)c2)cc(OC)c1OC,410.0,-2.6127838567197355,0,train
COc1cc(C(=O)c2cn(-c3ccc(F)cc3)cc2-c2ccc(N)cc2)cc(OC)c1OC,500.0,-2.6989700043360187,0,test
COc1cc(C(=O)c2cn(-c3ccc(N)cc3)cc2-c2ccccc2F)cc(OC)c1OC,590.0,-2.770852011642144,0,train
COc1cc(C(=O)c2cn(-c3ccc(N)cc3)cc2-c2ccccc2Cl)cc(OC)c1OC,710.0000000000003,-2.8512583487190755,0,train
COc1cc(C(=O)c2cn(-c3ccc(N)cc3)cc2-c2ccccc2[N+](=O)[O-])cc(OC)c1OC,519.9999999999998,-2.716003343634799,0,test
COc1cc(C(=O)c2cn(-c3ccc(N)cc3)cc2-c2cccc([N+](=O)[O-])c2)cc(OC)c1OC,3800.0,-3.57978359661681,0,test
COc1cc(C(=O)c2cn(-c3ccc(N)cc3)cc2-c2ccc([N+](=O)[O-])cc2)cc(OC)c1OC,1799.9999999999998,-3.255272505103306,0,train
COc1cc(C(=O)c2cn(-c3ccc(N)cc3)cc2-c2cccc(N)c2)cc(OC)c1OC,870.0000000000003,-2.9395192526186187,0,train
COc1cc(C(=O)c2cn(-c3ccc(N)cc3)cc2-c2ccc(N)cc2)cc(OC)c1OC,380.0,-2.57978359661681,0,test
COc1cc(C(=O)c2cn(-c3ccccc3)cc2-c2ccc(N)cc2)cc(OC)c1OC,1199.9999999999995,-3.0791812460476247,0,test
COc1cc(S(=O)(=O)/C=C/c2cccc3[nH]ccc23)cc(OC)c1OC,3090.0,-3.4899584794248346,0,test
Cc1cc(=O)oc2cc(OCc3cn(-c4ccc(S(N)(=O)=O)cc4)nn3)ccc12,2399.9999999999995,-3.380211241711606,0,train
COc1ccc2c(O)c(Cc3cc(OC)c(OC)c(OC)c3)ccc2c1,17000.000000000007,-4.230448921378274,0,test
CC(C)(C)c1[nH]cnc1/C=c1\[nH]c(=O)/c(=C/C(=O)c2ccccc2)[nH]c1=O,1.4,-0.146128035678238,0,train
CC(C)(C)c1[nH]cnc1/C=c1\[nH]c(=O)/c(=C/c2cc(F)ccc2F)[nH]c1=O,2.6,-0.414973347970818,0,train
COc1cc(C(=O)/C(C)=C/c2ccc(OC)c(O)c2)cc(OC)n1,2080.0,-3.318063334962761,0,train
COc1ccc(/C=C/C(=O)c2cc(OC)c(OC)c(OC)c2)cc1OCCCCCCC(=O)NO,10400.00000000001,-4.017033339298781,0,train
COc1ccc(/C=C(\C)C(=O)c2cc(OC)c(OC)c(OC)c2)cc1OCCCC(=O)NO,54500.000000000015,-4.7363965022766426,1,train
COc1ccc(/C=C(\C)C(=O)c2cc(OC)c(OC)c(OC)c2)cc1OCCCCCCCC(=O)NO,4999.999999999999,-3.6989700043360183,1,train
COC(=O)Nc1nc2cc(OS(=O)(=O)c3c(Cl)cccc3Cl)ccc2[nH]1,2700.0000000000005,-3.431363764158988,0,train
COC(=O)Nc1nc2cc(Sc3nnc4ccc(-c5ccc(F)cc5)nn34)ccc2[nH]1,2000.0,-3.3010299956639813,0,train
COc1ccc(CN(C(=O)Cn2cc(COc3ccc4c(C)cc(=O)oc4c3)nn2)c2cc(OC)c(OC)c(OC)c2)cc1,2163.9999999999995,-3.335257256434532,0,train
C[C@H]1COc2c(N3CCN(C)CC3)c(F)cc3c(=O)c(C(=O)NCc4cn(CCCCCCC(=O)NO)nn4)cn1c23,1790.000000000001,-3.2528530309798933,0,train
COc1ccc(/C=C2\Oc3c(cc(OC)c(OC)c3OC)C2=O)cc1O,22000.00000000002,-4.342422680822207,0,train
COc1cc2c(c(OC)c1OC)-c1ccc(OC)c(=O)cc1CC=C2,1600.000000000001,-3.204119982655925,0,train
COc1cc2c(c(OC)c1OC)-c1ccc(OC)c(=O)cc1C(=O)CC2,1099.9999999999998,-3.041392685158225,0,test
COc1cc2c(c(OC)c1OC)-c1ccc(OC)c(=O)cc1CCC2,2599.999999999998,-3.4149733479708178,0,train
Cc1cc(NC2=NC(=O)/C(=C\c3c4ccccc4cc4ccccc34)S2)no1,3609.999999999998,-3.5575072019056577,0,test
COc1ccc(/C=C/C(=O)c2nnn(-c3ccc(Cl)cc3)c2C)cc1OC,9.77,-0.989894563718773,0,test
COc1cc(Nc2ncccc2NC(=O)c2cn(Cc3cccc(Oc4ccccc4)c3)nn2)cc(OC)c1,2040.0,-3.3096301674258988,0,train
O=C(c1cn(Cc2cccc(Oc3ccccc3)c2)nn1)c1cccnc1Nc1ccc(F)cc1,1839.9999999999995,-3.2648178230095364,0,train
COc1cc(Cc2nnc(S)n2/N=C\c2cccc(Cl)c2Cl)cc(OC)c1OC,170.00000000000006,-2.230448921378274,0,train
COc1cccc(-c2nnc3n2N=C(c2ccc(OC)c(N)c2)CS3)c1,1600.000000000001,-3.204119982655925,0,test
COc1cc(C2=NNC(c3ccc(Cl)cc3)C2)ccc1OCc1nnn[nH]1,2939.9999999999995,-3.4683473304121573,0,train
COc1cc(C2=NNC(c3ccc(F)cc3)C2)ccc1OCc1nnn[nH]1,2159.999999999999,-3.3344537511509307,0,test
Cc1cc(-c2cccc(-c3c[nH]c4ccccc34)n2)c2ccccc2n1,4999.999999999999,-3.6989700043360183,0,test
COc1ccc(-n2cccc2-c2cc(OC)c(OC)c(OC)c2)cc1N,10000.0,-4.0,1,train
COc1cc(C(=O)c2nnc(-c3c[nH]c4ccccc34)o2)cc(OC)c1OC,10660.000000000004,-4.027757204690554,0,train
COc1ccc(C(=O)Cn2nc(-c3cc(OC)c(OC)c(OC)c3)nc2N)cc1,9400.000000000002,-3.9731278535996983,0,train
COc1cc(C(=O)N2CCc3cc(Br)ccc32)cc(OC)c1OC,3399.999999999998,-3.531478917042255,0,train
COc1ccc(N(C)c2nc(C)nc3cc[nH]c23)cc1,10000.0,-4.0,0,train
COc1ccc(N(C)c2nc(C)nc3c(Cc4ccccc4)c[nH]c23)cc1,21000.00000000001,-4.32221929473392,1,train
COc1ccc(N(C)c2nc(C)nc3c(Cc4ccccc4)cn(C)c23)cc1,480.0,-2.681241237375587,1,train
COc1ccc2c(c1)CCCN2c1nc(C)nc2c(Cc3ccccc3)c[nH]c12,3300.0000000000005,-3.5185139398778875,0,test
COc1ccc2c(c1)CCCN2c1nc(C)nc2c(Cc3ccccc3)cn(C)c12,909.9999999999995,-2.959041392321093,0,train
COc1ccc(N(C)c2nc(Cl)nc3cnn(C)c23)cc1,449.99999999999983,-2.6532125137753435,0,train
COc1ccc2c(c1)CCCN2c1nc(Cl)nc2cnn(C)c12,419.9999999999999,-2.6232492903979003,0,train
COc1cccc2cc(N(C)c3nc(Cl)nc4cnn(C)c34)ccc12,490.0000000000002,-2.690196080028514,0,train
CCOc1ccc(N(C)c2nc(Cl)nc3cnn(C)c23)cc1,419.9999999999999,-2.6232492903979003,0,train
CC(C)Oc1ccc(N(C)c2nc(Cl)nc3cnn(C)c23)cc1,1099.9999999999998,-3.041392685158225,0,train
CSc1ccc(N(C)c2nc(Cl)nc3cnn(C)c23)cc1,820.0,-2.9138138523837167,0,train
COc1ccc(N(C)c2nc(Cl)nc3cnn(C)c23)cc1F,740.0000000000001,-2.869231719730976,0,train
CN(c1ccc(OC(F)(F)F)cc1)c1nc(Cl)nc2cnn(C)c12,2900.0,-3.462397997898956,0,test
O=C(Nc1ccc(O)cc1)c1ncc(-c2ccccc2)o1,16700.0,-4.222716471147583,0,train
COc1ccc(S(=O)(=O)Nc2ccccc2Nc2ccc(O)cc2)cc1,2499.9999999999995,-3.397940008672037,0,test
COc1ccc(C(=O)c2cc(OC)c(OC)c(OC)c2)cc1OCC(=O)NO,19600.00000000001,-4.292256071356476,0,train
COc1ccc(/C=C\c2cc(OC)c(OC)c(OC)c2)cc1/C=C/C(=O)Nc1ccccc1N,1000.0,-3.0,0,train
COc1ccc(/C=C\c2cc(OC)c(OC)c(OC)c2)cc1OCc1ccc(C(=O)NO)cc1,8600.000000000004,-3.934498451243568,0,train
COc1ccc(/C=C\c2cc(OC)c(OC)c(OC)c2)cc1OCCCC(=O)NO,5199.999999999998,-3.716003343634799,0,train
COc1ccc(-c2nc3nccc(-c4cc(OC)c(OC)c(OC)c4)n3n2)cc1N,12200.000000000004,-4.086359830674748,0,train
COc1ccc(-c2nc3nccc(-c4cc(OC)c(OC)c(OC)c4)n3n2)cc1O,1300.0000000000005,-3.113943352306837,0,train
CN1c2ccccc2C(=O)N2CCc3c([nH]c4ccc(OP(=O)(O)O)cc34)C21,31599.99999999997,-4.4996870826184034,0,train
COc1cc(C(=O)c2cn(-c3ccc(F)cc3)cc2-c2ccncc2)cc(OC)c1OC,580.0000000000001,-2.7634279935629373,0,train
COc1cc(C(=O)c2cn(-c3ccc(F)cc3)cc2-c2cccnc2)cc(OC)c1OC,559.9999999999998,-2.7481880270062,0,train
COc1cc(C(=O)c2cn(-c3ccc(C)cc3)cc2-c2ccncc2)cc(OC)c1OC,440.0,-2.6434526764861874,0,train
COc1cc(C(=O)c2cn(-c3ccc(F)cc3)cc2-c2ccco2)cc(OC)c1OC,470.00000000000006,-2.672097857935717,0,test
COc1cc(C(=O)c2cn(-c3ccc(F)cc3)cc2-c2ccsc2)cc(OC)c1OC,549.9999999999998,-2.740362689494244,0,train
COc1cc(C(=O)c2cn(-c3ccc(F)cc3)cc2-c2ccccn2)cc(OC)c1OC,820.0,-2.9138138523837167,0,train
COc1cc(C(=O)c2cn(-c3ccc(C)cc3)cc2-c2cccnc2)cc(OC)c1OC,639.9999999999999,-2.806179973983887,0,test
COc1cc(C(=O)c2cn(-c3ccc(C)cc3)cc2-c2ncco2)cc(OC)c1OC,720.0000000000001,-2.8573324964312685,0,train
COc1cc(C(=O)c2cn(-c3ccc(C)cc3)cc2-c2nccs2)cc(OC)c1OC,559.9999999999998,-2.7481880270062,0,train
COc1cc(C(=O)c2cn(-c3ccc(C)cc3)cc2-c2ccoc2)cc(OC)c1OC,470.00000000000006,-2.672097857935717,0,train
COc1cc(C(=O)c2cn(-c3ccc(C)cc3)cc2-c2ccco2)cc(OC)c1OC,460.0000000000003,-2.6627578316815743,0,train
COc1cc(C(=O)c2cn(-c3ccc(C)cc3)cc2-c2ccccn2)cc(OC)c1OC,460.0000000000003,-2.6627578316815743,0,test
COc1cc(C(=O)c2cn(-c3cccc(C)c3)cc2-c2ccncc2)cc(OC)c1OC,590.0,-2.770852011642144,0,train
COc1cc(C(=O)c2cn(-c3cccc(C)c3)cc2-c2cccnc2)cc(OC)c1OC,740.0000000000001,-2.869231719730976,0,test
COc1cc(C(=O)c2cn(-c3cccc(C)c3)cc2-c2ccccn2)cc(OC)c1OC,779.9999999999999,-2.8920946026904804,0,train
COc1cc(C(=O)c2cn(-c3ccc(F)cc3)cc2-c2ncco2)cc(OC)c1OC,1400.0000000000005,-3.146128035678238,0,train
COc1cc(C(=O)c2cn(-c3ccc(F)cc3)cc2-c2nccs2)cc(OC)c1OC,779.9999999999999,-2.8920946026904804,0,test
COc1cc(C(=O)c2cn(-c3ccc(F)cc3)cc2-c2ccoc2)cc(OC)c1OC,380.0,-2.57978359661681,0,train
COc1cc(C(=O)c2cn(-c3cccc(C)c3)cc2-c2ccoc2)cc(OC)c1OC,419.9999999999999,-2.6232492903979003,0,train
COc1cc(C(=O)c2cn(-c3ccc(C)cc3)cc2-c2ccsc2)cc(OC)c1OC,389.9999999999999,-2.591064607026499,0,train
COc1cc(C(=O)c2cn(-c3cccc(C)c3)cc2-c2ccco2)cc(OC)c1OC,559.9999999999998,-2.7481880270062,0,train
COc1cc(C(=O)c2cn(-c3cccc(C)c3)cc2-c2ccsc2)cc(OC)c1OC,519.9999999999998,-2.716003343634799,0,train
COc1cc(C(=O)c2cn(-c3cccc(C)c3)cc2-c2ncco2)cc(OC)c1OC,720.0000000000001,-2.8573324964312685,0,train
COc1cc(C(=O)c2cn(-c3cccc(C)c3)cc2-c2nccs2)cc(OC)c1OC,490.0000000000002,-2.690196080028514,0,test
C/C=C\CC(C/C=C\NC(=O)[C@@H](NC(=O)/C=C\C=C/C(C)=C/[C@H](C)[C@@H]1CC=C(OC)C(=O)O1)C(C)(C)C)OC(N)=O,3099.9999999999995,-3.4913616938342726,0,train
COC1=CC[C@@H]([C@@H](C)/C=C(C)/C=C\C=C/C(=O)N[C@H](C(=O)N/C=C(/C)CCOC(N)=O)C(C)(C)C)OC1=O,16000.00000000001,-4.204119982655925,0,test
COc1cc(-c2nnc3c(OC)cc(-c4ccc5c(ccn5C)c4)cn23)cc(OC)c1OC,1640.0000000000002,-3.214843848047698,0,test
COc1ccc(-c2sc3nc(-c4ccc(F)cc4)c(/C=C/C(=O)c4ccccn4)n3c2-c2ccc(OC)cc2)cc1,2350.0,-3.3710678622717363,0,train
COc1cc(N(Cc2c(C)noc2C)C(=O)CSc2nc3ccccc3s2)cc(OC)c1OC,2870.0000000000005,-3.4578818967339924,0,train
COc1ccc(C2CC(O)=Nc3c2ncn3-c2cccc(C(F)(F)F)c2)cc1O,6100.000000000002,-3.785329835010767,0,train
COc1cc2c(=O)c(C(=O)c3ccc(F)cc3)cn(CC(=O)Nc3ccc(F)c(F)c3)c2cc1OC,13100.000000000004,-4.117271295655764,0,test
COc1ccc(C(=O)c2cn(CC(=O)Nc3ccc(F)cc3)c3cc(OC)c(OC)cc3c2=O)cc1,12800.000000000013,-4.107209969647869,0,test
CCCCc1ccc2nc(NC(=O)OCCC)[nH]c2c1,5339.999999999997,-3.727541257028556,0,train
CCCCc1ccc2nc(NC(=O)OC(C)C)[nH]c2c1,4039.9999999999977,-3.6063813651106047,0,train
CCCCc1ccc2nc(NC(=O)OC(C)CC)[nH]c2c1,1619.999999999999,-3.2095150145426308,0,train
C=CCOC(=O)Nc1nc2ccc(CCCC)cc2[nH]1,4410.000000000001,-3.644438589467839,0,test
CCCCc1ccc2nc(NC(=O)c3ccco3)[nH]c2c1,16169.999999999993,-4.208710019906401,0,train
CCCCc1ccc2nc(NC(=O)C3CCOCC3)[nH]c2c1,4400.0,-3.643452676486187,0,train
CCCCc1ccc2[nH]c(NC(=O)OC)nc2c1,9550.000000000002,-3.9800033715837455,0,train
Cc1ccc2nc(NC(=O)OC(C)C)[nH]c2c1,6269.999999999999,-3.797267540830717,0,train
CCCCCc1ccc2nc(NC(=O)OC(C)C)[nH]c2c1,6809.999999999999,-3.833147111912785,0,train
Cc1cc2nc(NC(=O)OC(C)C)[nH]c2cc1C,5080.000000000001,-3.7058637122839193,0,train
CC[C@]1(O)C[C@H]2CN(CCc3c([nH]c4ccccc34)[C@@](C(=O)OC)(c3cc4c(cc3OC)N(C)[C@H]3[C@@](O)(C(=O)OC)[C@H](OC(C)=O)[C@]5(CC)C=CCN6CC[C@]43[C@@H]65)C2)C1,740.0000000000001,-2.869231719730976,0,train
C=C(c1ccc(OC)c(O)c1)c1cc(OC)c(OC)c(OC)c1,6.0,-0.7781512503836436,1,train
COc1ccc(N(C)c2cc(C#N)nc3ccccc23)cc1/C=C/C(=O)NO,20.000000000000004,-1.3010299956639813,0,train
CCc1nnc2c(Nc3ccc(C(=O)/C=C/c4cc(OC)c(OC)c(OC)c4)cc3)nc3ccccc3n12,8840.0,-3.946452265013073,0,test
COc1ccc(S(=O)(=O)N(CCSC(=S)N2CCN(C)CC2)c2cc(OC)c(OC)c(OC)c2)cc1,1269.9999999999998,-3.103803720955957,0,train
COc1ccc(/C=C\C(=O)c2ccc(Br)c3cc(-c4ccc(F)cc4)oc23)cc1,0.0551,1.2588484011482148,0,train
O=C(/C=C\c1ccc(OC(F)(F)F)cc1)c1ccc(Br)c2cc(-c3ccc(F)cc3)oc12,0.176,0.7544873321858502,0,train
CCOCCSc1nc(-c2ccccc2Cl)nn1CCOCC,10700.000000000002,-4.02938377768521,0,train
O=C(Nc1ccccc1C(=O)N/N=C/c1ccc(O)cc1O)c1ccco1,87.60000000000001,-1.9425041061680808,0,test
NS(=O)(=O)c1ccc(NC(=O)c2ccccc2NC(=O)c2ccco2)cc1,108.39999999999996,-2.035029282202368,0,train
COc1cc(Nc2ncnc3cc(-c4ccc(C)cc4)sc23)cc(OC)c1OC,710.0000000000003,-2.8512583487190755,0,train
COc1ccc(CNC(=O)c2cc(F)ccc2N2CCOCC2)cc1/C=C/C(=O)NO,4060.000000000002,-3.608526033577194,0,test
COc1cc(Cc2nnc(SCC(=O)c3ccc(C)cc3)n2N)cc(OC)c1OC,12700.000000000013,-4.103803720955957,0,train
COc1ccc(-c2csc(Nc3ccc(OC)cc3OC)n2)cc1,26799.99999999998,-4.4281347940287885,0,train
CC[C@H](C)[C@@H]([C@@H](CC(=O)OC(C)(C)C)OC)N(C)C(=O)[C@@H](NC(=O)[C@H](C(C)C)N(C)C)C(C)C,4.2,-0.6232492903979004,0,train
CC[C@H](C)[C@@H]([C@@H](CC(=O)N1CCC[C@H]1[C@H](OC)[C@@H](C)C(=O)NCCc1ccccn1)OC)N(C)C(=O)[C@@H](NC(=O)[C@H](C(C)C)N(C)C)C(C)C,1.2,-0.0791812460476248,0,test
C[C@H]1COc2c(N3CCN(C)CC3)c(F)cc3c(=O)c(C(=O)O)cn1c23,11270.00000000001,-4.051923916046107,0,train
COc1ccc(N(C)c2nc(NCc3cccnc3)nc3ccccc23)cc1,2450.000000000001,-3.3891660843645326,0,test
