smiles,exp_mean [nM],y,cliff_mol,split
Nc1nc(Nc2ccc(S(N)(=O)=O)cc2)sc1C(=O)c1ccccc1[N+](=O)[O-],1.3,-0.1139433523068367,1,train
Nc1nc(Nc2ccc(S(N)(=O)=O)cc2)sc1C(=O)c1cccnc1,10.45,-1.0191162904470727,1,train
Nc1nc(Nc2ccc(S(N)(=O)=O)cc2)sc1C(=O)c1cccc(C(F)(F)F)c1,570.0000000000001,-2.7558748556724915,0,train
Nc1nc(Nc2ccc(S(N)(=O)=O)cc2)sc1C(=O)c1ccccc1,130.00000000000006,-2.113943352306837,1,train
COc1cccc(C(=O)c2sc(Nc3ccc(S(N)(=O)=O)cc3)nc2N)c1,100.0,-2.0,1,train
Nc1cccc(C(=O)c2sc(Nc3ccc(S(N)(=O)=O)cc3)nc2N)c1,70.00000000000001,-1.845098040014257,1,train
Nc1nc(Nc2ccc(S(N)(=O)=O)cc2)sc1C(=O)c1cccc([N+](=O)[O-])c1,70.00000000000001,-1.845098040014257,1,train
Nc1nc(Nc2ccc(S(N)(=O)=O)cc2)sc1C(=O)c1ccc(S(N)(=O)=O)cc1,70.00000000000001,-1.845098040014257,1,train
Nc1nc(Nc2ccc(S(N)(=O)=O)cc2)sc1C(=O)c1cccc(F)c1,49.99999999999999,-1.6989700043360187,1,train
Nc1nc(NC2CCCCC2)sc1C(=O)c1cccnc1,380.0,-2.57978359661681,1,train
CC(C)Nc1nc(N)c(C(=O)c2cccnc2)s1,519.9999999999998,-2.716003343634799,1,train
NC(=O)c1ccc(Nc2nc(N)c(C(=O)c3cccnc3)s2)cc1,200.00000000000003,-2.3010299956639813,1,train
Nc1nc(Nc2ccccc2)sc1C(=O)c1cccnc1,650.0000000000002,-2.812913356642856,1,test
Nc1nc(Nc2ccccc2)sc1C(=O)c1ccccc1,930.0000000000002,-2.9684829485539352,1,train
Nc1nc(Nc2ccc(S(N)(=O)=O)cc2)sc1C(=O)c1ccc2ccccc2c1,82000.0,-4.913813852383717,0,train
COC(=O)c1ccccc1C(=O)c1sc(Nc2ccc(S(N)(=O)=O)cc2)nc1N,32000.000000000025,-4.505149978319906,0,train
Nc1nc(Nc2ccc(S(N)(=O)=O)cc2)sc1C(=O)c1cc(C(F)(F)F)cc(C(F)(F)F)c1,24999.999999999996,-4.3979400086720375,0,train
COc1ccc(C(=O)c2sc(Nc3ccc(S(N)(=O)=O)cc3)nc2N)cc1,17000.000000000007,-4.230448921378274,1,train
Nc1nc(Nc2ccc(S(N)(=O)=O)cc2)sc1C(=O)c1cccc(Cl)c1,15000.000000000004,-4.176091259055681,1,test
Nc1ccc(C(=O)c2sc(Nc3ccc(S(N)(=O)=O)cc3)nc2N)cc1,8800.000000000002,-3.9444826721501687,1,test
Nc1nc(Nc2ccc(S(N)(=O)=O)cc2)sc1C(=O)c1ccc([N+](=O)[O-])cc1,7400.000000000001,-3.869231719730976,1,train
Cc1ccccc1C(=O)c1sc(Nc2ccc(S(N)(=O)=O)cc2)nc1N,4799.999999999999,-3.681241237375587,0,train
NC(=O)c1sc(Nc2ccc(S(N)(=O)=O)cc2)nc1N,4799.999999999999,-3.681241237375587,0,train
Nc1nc(Nc2ccc(S(N)(=O)=O)cc2)sc1C(=O)C1CCCCC1,3500.0000000000005,-3.544068044350276,1,train
Nc1nc(Nc2ccc(S(N)(=O)=O)cc2)sc1C(=O)c1cccc(O)c1,1500.0000000000005,-3.1760912590556813,1,test
Nc1nc(NC2CCNCC2)sc1C(=O)c1cccnc1,42999.99999999997,-4.633468455579586,1,train
Nc1nc(Nc2cccc(S(N)(=O)=O)c2)sc1C(=O)c1cccnc1,7799.999999999999,-3.89209460269048,1,train
Nc1nc(Nc2ccc(C(=O)O)cc2)sc1C(=O)c1cccnc1,4000.000000000001,-3.6020599913279625,1,train
CC(C)(C)OC(=O)N1CCC(Nc2nc(N)c(C(=O)c3cccnc3)s2)CC1,3500.0000000000005,-3.544068044350276,0,test
N#Cc1ccc(Nc2nc(N)c(C(=O)c3cccnc3)s2)cc1,2800.0000000000014,-3.4471580313422194,0,test
Nc1nc(Nc2ccccc2)sc1C(=O)c1cccc(Cl)c1,98999.99999999994,-4.99563519459755,1,train
COc1cccc(C(=O)c2sc(Nc3ccccc3)nc2N)c1,3099.9999999999995,-3.4913616938342726,0,train
Nc1nc(Nc2ccccc2)sc1C(=O)c1cccc([N+](=O)[O-])c1,2199.9999999999995,-3.342422680822206,0,train
Nc1nc(Nc2ccccc2)sc1C(=O)c1cccc(F)c1,1600.000000000001,-3.204119982655925,1,train
Nc1nc(Nc2ccccc2)sc1C(=O)c1ccc(F)cc1,1400.0000000000005,-3.146128035678238,0,test
CNc1nc(N)c(C(=O)c2ccccc2)s1,94999.99999999996,-4.977723605288848,1,train
CCNc1nc(N)c(C(=O)c2ccccc2)s1,17000.000000000007,-4.230448921378274,0,train
C=C(C)CNc1nc(N)c(C(=O)c2ccccc2)s1,15000.000000000004,-4.176091259055681,1,train
CCCNc1nc(N)c(C(=O)c2ccccc2)s1,8900.0,-3.949390006644913,1,train
Nc1nc(Nc2cccc(F)c2)sc1C(=O)c1ccccc1,5700.000000000001,-3.755874855672492,0,train
CC(C)Nc1nc(N)c(C(=O)c2ccccc2)s1,2000.0,-3.3010299956639813,0,train
Nc1nc(NC2CCCCC2)sc1C(=O)c1ccccc1,1300.0000000000005,-3.113943352306837,1,test
C=CCNc1nc(N)c(C(=O)c2ccncc2)s1,49000.00000000002,-4.690196080028514,1,train
C=CCNc1nc(N)c(C(=O)c2ccc([N+](=O)[O-])cc2)s1,40999.99999999999,-4.612783856719736,1,test
C=CCNc1nc(N)c(C(=O)c2ccc(C)cc2)s1,37000.0,-4.568201724066995,0,test
C=CCNc1nc(N)c(C(=O)c2ccc(OC)cc2)s1,35000.0,-4.544068044350276,0,train
C=CCNc1nc(N)c(C(=O)c2ccccn2)s1,32999.99999999997,-4.518513939877887,1,train
C=CCNc1nc(N)c(C(=O)c2ccc(Cl)s2)s1,12000.000000000007,-4.079181246047625,0,train
C=CCNc1nc(N)c(C(=O)c2ccc3ccccc3c2)s1,4999.999999999999,-3.6989700043360183,0,train
C=CCNc1nc(N)c(C(=O)c2cccnc2)s1,3099.9999999999995,-3.4913616938342726,1,train
C=CCNc1nc(N)c(C(=O)c2cccc([N+](=O)[O-])c2)s1,2900.0,-3.462397997898956,1,test
C=CCNc1nc(N)c(C(=O)c2ccccc2)s1,15000.000000000004,-4.176091259055681,0,train
COc1cc(C)c(-c2c3c4cc(OC)c(O)cc4oc(=O)c3n3ccc4cc(O)c(OC)cc4c23)cc1O,67.0,-1.8260748027008264,0,train
N#C/N=[N+](\[O-])c1c(N)nc(Nc2ccc(S(=O)(=O)NCCO)cc2)nc1OCC1CCCCC1,2.5,-0.3979400086720376,0,test
CNS(=O)(=O)c1ccc(Nc2nc(N)c(/[N+]([O-])=N/C#N)c(OCC3CCCCC3)n2)cc1,3.9,-0.5910646070264992,0,train
NC(=O)/N=[N+](\[O-])c1c(N)nc(N)nc1OCC1CCCCC1,53300.000000000015,-4.726727209026572,0,train
N#C/N=[N+](\[O-])c1c(N)nc(N)nc1OCC1CCCCC1,940.0000000000002,-2.9731278535996988,0,train
Nc1nc(N)c(N=O)c(OCC2CCCCC2)n1,2199.9999999999995,-3.342422680822206,0,train
CC[C@H](C)[C@H](NC(=O)[C@H](CC(C)C)NC(=O)[C@H](CCCNC(=N)N)NC(=O)c1ccc(CN(CC)CC)o1)C(=O)N[C@@H](Cc1ccccc1)C(=O)O,43499.99999999996,-4.638489256954637,0,train
CC[C@H](C)[C@H](NC(=O)[C@H](CC(C)C)NC(=O)[C@H](CCCNC(=N)N)NC(=O)c1ccc(CN2CCN(C)CC2)o1)C(=O)N[C@@H](Cc1ccccc1)C(=O)O,50299.99999999999,-4.701567985055927,1,train
CC[C@H](C)[C@H](NC(=O)[C@H](CC(C)C)NC(=O)[C@H](CCCNC(=N)N)NC(=O)c1csc(-c2ccsc2)n1)C(=O)N[C@@H](Cc1ccccc1)C(=O)O,56200.0,-4.749736315569061,0,train
CC(C)C[C@H](NC(=O)[C@H](CCCNC(=N)N)NC(=O)c1ccccn1)C(=O)N[C@@H](CC(N)=O)C(=O)N[C@@H](Cc1ccc(F)cc1)C(=O)O,29200.000000000007,-4.465382851448418,0,train
COc1cccc(C(=O)N[C@@H](CCCNC(=N)N)C(=O)N[C@@H](CC(C)C)C(=O)N[C@@H](CC(N)=O)C(=O)N[C@@H](Cc2ccc(F)cc2)C(=O)O)n1,36400.00000000003,-4.561101383649056,0,train
CCOc1cccc(C(=O)N[C@@H](CCCNC(=N)N)C(=O)N[C@@H](CC(C)C)C(=O)N[C@@H](CC(N)=O)C(=O)N[C@@H](Cc2ccc(F)cc2)C(=O)O)n1,39700.00000000001,-4.598790506763115,0,train
CCOc1ccc(CC(=O)N[C@@H](CCCNC(=N)N)C(=O)N[C@@H](CC(C)C)C(=O)N[C@@H](CC(N)=O)C(=O)N[C@@H](Cc2ccc(F)cc2)C(=O)O)cc1OCC,5199.999999999998,-3.716003343634799,0,train
Cc1c(-c2nc3c(OCC4CCCCC4)nc(N)nc3[nH]2)cccc1S(N)(=O)=O,509.9999999999999,-2.7075701760979363,0,train
Nc1nc(OCC2CCCCC2)c2nc(-c3cccc(S(N)(=O)=O)c3)[nH]c2n1,8700.000000000004,-3.9395192526186182,0,train
Cc1c(C(N)=O)cccc1-c1nc2c(OCC3CCCCC3)nc(N)nc2[nH]1,39799.99999999998,-4.599883072073688,0,train
Cc1c(O)cccc1-c1nc2c(OCC3CCCCC3)nc(N)nc2[nH]1,23500.000000000025,-4.371067862271737,0,train
Cc1ccccc1-c1nc2c(OCC3CCCCC3)nc(N)nc2[nH]1,18200.00000000001,-4.260071387985075,0,train
Nc1nc(OCC2CCCCC2)c2nc(-c3ccccc3Cl)[nH]c2n1,17000.000000000007,-4.230448921378274,0,train
CC(C)c1nc2c(OCC3CCCCC3)nc(N)nc2[nH]1,27699.999999999975,-4.442479769064448,0,train
CCc1nc2c(OCC3CCCCC3)nc(N)nc2[nH]1,30299.999999999985,-4.481442628502305,0,test
Cc1nc2c(OCC3CCCCC3)nc(N)nc2[nH]1,44700.000000000015,-4.650307523131937,0,train
COc1ccccc1Nc1cc2[nH]c(-c3cnn(C)c3)cc2cn1,53000.000000000015,-4.724275869600789,1,train
Cn1cc(-c2cc3cnc(Nc4ccccc4Cl)cc3[nH]2)cn1,46000.00000000003,-4.662757831681574,0,train
COc1cc(C(=O)N(C)C)ccc1Nc1cc2[nH]c(-c3cnn(C)c3)cc2cn1,42999.99999999997,-4.633468455579586,0,train
COc1cc(OC2CCN(C)CC2)ccc1Nc1ncc2c(n1)n(C1CCCC1)c(=O)n2C,35999.99999999996,-4.556302500767287,0,train
COC1CCN(C(=O)c2ccc(Nc3cc4[nH]c(-c5cnn(C)c5)cc4cn3)c(Cl)c2)CC1,9400.000000000002,-3.9731278535996983,0,train
CCOc1ccccc1Nc1cc2[nH]c(-c3cn[nH]c3)cc2cn1,8900.0,-3.949390006644913,1,train
CC(C)(C)Nc1nc(Nc2ccc(C(N)=O)cc2)cc(N)c1C#N,8800.000000000002,-3.9444826721501687,0,train
CN(C)S(=O)(=O)c1ccc(Nc2cc3[nH]c(-c4cnn(C)c4)cc3cn2)c(Cl)c1,7899.999999999999,-3.8976270912904414,0,test
CN(C)C(=O)c1ccc(Nc2cc3[nH]c(-c4cnn(C)c4)cc3cn2)c(Cl)c1,7799.999999999999,-3.89209460269048,0,test
COc1ccccc1Nc1cc2[nH]c(-c3cncn3C)cc2cn1,7799.999999999999,-3.89209460269048,0,train
Cn1cc(-c2cc3cnc(Nc4ccc(C(=O)N5CCC5)cc4Cl)cc3n2C(=O)OC(C)(C)C)cn1,5499.999999999997,-3.740362689494244,0,train
CN(C)C1CCN(C(=O)c2ccc(Nc3cc4[nH]c(-c5cnn(C)c5)cc4cn3)c(Cl)c2)CC1,5199.999999999998,-3.716003343634799,0,train
Cn1cc(-c2cc3cnc(Nc4ccc(C(=O)N5CCS(=O)(=O)CC5)cc4Cl)cc3[nH]2)cn1,4199.999999999999,-3.6232492903979,0,train
COc1ccccc1Nc1cc2[nH]c(-c3cnco3)cc2cn1,2900.0,-3.462397997898956,0,train
COC1CCN(C(=O)c2ccc(Nc3cc4c(cn3)cc(-c3cnn(C)c3)n4C(=O)OC(C)(C)C)c(Cl)c2)CC1,2800.0000000000014,-3.4471580313422194,0,train
CN(C)C(=O)c1ccc(Nc2cc3c(cn2)cc(-c2cnn(C)c2)n3C(=O)OC(C)(C)C)c(Cl)c1,1899.9999999999995,-3.278753600952829,1,train
COc1ccc(Nc2cc3[nH]c(-c4cn[nH]c4)cc3cn2)c(Cl)c1,1300.0000000000005,-3.113943352306837,1,train
COc1ccccc1Nc1cc2[nH]c(-c3cn[nH]c3)cc2cn1,969.9999999999998,-2.9867717342662448,1,test
Clc1ccccc1Nc1cc2[nH]c(-c3cn[nH]c3)cc2cn1,800.0000000000003,-2.903089986991944,1,test
Cn1cc(-c2cc3cnc(Nc4ccc(C(=O)N5CCS(=O)(=O)CC5)cc4Cl)cc3n2C(=O)OC(C)(C)C)cn1,750.0000000000001,-2.8750612633917,0,train
CN(C)C1CCN(C(=O)c2ccc(Nc3cc4c(cn3)cc(-c3cnn(C)c3)n4C(=O)OC(C)(C)C)c(Cl)c2)CC1,679.9999999999998,-2.832508912706236,0,train
c1cc(OCCN2CCOCC2)ccc1Nc1cc2[nH]c(-c3cn[nH]c3)cc2cn1,230.00000000000009,-2.361727836017593,0,train
CN(C)C(=O)c1ccc(Nc2cc3c(cn2)cc(-c2cnco2)n3C(=O)OC(C)(C)C)c(Cl)c1,160.00000000000009,-2.204119982655925,1,train
COc1ccc(Nc2cc3[nH]c(-c4cn[nH]c4)cc3cn2)cc1OC,43.000000000000014,-1.6334684555795866,0,train
COc1ccc(Nc2cc3[nH]c(-c4cn[nH]c4)cc3cn2)cc1,38.99999999999999,-1.591064607026499,1,test
c1cnn(Cc2ccc(Nc3cc4[nH]c(-c5cn[nH]c5)cc4cn3)cc2)c1,26.0,-1.414973347970818,0,train
CN(C)S(=O)(=O)c1ccc(Nc2cc3[nH]c(-c4cn[nH]c4)cc3cn2)cc1,5.000000000000001,-0.6989700043360189,0,train
N#Cc1c(Oc2ccc(F)c(NC(=O)Cc3cccc(C(F)(F)F)c3)c2)ccc2nc(NC(=O)C3CC3)sc12,580.0000000000001,-2.7634279935629373,0,test
COc1c(O)ccc2c(=O)c3c(O)cc4c(c3[nH]c12)C=CC(C)(C)O4,8200.0,-3.9138138523837167,0,train
O=c1[nH]c2sccc2c(NC2CN3CCC2CC3)c1-c1nc2ccccc2[nH]1,1630.4399999999994,-3.2123048214502443,0,train
O=c1[nH]c2sc(Cl)cc2c(NC2CCCNC2)c1-c1nc2ccccc2[nH]1,334.32999999999987,-2.524175348324216,0,train
O=c1[nH]c2sc(Cl)cc2c(NC2CN3CCC2CC3)c1-c1nc2ccccc2[nH]1,3187.1399999999994,-3.503401140942215,0,train
O=c1[nH]c2sc(Br)cc2c(NC2CCCNC2)c1-c1nc2ccccc2[nH]1,246.2,-2.3912880485952974,0,train
COc1ccc2[nH]c(-c3c(N[C@H]4CCCNC4)c4cc(Cl)sc4[nH]c3=O)nc2c1,393.3299999999998,-2.5947570721091564,0,train
COc1ccc2[nH]c(-c3c(NC4CN5CCC4CC5)c4cc(Cl)sc4[nH]c3=O)nc2c1,4304.830000000001,-3.633956005610882,0,train
O=c1[nH]c2ccsc2c(NC2CCCNC2)c1-c1nc2ccccc2[nH]1,255.99000000000007,-2.4082230003523013,0,train
CO[C@H]1CC[C@H](NC(=O)c2n[nH]cc2NC(=O)C2CCC(F)(F)CC2)CC1,1000.0,-3.0,0,train
CO[C@H]1CC[C@H](NC(=O)c2n[nH]cc2NC(=O)C2CCOCC2)CC1,380.0,-2.57978359661681,0,train
CO[C@H]1CC[C@H](NC(=O)c2n[nH]cc2NC(=O)Cc2ccccc2F)CC1,820.0,-2.9138138523837167,1,train
COc1ccccc1CC(=O)Nc1c[nH]nc1C(=O)N[C@H]1CC[C@H](OC)CC1,850.0000000000002,-2.929418925714293,1,train
CO[C@H]1CC[C@H](NC(=O)c2n[nH]cc2NC(=O)Cc2c(Cl)cccc2Cl)CC1,290.0,-2.462397997898956,0,train
CO[C@H]1CC[C@H](NC(=O)c2n[nH]cc2NC(=O)c2ccccc2)CC1,37.99999999999999,-1.57978359661681,1,train
CO[C@H]1CC[C@H](NC(=O)c2n[nH]cc2NC(=O)c2ccccc2F)CC1,13.999999999999998,-1.146128035678238,1,test
CO[C@H]1CC[C@H](NC(=O)c2n[nH]cc2NC(=O)c2ccccc2C(F)(F)F)CC1,100.0,-2.0,0,train
CCc1ccccc1C(=O)Nc1c[nH]nc1C(=O)N[C@H]1CC[C@H](OC)CC1,70.00000000000001,-1.845098040014257,1,train
COc1ccccc1C(=O)Nc1c[nH]nc1C(=O)N[C@H]1CC[C@H](OC)CC1,100.0,-2.0,1,train
CO[C@H]1CC[C@H](NC(=O)c2n[nH]cc2NC(=O)c2ccccc2Nc2ccccc2)CC1,10000.0,-4.0,0,train
CO[C@H]1CC[C@H](NC(=O)c2n[nH]cc2NC(=O)c2ccccc2Nc2cccc(C)c2C)CC1,10000.0,-4.0,0,train
COc1cccc(OC)c1C(=O)Nc1c[nH]nc1C(=O)N[C@H]1CC[C@H](OC)CC1,189.99999999999997,-2.278753600952829,0,train
COc1cc(OC)c(C(=O)Nc2c[nH]nc2C(=O)N[C@H]2CC[C@H](OC)CC2)c(OC)c1,3099.9999999999995,-3.4913616938342726,0,test
CO[C@H]1CC[C@H](NC(=O)c2n[nH]cc2NC(=O)c2ccc(F)cc2F)CC1,220.0,-2.342422680822206,1,train
CO[C@H]1CC[C@H](NC(=O)c2n[nH]cc2NC(=O)c2cc(F)cc(F)c2)CC1,83.00000000000001,-1.919078092376074,0,train
CO[C@H]1CC[C@H](NC(=O)c2n[nH]cc2NC(=O)c2cc(Cl)cc(Cl)c2)CC1,630.0,-2.7993405494535817,0,train
CO[C@H]1CC[C@H](NC(=O)c2n[nH]cc2NC(=O)c2ccc(OC(F)F)cc2)CC1,270.00000000000006,-2.431363764158988,0,test
CO[C@H]1CC[C@H](NC(=O)c2n[nH]cc2NC(=O)c2ccc(N3CCCC3)cc2)CC1,130.00000000000006,-2.113943352306837,0,train
CO[C@H]1CC[C@H](NC(=O)c2n[nH]cc2NC(=O)c2ccc(N3CCN(C)CC3)cc2)CC1,1000.0,-3.0,0,train
CO[C@H]1CC[C@H](NC(=O)c2n[nH]cc2NC(=O)c2cc3ccccn3n2)CC1,42.00000000000001,-1.6232492903979006,0,train
CO[C@H]1CC[C@H](NC(=O)c2n[nH]cc2NC(=O)c2cnc3ccccn23)CC1,150.00000000000003,-2.1760912590556813,1,train
CO[C@H]1CC[C@H](NC(=O)c2n[nH]cc2NC(=O)c2c(C)nc3ccccn23)CC1,2199.9999999999995,-3.342422680822206,1,test
CO[C@H]1CC[C@H](NC(=O)c2n[nH]cc2NC(=O)c2ccc(-c3ccccc3)o2)CC1,10.0,-1.0,0,test
CO[C@H]1CC[C@H](NC(=O)c2n[nH]cc2NC(=O)c2ncoc2-c2ccccc2)CC1,22000.00000000002,-4.342422680822207,1,train
COc1cccc(OC)c1C(=O)Nc1c[nH]nc1C(=O)NC1CCC1,2399.9999999999995,-3.380211241711606,1,train
COc1cccc(OC)c1C(=O)Nc1c[nH]nc1C(=O)NC1CCCCC1,1199.9999999999995,-3.0791812460476247,1,train
COc1cccc(OC)c1C(=O)Nc1c[nH]nc1C(=O)NC1CCCCCC1,2000.0,-3.3010299956639813,1,train
COc1cccc(OC)c1C(=O)Nc1c[nH]nc1C(=O)Nc1ccccc1,4300.000000000001,-3.633468455579586,0,train
COc1cccc(OC)c1C(=O)Nc1c[nH]nc1C(=O)Nc1ccncc1,1300.0000000000005,-3.113943352306837,0,train
COc1cccc(OC)c1C(=O)Nc1c[nH]nc1C(=O)N[C@H]1CC[C@H](O)CC1,1600.000000000001,-3.204119982655925,1,test
COc1cccc(OC)c1C(=O)Nc1c[nH]nc1C(=O)NC1CCN(C(=O)OC(C)(C)C)CC1,4700.000000000001,-3.6720978579357175,0,train
CCCCCNC(=O)c1n[nH]cc1NC(=O)c1c(OC)cccc1OC,4799.999999999999,-3.681241237375587,0,test
Cc1nc(C(=O)N[C@@H](CCCNC2=NCCCN2)C(=O)N[C@H](CC(=O)N(C)[C@@H](Cc2ccsc2)C(N)=O)CC(C)C)nn1-c1cc(Cl)cc(Cl)c1,4499.999999999998,-3.653212513775344,1,train
CC/N=C(\N)NCCC[C@H](NC(=O)c1nc(C)n(-c2cc(Cl)cc(Cl)c2)n1)C(=O)N[C@H](CC(=O)N(C)[C@@H](Cc1ccsc1)C(N)=O)CC(C)C,16390.00000000001,-4.214578953570499,0,train
C/N=C(\NC)NCCC[C@H](NC(=O)c1nc(C)n(-c2cc(Cl)cc(Cl)c2)n1)C(=O)N[C@H](CC(=O)N(C)[C@@H](Cc1ccsc1)C(N)=O)CC(C)C,3689.999999999999,-3.56702636615906,1,train
C/N=C(\N)NCCC[C@H](NC(=O)c1nc(C)n(-c2cc(Cl)cc(Cl)c2)n1)C(=O)N[C@H](CC(=O)N(C)[C@@H](Cc1ccsc1)C(N)=O)CC(C)C,46750.00000000005,-4.669781615208537,1,test
Cc1nc(C(=O)N[C@@H](CCCNC(=N)N)C(=O)N[C@H](CC(=O)N(C)[C@@H](Cc2ccsc2)C(N)=O)CC(C)C)nn1-c1cc(Cl)cc(Cl)c1,5700.000000000001,-3.755874855672492,1,train
Cc1nc(C(=O)N[C@@H](CCCNC(=N)N)C(=O)N[C@H](CC(=O)N(C)[C@@H](Cc2ccccc2)C(N)=O)CC(C)C)nn1-c1cc(Cl)cc(Cl)c1,8950.000000000002,-3.951823035315912,1,train
Cc1nc(C(=O)N[C@@H](CCCNC(N)=O)C(=O)N[C@H](CC(=O)N(C)[C@@H](Cc2ccccc2)C(N)=O)CC(C)C)nn1-c1cc(Cl)cc(Cl)c1,100000.0,-5.0,1,train
CC(C)C[C@@H](CC(=O)N(C)[C@@H](Cc1ccccc1)C(N)=O)NC(=O)[C@H](CCCNC(=N)N)NC(=O)[C@@H](N)CCCNC(=N)N,5820.000000000002,-3.7649229846498886,0,test
CC(C)C[C@@H](CC(=O)N(C)[C@@H](Cc1ccccc1)C(=O)O)NC(=O)[C@H](CCCNC(=N)N)NC(=O)[C@@H](N)CCCNC(=N)N,1350.0,-3.130333768495006,0,train
CC(C)C[C@H](NC(=O)[C@H](CCCNC(=N)N)NC(=O)[C@@H](N)CCCNC(=N)N)C(=O)N[C@@H](CC(N)=O)C(=O)N[C@@H](Cc1ccc(F)cc1)C(=O)O,700.0000000000001,-2.845098040014257,0,train
CC(C)C[C@@H](CC(=O)N[C@@H](Cc1ccccc1)C(=O)NCC(=O)O)NC(=O)[C@H](CCCNC(=N)N)NC(=O)[C@@H](N)CCCNC(=N)N,1730.0000000000002,-3.2380461031287955,0,test
CC(C)C[C@@H](CC(=O)N[C@@H](Cc1ccccc1)C(=O)O)NC(=O)[C@H](CCCNC(=N)N)NC(=O)[C@@H](N)CCCNC(=N)N,2809.9999999999995,-3.44870631990508,0,train
CC(C)C[C@H](NC(=O)[C@H](CCCNC(=N)N)NC(=O)[C@@H](N)CCCNC(=N)N)C(=O)N[C@@H](Cc1ccccc1)C(=O)O,35649.99999999997,-4.552059534187884,0,train
CC(C)C[C@H](NC(=O)[C@H](CCCN=C(N)N)NC(=O)[C@@H](N)CCCN=C(N)N)C(=O)N[C@@H](Cc1ccccc1)C(=O)NCC(=O)O,18880.0,-4.27600198996205,0,train
CC[C@H](C)[C@H](NC(=O)[C@H](CC(C)C)NC(=O)[C@H](C)NC(=O)[C@@H](N)CCCNC(=N)N)C(=O)N[C@@H](Cc1ccccc1)C(=O)O,20359.999999999985,-4.308777773664721,0,test
CC[C@H](C)[C@H](NC(=O)[C@H](CC(C)C)NC(=O)[C@H](CCCNC(=N)N)N(C)C(=O)[C@@H](N)CCCNC(=N)N)C(=O)N[C@@H](Cc1ccccc1)C(=O)O,1700.000000000001,-3.230448921378274,1,train
CC[C@H](C)[C@H](NC(=O)[C@H](CC(C)C)NC(=O)[C@H](CCCN(C)C)NC(=O)[C@@H](N)CCCNC(=N)N)C(=O)N[C@@H](Cc1ccccc1)C(=O)O,20620.00000000001,-4.314288660947498,1,test
CC[C@H](C)[C@H](NC(=O)[C@H](CC(C)C)NC(=O)[C@H](CCCNC(N)=O)NC(=O)[C@@H](N)CCCNC(=N)N)C(=O)N[C@@H](Cc1ccccc1)C(=O)O,5189.999999999997,-3.7151673578484576,0,train
CC[C@H](C)[C@H](NC(=O)[C@H](CC(C)C)NC(=O)[C@H](CCCNC(=N)N)NC(=O)[C@@H](N)CCCNC(N)=O)C(=O)N[C@@H](Cc1ccccc1)C(=O)O,43170.00000000002,-4.635182048656268,1,train
CC[C@H](C)[C@H](NC(=O)[C@H](CC(C)C)NC(=O)[C@H](CCCNC(=N)N)NC(=O)[C@H](CCCNC(=N)N)NC(=O)[C@H](CCCCN)NC(=O)[C@H](C)NC(=O)[C@@H](N)Cc1cnc[nH]1)C(=O)N[C@@H](Cc1ccccc1)C(=O)O,20.000000000000004,-1.3010299956639813,0,train
CC[C@@H](C)[C@H](NC(=O)[C@H](CC(C)C)NC(=O)[C@H](CCCNC(=N)N)NC(=O)[C@H](CCCNC(=N)N)NC(=O)[C@H](CCCCN)NC(=O)[C@H](C)NC(=O)[C@@H](N)Cc1cnc[nH]1)C(=O)N[C@@H](CC1CCCCC1)C(=O)O,20.000000000000004,-1.3010299956639813,0,train
CC(C)C[C@H](NC(=O)[C@H](CC(N)=O)NC(=O)[C@H](CCCNC(=N)N)NC(=O)[C@H](CCCCN)NC(=O)[C@H](C)NC(=O)[C@@H](N)CO)C(=O)N[C@@H](Cc1ccccc1)C(=O)NCC(N)=O,239.99999999999997,-2.380211241711606,0,test
CC(C)C[C@@H](CC(=O)N[C@@H](Cc1ccsc1)C(=O)NCC(=O)O)NC(=O)[C@H](CCCNC(=N)N)NC(=O)[C@H](CCCNC(=N)N)NC(=O)[C@H](CCCCN)NC(=O)[C@H](C)NC(=O)[C@@H](N)CO,10.0,-1.0,0,train
CC(C)C[C@@H](CC(=O)N[C@@H](Cc1ccccc1)C(=O)NCC(=O)O)NC(=O)[C@H](CCCNC(=N)N)NC(=O)[C@H](CCCNC(=N)N)NC(=O)[C@H](CCCCN)NC(=O)[C@H](C)NC(=O)[C@@H](N)CO,20.000000000000004,-1.3010299956639813,0,test
CC(C)C[C@H](NC(=O)[C@H](CCCNC(=N)N)NC(=O)[C@H](CCCNC(=N)N)NC(=O)[C@H](CCCCN)NC(=O)[C@H](C)NC(=O)[C@@H](N)CO)C(=O)N[C@@H](Cc1ccsc1)C(=O)NCC(=O)O,179.99999999999997,-2.255272505103306,0,train
CC(C)C[C@H](NC(=O)[C@H](CCCNC(=N)N)NC(=O)[C@H](CCCNC(=N)N)NC(=O)[C@H](CCCCN)NC(=O)[C@H](C)NC(=O)[C@@H](N)CO)C(=O)N[C@@H](Cc1ccccc1)C(=O)NCC(=O)O,49.99999999999999,-1.6989700043360187,0,test
CC(C)C[C@H](NC(=O)[C@H](CCCNC(=N)N)NC(=O)[C@H](CCCNC(=N)N)NC(=O)[C@H](CCCCN)NC(=O)[C@H](C)NC(=O)[C@@H](N)CO)C(=O)N[C@@H](Cc1ccccc1)C(=O)NCC(N)=O,70.00000000000001,-1.845098040014257,0,train
Cc1nc2[nH]n(-c3ccccc3)c(=O)c2c2c1c(=O)oc1ccc(Br)cc12,2599.999999999998,-3.4149733479708178,0,test
COc1ccc(Nc2cc3c(-c4ccco4)cccc3cn2)cc1,31100.000000000036,-4.492760389026838,0,train
COc1ccc(Nc2cc3c(-c4cnn(C)c4)cccc3cn2)cc1,1220.0000000000005,-3.0863598306747484,1,train
COc1ccc(Nc2cc3c(-c4cnn(C)c4)cccc3cn2)c(OC)c1,85500.00000000003,-4.931966114728173,1,train
COc1ccc(Nc2ncc3ccnc(-c4cnn(C)c4)c3n2)cc1,89.0,-1.9493900066449128,1,train
COc1ccc(Nc2ncc3ccnc(-c4cnn(C)c4)c3n2)c(OC)c1,1540.0,-3.187520720836463,1,train
COc1cc(-c2cnn(C)c2)ccc1Nc1ncc2ccnc(-c3cnn(C)c3)c2n1,1280.0,-3.1072099696478683,0,train
Cc1cc(-c2cnn(C)c2)ccc1Nc1ncc2ccnc(-c3cnn(C)c3)c2n1,380.0,-2.57978359661681,0,train
COc1cc(-c2cnn(C)c2)ccc1Nc1ncc2ccnc(C3CC3)c2n1,9740.000000000004,-3.988558956878616,1,train
COc1cc(-c2cnn(C)c2)ccc1Nc1ncc2ccnc(N3CCCC3)c2n1,2830.0,-3.45178643552429,1,train
COc1cc(-c2cnn(C)c2)ccc1Nc1ncc2ccnc(NCC(C)C)c2n1,850.0000000000002,-2.929418925714293,0,train
COc1cc(-c2cnn(C)c2)ccc1Nc1ncc2ccnc(NC3CCCCC3)c2n1,189.99999999999997,-2.278753600952829,1,test
COc1cc(-c2cnn(C)c2)ccc1Nc1ncc2ccnc(NCC3CC3)c2n1,1080.0000000000005,-3.03342375548695,0,test
COc1cc(-c2cnn(C)c2)ccc1Nc1ncc2ccnc(NCC(C)(C)C)c2n1,449.99999999999983,-2.6532125137753435,0,test
CC(C)C[C@H](NC(=O)[C@H](CCCNC(=N)N)NC(=O)c1ccc(CNC(=N)N)cc1)C(=O)N[C@@H](CC(N)=O)C(=O)N1CCC[C@@H]1C(=O)N[C@H](Cc1ccccc1)C(=O)N[C@@H](Cc1ccccc1)C(=O)O,689.9999999999999,-2.838849090737255,0,train
CC[C@H](C)[C@H](NC(=O)[C@H](CC(C)C)NC(=O)[C@H](CCCNC(=N)N)NC(=O)c1ccc(N2CCNCC2)cc1)C(=O)N[C@@H](Cc1ccccc1)C(=O)O,35159.99999999999,-4.546048866401734,0,train
CC(C)C[C@H](NC(=O)[C@H](CCCNC(=N)N)NC(=O)c1ccc(CN2CCNCC2)cc1)C(=O)N[C@@H](CC(N)=O)C(=O)N1CCC[C@@H]1C(=O)N[C@H](Cc1ccccc1)C(=O)N[C@@H](Cc1ccccc1)C(=O)O,5300.000000000001,-3.724275869600789,0,train
CC[C@H](C)[C@H](NC(=O)[C@H](CC(C)C)NC(=O)[C@H](CCCNC(=N)N)NC(=O)c1ccc(CN2CCNCC2)cc1)C(=O)N[C@@H](Cc1ccccc1)C(=O)O,12890.0,-4.110252917353403,0,train
CC[C@H](C)[C@H](NC(=O)[C@H](CC(C)C)NC(=O)[C@H](CCCNC(=N)N)NC(=O)c1ccc(CN2CCN(C)CC2)cc1)C(=O)N[C@@H](Cc1ccccc1)C(=O)O,7919.999999999999,-3.898725181589493,0,test
CC(C)CC(CC(=O)N(C)[C@@H](Cc1ccccc1)C(N)=O)NC(=O)[C@H](CCCNC(=N)N)NC(=O)c1ccc(CN2CCN(C3CCN(C)CC3)CC2)cc1,8320.000000000002,-3.920123326290724,0,train
CCN1CCN(Cc2ccc(C(=O)N[C@@H](CCCNC(=N)N)C(=O)NC(CC(=O)NC(Cc3ccsc3)C(N)=O)CC(C)C)cc2)CC1,17440.000000000015,-4.241546480596549,0,train
CCN1CCN(Cc2ccc(C(=O)N[C@@H](CCCNC(=N)N)C(=O)NC(CC(=O)NC(Cc3ccsc3)C(N)=O)CC(C)C)cc2)[C@@H](C)C1,6780.0,-3.831229693867064,0,train
CCCN1CCN(Cc2ccc(C(=O)N[C@@H](CCCNC(=N)N)C(=O)NC(CC(=O)NC(Cc3ccsc3)C(N)=O)CC(C)C)cc2)CC1,31340.00000000002,-4.496098992132572,0,train
CCCN1CCN(Cc2ccc(C(=O)N[C@@H](CCCNC(=N)N)C(=O)NC(CC(=O)NC(Cc3ccsc3)C(N)=O)CC(C)C)cc2)[C@@H](C)C1,22420.000000000025,-4.350635608258955,0,train
CC(C)CC(CC(=O)NC(Cc1ccsc1)C(N)=O)NC(=O)[C@H](CCCNC(=N)N)NC(=O)c1ccc(C=C2CCNCC2)cc1,9160.000000000002,-3.9618954736678496,0,train
CC(C)CC(CC(=O)NC(Cc1ccsc1)C(N)=O)NC(=O)[C@H](CCCNC(=N)N)NC(=O)c1ccc(C=C2CCN(C)CC2)cc1,26020.00000000001,-4.415307292225568,0,train
CC(C)CC(CC(=O)NC(Cc1ccsc1)C(N)=O)NC(=O)[C@H](CCCNC(=N)N)NC(=O)c1ccc(CN(C)C2CCCNC2)cc1,31000.00000000003,-4.491361693834273,0,train
CC[C@H](C)[C@H](NC(=O)[C@H](CC(C)C)NC(=O)[C@H](CCCNC(=N)N)NC(=O)c1ccc(CN2CCNCC2)c(O)c1)C(=O)N[C@@H](Cc1ccccc1)C(=O)O,4559.999999999998,-3.658964842664435,1,train
CCOc1cc(C(=O)N[C@@H](CCCNC(=N)N)C(=O)N[C@@H](CC(C)C)C(=O)N[C@H](C(=O)N[C@@H](Cc2ccccc2)C(=O)O)[C@@H](C)CC)ccc1CN1CCNCC1,5950.000000000003,-3.7745169657285498,0,train
CC(C)CC(CC(=O)N(C)[C@@H](Cc1ccccc1)C(N)=O)NC(=O)[C@H](CCCNC(=N)N)NC(=O)c1ccc(CN2CCNCC2)c(O)c1,7419.999999999997,-3.870403905279027,0,test
CCOc1cc(C(=O)N[C@@H](CCCNC(=N)N)C(=O)NC(CC(=O)N(C)[C@@H](Cc2ccccc2)C(N)=O)CC(C)C)ccc1CN1CCNCC1,22610.000000000007,-4.35430056234536,0,train
CC(C)CC(CC(=O)NC(Cc1ccsc1)C(N)=O)NC(=O)[C@H](CCCNC(=N)N)NC(=O)c1ccc(CN2CCNC[C@@H]2C)c(O)c1,13100.000000000004,-4.117271295655764,0,train
CC[C@H](C)[C@H](NC(=O)[C@H](CC(C)C)NC(=O)[C@H](CCCNC(=N)N)NC(=O)c1ccc(OC2CCNCC2)cc1)C(=O)N[C@@H](Cc1ccccc1)C(=O)O,31340.00000000002,-4.496098992132572,0,train
CC(C)CC(CC(=O)N(C)[C@@H](Cc1ccccc1)C(N)=O)NC(=O)[C@H](CCCNC(=N)N)NC(=O)c1ccc(OC2CCNCC2)cc1,40380.00000000003,-4.606166314607621,0,test
CC[C@H](C)[C@H](NC(=O)[C@H](CC(C)C)NC(=O)[C@H](CCCNC(=N)N)NC(=O)c1ccc(OC2CCNCC2)c(OC)c1)C(=O)N[C@@H](Cc1ccccc1)C(=O)O,22420.000000000025,-4.350635608258955,0,train
Cc1cc(=O)c2c(O)cc(O)c([C@H]3CCN(C)C[C@H]3O)c2o1,7300.0,-3.863322860120456,0,test
CCCOc1ccnc2[nH]cc(-c3ccnc(N)n3)c12,3.0,-0.4771212547196624,0,train
COc1ccnc2[nH]cc(-c3ccnc(N)n3)c12,10.999999999999996,-1.041392685158225,0,test
Nc1nccc(-c2c[nH]c3nccc(O)c23)n1,17.999999999999996,-1.255272505103306,0,test
Nc1nccc(-c2c[nH]c3ncccc23)n1,89.99999999999997,-1.9542425094393248,0,test
CN1CC[C@H](c2c(O)cc(O)c3c(=O)cc(-c4ccc(C(F)(F)F)cc4)oc23)[C@H](O)C1,301.8999999999998,-2.479863113023097,0,train
CN1CC[C@H](c2c(O)cc(O)c3c(=O)cc(-c4ccncc4)oc23)[C@H](O)C1,208.20000000000005,-2.3184807251745174,0,train
CN1CC[C@H](c2c(O)cc(O)c3c(=O)cc(-c4ccc(O)cc4)oc23)[C@H](O)C1,195.99999999999997,-2.292256071356476,0,train
C=Cc1ccc(-c2cc(=O)c3c(O)cc(O)c([C@H]4CCN(C)C[C@H]4O)c3o2)cc1,206.1999999999999,-2.314288660947497,0,test
CN1CC[C@H](c2c(O)cc(O)c3c(=O)cc(-c4ccc(Br)cc4)oc23)[C@H](O)C1,223.50000000000009,-2.349277527467956,0,train
CN1CC[C@H](c2c(O)cc(O)c3c(=O)cc(-c4ccc(F)cc4)oc23)[C@H](O)C1,129.10000000000002,-2.1109262422664203,0,train
CN1CC[C@H](c2c(O)cc(O)c3c(=O)cc(-c4ccccc4F)oc23)[C@H](O)C1,356.50000000000006,-2.5520595341878844,0,train
CN1CC[C@H](c2c(O)cc(O)c3c(=O)cc(-c4ccccc4)oc23)[C@H](O)C1,195.99999999999997,-2.292256071356476,0,train
CCc1cnn2c(NCc3ccc[n+]([O-])c3)cc(N3CCCC[C@H]3CCO)nc12,2.0,-0.3010299956639812,0,train
CN1CC[C@@H](c2c(O)cc(O)c3c(=O)cc(-c4ccccc4Cl)oc23)[C@@H]1CO,224.0,-2.3502480183341627,0,train
CC(C)(C)c1cnc(CSc2cnc(NC(=O)C3CCNCC3)s2)o1,37.99999999999999,-1.57978359661681,0,train
CCNCc1cncc(-c2cccc3[nH]nc(-c4nc5c(F)cc(F)cc5[nH]4)c23)c1C,1.0,-0.0,0,train
CC[C@H](Nc1nc(NCc2cnc(C)cc2C)c2ncn(C(C)C)c2n1)[C@@H](C)O,5.000000000000001,-0.6989700043360189,0,train
NS(=O)(=O)c1ccc(N/N=C2\C(=O)Nc3ccc4ncccc4c32)cc1,1.6,-0.2041199826559248,0,train
NS(=O)(=O)c1ccc(N/N=C2\C(=O)Nc3ccc4ncsc4c32)cc1,7.1,-0.8512583487190752,0,test
NC(=O)c1ccc2c(c1)/C(=N/Nc1ccc(S(N)(=O)=O)cc1)C(=O)N2,4.500000000000001,-0.6532125137753437,0,train
NS(=O)(=O)c1ccc(N/N=C2\C(=O)Nc3ccc(S(N)(=O)=O)cc32)cc1,43.000000000000014,-1.6334684555795866,0,train
CS(=O)(=O)c1ccc2c(c1)/C(=N/Nc1ccc(S(N)(=O)=O)cc1)C(=O)N2,16.0,-1.2041199826559248,0,train
CC(C)Oc1cccc2c1/C(=N/Nc1ccc(S(N)(=O)=O)cc1)C(=O)N2,3.4,-0.5314789170422551,0,train
CC(C)c1cccc2c1/C(=N/Nc1ccc(S(N)(=O)=O)cc1)C(=O)N2,2.5,-0.3979400086720376,0,train
NS(=O)(=O)c1ccc(N/N=C2\C(=O)Nc3ccc(-c4cnco4)cc32)cc1,2.3,-0.3617278360175928,0,train
O=c1ccc2cnc(Nc3ccccc3)nc2n1C1CCCC1,21.0,-1.3222192947339193,1,train
O=c1ccc2cnc(Nc3ccccn3)nc2n1C1CCCC1,5010.000000000002,-3.699837725867246,1,train
Cc1c(Br)c(=O)n(C2CCCC2)c2nc(Nc3ccc(N4CCNCC4)cc3)ncc12,439.0,-2.6424645202421213,0,test
O=c1c(Br)cc2cnc(Nc3ccccc3)nc2n1C1CCCC1,79.99999999999999,-1.9030899869919435,0,train
CCc1cc2cnc(Nc3ccc(N4CCC(O)CC4)cc3)nc2n(C2CCCC2)c1=O,179.00000000000006,-2.2528530309798933,0,train
CC(C)n1c(=O)ccc2cnc(Nc3ccc(N4CCNCC4)cc3)nc21,83.99999999999999,-1.9242792860618816,0,train
O=c1ccc2cnc(Nc3ccc(N4CCNCC4)cc3)nc2n1C1CCCC1,23.999999999999996,-1.380211241711606,1,train
O=c1ccc2cnc(Nc3ccc(N4CCNCC4)cn3)nc2n1C1CCCC1,2499.9999999999995,-3.397940008672037,1,train
O=c1ccc2cnc(Nc3ccc(N4CCNCC4)cc3)nc2n1C1CCCCC1,119.00000000000009,-2.075546961392531,1,train
O=c1ccc2cnc(Nc3ccc(N4CCNCC4)cn3)nc2n1C1CCCCC1,834.9999999999999,-2.921686475483602,1,train
Cc1c(Br)c(=O)n(C2CCCC2)c2nc(Nc3ccc(N4CCNC(C)(C)C4)cc3)ncc12,1330.0,-3.123851640967086,0,train
Cc1c(Br)c(=O)n(C2CCCC2)c2nc(Nc3ccc(N4CC(C)NC(C)C4)cc3)ncc12,1859.9999999999989,-3.269512944217916,0,train
CC(=O)c1c(C)c2cnc(Nc3ccc(N4CC(C)NC(C)C4)cc3)nc2n(C2CCCC2)c1=O,545.0000000000001,-2.7363965022766426,0,train
CCOCCc1cc2cnc(Nc3ccc(N4CCNCC4)cc3)nc2n(C2CCCC2)c1=O,204.99999999999997,-2.311753861055754,0,train
COCc1cc2cnc(N(c3ccccn3)N3CCNC(O)C3)nc2n(C2CCCC2)c1=O,3800.0,-3.57978359661681,0,train
O=C1Nc2ccccc2/C1=C1/Nc2ccccc2/C1=N\OCC(O)CO,540.0000000000001,-2.7323937598229686,0,test
COc1ccc2c(c1)/C(=C1\Nc3ccccc3\C1=N/OCCO[C@@H]1O[C@H](CO)[C@@H](O)[C@H](O)[C@H]1O)C(=O)N2,839.9999999999999,-2.9242792860618816,1,train
Cc1ccc2c(c1)/C(=C1/Nc3ccccc3/C1=N\OCCO[C@@H]1O[C@H](CO)[C@@H](O)[C@H](O)[C@H]1O)C(=O)N2,9300.000000000002,-3.9684829485539352,1,train
O=C1Nc2ccccc2/C1=C1/Nc2ccccc2C1=O,2199.9999999999995,-3.342422680822206,0,train
COc1ccc2c(c1)/C(=C1/Nc3ccccc3/C1=N\O)C(=O)N2,209.99999999999991,-2.322219294733919,0,train
Nc1nccc(-c2c[nH]c3ncc(-c4ccc(C(F)(F)F)cc4)cc23)n1,9.0,-0.9542425094393248,0,train
Nc1nccc(-c2c[nH]c3ncc(-c4ccc(F)cc4)cc23)n1,5.500000000000001,-0.7403626894942439,0,train
Nc1nccc(-c2c[nH]c3ncc(-c4ccc(Cl)cc4)cc23)n1,4.0,-0.6020599913279624,0,train
Nc1nccc(-c2c[nH]c3ncc(-c4ccc(OC(F)(F)F)cc4)cc23)n1,5.000000000000001,-0.6989700043360189,0,train
COc1ccc(-c2cnc3[nH]cc(-c4ccnc(N)n4)c3c2)cc1,6.0,-0.7781512503836436,1,train
CSc1ccc(-c2cnc3[nH]cc(-c4ccnc(N)n4)c3c2)cc1,10.0,-1.0,0,test
Nc1nccc(-c2c[nH]c3ncc(-c4cccc(F)c4)cc23)n1,15.000000000000004,-1.1760912590556811,1,train
Cc1cccc(-c2cnc3[nH]cc(-c4ccnc(N)n4)c3c2)c1,92.0,-1.9637878273455556,1,train
Nc1nccc(-c2c[nH]c3ncc(-c4cccc(C(F)(F)F)c4)cc23)n1,10.0,-1.0,0,test
CSc1ccccc1-c1cnc2[nH]cc(-c3ccnc(N)n3)c2c1,23.999999999999996,-1.380211241711606,0,train
CCc1ccccc1-c1cnc2[nH]cc(-c3ccnc(N)n3)c2c1,75.00000000000001,-1.8750612633917,0,train
Nc1nccc(-c2c[nH]c3ncc(-c4cccc5ccccc45)cc23)n1,181.99999999999997,-2.2600713879850747,0,test
COc1ccc2ccccc2c1-c1cnc2[nH]cc(-c3ccnc(N)n3)c2c1,1089.0000000000002,-3.037027879755775,0,train
Nc1nccc(-c2c[nH]c3ncc(-c4ccoc4)cc23)n1,3.0,-0.4771212547196624,1,train
Nc1nccc(-c2c[nH]c3ncc(-c4ccsc4)cc23)n1,1.0,-0.0,1,train
Nc1nccc(-c2c[nH]c3ncc(-c4cccnc4)cc23)n1,5.000000000000001,-0.6989700043360189,0,train
Nc1nccc(-c2c[nH]c3ncc(-c4cc5ccccc5s4)cc23)n1,12.000000000000002,-1.0791812460476249,0,train
Nc1nccc(-c2c[nH]c3ncc(-c4cc5ccccc5o4)cc23)n1,23.0,-1.3617278360175928,0,train
COc1ccc2[nH]c(-c3cnc4[nH]cc(-c5ccnc(N)n5)c4c3)cc2c1,16.0,-1.2041199826559248,0,train
c1ccc(CCNc2nccc(-c3c[nH]c4ncccc34)n2)cc1,10.0,-1.0,0,train
COc1ccc(CCNc2nccc(-c3c[nH]c4ncccc34)n2)cc1,4.0,-0.6020599913279624,0,train
COc1ccc(CCNc2nccc(-c3c[nH]c4ncccc34)n2)cc1OC,22.0,-1.3424226808222062,0,test
c1ccc2c(CCNc3nccc(-c4c[nH]c5ncccc45)n3)c[nH]c2c1,10.0,-1.0,0,train
c1cnc2[nH]cc(-c3ccnc(N4CCCC4)n3)c2c1,160.00000000000009,-2.204119982655925,0,train
c1cnc2[nH]cc(-c3ccnc(N4CCCCC4)n3)c2c1,300.0000000000001,-2.4771212547196626,0,test
c1cnc2[nH]cc(-c3ccnc(N4CCOCC4)n3)c2c1,231.00000000000009,-2.3636119798921444,0,train
CN1CCN(c2nccc(-c3c[nH]c4ncccc34)n2)CC1,350.0,-2.544068044350276,0,train
Clc1ccc2ncc(-c3ccc4[nH]ccc4c3)n2n1,5900.000000000001,-3.770852011642144,0,test
Clc1ccc2ncc(-c3cccnc3)n2n1,71000.00000000003,-4.851258348719076,0,test
FC(F)(F)c1cccc(-c2cnc3ccc(Cl)nn23)c1,45000.00000000003,-4.653212513775344,0,train
Clc1cccc(-c2cnc3ccc(Cl)nn23)c1,10000.0,-4.0,0,train
Nc1cccc(-c2cnc3ccc(Cl)nn23)c1,40999.99999999999,-4.612783856719736,0,train
Nc1ccc(Cl)cc1-c1cnc2ccc(Cl)nn12,61000.000000000015,-4.785329835010767,0,train
CC[C@@H](CO)Nc1ccc2ncc(-c3ccc4[nH]ccc4c3)n2n1,40999.99999999999,-4.612783856719736,0,train
CC[C@@H](CO)Nc1ccc2ncc(-c3cc4ccccc4[nH]3)n2n1,4100.0,-3.612783856719736,0,train
CC[C@@H](CO)Nc1ccc2ncc(-c3cc4cc(Br)ccc4[nH]3)n2n1,9099.999999999996,-3.959041392321093,0,train
CC[C@@H](CO)Nc1ccc2ncc(-c3cccnc3)n2n1,3399.999999999998,-3.531478917042255,0,train
CC[C@@H](CO)Nc1ccc2ncc(-c3cccc(C(F)(F)F)c3)n2n1,82000.0,-4.913813852383717,1,train
CC[C@@H](CO)Nc1ccc2ncc(-c3ccc(C(F)(F)F)cc3)n2n1,5300.000000000001,-3.724275869600789,1,train
CC[C@@H](CO)Nc1ccc2ncc(-c3cccc(N)c3)n2n1,7100.000000000003,-3.851258348719076,0,train
CC[C@@H](CO)Nc1ccc2ncc(-c3cc(Cl)ccc3N)n2n1,22000.00000000002,-4.342422680822207,0,train
CC[C@@H](CO)Nc1ccc2ncc(-c3cccc(NC(C)=O)c3)n2n1,410.0,-2.6127838567197355,0,train
CC[C@@H](CO)Nc1ccc2ncc(-c3cccc(SC)c3)n2n1,1099.9999999999998,-3.041392685158225,0,train
CC[C@@H](CO)Nc1ccc2ncc(-c3cccc(S(C)(=O)=O)c3)n2n1,389.9999999999999,-2.591064607026499,1,train
CC[C@@H](CO)Nc1ccc2ncc(-c3ccsc3)n2n1,2199.9999999999995,-3.342422680822206,0,train
CC[C@@H](CO)Nc1ccc2ncc(-c3ccnc(SC)n3)n2n1,4000.000000000001,-3.6020599913279625,0,train
CC[C@@H](CO)Nc1ccc2ncc(-c3ccnc(N)n3)n2n1,5099.999999999999,-3.707570176097936,0,test
CCOC(=O)c1cccc(-c2cnc3ccc(N[C@@H](CC)CO)nn23)c1,679.9999999999998,-2.832508912706236,0,train
CC[C@@H](CO)Nc1ccc2ncc(-c3cccc(/C=N/O)c3)n2n1,1400.0000000000005,-3.146128035678238,0,train
CC[C@@H](CO)NC(=O)c1cccc(-c2cnc3ccc(N[C@@H](CC)CO)nn23)c1,4700.000000000001,-3.6720978579357175,0,train
CC(C)[C@@H](CO)Nc1ccc2ncc(-c3cccnc3)n2n1,3199.999999999999,-3.505149978319906,0,train
CC(=O)Nc1cccc(Nc2ccc3ncc(-c4cccc(Cl)c4)n3n2)c1,4000.000000000001,-3.6020599913279625,0,train
CC[C@@H](CO)N(C(C)=O)c1ccc2ncc(-c3cccc(NC(C)=O)c3)n2n1,1300.0000000000005,-3.113943352306837,0,train
CC(=O)Nc1cccc(Nc2ccc3ncc(-c4cccc(NC(C)=O)c4)n3n2)c1,580.0000000000001,-2.7634279935629373,0,train
COc1ccc2ncc(-c3cccc(C(F)(F)F)c3)n2n1,12000.000000000007,-4.079181246047625,0,train
COc1ccc2ncc(-c3ccc(C(F)(F)F)cc3)n2n1,5099.999999999999,-3.707570176097936,0,test
COc1ccc2ncc(-c3cccc(/C=N/O)c3)n2n1,2800.0000000000014,-3.4471580313422194,0,train
CSc1ccc2ncc(-c3ccc4[nH]ccc4c3)n2n1,9099.999999999996,-3.959041392321093,0,train
CSc1ccc2ncc(-c3cccc(C(F)(F)F)c3)n2n1,7799.999999999999,-3.89209460269048,0,train
COc1ccc(Nc2ncnc3c2ncn3[C@H]2C[C@@H](NC(=O)c3cccc(C)n3)C2)cc1OC,54.000000000000014,-1.7323937598229686,0,test
COc1cccc(Nc2ncnc3c2ncn3[C@H]2C[C@@H](NC(=O)c3cccc(C)n3)C2)c1,17.999999999999996,-1.255272505103306,0,train
Cc1cccc(C(=O)N[C@H]2C[C@@H](n3cnc4c(NCc5ccc(Cl)c(Cl)c5)ncnc43)C2)n1,77.0,-1.8864907251724816,1,train
Cc1cccc(C(=O)N[C@H]2C[C@@H](n3cnc4c(NCc5ccc(F)c(F)c5)ncnc43)C2)n1,29.0,-1.462397997898956,1,train
Cc1cccc(C(=O)N[C@H]2C[C@@H](n3cnc4c(NCc5cccc(Br)c5)ncnc43)C2)n1,2.1,-0.3222192947339193,1,train
Cc1cccc(C(=O)N[C@H]2C[C@@H](n3cnc4c(NCc5cccc(Cl)c5)ncnc43)C2)n1,7.200000000000001,-0.8573324964312685,1,train
Cc1cccc(C(=O)N[C@H]2C[C@@H](n3cnc4c(NCc5ccc(F)cc5)ncnc43)C2)n1,5.4,-0.7323937598229685,1,train
Cc1cccc(C(=O)N[C@H]2C[C@@H](n3cnc4c(NCc5cccc(F)c5)ncnc43)C2)n1,15.000000000000004,-1.1760912590556811,0,train
O=C(N[C@H]1C[C@@H](n2cnc3c(NCc4cccnc4)ncnc32)C1)c1cccc(-c2ccccc2)n1,37.99999999999999,-1.57978359661681,0,train
O=C(N[C@H]1C[C@@H](n2cnc3c(NCc4cccnc4)ncnc32)C1)c1cccc(C(F)(F)F)n1,13.999999999999998,-1.146128035678238,0,train
Cc1cccc(C(=O)N[C@H]2C[C@@H](n3cnc4c(NCc5cccnc5)ncnc43)C2)n1,16.0,-1.2041199826559248,0,train
CC(=O)N1CCC(Nc2ncnc3c2ncn3[C@H]2C[C@@H](NC(=O)c3cccc(C)n3)C2)CC1,474.00000000000017,-2.675778341674085,0,train
Cc1cccc(C(=O)N[C@H]2C[C@@H](n3cnc4c(NC5CCNCC5)ncnc43)C2)n1,378.99999999999983,-2.578639209968072,0,train
Cc1cccc(C(=O)N[C@H]2C[C@@H](n3cnc4c(NC5CCN(C(=O)OC(C)(C)C)CC5)ncnc43)C2)n1,95.0,-1.977723605288848,0,train
Cc1cccc(C(=O)N[C@H]2C[C@@H](n3cnc4c(NCC5CCNCC5)ncnc43)C2)n1,47.99999999999999,-1.6812412373755872,0,train
Cc1cccc(C(=O)N[C@H]2C[C@@H](n3cnc4c(NCC5CCN(C(=O)OC(C)(C)C)CC5)ncnc43)C2)n1,375.99999999999983,-2.575187844927661,0,train
Cc1cccc(C(=O)N[C@H]2C[C@@H](n3cnc4c(NCC5CCCCC5)ncnc43)C2)n1,48.99999999999999,-1.6901960800285136,0,train
CN1CC[C@H](c2c(O)cc(O)c3c(=O)cc(/C=C/c4ccccc4)oc23)[C@H](O)C1,924.9999999999998,-2.9661417327390325,1,train
CN1CC[C@H](c2c(O)cc(O)c3c(=O)cc(/C=C/c4ccc(Cl)cc4)oc23)[C@H](O)C1,3300.0000000000005,-3.5185139398778875,1,train
CN1CC[C@H](c2c(O)cc(O)c3c(=O)cc(/C=C/c4cccc(Cl)c4)oc23)[C@H](O)C1,3000.0000000000014,-3.4771212547196626,0,train
CN1CC[C@H](c2c(O)cc(O)c3c(=O)cc(/C=C/c4c(Cl)cccc4Cl)oc23)[C@H](O)C1,15.499999999999996,-1.1903316981702914,1,train
CN1CC[C@H](c2c(O)cc(O)c3c(=O)cc(/C=C/c4c(F)c(F)c(F)c(F)c4F)oc23)[C@H](O)C1,608.0000000000002,-2.783903579272735,0,train
CN1CC[C@H](c2c(O)cc(O)c3c(=O)cc(/C=C/c4c5ccccc5cc5ccccc45)oc23)[C@H](O)C1,1799.9999999999998,-3.255272505103306,0,train
CN1CC[C@H](c2c(O)cc(O)c3c(=O)cc(/C=C/c4cccc(F)c4)oc23)[C@H](O)C1,466.0,-2.66838591669,0,test
CN1CC[C@H](c2c(O)cc(O)c3c(=O)cc(/C=C/c4ccccc4F)oc23)[C@H](O)C1,1520.0000000000002,-3.1818435879447726,1,test
CN1CC[C@H](c2c(O)cc(O)c3c(=O)cc(/C=C/c4ccccc4Cl)oc23)[C@H](O)C1,1409.999999999999,-3.14921911265538,1,train
CC(=O)C1=C(O)C=C2Oc3c(C(N)=O)c(O)cc(O)c3[C@]2(C)C1=O,770.0,-2.886490725172482,0,train
CC(=O)N(c1ccc(-c2cnn(C)c2)cc1)[C@H]1CC[C@H](Nc2ncc3ccccc3n2)CC1,23.999999999999996,-1.380211241711606,0,test
Cn1cc(-c2ccc(S(=O)(=O)N3CCC(Nc4ccc(C#N)cn4)CC3)cc2)cn1,10.0,-1.0,1,test
Cn1cc(-c2ccc(S(=O)(=O)N3CCC(Nc4cc(C#N)ccn4)CC3)cc2)cn1,32.00000000000001,-1.505149978319906,1,train
Cn1cc(-c2ccc(S(=O)(=O)N3CCC(Nc4cccc(C#N)n4)CC3)cc2)cn1,46000.00000000003,-4.662757831681574,1,train
Cn1cc(-c2ccc(S(=O)(=O)N3CCC(Nc4ccccn4)CC3)cc2)cn1,1199.9999999999995,-3.0791812460476247,1,train
COc1ccc(NC2CCN(S(=O)(=O)c3ccc(-c4cnn(C)c4)cc3)CC2)nc1,21000.00000000001,-4.32221929473392,1,train
Cn1cc(-c2ccc(S(=O)(=O)N3CCC(Nc4ccc(C(F)(F)F)cn4)CC3)cc2)cn1,5.800000000000001,-0.7634279935629373,0,train
CN(c1ccc(C#N)cn1)C1CCN(S(=O)(=O)c2ccc(-c3cnn(C)c3)cc2)CC1,68000.00000000004,-4.832508912706237,0,train
CC(=O)N(c1ccc(-c2cnn(C)c2)cc1)[C@H]1CC[C@H](Nc2ccc(C#N)cn2)CC1,470.00000000000006,-2.672097857935717,1,test
Cn1cc(-c2ccc(N([C@H]3CC[C@H](Nc4ccc(C#N)cn4)CC3)S(C)(=O)=O)cc2)cn1,31.0,-1.4913616938342726,0,train
Cn1cc(-c2ccc(N(C(=O)CCc3ccccc3)[C@H]3CC[C@H](Nc4ccc(C#N)cn4)CC3)cc2)cn1,2900.0,-3.462397997898956,0,train
COC(=O)N(c1ccc(-c2cnn(C)c2)cc1)[C@H]1CC[C@H](Nc2ccc(C#N)cn2)CC1,1600.000000000001,-3.204119982655925,0,train
Cn1cc(-c2ccc(N(C(=O)OCc3ccccc3)[C@H]3CC[C@H](Nc4ccc(C#N)cn4)CC3)cc2)cn1,2499.9999999999995,-3.397940008672037,1,train
CCNC(=O)N(c1ccc(-c2cnn(C)c2)cc1)[C@H]1CC[C@H](Nc2ccc(C#N)cn2)CC1,4799.999999999999,-3.681241237375587,1,test
Cn1cc(-c2ccc(N[C@H]3CC[C@H](Nc4ccc(C#N)cn4)CC3)cc2)cn1,9799.999999999996,-3.991226075692495,0,train
N#Cc1ccc(N[C@H]2CC[C@H](N(C(=O)NCc3ccccc3)c3ccccc3)CC2)nc1,56000.00000000004,-4.748188027006201,0,train
Cn1cccc(-c2ccc(N(C(=O)NCc3ccccc3)[C@H]3CC[C@H](Nc4ccc(C#N)cn4)CC3)cc2)c1=O,18000.000000000015,-4.2552725051033065,0,train
Cn1c(-c2ccc(N(C(=O)NCc3ccccc3)[C@H]3CC[C@H](Nc4ccc(C#N)cn4)CC3)cc2)cccc1=O,26999.99999999997,-4.431363764158987,1,train
O=C(NCC1CC1)c1n[nH]cc1NC(=O)c1c(F)cccc1F,25.000000000000007,-1.3979400086720375,0,train
O=C(Nc1ccc(F)cc1)c1n[nH]cc1NC(=O)c1c(F)cccc1F,4.0,-0.6020599913279624,0,test
O=C(Cc1ccccc1)Nc1c[nH]nc1C(=O)Nc1ccc(F)cc1,1600.000000000001,-3.204119982655925,0,train
O=C(Nc1c[nH]nc1C(=O)Nc1ccc(F)cc1)c1ccccc1,140.00000000000006,-2.146128035678238,0,test
O=C(Nc1ccc(F)cc1)c1n[nH]cc1NC(=O)C1CCCCC1,89.99999999999997,-1.9542425094393248,0,train
O=C(NC1CCNCC1)c1n[nH]cc1NC(=O)c1c(Cl)cccc1Cl,47.00000000000001,-1.6720978579357175,0,train
O=C(NC1CCCCC1)c1n[nH]cc1NC(=O)c1c(F)cccc1F,12.000000000000002,-1.0791812460476249,1,train
O=C(N[C@H]1CC[C@H](O)CC1)c1n[nH]cc1NC(=O)c1c(F)cccc1F,19.0,-1.2787536009528289,0,train
N[C@H]1CC[C@H](NC(=O)c2n[nH]cc2NC(=O)c2c(F)cccc2F)CC1,37.99999999999999,-1.57978359661681,0,train
O=C(N[C@H]1CCCNC1)c1n[nH]cc1NC(=O)c1c(F)cccc1F,44.0,-1.6434526764861874,0,train
O=C(NC1CCNCC1)c1n[nH]cc1NC(=O)c1c(F)cc(F)cc1F,750.0000000000001,-2.8750612633917,1,train
COc1cccc(F)c1C(=O)Nc1c[nH]nc1C(=O)NC1CCNCC1,35.0,-1.5440680443502757,1,train
O=C(NC1CCNCC1)c1n[nH]cc1NC(=O)c1c(F)cccc1Cl,109.99999999999996,-2.041392685158225,0,test
CC(C)c1n[nH]c2c(NCc3ccccc3)nc(NC3CCCCC3N)nc12,989.9999999999994,-2.9956351945975497,0,test
CC(C)c1n[nH]c2c(NCc3ccccc3)nc(NC3CCC(N)CC3)nc12,1500.0000000000005,-3.1760912590556813,0,test
Nc1n[nH]c(N)c1/N=N/c1ccc(O)cc1,13100.000000000004,-4.117271295655764,0,train
O=C(CCCl)Nc1n[nH]c2ncc(-c3ccc(O)cc3)cc12,660.0000000000001,-2.8195439355418688,0,train
CCC(=O)Nc1n[nH]c2ncc(-c3ccc(O)cc3)cc12,820.0,-2.9138138523837167,0,train
CCC(CC)C(=O)Nc1n[nH]c2ncc(-c3ccc(O)cc3)cc12,2000.0,-3.3010299956639813,0,train
O=C(Nc1n[nH]c2ncc(-c3cncnc3)cc12)C1CCCCC1,360.0,-2.5563025007672877,0,test
N#CCCCCCn1cc(C2=C(c3cn(CCCCCC#N)c4ccccc34)C(=O)NC2=O)c2ccccc21,2499.9999999999995,-3.397940008672037,0,train
CC(C)n1cc(C2=C(c3cn(C)c4ccccc34)C(=O)N(O)C2=O)c2ccccc21,7000.000000000002,-3.845098040014257,0,train
Cn1cc(C2=C(c3cn(CCCCCC(=O)O)c4ccccc34)C(=O)N(O)C2=O)c2ccccc21,4000.000000000001,-3.6020599913279625,0,test
Cn1cc(C2=C(c3cn(C)c4ncccc34)C(=O)NC2=O)c2ccccc21,100.0,-2.0,0,train
CCOc1cc(-c2nnc(C)n2C)ccc1Nc1ncc2cc(C)nc(NCC(C)(C)C)c2n1,940.0000000000002,-2.9731278535996988,1,train
COc1cc(-c2nncn2C)ccc1Nc1ncc2cc(C)nc(NCC(C)(C)C)c2n1,130.00000000000006,-2.113943352306837,1,test
COc1cc(-c2cnc(C)n2C)ccc1Nc1ncc2cc(C)nc(NCC(C)(C)C)c2n1,1400.0000000000005,-3.146128035678238,1,test
COc1cc(-c2nncn2C)ccc1Nc1ncc2ccnc(NCC(C)(C)C)c2n1,16.0,-1.2041199826559248,1,test
COc1cc(-c2cnc(C)n2C)ccc1Nc1ncc2ccnc(NCC(C)(C)C)c2n1,85.99999999999999,-1.934498451243568,1,test
COc1cc(-c2cnn(C)c2C)ccc1Nc1ncc2ccnc(NCC(C)(C)C)c2n1,3000.0000000000014,-3.4771212547196626,1,train
COc1cc(-c2cn(C)nc2C)ccc1Nc1ncc2ccnc(NCC(C)(C)C)c2n1,2800.0000000000014,-3.4471580313422194,1,train
CCOc1cc(-c2nncn2C)ccc1Nc1ncc2cc(C)nc(NCC(C)(C)C)c2n1,1020.0,-3.008600171761917,1,train
CCOc1cc(-c2nncn2C)ccc1Nc1ncc2cc(C)nc(N3CCC3(C)C)c2n1,26000.00000000001,-4.414973347970818,1,train
CCOc1cc(-c2nncn2C)ccc1Nc1ncc2cc(C)nc(N3CC(C)(C)C3)c2n1,1600.000000000001,-3.204119982655925,1,test
CCOc1cc(-c2nncn2C)ccc1Nc1ncc2cc(C)nc(N3CCCC3)c2n1,1099.9999999999998,-3.041392685158225,1,train
CCOc1cc(-c2nncn2C)ccc1Nc1ncc2cc(C)nc(N[C@@H](C)C(C)(C)C)c2n1,150.00000000000003,-2.1760912590556813,0,train
CCOc1cc(-c2nncn2C)ccc1Nc1ncc2cc(C)nc(N3CC(C)(C#N)C3)c2n1,2700.0000000000005,-3.431363764158988,1,train
CCOc1cc(-c2nncn2C)ccc1Nc1ncc2cc(C)nc(N3CC4(CCOCC4)C3)c2n1,2499.9999999999995,-3.397940008672037,0,train
CCOc1cc(-c2nnc(CCN(C)C)n2C)ccc1Nc1ncc2cc(C)nc(NCC(C)(C)C)c2n1,360.0,-2.5563025007672877,0,train
COc1cc(-c2nnc3n2CCC3)ccc1Nc1ncc2cc(C)nc(NCC(C)(C)C)c2n1,249.99999999999997,-2.397940008672037,0,test
COCCN[C@H]1CC[C@H](Nc2cc(-c3csc(NCC4(C#N)CCOCC4)n3)c(Cl)cn2)CC1,2860.000000000001,-3.456366033129043,0,train
NS(=O)(=O)c1ccc(Nc2nc(OCC3CCCCC3)c3nc[nH]c3n2)cc1,6.0,-0.7781512503836436,1,train
Nc1ncc2c(n1)-c1cnc(Nc3ccccc3)nc1CC2,1700.000000000001,-3.230448921378274,0,train
Nc1ncc2c(n1)-c1cnc(Nc3ccc(Cl)cc3)nc1CC2,1850.0,-3.2671717284030137,0,train
c1ccc(Nc2ncc3c(n2)CCc2cnc(Nc4ccccc4)nc2-3)cc1,1540.0,-3.187520720836463,0,train
Clc1ccc(Nc2ncc3c(n2)-c2cnc(Nc4ccccc4)nc2CC3)cc1,2030.0000000000005,-3.307496037913213,0,train
CN(C)CCN(C)C(=O)c1ccc(Nc2ncc3c(n2)CCc2cnc(N)nc2-3)cc1,3199.999999999999,-3.505149978319906,0,train
CN1CCN(C(=O)c2ccc(Nc3ncc4c(n3)CCc3cnc(N)nc3-4)cc2)CC1,5900.000000000001,-3.770852011642144,0,train
CSc1ncc2c(n1)CCc1cnc(Nc3ccccc3)nc1-2,410.0,-2.6127838567197355,0,train
CSc1ncc2c(n1)CCc1cnc(Nc3ccc(F)cc3)nc1-2,350.0,-2.544068044350276,0,train
CSc1ncc2c(n1)CCc1cnc(Nc3ccc(Cl)cc3)nc1-2,380.0,-2.57978359661681,0,train
CSc1ncc2c(n1)CCc1cnc(Nc3ccc(N)cc3)nc1-2,160.00000000000009,-2.204119982655925,0,train
CSc1ncc2c(n1)CCc1cnc(Nc3ccc(C(=O)O)cc3)nc1-2,980.0000000000006,-2.991226075692495,0,train
CCOC(=O)c1ccc(Nc2ncc3c(n2)-c2cnc(SC)nc2CC3)cc1,1249.9999999999995,-3.096910013008056,0,test
CSc1ncc2c(n1)CCc1cnc(Nc3ccc(C(N)=O)cc3)nc1-2,109.99999999999996,-2.041392685158225,0,test
CSc1ncc2c(n1)CCc1cnc(Nc3ccc(C(=O)N(C)C)cc3)nc1-2,530.0000000000001,-2.724275869600789,0,test
CSc1ncc2c(n1)CCc1cnc(Nc3ccc(C(=O)NC4CCCC4)cc3)nc1-2,1260.0,-3.100370545117563,0,test
CSc1ncc2c(n1)CCc1cnc(Nc3ccc(C(=O)N4CCOCC4)cc3)nc1-2,189.99999999999997,-2.278753600952829,0,test
CSc1ncc2c(n1)CCc1cnc(Nc3ccc(C(=O)N4CCNCC4)cc3)nc1-2,160.00000000000009,-2.204119982655925,0,train
CSc1ncc2c(n1)CCc1cnc(Nc3ccc(C(=O)N(C)CCN(C)C)cc3)nc1-2,89.99999999999997,-1.9542425094393248,0,train
CSc1ncc2c(n1)CCc1cnc(Nc3ccc(C(=O)N4CCN(C)CC4)cc3)nc1-2,179.99999999999997,-2.255272505103306,0,train
CSc1ncc2c(n1)CCc1cnc(NC(=O)N3CCN(C(=O)OC(C)(C)C)CC3)nc1-2,3700.0,-3.568201724066995,0,train
CC[C@H](CO)Nc1nc(NCc2ccccc2)n2ncc(C(C)C)c2n1,41.5,-1.6180480967120927,0,train
CCOC(=O)c1nn(C)c2c1C(C)(C)Cc1cnc(Nc3ccccc3)nc1-2,620.0,-2.792391689498254,0,train
CCOC(=O)c1nn(C)c2c1C(C)Cc1cnc(Nc3ccccc3)nc1-2,829.9999999999997,-2.9190780923760737,0,train
CCOC(=O)c1nn(C)c2c1CCc1cnc(Nc3ccccc3)nc1-2,2000.0,-3.3010299956639813,1,train
Cn1nc(C(N)=O)c2c1-c1nc(Nc3ccccc3)ncc1CC2(C)C,4.0,-0.6020599913279624,0,train
CNC(=O)c1nn(C)c2c1C(C)(C)Cc1cnc(Nc3ccccc3)nc1-2,249.99999999999997,-2.397940008672037,0,train
CC1Cc2cnc(Nc3ccccc3)nc2-c2c1c(C(N)=O)nn2C,650.0000000000002,-2.812913356642856,0,test
Cn1nc(C(N)=O)c2c1-c1nc(Nc3ccccc3)ncc1CC2,2.0,-0.3010299956639812,1,train
CNC(=O)c1nn(C)c2c1CCc1cnc(Nc3ccccc3)nc1-2,37.0,-1.568201724066995,1,train
CCNC(=O)c1nn(C)c2c1CCc1cnc(Nc3ccccc3)nc1-2,119.99999999999996,-2.0791812460476247,1,train
CN(C)c1cccc(Nc2ncc3c(n2)-c2c(c(C(N)=O)nn2C)CC3)c1,1210.0000000000005,-3.0827853703164503,1,test
Cn1nc(C(N)=O)c2c1-c1nc(Nc3cccc(N4CCNCC4)c3)ncc1CC2,2410.0,-3.3820170425748683,1,train
Cn1nc(C(N)=O)c2c1-c1nc(Nc3cccc(N4CCOCC4)c3)ncc1CC2,3050.0000000000005,-3.484299839346786,1,test
Cn1nc(C(N)=O)c2c1-c1nc(Nc3ccc(Cl)cc3)ncc1CC2,40.000000000000014,-1.6020599913279625,1,train
Cc1ccc(Nc2ncc3c(n2)-c2c(c(C(N)=O)nn2C)CC3)cc1,119.99999999999996,-2.0791812460476247,1,train
CN(C)c1ccc(Nc2ncc3c(n2)-c2c(c(C(N)=O)nn2C)CC3)cc1,30.0,-1.4771212547196624,1,train
Cn1nc(C(N)=O)c2c1-c1nc(Nc3ccc(N4CCNCC4)cc3)ncc1CC2,7.999999999999999,-0.9030899869919436,1,train
Cn1nc(C(N)=O)c2c1-c1nc(Nc3ccc(N4CCOCC4)cc3)ncc1CC2,330.00000000000006,-2.5185139398778875,1,train
CN1CCN(c2ccc(Nc3ncc4c(n3)-c3c(c(C(N)=O)nn3C)CC4)cc2)CC1,1.0,-0.0,1,train
CN(C)c1ccnc(Nc2ncc3c(n2)-c2c(c(C(N)=O)nn2C)CC3)c1,4199.999999999999,-3.6232492903979,1,train
CN(C)c1ccc(Nc2ncc3c(n2)-c2c(c(C(N)=O)nn2C)CC3)nc1,1359.9999999999998,-3.133538908370217,1,train
Cn1nc(C(N)=O)c2c1-c1nc(Nc3ccc(N4CCNCC4)cn3)ncc1CC2,850.0000000000002,-2.929418925714293,1,train
Cn1nc(C(N)=O)c2c1-c1nc(Nc3ccc(N4CCOCC4)cn3)ncc1CC2,1010.0,-3.004321373782642,1,train
CN1CCN(c2ccc(Nc3ncc4c(n3)-c3c(c(C(N)=O)nn3C)CC4)nc2)CC1,700.0000000000001,-2.845098040014257,1,train
CC(C)c1cnn2c(NCc3ccc(-c4ccccn4)cc3)nc(N[C@H]3CC[C@H](N)CC3)nc12,68.00000000000001,-1.8325089127062364,0,train
CCn1c(C)nc2c(F)cc(-c3nc(Nc4ccc5c(n4)CCN(CCN(C)C)C5)ncc3F)cc21,358.00000000000017,-2.5538830266438746,1,train
Cc1nc2c(F)cc(-c3nc(Nc4ccc5c(n4)CCN(CCN(C)C)C5)ncc3F)cc2n1C(C)C,53.4,-1.7275412570285564,1,train
Cc1nc2c(F)cc(-c3nc(Nc4ccc5c(n4)CCN(CCN(C)C)C5)ncc3F)cc2n1C1CC1,144.99999999999997,-2.161368002234975,0,train
Cc1nc2c(F)cc(-c3nc(Nc4ccc5c(n4)CCN(CCN(C)C)C5)ncc3F)cc2n1C1(C)CC1,29.800000000000004,-1.4742162640762553,1,train
Cc1nc2c(F)cc(-c3nc(Nc4ccc5c(n4)CCN(CCN(C)C)C5)ncc3F)cc2n1C(C)(C)C,21.500000000000004,-1.3324384599156054,1,train
Cc1nc2c(F)cc(-c3nc(Nc4ccc5c(n4)CCN(CCN(C)C)C5)ncc3F)cc2n1CC1CC1,232.00000000000009,-2.3654879848909,1,test
Cc1nc2c(F)cc(-c3nc(Nc4ccc5c(n4)CCN(CCN(C)C)C5)ncc3F)cc2n1C(C)C1CC1,16.300000000000004,-1.212187604403958,1,train
CCC(CC)n1c(C)nc2c(F)cc(-c3nc(Nc4ccc5c(n4)CCN(CCN(C)C)C5)ncc3F)cc21,17.4,-1.2405492482825995,1,train
Cc1nc2c(F)cc(-c3nc(Nc4ccc5c(n4)CCN(CCN(C)C)C5)ncc3F)cc2n1C1CCCC1,670.0,-2.8260748027008264,1,train
Cc1nc2c(F)cc(-c3nc(Nc4ccc5c(n4)CCN(CCN(C)C)C5)ncc3F)cc2n1C1CCCCC1,19.200000000000003,-1.2833012287035497,1,train
Cc1nc2c(F)cc(-c3nc(Nc4ccc5c(n4)CCN(CCN(C)C)C5)ncc3F)cc2n1[C@H]1CC[C@H](C)CC1,116.00000000000004,-2.0644579892269186,0,train
CCN1CCN(Cc2ccc(Nc3ncc(F)c(-c4cc(F)c5nc(C)n(C(C)C)c5c4)n3)nc2)CC1,47.06666666666666,-1.6727134419961225,0,test
C#CCN(C)CCN1CCc2nc(Nc3ncc(F)c(-c4cc(F)c5nc(C)n(C(C)C)c5c4)n3)ccc2C1,167.0,-2.2227164711475837,0,train
Cc1nc2c(F)cc(-c3nc(Nc4ccc5c(n4)CCN(CCN(C)C(=N)N)C5)ncc3F)cc2n1C(C)C,16.300000000000004,-1.212187604403958,0,test
C/C(=N\O)N(C)CCN1CCc2nc(Nc3ncc(F)c(-c4cc(F)c5nc(C)n(C(C)C)c5c4)n3)ccc2C1,35.49999999999999,-1.550228353055094,0,train
Cc1nc2c(F)cc(-c3nc(Nc4ccc5c(n4)CCN(CCN(C)C(N)=S)C5)ncc3F)cc2n1C(C)C,14.499999999999998,-1.1613680022349748,0,train
Cc1nc2c(F)cc(-c3nc(Nc4ccc5c(n4)CCN(CCN(C)C(=S)n4ccnc4)C5)ncc3F)cc2n1C(C)C,146.99999999999997,-2.167317334748176,0,train
Cc1nc2c(F)cc(-c3nc(Nc4ccc5c(n4)CCN(CCN(C)P(C)(C)=O)C5)ncc3F)cc2n1C(C)C,135.0,-2.130333768495006,0,train
CCOP(=O)(OCC)N(C)CCN1CCc2nc(Nc3ncc(F)c(-c4cc(F)c5nc(C)n(C(C)C)c5c4)n3)ccc2C1,117.0,-2.0681858617461617,0,test
Cc1nc2c(F)cc(-c3nc(Nc4ccc5c(n4)CCN(CCN(C)CC[Si](C)(C)C)C5)ncc3F)cc2n1C(C)C,25.1,-1.3996737214810382,0,train
Cc1nc2c(F)cc(-c3nc(Nc4ccc5c(n4)CCN(CCN(C)CCNC(=N)N)C5)ncc3F)cc2n1C(C)C,78.2,-1.893206753059848,0,test
O=C1N=C(NCc2cccs2)S/C1=C\c1ccc2ncccc2c1,253.00000000000003,-2.403120521175818,0,train
CCn1cnc2c(Nc3cccc(Cl)c3)nc(N[C@@H]3CCCC[C@@H]3N)nc21,46.0,-1.662757831681574,0,train
O=C1Nc2ccccc2/C1=C\c1c(Cl)[nH]c2ccccc12,13199.99999999999,-4.12057393120585,0,test
CCOC(=O)c1cnc2oc3ccc(O)cc3c2c1-c1ccccc1,7100.000000000003,-3.851258348719076,0,train
COc1ccc(CNc2nc(N(CCO)CCO)nc3c2ncn3C(C)C)cc1,220.0,-2.342422680822206,0,train
O=C1Nc2ccc3ncsc3c2/C1=C/Nc1ccc(S(=O)(=O)Nc2ccccn2)cc1,3.0,-0.4771212547196624,0,train
NS(=O)(=O)c1ccc(N/N=C2\C(=O)Nc3ccc(Br)cc32)cc1,40.99999999999999,-1.6127838567197357,0,train
COc1ccc2c(c1)/C(=C/c1cnc[nH]1)C(=O)N2,27.000000000000004,-1.4313637641589874,0,train
O=C1NC(=O)c2c1c1c3ccccc3[nH]c1c1[nH]c3ccccc3c21,135.0,-2.130333768495006,0,train
CCCOc1cnc(CN/C=C2\C(=O)NC(=O)c3ccc(I)cc32)cc1O,70.99999999999999,-1.8512583487190752,0,train
O=C1NC(=O)c2c1c1c3ccccc3[nH]c1c1[nH]c3cc(Br)ccc3c21,185.0,-2.2671717284030137,0,train
Nc1nc(Nc2ccc(S(N)(=O)=O)cc2)nn1C(=S)Nc1c(F)cccc1F,0.2,0.6989700043360187,0,train
CCCCOc1c(C(=O)c2c(F)cc(C)cc2F)c[nH]c2nncc1-2,70.99999999999999,-1.8512583487190752,0,train
OCCCNc1cc(-c2ccnc(Nc3cccc(Cl)c3)n2)ccn1,4.0,-0.6020599913279624,0,train
CC[C@H](CO)Nc1nc(Nc2cccc(-c3ccccn3)c2)c2ncn(C(C)C)c2n1,290.0,-2.462397997898956,0,train
O=C1Nc2cc(Br)ccc2/C1=C1/Nc2ccccc2/C1=N\O,68.99999999999999,-1.8388490907372552,0,train
Nc1cc(Nc2ccc(S(N)(=O)=O)cc2)ncn1,946.0,-2.975891136401793,0,train
CC(C)c1cnc(NC(=O)Cc2ccccc2)s1,352.99999999999983,-2.5477747053878224,0,train
Cc1nc(N)sc1-c1ccnc(Nc2cccc([N+](=O)[O-])c2)n1,4400.0,-3.643452676486187,0,train
Nc1n[nH]c2nc3ccccc3nc12,10.0,-1.0,0,train
CCNCc1cncc(-c2ccc3[nH]nc(-c4nc5c(F)cc(F)cc5[nH]4)c3c2)c1C,3.0,-0.4771212547196624,0,train
OCCNc1nc(Nc2cccc(F)c2)c2cn[nH]c2n1,500.0,-2.6989700043360187,0,train
CCS(=O)(=O)c1ccc(Nc2nc(OCC3CCCCC3)c3nc[nH]c3n2)cc1,160.00000000000009,-2.204119982655925,1,train
Nc1nc(Nc2ccc(S(=O)(=O)NCCO)cc2)nc(OCC2CCCCC2)c1N=O,0.7,0.1549019599857432,0,train
CN(C)C(=O)c1cc2cnc(Nc3ccc(N4CCNCC4)cn3)nc2n1C1CCCC1,76000.0,-4.880813592280791,0,test
Cc1cnc(Nc2ccc(S(C)(=O)=O)cc2)nc1Nc1nc2ccccc2s1,37.8,-1.577491799837225,0,train
Cc1cnc(Nc2ccc(S(N)(=O)=O)cc2)nc1Nc1nc2ccccc2s1,21.700000000000003,-1.3364597338485296,0,train
Cc1ncc(-c2ccnc(Nc3ccc(S(C)(=O)=O)cc3)n2)n1C(C)C,45.00000000000001,-1.6532125137753435,0,train
CS(=O)(=O)c1ccc(Nc2ncc(F)c(Nc3nc4ccccc4s3)n2)cc1,12.699999999999998,-1.1038037209559568,0,train
NS(=O)(=O)c1ccc(Nc2ncc(F)c(Nc3nc4ccccc4s3)n2)cc1,16.5,-1.2174839442139065,0,test
Cc1ccc2nc(Nc3nc(Nc4ccc(S(N)(=O)=O)cc4)ncc3F)sc2c1,21.399999999999995,-1.3304137733491908,0,train
NS(=O)(=O)c1ccc(Nc2nccc(Nc3nc4ccc(F)cc4s3)n2)cc1,15.4,-1.187520720836463,0,train
COc1c(O)cc(O)c2c(=O)cc(-c3ccccc3)oc12,1460.0000000000002,-3.164352855784437,0,train
Cc1n[nH]c(C)c1Oc1c(O)cc(O)c2c(=O)cc(-c3ccc(N4CCNCC4)cc3)oc12,1039.9999999999998,-3.0170333392987803,0,train
Cc1n[nH]c(C)c1Oc1c(O)cc(O)c2c(=O)cc(-c3ccc(N4CCN(C)CC4)cc3)oc12,829.9999999999997,-2.9190780923760737,0,test
COc1cc(O)c2c(=O)cc(-c3ccc(N4CCN(C)CC4)cc3)oc2c1Oc1c(C)n[nH]c1C,913.0000000000005,-2.960470777534299,0,train
CC(C)c1n[nH]c2c(NCc3ccc(-c4ccccn4)cc3)nc(SCCN)nc12,6.0,-0.7781512503836436,0,test
CC[C@H](CO)Nc1nc(NCc2ccc(-c3ccccn3)cc2)c2ncn(C(C)C)c2n1,144.00000000000003,-2.1583624920952498,0,train
CCn1cnc2c(NCc3cccc(/C=C/C(=O)NO)c3)nc(N3CCOCC3)nc21,56.00000000000001,-1.7481880270062005,0,train
CC(C)n1cnc2c(NCc3cccc(/C=C/C(=O)NO)c3)nc(N3CCOCC3)nc21,127.0,-2.103803720955957,0,train
Cc1ccc(NC(=O)C2(C(=O)Nc3ccc(Nc4ncc(F)c(-c5cc(F)c6nc(C)n(C(C)C)c6c5)n4)cc3)CC2)cc1,229.79999999999995,-2.3613500243522663,0,train
O=C(CCC(=O)N1CCN(Cc2ccc(NC(=O)c3n[nH]cc3Nc3ncnc4[nH]ccc34)cc2)CC1)NCCNc1cccc2c1C(=O)N(C1CCC(=O)NC1=O)C2=O,7.420000000000001,-0.8704039052790271,0,train
Cc1ccccc1Nc1nc(Nc2cccnc2)ncc1Cl,30.0,-1.4771212547196624,1,train
COC[C@@H](C)N[C@H]1CC[C@H](Nc2cc(-c3cccc(NCC4(C#N)CCOCC4)n3)c(Cl)cn2)CC1,3460.000000000001,-3.5390760987927767,0,train
Cc1ccccc1Nc1nc(Nc2ccccn2)ncc1Cl,642.9999999999998,-2.808210972924222,1,train
Cc1ccccc1Nc1nc(Nc2ccncc2)ncc1Cl,6230.000000000002,-3.7944880466591697,1,test
COc1cc(Nc2ncc(Cl)c(Nc3ccccc3C)n2)ccn1,74.00000000000001,-1.869231719730976,0,train
CCN1CCN(c2ccc(Nc3ncc(Cl)c(Nc4ccccc4C)n3)nc2)CC1,9179.999999999996,-3.9628426812012414,1,train
Cc1ccccc1Nc1nc(Nc2ccc(N3CCNCC3)cn2)ncc1Cl,2059.9999999999995,-3.3138672203691533,0,test
Cc1ccccc1Nc1nc(Nc2ccc(N3CCCCC3)cn2)ncc1Cl,4839.999999999998,-3.684845361644412,0,test
Cc1ccccc1Nc1nc(Nc2ccc(N3CCN(C)CC3)cc2)ncc1Cl,1189.9999999999995,-3.0755469613925306,0,train
CCN1CCN(c2ccc(Nc3ncc(Cl)c(Nc4ccccc4C)n3)cc2)CC1,717.9999999999997,-2.8561244442423,1,test
Cc1ccccc1Nc1nc(Nc2ccc(N3CCN(C(=O)OC(C)(C)C)CC3)cc2)ncc1Cl,192.00000000000003,-2.2833012287035497,0,train
Cc1ccccc1Nc1nc(Nc2ccc(N3CCOCC3)cc2)ncc1Cl,2680.000000000001,-3.428134794028789,0,train
Cc1ccccc1Nc1nc(Nc2ccc(N3CCCCC3)cc2)ncc1Cl,3689.999999999999,-3.56702636615906,0,train
Cc1ccccc1Nc1nc(Nc2ccc(N3CCCN(C)CC3)cc2)ncc1Cl,1589.999999999999,-3.2013971243204518,0,test
COc1ccc(Nc2nc(Nc3ccc(N4CCN(C)CC4)cn3)ncc2Cl)cc1,6109.999999999997,-3.786041210242554,0,train
COc1cccc(Nc2nc(Nc3ccc(N4CCN(C)CC4)cn3)ncc2Cl)c1,700.9999999999999,-2.8457180179666586,0,test
CC(C)c1n[nH]c(Cl)c1-c1ccnc(Nc2ccc(N3CCNCC3)cn2)n1,1435.0,-3.156851901070011,0,train
O=S(=O)(O)c1cccc2cccc(Nc3ccccc3)c12,91000.00000000006,-4.959041392321094,0,train
O=C(NCC1CCOCC1)c1n[nH]c2ccc(-c3cncc(CO)c3)cc12,27.000000000000004,-1.4313637641589874,0,train
NS(=O)(=O)c1ccc(N/N=C2\C(=O)Nc3ccc(Cl)cc32)cc1,30.0,-1.4771212547196624,0,train
Nc1ccccc1NC(=O)c1ccc(CNC(=O)c2n[nH]cc2NC(=O)c2c(Cl)cccc2Cl)cc1,300.0000000000001,-2.4771212547196626,0,train
Nc1ccccc1NC(=O)Cc1ccc(NC(=O)c2n[nH]cc2NC(=O)c2c(Cl)cccc2Cl)cc1,559.9999999999998,-2.7481880270062,0,train
C[C@H](CO)n1cnnc1-c1cccc(NC(=O)Nc2cc3ccccn3n2)n1,351.70000000000005,-2.5461723683169426,0,test
CN1CC[C@@H](c2c(OP(=O)(O)O)cc(O)c3c(=O)cc(-c4ccccc4Cl)oc23)[C@@H]1CO,224.0,-2.3502480183341627,0,test
CN1CC[C@@H](c2c(OP(=O)(O)O)cc(O)c3c(=O)cc(-c4ccc(C(F)(F)F)cc4Cl)oc23)[C@@H]1CO,179.99999999999997,-2.255272505103306,0,train
Nc1nc(N[C@H]2C[C@@H]3CC[C@H]2C3)sc1C(=O)c1ccccc1[N+](=O)[O-],232.99999999999997,-2.367355921026019,0,test
Cc1nn(-c2ccccn2)c2c1C(=O)CC(C)(C)C2Br,2599.999999999998,-3.4149733479708178,1,test
Cc1nn(-c2ccccn2)c2c1C(=O)CC(C)(C)C2F,21000.00000000001,-4.32221929473392,1,train
COC1c2c(c(C)nn2-c2ccccn2)C(=O)CC1(C)C,46000.00000000003,-4.662757831681574,0,train
Cc1nn(-c2ccccn2)c2c1C(=O)CC(C)(C)C2Cl,4900.000000000002,-3.690196080028514,1,train
Cc1nn(-c2ccccn2)c2c1C(=O)CC(C)(C)C2Sc1ccccc1,12000.000000000007,-4.079181246047625,0,train
Cc1nn(-c2ccccn2)c2c1C(=O)CC(C)(C)C2N=[N+]=[N-],4499.999999999998,-3.653212513775344,0,train
Cc1nn(-c2ccccn2)c2c1/C(=N/O)CC(C)(C)C2Br,58999.99999999994,-4.770852011642144,1,train
Cc1nn(-c2ccccn2)c2c1C(=O)NCC(C)(C)C2Br,12000.000000000007,-4.079181246047625,0,test
Cc1nn(-c2ncccn2)c2c1C(=O)CC(C)(C)C2Br,9300.000000000002,-3.9684829485539352,1,test
Cc1nn(-c2cnccn2)c2c1C(=O)CC(C)(C)C2Br,97000.00000000007,-4.986771734266245,1,train
Cc1nn(-c2ccncc2)c2c1C(=O)CC(C)(C)C2Br,10500.000000000004,-4.021189299069938,0,test
Cc1ccc(-n2nc(C)c3c2C(Br)C(C)(C)CC3=O)nc1,7500.000000000001,-3.8750612633917,0,train
Cc1nn(-c2ccc(Cl)cn2)c2c1C(=O)CC(C)(C)C2Br,3000.0000000000014,-3.4771212547196626,0,train
Cc1nn(-c2ccc(Cl)nn2)c2c1C(=O)CC(C)(C)C2Br,26000.00000000001,-4.414973347970818,0,test
Cc1nn(-c2nccs2)c2c1C(=O)CC(C)(C)C2Br,2199.9999999999995,-3.342422680822206,1,train
Cc1nn(-c2ccncn2)c2c1C(=O)CC(C)(C)C2Br,1500.0000000000005,-3.1760912590556813,1,train
Cc1nn(-c2ccc(C(F)(F)F)cn2)c2c1C(=O)CC(C)(C)C2Br,6700.0,-3.8260748027008256,0,train
COc1cccc(-n2nc(C)c3c2C(Br)C(C)(C)CC3=O)n1,2099.999999999999,-3.322219294733919,0,train
Cc1nn(-c2ccc([N+](=O)[O-])cn2)c2c1C(=O)CC(C)(C)C2Br,3099.9999999999995,-3.4913616938342726,0,test
Cc1nn(-c2ccc(N)cn2)c2c1C(=O)CC(C)(C)C2Br,4599.999999999998,-3.662757831681574,1,train
COC(=O)CC(=O)Nc1ccc(-n2nc(C)c3c2C(Br)C(C)(C)CC3=O)nc1,2700.0000000000005,-3.431363764158988,0,train
Cc1nn(-c2ccc(NS(N)(=O)=O)cn2)c2c1C(=O)CC(C)(C)C2Br,2399.9999999999995,-3.380211241711606,0,train
Cc1nn(-c2ccc(NS(C)(=O)=O)cn2)c2c1C(=O)CC(C)(C)C2Br,19000.0,-4.278753600952829,0,train
CC(=O)Nc1ccc(-n2nc(C)c3c2C(Br)C(C)(C)CC3=O)nc1,3600.0,-3.5563025007672877,0,train
Cc1nn(-c2ccc3ccccc3c2)c2c1C(=O)CC(C)(C)C2Br,37000.0,-4.568201724066995,0,train
Cc1nn(-c2ccccc2)c2c1C(=O)CC(C)(C)C2Br,56000.00000000004,-4.748188027006201,1,train
O=C(Nc1ccc(F)cc1)c1n[nH]cc1NC(=O)c1c(F)ccc(-c2ccncc2)c1F,40.000000000000014,-1.6020599913279625,0,train
O=C(Nc1ccc(F)cc1)c1n[nH]cc1NC(=O)c1c(F)ccc(-c2ccc(F)nc2)c1F,50.99999999999999,-1.7075701760979365,0,train
Cc1ccc(-c2ccc(F)c(C(=O)Nc3c[nH]nc3C(=O)Nc3ccc(F)cc3)c2F)cn1,164.00000000000003,-2.214843848047698,0,train
COc1ccc(-c2ccc(F)c(C(=O)Nc3c[nH]nc3C(=O)Nc3ccc(F)cc3)c2F)cn1,144.00000000000003,-2.1583624920952498,1,test
Nc1ccc(-c2ccc(F)c(C(=O)Nc3c[nH]nc3C(=O)Nc3ccc(F)cc3)c2F)cn1,119.99999999999996,-2.0791812460476247,0,train
NC(=O)c1ccc(-c2ccc(F)c(C(=O)Nc3c[nH]nc3C(=O)Nc3ccc(F)cc3)c2F)cn1,58.00000000000001,-1.7634279935629371,0,train
O=C(Nc1ccc(F)cc1)c1n[nH]cc1NC(=O)c1c(F)ccc(-c2ccccc2)c1F,85.99999999999999,-1.934498451243568,0,train
O=C(Nc1ccc(F)cc1)c1n[nH]cc1NC(=O)c1c(F)ccc(-c2cccc(O)c2)c1F,26.0,-1.414973347970818,0,train
O=C(Nc1ccc(F)cc1)c1n[nH]cc1NC(=O)c1c(F)ccc(-c2cccc(CO)c2)c1F,76.0,-1.8808135922807916,0,test
COC(=O)c1cccc(-c2ccc(F)c(C(=O)Nc3c[nH]nc3C(=O)Nc3ccc(F)cc3)c2F)c1,209.99999999999991,-2.322219294733919,1,train
NC(=O)c1cccc(-c2ccc(F)c(C(=O)Nc3c[nH]nc3C(=O)Nc3ccc(F)cc3)c2F)c1,7.999999999999999,-0.9030899869919436,1,train
CN1CCC(CNC(=O)c2cccc(-c3ccc(F)c(C(=O)Nc4c[nH]nc4C(=O)Nc4ccc(F)cc4)c3F)c2)CC1,82.0,-1.9138138523837167,0,train
CN1CCN(CCNC(=O)c2cccc(-c3ccc(F)c(C(=O)Nc4c[nH]nc4C(=O)Nc4ccc(F)cc4)c3F)c2)CC1,67.0,-1.8260748027008264,0,train
O=C(NCCCN1CCOCC1)c1cccc(-c2ccc(F)c(C(=O)Nc3c[nH]nc3C(=O)Nc3ccc(F)cc3)c2F)c1,73.0,-1.863322860120456,0,train
O=C(NCCCN1CCOCC1)c1ccc(F)c(-c2ccc(F)c(C(=O)Nc3c[nH]nc3C(=O)Nc3ccc(F)cc3)c2F)c1,168.99999999999997,-2.227886704613673,0,train
Cc1ccc(C(=O)NCCCN2CCOCC2)cc1-c1ccc(F)c(C(=O)Nc2c[nH]nc2C(=O)Nc2ccc(F)cc2)c1F,484.99999999999983,-2.6857417386022635,0,test
O=c1[nH]cc(C2CCCCC2)c2nccn12,679.9999999999998,-2.832508912706236,0,train
CN(C)C/C=C/C(=O)Nc1ccc(C(=O)N2CCC[C@@H](Nc3ncc(Cl)c(-c4c[nH]c5ccccc45)n3)C2)nc1,3870.0,-3.5877109650189114,1,train
C=CC(=O)Nc1ccc(C(=O)N2CCCC(Nc3ncc(Br)c(-c4c[nH]c5ccccc45)n3)C2)nc1,2040.0,-3.3096301674258988,0,train
CN(C)C/C=C/C(=O)Nc1ccc(C(=O)N2CCCC(Nc3ncc(Br)c(-c4c[nH]c5ccccc45)n3)C2)nc1,3740.000000000001,-3.5728716022004803,1,test
C=CC(=O)Nc1ccc(C(=O)N2CCC[C@@H](Nc3ncc(Cl)c(-c4c[nH]c5ccccc45)n3)C2)nc1,3389.9999999999995,-3.530199698203082,0,train
C=CC(=O)Nc1ccc(N2CCC[C@@H](Nc3ncc(Cl)c(-c4c[nH]c5ccccc45)n3)C2)cc1,3550.000000000001,-3.550228353055094,1,train
C=CC(=O)Nc1ccc(N2CCC[C@@H](Nc3ncc(Cl)c(-c4c[nH]c5ccccc45)n3)C2)nc1,1940.0,-3.287801729930226,0,train
CN(C)C/C=C/C(=O)Nc1ccc(N2CCC[C@@H](Nc3ncc(Cl)c(-c4c[nH]c5ccccc45)n3)C2)nc1,492.0000000000003,-2.691965102767361,0,test
C=CC(=O)Nc1cc(F)c(N2CCC[C@@H](Nc3ncc(Cl)c(-c4c[nH]c5ccccc45)n3)C2)cc1C,266.00000000000006,-2.424881636631067,1,train
C=CC(=O)Nc1cc(OC)c(N2CCC[C@@H](Nc3ncc(Cl)c(-c4c[nH]c5ccccc45)n3)C2)cc1C,3360.0000000000005,-3.526339277389844,1,train
CN(C)C/C=C/C(=O)Nc1ccc(O[C@@H]2CCC[C@@H](Nc3ncc(Cl)c(-c4c[nH]c5ccccc45)n3)C2)c(F)c1,3570.0,-3.552668216112193,0,train
C=CC(=O)Nc1ccc(C(=O)N2CCC[C@@H](Nc3ncc4ccccc4n3)C2)cc1,30000.00000000001,-4.477121254719663,1,train
C=CC(=O)Nc1ccc(C(=O)N2CCC[C@@H](Nc3cc4ccccc4cn3)C2)cc1,30000.00000000001,-4.477121254719663,1,train
C=CC(=O)Nc1ccc(C(=O)N2CCC[C@@H](Nc3ncc4cc(Cl)ccc4n3)C2)cc1,30000.00000000001,-4.477121254719663,1,train
C=CC(=O)Nc1ccc(C(=O)N2CCC[C@@H](Nc3ncc4cc(F)ccc4n3)C2)cc1,30000.00000000001,-4.477121254719663,1,train
C=CC(=O)Nc1ccc(C(=O)N2CCC[C@@H](Nc3ncc4ccc(F)cc4n3)C2)cc1,30000.00000000001,-4.477121254719663,1,train
C=CC(=O)Nc1ccc(C(=O)N2CCC[C@@H](Nc3ncc4ccc(OC)cc4n3)C2)cc1,30000.00000000001,-4.477121254719663,1,train
C=CC(=O)Nc1ccc(C(=O)N2CCC[C@@H](Nc3ncc4cc(OC)ccc4n3)C2)cc1,30000.00000000001,-4.477121254719663,1,train
C=CC(=O)Nc1ccc(C(=O)N2CCC[C@@H](Nc3ncc4cc(C)ccc4n3)C2)cc1,30000.00000000001,-4.477121254719663,1,train
C=CC(=O)Nc1ccc(C(=O)N2CCC[C@@H](Nc3ncc4ccc(C)cc4n3)C2)cc1,30000.00000000001,-4.477121254719663,1,train
C=CC(=O)Nc1ccc(C(=O)N2CCC[C@@H](Nc3ncc4ccc(Cl)cc4n3)C2)cc1,30000.00000000001,-4.477121254719663,1,test
C=CC(=O)Nc1ccc(C(=O)N2CCC[C@@H](Nc3ncc4ccc(S(C)(=O)=O)cc4n3)C2)cc1,10000.0,-4.0,1,train
C=CC(=O)Nc1ccc(C(=O)N2CCC[C@@H](Nc3ncc4ccc(C(=O)N(C)C)cc4n3)C2)cc1,10000.0,-4.0,1,train
C=CC(=O)Nc1ccc(C(=O)N2CCC[C@@H](Nc3ncc4ccc(C(N)=O)cc4n3)C2)cc1,1000.0,-3.0,1,train
C=CC(=O)Nc1ccc(C(=O)N2CCC[C@@H](Nc3ncc4ccc(C(=O)O)cc4n3)C2)cc1,1000.0,-3.0,1,train
C=CC(=O)Nc1ccc(C(=O)N2CCC[C@@H](Nc3ncc4ccc(=O)n(C(C)C)c4n3)C2)cc1,10000.0,-4.0,1,train
C=CC(=O)Nc1ccc(C(=O)N2CCC[C@@H](Nc3ncc4ccc(=O)[nH]c4n3)C2)cc1,30000.00000000001,-4.477121254719663,1,test
CCC(=O)Nc1ccc(C(=O)N2CCC[C@@H](Nc3ncc4ccccc4n3)C2)cc1,30000.00000000001,-4.477121254719663,1,test
CCC(=O)Nc1ccc(C(=O)N2CCC[C@@H](Nc3cc4ccccc4cn3)C2)cc1,30000.00000000001,-4.477121254719663,1,train
CCC(=O)Nc1ccc(C(=O)N2CCC[C@@H](Nc3ncc4cc(Cl)ccc4n3)C2)cc1,30000.00000000001,-4.477121254719663,1,train
CCC(=O)Nc1ccc(C(=O)N2CCC[C@@H](Nc3ncc4ccc(OC)cc4n3)C2)cc1,30000.00000000001,-4.477121254719663,1,train
CCC(=O)Nc1ccc(C(=O)N2CCC[C@@H](Nc3ncc4ccc(S(C)(=O)=O)cc4n3)C2)cc1,10000.0,-4.0,1,train
CCC(=O)Nc1ccc(C(=O)N2CCC[C@@H](Nc3ncc4ccc(Cl)cc4n3)C2)cc1,30000.00000000001,-4.477121254719663,1,train
CCC(=O)Nc1ccc(C(=O)N2CCC[C@@H](Nc3ncc4ccc(F)cc4n3)C2)cc1,30000.00000000001,-4.477121254719663,1,train
CCC(=O)Nc1ccc(C(=O)N2CCC[C@@H](Nc3ncc4ccc(=O)n(C(C)C)c4n3)C2)cc1,10000.0,-4.0,1,train
C=CC(=O)Nc1ccc(C(=O)N2CC[C@@H](Nc3ncc4cc(Cl)ccc4n3)C2)cc1,100.0,-2.0,1,test
C=CC(=O)Nc1ccc(C(=O)N2CC[C@@H](Nc3ncc4cc(OC)ccc4n3)C2)cc1,10000.0,-4.0,1,train
C=CC(=O)Nc1ccc(C(=O)N2CC[C@@H](Nc3ncc4cc(C)ccc4n3)C2)cc1,1000.0,-3.0,1,train
C=CC(=O)Nc1ccc(C(=O)N2CC[C@@H](Nc3ncc4ccncc4n3)C2)cc1,100.0,-2.0,1,test
C=CC(=O)Nc1ccc(C(=O)N2CC[C@@H](Nc3ncc4ccc(C)cc4n3)C2)cc1,100.0,-2.0,1,train
C=CC(=O)Nc1ccc(C(=O)N2CC[C@@H](Nc3ncc4ccc(S(C)(=O)=O)cc4n3)C2)cc1,100.0,-2.0,1,train
C=CC(=O)Nc1ccc(C(=O)N2CC[C@@H](Nc3ncc4ccc(F)cc4n3)C2)cc1,1000.0,-3.0,1,train
C=CC(=O)Nc1ccc(C(=O)N2CC[C@@H](Nc3ncc4ccc(Cl)cc4n3)C2)cc1,100.0,-2.0,1,train
C=CC(=O)Nc1ccc(C(=O)N2CC[C@@H](Nc3ncc4ccc(C#N)cc4n3)C2)cc1,100.0,-2.0,1,test
C=CC(=O)Nc1ccc(C(=O)N2CC[C@@H](Nc3ncc4ccc(C(=O)N(C)C)cc4n3)C2)cc1,100.0,-2.0,1,train
C=CC(=O)Nc1ccc(C(=O)N2CC[C@@H](Nc3ncc4ccc(=O)[nH]c4n3)C2)cc1,100.0,-2.0,1,train
CCC(=O)Nc1ccc(C(=O)N2CC[C@@H](Nc3ncc4ccccc4n3)C2)cc1,1000.0,-3.0,1,train
CCC(=O)Nc1ccc(C(=O)N2CC[C@@H](Nc3cc4ccccc4cn3)C2)cc1,1000.0,-3.0,1,test
CCC(=O)Nc1ccc(C(=O)N2CC[C@@H](Nc3ncc4cc(F)ccc4n3)C2)cc1,1000.0,-3.0,1,train
CCC(=O)Nc1ccc(C(=O)N2CC[C@@H](Nc3ncc4cc(Cl)ccc4n3)C2)cc1,1000.0,-3.0,1,train
CCC(=O)Nc1ccc(C(=O)N2CC[C@@H](Nc3ncc4cc(OC)ccc4n3)C2)cc1,10000.0,-4.0,1,train
CCC(=O)Nc1ccc(C(=O)N2CC[C@@H](Nc3ncc4cc(C)ccc4n3)C2)cc1,1000.0,-3.0,1,train
CCC(=O)Nc1ccc(C(=O)N2CC[C@@H](Nc3ncc4ccncc4n3)C2)cc1,1000.0,-3.0,1,train
CCC(=O)Nc1ccc(C(=O)N2CC[C@@H](Nc3ncc4ccc(OC)cc4n3)C2)cc1,100.0,-2.0,1,train
CCC(=O)Nc1ccc(C(=O)N2CC[C@@H](Nc3ncc4ccc(S(C)(=O)=O)cc4n3)C2)cc1,100.0,-2.0,1,test
CCC(=O)Nc1ccc(C(=O)N2CC[C@@H](Nc3ncc4ccc(Cl)cc4n3)C2)cc1,100.0,-2.0,1,train
CCC(=O)Nc1ccc(C(=O)N2CC[C@@H](Nc3ncc4ccc(F)cc4n3)C2)cc1,1000.0,-3.0,1,train
CCC(=O)Nc1ccc(C(=O)N2CC[C@@H](Nc3ncc4ccc(C#N)cc4n3)C2)cc1,100.0,-2.0,1,train
CCC(=O)Nc1ccc(C(=O)N2CC[C@@H](Nc3ncc4ccc(=O)[nH]c4n3)C2)cc1,1000.0,-3.0,1,test
CCC(=O)Nc1ccc(C(=O)N2CC[C@@H](Nc3ncc4ccc(=O)n(C(C)C)c4n3)C2)cc1,100.0,-2.0,1,train
C=CC(=O)Nc1ccc(C(=O)N2C[C@H](Nc3ncc4ccccc4n3)[C@@H](F)C2)cc1,10000.0,-4.0,0,train
C=CC(=O)Nc1ccc(C(=O)N2CC(Nc3ncc4ccccc4n3)C2)cc1,1000.0,-3.0,0,train
CN(C)C/C=C/C(=O)Nc1ccc(C(=O)N2CC[C@@H](Nc3ncc4ccccc4n3)C2)cc1,100.0,-2.0,1,train
CN(C)C/C=C/C(=O)Nc1ccc(C(=O)N2CCC[C@@H](Nc3ncc4ccccc4n3)C2)cc1,30000.00000000001,-4.477121254719663,1,train
CN(C)C/C=C/C(=O)Nc1ccc(C(=O)N2CC[C@@H](Nc3ncc4ccccc4n3)C2)cc1F,1000.0,-3.0,1,train
C=CC(=O)Nc1ccc(C(=O)N2CC[C@@H](Nc3ncc4cc(F)ccc4n3)C2)cc1F,1000.0,-3.0,1,test
C#CC(=O)Nc1ccc(C(=O)N2CC[C@@H](Nc3ncc4ccccc4n3)C2)cc1,100.0,-2.0,1,test
C=CC(=O)Nc1ccc(C(=O)N2CC[C@@H](Nc3ncc4ccccc4n3)C2)cc1OC,100.0,-2.0,1,test
C=CC(=O)Nc1ccc(C(=O)N2CC[C@@H](Nc3ncc4ccccc4n3)C2)cc1C,1000.0,-3.0,1,train
C=CC(=O)Nc1ccc(C(=O)N2CC[C@@H](Nc3ncc4ccccc4n3)C2)c(OC)c1,1000.0,-3.0,1,test
C=CC(=O)N(C)c1ccc(C(=O)N2CC[C@@H](Nc3ncc4ccccc4n3)C2)cc1,1000.0,-3.0,1,train
C=CC(=O)Nc1c(C)cc(C(=O)N2CC[C@@H](Nc3ncc4ccccc4n3)C2)cc1F,10000.0,-4.0,1,test
CN(C)C/C=C/C(=O)Nc1ccc(C(=O)N2CC[C@@H](Nc3ncc4cc(F)ccc4n3)C2)cc1,1000.0,-3.0,1,train
CC#CC(=O)Nc1ccc(C(=O)N2CC[C@@H](Nc3ncc4ccccc4n3)C2)cc1,100.0,-2.0,1,train
C=CC(=O)Nc1ccc(C(=O)N2CC[C@@H](Nc3ncc4ccccc4n3)C2)c(C)c1,1000.0,-3.0,1,train
C=CC(=O)N1CCCc2cc(C(=O)N3CC[C@@H](Nc4ncc5ccccc5n4)C3)ccc21,1000.0,-3.0,0,test
C=CC(=O)N1CCOc2cc(C(=O)N3CC[C@@H](Nc4ncc5ccccc5n4)C3)ccc21,100.0,-2.0,0,train
COc1cc(C(=O)N2CC[C@@H](Nc3ncc4ccccc4n3)C2)ccc1NC(=O)/C=C/CN(C)C,1000.0,-3.0,0,train
CN(C)C/C=C/C(=O)Nc1ccc(C(=O)N2CC[C@@H](Nc3ncc4ccccc4n3)C2)cc1Cl,1000.0,-3.0,1,train
Cc1cc(C(=O)N2CC[C@@H](Nc3ncc4ccccc4n3)C2)ccc1NC(=O)/C=C/CN(C)C,1000.0,-3.0,0,train
CN(C)C/C=C/C(=O)N1CCOc2cc(C(=O)N3CC[C@@H](Nc4ncc5ccccc5n4)C3)ccc21,1000.0,-3.0,0,train
COc1cc(NC(=O)/C=C/CN(C)C)ccc1C(=O)N1CC[C@@H](Nc2ncc3ccccc3n2)C1,1000.0,-3.0,0,train
CN(C)C/C=C/C(=O)N(C)c1ccc(C(=O)N2CC[C@@H](Nc3ncc4ccccc4n3)C2)cc1,1000.0,-3.0,1,train
C=CC(=O)Nc1cccc(C(=O)N2CC[C@@H](Nc3ncc4ccccc4n3)C2)c1,100.0,-2.0,1,train
C=CC(=O)Nc1ccc(C(=O)N2CC[C@@H](Nc3ncc4ccccc4n3)C2)cc1Cl,1000.0,-3.0,1,train
CN(C)C/C=C/C(=O)N1CCCc2cc(C(=O)N3CC[C@@H](Nc4ncc5ccccc5n4)C3)ccc21,1000.0,-3.0,0,test
C=CC(=O)Nc1ccc(C(=O)N2CC[C@@H](Nc3ncc4cccc(F)c4n3)C2)cc1,1000.0,-3.0,1,train
C=CC(=O)Nc1ccc(C(=O)N2CC[C@@H](Nc3ncc4c(F)cccc4n3)C2)cc1,1000.0,-3.0,1,train
C=CC(=O)Nc1ccc(C(=O)N2CC[C@@H](Nc3ncc4cc(F)ccc4n3)C2)cc1C,1000.0,-3.0,1,train
C=CC(=O)Nc1ccc(C(=O)N2CC[C@@H](Nc3ncc4ccc(S(C)(=O)=O)cc4n3)C2)cc1C,100.0,-2.0,1,train
C=C(CC)C(=O)Nc1ccc(C(=O)N2CC[C@@H](Nc3ncc4ccccc4n3)C2)cc1,1000.0,-3.0,1,test
C=CS(=O)(=O)Nc1ccc(C(=O)N2CC[C@@H](Nc3ncc4ccccc4n3)C2)cc1,1000.0,-3.0,0,train
C=CC(=O)Nc1ccc(C(=O)N2C[C@H](Nc3ncc4ccccc4n3)[C@@H](C)C2)cc1,30000.00000000001,-4.477121254719663,0,train
C=CC(=O)Nc1ccc(C(=O)N2CC[C@@H](Nc3ncc4ccc(=O)n(C(C)C)c4n3)C2)cc1,100.0,-2.0,1,train
CC(=O)c1c(C)c2cnc(Nc3ccc(N4CCNCC4)cc3)nc2n2cc(C(C)C)nc12,18.899999999999995,-1.276461804173244,0,train
CC(=O)c1c(C)c2cnc(Nc3ccc(N4CCNCC4)cc3)nc2n2cc(C(C)(C)C)nc12,60.29999999999998,-1.7803173121401512,0,train
Cc1ccc(Nc2nc(Cl)nc3c2ncn3Cc2ccc(C(=O)Nc3ccccc3N)cc2)cc1,800.0000000000003,-2.903089986991944,0,train
CN1CC=C(c2c(O)cc(O)c3c(=O)cc(-c4ccc(Sc5nc6ccccc6[nH]5)cc4)oc23)CC1,161.99999999999994,-2.2095150145426308,1,test
CN1CC=C(c2c(O)cc(O)c3c(=O)cc(-c4ccc(Sc5nc(-c6ccccc6)c[nH]5)cc4)oc23)CC1,469.0000000000001,-2.671172842715084,0,train
CN1CC=C(c2c(O)cc(O)c3c(=O)cc(-c4ccc(Sc5nc6ccccc6n5C)cc4)oc23)CC1,348.99999999999983,-2.54282542695918,0,train
CN1CC=C(c2c(O)cc(O)c3c(=O)cc(-c4ccc(Sc5nc6ccccc6[nH]5)cc4Cl)oc23)CC1,1556.0000000000005,-3.1920095926536702,0,train
CN1CC=C(c2c(O)cc(O)c3c(=O)cc(-c4ccc(Sc5nc6ccccc6n5C)cc4Cl)oc23)CC1,1725.000000000001,-3.236789099409293,1,test
CC(=O)c1c(C)c2ccc(Nc3nccc(-c4cccnc4)n3)cc2oc1=O,1211.0000000000005,-3.0831441431430524,0,train
COc1ccccc1-c1ccnc(Nc2ccc3c(C)c(C(C)=O)c(=O)oc3c2)n1,451.2000000000001,-2.654369090975286,0,train
COc1ccccc1-c1ccnc(Nc2ccc3c(N4CCOCC4)c(C(C)=O)c(=O)oc3c2)n1,1282.9999999999995,-3.1082266563749283,0,train
CCc1c(N2CCOCC2)c2ccc(Nc3nccc(-c4ccccc4OC)n3)cc2oc1=O,10870.000000000004,-4.036229544086295,0,test
COc1ccccc1-c1ccnc(Nc2ccc3c(N4CCNCC4)cc(=O)oc3c2)n1,3663.9999999999977,-3.5639554649958125,0,train
COc1ccccc1-c1ccnc(Nc2ccc3c(N4CCCNCC4)cc(=O)oc3c2)n1,2055.999999999999,-3.313023110323238,0,test
COc1ccccc1-c1cc(Nc2ccc3c(N4CCOCC4)c(C(C)=O)c(=O)oc3c2)ncn1,3415.000000000001,-3.5333907080175515,1,train
COc1cc(F)ccc1-c1ccnc(Nc2ccc3c(N4CCOCC4)c(C(C)=O)c(=O)oc3c2)n1,1328.0000000000002,-3.1231980750319988,0,train
CCC(=O)c1c(N2CCOCC2)c2ccc(Nc3nccc(-c4ccc(F)cc4OC)n3)cc2oc1=O,1087.0000000000005,-3.0362295440862948,0,train
COc1cc(F)ccc1-c1ccnc(Nc2ccc3c(N4CCOCC4)cc(=O)oc3c2)n1,1330.0,-3.123851640967086,0,train
COc1cc(F)ccc1-c1nc(Nc2ccc3c(N4CCOCC4)c(C(C)=O)c(=O)oc3c2)ncc1F,319.9999999999999,-2.505149978319906,1,train
COc1cc(F)ccc1-c1nc(Nc2ccc3c(N4CCN(C)CC4)c(C(C)=O)c(=O)oc3c2)ncc1F,336.00000000000006,-2.526339277389844,0,train
CCN1CCN(c2c(C(C)=O)c(=O)oc3cc(Nc4ncc(F)c(-c5ccc(F)cc5OC)n4)ccc23)CC1,305.00000000000006,-2.484299839346786,0,train
COc1cc(F)ccc1-c1nc(Nc2ccc3c(N4CCCNCC4)c(C(C)=O)c(=O)oc3c2)ncc1F,496.0000000000002,-2.6954816764901977,0,train
CCC(=O)c1c(N2CCOCC2)c2ccc(Nc3ncc(F)c(-c4ccc(F)cc4OC)n3)cc2oc1=O,337.99999999999994,-2.5289167002776547,0,train
COc1cc(F)ccc1-c1nc(Nc2ccc3c(N4CCOCC4)c(C(C)=O)c(=O)oc3c2)ncc1Cl,400.9999999999999,-2.603144372620182,0,test
COc1cc(F)ccc1-c1nc(Nc2ccc3c(N4CCN(C)CC4)c(C(C)=O)c(=O)oc3c2)ncc1Cl,641.9999999999998,-2.807535028068853,0,train
O=C(C=CNc1cc(-c2ccccc2)nn1-c1ccccc1)c1ccccc1,317.99999999999994,-2.502427119984433,0,train
O=C(C=CNc1cc(-c2ccccc2)nn1-c1ccccc1)c1ccc(F)cc1,133.0,-2.123851640967086,0,test
O=C(C=CNc1cc(-c2ccccc2)nn1-c1ccccc1)c1ccc(Cl)cc1,122.00000000000004,-2.0863598306747484,0,train
O=C(C=CNc1cc(-c2ccccc2)nn1-c1ccccc1)c1ccc(Br)cc1,516.9999999999999,-2.7134905430939424,0,test
Cc1ccc(C(=O)C=CNc2cc(-c3ccccc3)nn2-c2ccccc2)cc1,63.20000000000002,-1.8007170782823851,0,test
COc1ccc(C(=O)C=CNc2cc(-c3ccccc3)nn2-c2ccccc2)cc1,42.00000000000001,-1.6232492903979006,0,train
O=C(C=CNc1cc(-c2ccccc2)nn1-c1ccccc1)c1cccs1,201.00000000000009,-2.303196057420489,0,train
c1ccc(-c2ccnc3c2c(-c2ccccc2)nn3-c2ccccc2)cc1,347.9999999999999,-2.5415792439465807,0,train
Fc1ccc(-c2ccnc3c2c(-c2ccccc2)nn3-c2ccccc2)cc1,41.5,-1.6180480967120927,0,test
Clc1ccc(-c2ccnc3c2c(-c2ccccc2)nn3-c2ccccc2)cc1,386.00000000000017,-2.586587304671755,0,train
Brc1ccc(-c2ccnc3c2c(-c2ccccc2)nn3-c2ccccc2)cc1,80.7,-1.9068735347220704,0,test
Cc1ccc(-c2ccnc3c2c(-c2ccccc2)nn3-c2ccccc2)cc1,81.89999999999999,-1.9132839017604184,0,train
COc1ccc(-c2ccnc3c2c(-c2ccccc2)nn3-c2ccccc2)cc1,270.00000000000006,-2.431363764158988,0,train
c1ccc(-c2nn(-c3ccccc3)c3nccc(-c4cccs4)c23)cc1,56.79999999999999,-1.7543483357110188,0,train
N#Cc1c(-c2ccccc2)nc2c(c(-c3ccccc3)nn2-c2ccccc2)c1-c1ccc(N2CCCCC2)cc1,329.0000000000001,-2.5171958979499744,0,test
N#Cc1c(-c2ccccc2)nc2c(c(-c3ccccc3)nn2-c2ccccc2)c1-c1ccc(N2CCOCC2)cc1,96.0,-1.9822712330395684,0,train
CN1CCN(c2ccc(-c3c(C#N)c(-c4ccccc4)nc4c3c(-c3ccccc3)nn4-c3ccccc3)cc2)CC1,160.99999999999994,-2.206825876031849,0,train
COc1ccc(-c2nc3c(c(-c4ccccc4)nn3-c3ccccc3)c(-c3ccc(N4CCCCC4)cc3)c2C#N)cc1,85.1,-1.929929560084588,0,train
COc1ccc(-c2nc3c(c(-c4ccccc4)nn3-c3ccccc3)c(-c3ccc(N4CCOCC4)cc3)c2C#N)cc1,220.99999999999997,-2.3443922736851106,0,train
COc1ccc(-c2nc3c(c(-c4ccccc4)nn3-c3ccccc3)c(-c3ccc(N4CCN(C)CC4)cc3)c2C#N)cc1,66.49999999999999,-1.8228216453031043,0,train
N#Cc1c(-c2ccc(Cl)cc2)nc2c(c(-c3ccccc3)nn2-c2ccccc2)c1-c1ccc(N2CCCCC2)cc1,194.99999999999991,-2.290034611362518,0,train
N#Cc1c(-c2ccc(Cl)cc2)nc2c(c(-c3ccccc3)nn2-c2ccccc2)c1-c1ccc(N2CCOCC2)cc1,643.9999999999999,-2.808885867359812,0,train
CN1CCN(c2ccc(-c3c(C#N)c(-c4ccc(Cl)cc4)nc4c3c(-c3ccccc3)nn4-c3ccccc3)cc2)CC1,128.99999999999994,-2.110589710299249,0,train
CSc1nccc(-c2c(-c3ccc(F)cc3)nc3c(N)nccn23)n1,10000.0,-4.0,1,train
Nc1nccc(-c2c(-c3ccc(F)cc3)nc3c(N)nccn23)n1,800.0000000000003,-2.903089986991944,1,train
CC(=O)c1c(C)c2cnc(Nc3ccc(N4CCN(C(=O)CCl)CC4)cn3)nc2n(C2CCCC2)c1=O,7601.0,-3.880870732532424,0,test
CN(C)C/C=C/C(=O)Nc1ccc(C(=O)N2CCC[C@@H](Nc3ncc(Cl)c(-c4c[nH]c5ccccc45)n3)C2)cc1,1300.0000000000005,-3.113943352306837,1,train
CN(C)C/C=C/C(=O)Nc1ccc(C(=O)N2CCC[C@@H](Nc3ncc(Br)c(-c4c[nH]c5ccccc45)n3)C2)cc1,1000.0,-3.0,1,test
CN(C)C/C=C/C(=O)Nc1ccc(C(=O)N2CCC[C@@H](Nc3ncc(C(F)(F)F)c(-c4c[nH]c5ccccc45)n3)C2)cc1,10000.0,-4.0,1,train
CN(C)C/C=C/C(=O)Nc1ccc(C(=O)N2CC[C@@H](Nc3ncc(Cl)c(-c4c[nH]c5ccccc45)n3)C2)cc1,49.3,-1.69284691927723,1,train
CN(C)C/C=C/C(=O)Nc1ccc(C(=O)N2CCCC[C@@H](Nc3ncc(Cl)c(-c4c[nH]c5ccccc45)n3)C2)cc1,338.99999999999994,-2.530199698203082,1,train
CN(C)C/C=C/C(=O)Nc1ccc(N2CCC[C@@H](Nc3ncc(Cl)c(-c4c[nH]c5ccccc45)n3)C2)cc1,623.0000000000001,-2.7944880466591697,1,train
C/C=C/C(=O)Nc1ccc(N2CCC[C@@H](Nc3ncc(Cl)c(-c4c[nH]c5ccccc45)n3)C2)cc1,3550.000000000001,-3.550228353055094,1,test
C/C=C/C(=O)Nc1ccc(N2CCC[C@@H](Nc3ncc(Cl)c(-c4c[nH]c5ccccc45)n3)C2)nc1,1940.0,-3.287801729930226,0,train
C/C=C/C(=O)Nc1ccc(N2CCC[C@@H](Nc3ncc(Cl)c(-c4c[nH]c5ccccc45)n3)C2)cc1C,1099.9999999999998,-3.041392685158225,0,train
C/C=C/C(=O)Nc1ccc(N2CCC[C@@H](Nc3ncc(Cl)c(-c4c[nH]c5ccccc45)n3)C2)c(F)c1,4019.999999999998,-3.60422605308447,1,train
C/C=C/C(=O)Nc1cc(F)c(N2CCC[C@@H](Nc3ncc(Cl)c(-c4c[nH]c5ccccc45)n3)C2)cc1C,266.00000000000006,-2.424881636631067,1,train
C/C=C/C(=O)Nc1cc(OC)c(N2CCC[C@@H](Nc3ncc(Cl)c(-c4c[nH]c5ccccc45)n3)C2)cc1C,3360.0000000000005,-3.526339277389844,1,test
CC(=O)c1c(N2CCOCC2)c2ccc(Nc3nccc(-c4ccc5nn(C)c(C(C)C)c5c4)n3)cc2oc1=O,0.7,0.1549019599857432,0,test
CC(C)c1c2cc(-c3ccnc(Nc4ccc5c(N6CCN(C)CC6)ccnc5c4)n3)ccc2nn1C,2.8,-0.4471580313422192,0,train
Fc1cc2[nH]ncc2c2c3c(c(-c4c[nH]nc4C(F)(F)F)nc12)CCCC3,38.99999999999999,-1.591064607026499,0,train
Fc1cc2[nH]ncc2c2c3c(c(-c4cn[nH]c4)nc12)CCCC3,38.99999999999999,-1.591064607026499,0,train
Fc1cc2[nH]ncc2c2c3c(c(-c4c[nH]nc4C(F)(F)F)nc12)C1CCC3C1,48.99999999999999,-1.6901960800285136,0,train
OCc1n[nH]c2ccc3nc(-c4c[nH]nc4C(F)(F)F)c4c(c3c12)CCCC4,140.99999999999991,-2.14921911265538,0,train
Cc1n[nH]c2ccc3nc(-c4c[nH]nc4C(F)(F)F)c4c(c3c12)CCCC4,430.0000000000001,-2.633468455579586,0,train
Cc1n[nH]c2cc(F)c3nc(-c4c[nH]nc4C(F)(F)F)c4c(c3c12)CCCC4,158.0,-2.198657086954422,0,train
O=C(CCCO/N=C1C(=C2/C(=O)Nc3ccccc32)/Nc2ccccc2/1)NO,60.900000000000006,-1.7846172926328754,0,train
O=C(O)CCCO/N=C1C(=C2/C(=O)Nc3ccccc32)/Nc2ccccc2/1,119.30000000000004,-2.076640443670342,0,train
CCN(CC)c1cnc2ccc(-c3nc(Nc4ccc(N5CCNCC5)cn4)ncc3F)cc2n1,2274.0000000000005,-3.356790460351716,0,train
OCc1ccn(-c2ccc(Nc3cc4nc(OC5CCNCC5)ccc4cn3)c(F)c2)n1,472.0000000000002,-2.673941998634088,0,train
OCc1ccn(-c2ccc(Nc3cc4nc(NC5CCNCC5)ccc4cn3)c(F)c2)n1,500.0,-2.6989700043360187,0,train
OCc1ccn(-c2ccc(Nc3cc4nc(CC5CCNCC5)ccc4cn3)c(F)c2)n1,2436.9999999999995,-3.386855529184724,0,test
O=C(O)CN(c1ccc2cnc(Nc3ccc(-n4ccc(CO)n4)cc3F)cc2n1)C1CCNCC1,1364.9999999999998,-3.1351326513767748,0,test
C[C@](O)(c1ccc2cnc(Nc3ccc(-n4ccc(CO)n4)cc3F)cc2n1)C1CCNCC1,252.00000000000009,-2.401400540781544,0,train
CN1CCC(Oc2ccc3cnc(Nc4ccc(-n5ccc(CO)n5)cc4F)cc3n2)CC1,132.00000000000006,-2.12057393120585,0,train
CN1CCC(N(CC(=O)O)c2ccc3cnc(Nc4ccc(-n5ccc(CO)n5)cc4F)cc3n2)CC1,443.99999999999983,-2.64738297011462,0,train
CN1CCC([C@@](C)(O)c2ccc3cnc(Nc4ccc(-n5ccc(CO)n5)cc4F)cc3n2)CC1,64.99999999999999,-1.8129133566428557,0,test
C[C@H](c1ccc2cnc(Nc3ccc(-n4ccc(CO)n4)cc3F)cc2n1)C1CCN(C)CC1,539.0000000000001,-2.7315887651867388,0,train
CN1CCC([C@@H](O)c2ccc3cnc(Nc4ccc(-n5ccc(CO)n5)cc4F)cc3n2)CC1,601.0000000000001,-2.77887447200274,0,train
CN1CCC([C@@](C)(O)c2ccc3cnc(Nc4ccccc4)cc3n2)CC1,17.999999999999996,-1.255272505103306,0,train
CN1CCC([C@@](C)(O)c2ccc3cnc(Nc4ccccc4F)cc3n2)CC1,47.99999999999999,-1.6812412373755872,0,train
CN1CCC([C@@](C)(O)c2ccc3cnc(Nc4ccc(-n5cccn5)cc4F)cc3n2)CC1,35.0,-1.5440680443502757,0,train
CN1CCC([C@@](C)(O)c2ccc3cnc(Nc4ccc(S(C)(=O)=O)cc4F)cc3n2)CC1,2.8,-0.4471580313422192,0,train
CN1CCC([C@@](C)(O)c2ccc3cnc(Nc4ccc(-c5cccc(C#N)c5)cc4F)cc3n2)CC1,23.0,-1.3617278360175928,1,train
CN1CCC([C@@](C)(O)c2ccc3cnc(Nc4ccc(-c5cccn(C)c5=O)cc4F)cc3n2)CC1,264.0000000000001,-2.4216039268698317,1,train
CN1CCC([C@@](C)(O)c2ccc3cnc(Nc4cccc(N5CCOCC5)c4)cc3n2)CC1,103.99999999999996,-2.0170333392987803,0,test
CN1CCC([C@@](C)(O)c2ccc3cnc(Nc4cc(N5CCOCC5)ccc4F)cc3n2)CC1,194.0,-2.287801729930226,0,test
CC(=O)N1CCN(c2ccc(F)c(Nc3cc4nc([C@](C)(O)C5CCN(C)CC5)ccc4cn3)c2)CC1,302.99999999999983,-2.481442628502305,0,train
CCc1ccc(F)c(Nc2cc3nc([C@](C)(O)C4CCN(C)CC4)ccc3cn2)c1,55.00000000000001,-1.740362689494244,0,train
CN1CCC([C@@](C)(O)c2ccc3cnc(Nc4cc(C(F)(F)F)ccc4F)cc3n2)CC1,103.99999999999996,-2.0170333392987803,0,test
CC(C)Oc1ccc(F)c(Nc2cc3nc([C@](C)(O)C4CCN(C)CC4)ccc3cn2)c1,59.00000000000001,-1.7708520116421442,0,train
CN1CCC([C@@](C)(O)c2ccc3cnc(Nc4cc(N5CCOCC5)ncc4F)cc3n2)CC1,300.99999999999983,-2.478566495593843,0,train
CN1CCC([C@@](C)(O)c2ccc3cnc(Nc4cc(N5CCOCC5)c(C#N)cc4F)cc3n2)CC1,392.0,-2.593286067020457,0,train
CN1CCC([C@@](C)(O)c2ccc3cnc(Nc4ccc(C#N)cc4F)cc3n2)CC1,33.0,-1.5185139398778875,0,train
CN1CCC([C@@](C)(O)c2ccc3cnc(Nc4cc(N5CCCC5)ncc4F)cc3n2)CC1,43.000000000000014,-1.6334684555795866,0,train
CC(C)Nc1cc(Nc2cc3nc([C@](C)(O)C4CCN(C)CC4)ccc3cn2)c(F)cn1,340.9999999999999,-2.5327543789924976,0,train
CC(C)Oc1cc(Nc2cc3nc([C@](C)(O)C4CCN(C)CC4)ccc3cn2)c(F)cn1,98.0,-1.9912260756924949,0,train
CN1CCC([C@@](C)(O)c2ccc3cnc(Nc4cc(OC5CCC5)ncc4F)cc3n2)CC1,208.9999999999999,-2.320146286111054,0,train
CCc1cc(Nc2cc3nc([C@](C)(O)C4CCN(C)CC4)ccc3cn2)c(F)cn1,47.00000000000001,-1.6720978579357175,0,train
CC(C)c1cc(Nc2cc3nc([C@](C)(O)C4CCN(C)CC4)ccc3cn2)c(F)cn1,66.00000000000001,-1.8195439355418688,0,train
CN1CCC([C@@](C)(O)c2ccc3cnc(Nc4cc(C(F)(F)F)ncc4F)cc3n2)CC1,211.0,-2.3242824552976926,0,train
CC(C)c1cc(Nc2cc3nc([C@](C)(O)C4CCN(C)CC4)ccc3cn2)c(F)cc1C#N,156.0,-2.1931245983544616,0,train
CC(C)Oc1cc(Nc2cc3nc([C@](C)(O)C4CCN(C)CC4)ccc3cn2)c(F)cc1C#N,331.99999999999994,-2.521138083704036,0,test
CN1CCC([C@@](C)(O)c2ccc3cnc(Nc4cc(C(F)(F)F)c(C#N)cc4F)cc3n2)CC1,212.0000000000001,-2.326335860928752,0,train
CN1CCC([C@@](C)(O)c2ccc3cnc(Nc4cc(N5CC6CCC(C5)O6)c(C#N)cc4F)cc3n2)CC1,165.99999999999997,-2.220108088040055,0,test
CN1CCC([C@@](C)(O)c2ccc3cnc(Nc4cc(C(N)=O)ncc4F)cc3n2)CC1,135.99999999999997,-2.133538908370217,0,train
CC(C)N1CCc2cc(-c3nc(Nc4ccc(N5CCNCC5)cn4)ncc3F)ccc2C1=O,495.00000000000017,-2.694605198933569,0,train
O=C1NCCc2cc(-c3nc(Nc4ccc(N5CCNCC5)cn4)ncc3F)ccc21,175.0,-2.2430380486862944,0,train
CCN1CCc2cc(-c3nc(Nc4ccc(N5CCNCC5)cn4)ncc3F)ccc2C1=O,1045.0000000000005,-3.019116290447073,0,train
CN1CCc2cc(-c3nc(Nc4ccc(N5CCNCC5)cn4)ncc3F)ccc2C1=O,676.0,-2.829946695941636,0,train
CC(C)[C@H](CO)Nc1nc(Nc2cccc(Cl)c2)c2ncn(C(C)C)c2n1,70.00000000000001,-1.845098040014257,0,train
CC(C)[C@H](CO)Nc1nc(Nc2ccc(C(=O)O)c(Cl)c2)c2ncn(C(C)C)c2n1,6.0,-0.7781512503836436,0,test
O=C(Cc1ccc2ccccc2c1)NC1=CC(C2CC2)=CC1,37.0,-1.568201724066995,0,train
CC(C(=O)NC1=CC(C2CC2)=CC1)c1ccc(N2CCCC2=O)cc1,37.0,-1.568201724066995,0,train
O=C1Nc2ccc(S(=O)(=O)O)cc2/C1=C1/Nc2ccccc2C1=O,35.0,-1.5440680443502757,0,test
CN1C/C=C/CCOc2cccc(c2)-c2ccnc(n2)Nc2cccc(c2)C1,12.999999999999998,-1.1139433523068367,0,train
O=C1Cc2c([nH]c3ccc([N+](=O)[O-])cc23)-c2ccccc2N1,15.000000000000004,-1.1760912590556811,0,train
CN(C)CCCNCc1ccc2cc3c(ccc4nc5ccc(CNCCCN(C)C)cc5cc43)cc2c1,24999.999999999996,-4.3979400086720375,0,train
CSCC[C@H](NC(=O)[C@H](CCCNC(=N)N)NC(=O)[C@H](CC(C)C)NC(=O)[C@@H](NC(=O)[C@H](CCC(N)=O)NC(=O)[C@H](CCCCN)NC(=O)[C@H](CCCCN)NC(=O)[C@@H](NC(=O)[C@H](Cc1ccc(O)cc1)NC(=O)[C@@H](N)[C@@H](C)O)[C@@H](C)O)C(C)C)C(=O)N[C@@H](C)C(=O)N[C@@H](Cc1c[nH]cn1)C(=O)N[C@@H](CC(C)C)C(=O)N[C@H](C(=O)N[C@@H](CC(C)C)C(=O)N[C@@H](CCCCN)C(=O)N[C@H](C(=O)N[C@@H](CC(C)C)C(=O)N[C@H](C(=O)N[C@@H](Cc1ccccc1)C(=O)N[C@@H](CC(=O)O)C(=O)N[C@@H](CC(C)C)C(=O)O)[C@@H](C)O)C(C)C)C(C)C,1799.9999999999998,-3.255272505103306,0,train
CC[C@@H](C)[C@@H](NC(=O)[C@@H](Cc1c[nH]c2ccccc12)NC(=O)[C@H](N)CCCNC(=N)N)C(=O)N[C@H](CCSC)C(=O)N[C@H](Cc1ccc(O)cc1)C(=O)N[C@H](Cc1ccccc1)C(N)=O,1099.9999999999998,-3.041392685158225,0,test
CCN1C(=O)/C(=C2\Nc3ccccc3C2=O)c2cccnc21,1199.9999999999995,-3.0791812460476247,0,test
O=C1Nc2ccccc2/C1=C1/Nc2ncccc2C1=O,8800.000000000002,-3.9444826721501687,0,train
CC(C)N1C(=O)/C(=C2\Nc3ccccc3C2=O)c2cccnc21,9499.999999999996,-3.977723605288848,0,test
