smiles,exp_mean [nM],y,cliff_mol,split
CCCCn1c(Cc2ccc3c(c2)OCO3)nc2c(N)nc(F)nc21,17100.000000000007,-4.232996110392154,0,train
COc1ccc(OC)c(Cc2nc3nc(F)nc(N)c3[nH]2)c1,53500.0,-4.7283537820212285,0,train
C#CCCCn1c(Cc2cc(OC)ccc2OC)nc2c(N)nc(F)nc21,4100.0,-3.612783856719736,0,test
CCCCn1c(Cc2cc(OC)ccc2OC)nc2c(N)nc(F)nc21,14299.999999999987,-4.155336037465061,0,test
CCCCn1c(Cc2cccc(OC)c2)nc2c(N)ncnc21,75000.00000000001,-4.8750612633917,0,train
CCCCn1c(Cc2ccc3c(c2)OCO3)nc2c(N)ncnc21,15299.999999999987,-4.184691430817598,0,train
CCCCn1c(Cc2cc(OC)ccc2OC)nc2c(N)ncnc21,40999.99999999999,-4.612783856719736,1,train
CO[C@H]1/C=C\C=C(/C)C(=O)NC2=CC(=O)C(NC(=O)c3ccc(F)cc3)=C(C[C@@H](C)C[C@H](OC)[C@H](O)[C@@H](C)/C=C(\C)[C@@H]1OC(N)=O)C2=O,1500.0000000000005,-3.1760912590556813,0,train
CCOC(=O)NC1=C2C[C@@H](C)C[C@H](OC)[C@H](O)[C@@H](C)/C=C(\C)[C@H](OC(N)=O)[C@@H](OC)/C=C\C=C(/C)C(=O)NC(=CC1=O)C2=O,3000.0000000000014,-3.4771212547196626,1,test
CO[C@H]1/C=C\C=C(/C)C(=O)NC2=CC(=O)C(NC(=O)c3ccco3)=C(C[C@@H](C)C[C@H](OC)[C@H](O)[C@@H](C)/C=C(\C)[C@@H]1OC(N)=O)C2=O,4000.000000000001,-3.6020599913279625,0,test
C=CCNC(=O)NC1=C2C[C@@H](C)C[C@H](OC)[C@H](O)[C@@H](C)/C=C(\C)[C@H](OC(N)=O)[C@@H](OC)/C=C\C=C(/C)C(=O)NC(=CC1=O)C2=O,35000.0,-4.544068044350276,1,train
CO[C@@H]1/C=C\C=C(/C)C(=O)NC2=CC(=O)C(NC/C=C/C[C@@H]3C[C@H]4[C@@H]5CCc6cc(O)ccc6[C@H]5CC[C@]4(C)[C@H]3O)=C(C[C@H](C)C[C@@H](OC)[C@@H](O)[C@H](C)/C=C(\C)[C@H]1OC(N)=O)C2=O,1500.0000000000005,-3.1760912590556813,0,test
CO[C@@H]1/C=C\C=C(/C)C(=O)NC2=CC(=O)C(NCC#CC[C@@H]3C[C@H]4[C@@H]5CCc6cc(O)ccc6[C@H]5CC[C@]4(C)[C@H]3O)=C(C[C@H](C)C[C@@H](OC)[C@@H](O)[C@H](C)/C=C(\C)[C@H]1OC(N)=O)C2=O,1500.0000000000005,-3.1760912590556813,0,train
C#CCCCn1c(Sc2cccc(OC)c2)nc2c(N)ncnc21,28300.000000000025,-4.451786435524291,0,train
C#CCCCn1c(Sc2ccc(OC)cc2)nc2c(N)ncnc21,75000.00000000001,-4.8750612633917,1,train
C#CCCCn1c(Sc2ccc(Cl)cc2)nc2c(N)ncnc21,44700.000000000015,-4.650307523131937,0,train
C#CCCCn1c(Sc2ccc(C)cc2C)nc2c(N)ncnc21,39200.00000000003,-4.593286067020458,0,train
C#CCCCn1c(Sc2cc(Cl)ccc2Cl)nc2c(N)ncnc21,26500.000000000004,-4.423245873936808,0,train
C#CCCCn1c(Sc2cc(OC)ccc2OC)nc2c(N)ncnc21,3199.999999999999,-3.505149978319906,1,train
C#CCCCn1c(Sc2cc(OC)ccc2Cl)nc2c(N)ncnc21,3500.0000000000005,-3.544068044350276,0,train
C#CCCCn1c(Sc2cc(OC)ccc2Br)nc2c(N)ncnc21,1449.9999999999998,-3.161368002234975,0,train
C#CCCCn1c(Sc2cc(OC)ccc2I)nc2c(N)ncnc21,809.9999999999995,-2.908485018878649,1,train
C#CCCCn1c(Sc2cc(C(F)(F)F)ccc2Cl)nc2c(N)ncnc21,35899.99999999998,-4.555094448578319,0,train
C#CCCCn1c(Sc2cc(Cl)cc(Cl)c2)nc2c(N)ncnc21,60499.99999999996,-4.781755374652469,0,train
C#CCCCn1c(Sc2cc(Cl)c(Cl)cc2Cl)nc2c(N)ncnc21,57999.99999999995,-4.763427993562937,0,train
C#CCCCn1c(Sc2cc(OC)c(OC)c(OC)c2)nc2c(N)ncnc21,22300.0,-4.348304863048161,1,train
C#CCCCn1c(Sc2cc(OC)c(OC)c(OC)c2Cl)nc2c(N)ncnc21,9099.999999999996,-3.959041392321093,1,train
C#CCCCn1c(Sc2cc(OC)c(OC)c(OC)c2I)nc2c(N)ncnc21,100000.0,-5.0,1,train
CCCCn1c(Sc2cccc(OC)c2)nc2c(N)ncnc21,53700.00000000004,-4.729974285699556,0,test
COc1cccc(Sc2nc3c(N)ncnc3n2CCOC(C)C)c1,47600.00000000005,-4.6776069527204935,0,train
CCCCn1c(Sc2cc(OC)c(OC)c(OC)c2)nc2c(N)ncnc21,88499.99999999994,-4.946943270697825,0,train
COc1cc(Sc2nc3c(N)ncnc3n2CCOC(C)C)cc(OC)c1OC,65299.99999999999,-4.814913181275074,0,train
C#CCCCn1c(Sc2cc(OC)c(OC)c(OC)c2)nc2c(N)nc(F)nc21,20900.00000000001,-4.320146286111054,1,train
COc1cc(Sc2nc3c(N)nc(F)nc3n2CCOC(C)C)cc(OC)c1OC,23500.000000000025,-4.371067862271737,1,train
CCCCn1c(Sc2cc(OC)c(OC)c(OC)c2Cl)nc2c(N)ncnc21,22800.00000000001,-4.357934847000454,1,train
C#CCCCn1c(Sc2cc(OC)c(OC)c(OC)c2Cl)nc2c(N)nc(F)nc21,1300.0000000000005,-3.113943352306837,1,train
COc1cc(Sc2nc3c(N)nc(F)nc3n2CCOC(C)C)c(Cl)c(OC)c1OC,2199.9999999999995,-3.342422680822206,1,train
CCCCn1c(Sc2cc(OC)c(OC)c(OC)c2Cl)nc2c(N)nc(F)nc21,26300.00000000001,-4.419955748489758,1,test
COc1cc(Sc2nc3c(N)ncnc3n2CCOC(C)C)c(Cl)cc1Cl,58299.99999999994,-4.765668554759014,0,train
COc1c(Cl)c(Sc2nc3c(N)ncnc3n2CCOC(C)C)c(Cl)c(OC)c1OC,13800.000000000013,-4.139879086401237,0,train
Nc1[nH]cnc2nc(Sc3cc(Cl)c(Cl)cc3Cl)nc1-2,47800.00000000004,-4.679427896612119,0,train
CCCCn1c(S(=O)(=O)c2cc(OC)c(OC)c(OC)c2Cl)nc2c(N)ncnc21,12399.999999999987,-4.093421685162235,0,test
C#CCCCn1c([S+](O)c2cccc(OC)c2)nc2c(N)ncnc21,31800.000000000025,-4.502427119984433,0,test
COc1cccc([S+](O)c2nc3c(N)ncnc3n2CCOC(C)C)c1,70299.99999999999,-4.846955325019824,0,train
CCCCn1c([S+](O)c2cccc(OC)c2)nc2c(N)ncnc21,57199.99999999996,-4.757396028793024,0,test
COc1cc([S+](O)c2nc3c(N)ncnc3n2CCOC(C)C)cc(OC)c1OC,43900.00000000004,-4.642464520242122,0,train
C#CCCCn1c(Cc2cc(OC)c(OC)c(OC)c2)nc2c(N)ncnc21,14700.000000000013,-4.167317334748176,0,train
COc1cc(Cc2nc3c(N)ncnc3n2CCOC(C)C)cc(OC)c1OC,28700.000000000004,-4.457881896733992,0,train
C#CCCCn1c(Cc2cc(OC)c(OC)c(OC)c2)nc2c(N)nc(F)nc21,10500.000000000004,-4.021189299069938,0,train
C#CCCCn1c(Sc2ccccc2OC(F)(F)F)nc2c(N)ncnc21,97000.00000000007,-4.986771734266245,0,train
C[C@@H]1C[C@H]2O[C@@H]2/C=C\C=C\C(=O)Cc2c(Cl)c(O)cc(O)c2C(=O)O1,150.00000000000003,-2.1760912590556813,0,train
O=S(=O)(Nc1ccc(O)c(-c2c(O)ccc3ccccc23)c1)c1cccs1,599.9999999999997,-2.7781512503836434,1,train
Cc1cc(C)c(S(=O)(=O)Nc2ccc(O)c(-c3c(O)ccc4ccccc34)c2)cc1C,15200.000000000002,-4.181843587944773,0,test
O=S(=O)(Nc1ccc(O)c(-c2c(O)ccc3ccccc23)c1)c1cc(Cl)ccc1Cl,700.0000000000001,-2.845098040014257,1,train
CC(C)(C)c1ccc(S(=O)(=O)Nc2ccc(O)c(-c3c(O)ccc4ccccc34)c2)cc1,26399.999999999985,-4.421603926869831,0,test
O=S(=O)(Nc1ccc(O)c(-c2c(O)ccc3ccccc23)c1)c1ccc(Br)cc1,6100.000000000002,-3.785329835010767,0,train
CCc1ccc(S(=O)(=O)Nc2ccc(O)c(-c3c(O)ccc4ccccc34)c2)cc1,6600.000000000002,-3.8195439355418688,0,train
O=S(=O)(Nc1ccc(O)c(-c2c(O)ccc3ccccc23)c1)c1ccc(Cl)cc1,2199.9999999999995,-3.342422680822206,0,train
O=S(=O)(Nc1ccc(O)c(-c2c(O)ccc3ccccc23)c1)c1ccc(F)cc1,8800.000000000002,-3.9444826721501687,1,train
O=C(Nc1ccc(O)cc1)c1c[nH]nc1-c1cc(Cl)c(O)cc1O,14700.000000000013,-4.167317334748176,0,train
O=C(NCc1ccco1)c1cn[nH]c1-c1cc(Cl)c(O)cc1O,35599.99999999997,-4.551449997972875,0,test
NS(=O)(=O)c1ccc(CNC(=O)c2cn[nH]c2-c2cc(Cl)c(O)cc2O)cc1,460.99999999999983,-2.663700925389648,0,test
O=C(NCc1cccc(C(F)(F)F)c1)c1cn[nH]c1-c1cc(Cl)c(O)cc1O,5400.000000000001,-3.7323937598229686,0,train
O=C(NCc1ccc(F)cc1)c1cn[nH]c1-c1cc(Cl)c(O)cc1O,5350.0,-3.728353782021229,0,train
COc1cccc(CNC(=O)c2c[nH]nc2-c2cc(Cl)c(O)cc2O)c1,10700.000000000002,-4.02938377768521,0,train
COc1ccc(CNC(=O)c2c[nH]nc2-c2cc(Cl)c(O)cc2O)cc1,6000.000000000003,-3.778151250383644,1,test
O=C(NCc1ccccc1)c1cn[nH]c1-c1cc(Cl)c(O)cc1O,12800.000000000013,-4.107209969647869,0,train
CC(=O)c1ccc(NC(=O)c2cn[nH]c2-c2cc(Cl)c(O)cc2O)cc1,257.99999999999994,-2.41161970596323,1,train
CC(=O)Nc1ccc(NC(=O)c2c[nH]nc2-c2cc(Cl)c(O)cc2O)cc1,31500.000000000025,-4.498310553789601,1,train
O=C(Nc1ccc(Cl)cc1)c1cn[nH]c1-c1cc(Cl)c(O)cc1O,6899.999999999998,-3.838849090737255,0,train
COc1ccc(NC(=O)c2c[nH]nc2-c2cc(Cl)c(O)cc2O)cc1,6000.000000000003,-3.778151250383644,1,train
COc1cccc(NC(=O)c2c[nH]nc2-c2cc(Cl)c(O)cc2O)c1,11699.999999999987,-4.068185861746161,0,train
O=C(Nc1ccccc1)c1cn[nH]c1-c1cc(Cl)c(O)cc1O,7100.000000000003,-3.851258348719076,0,train
OCc1n[nH]c(-c2cc(Cl)c(O)cc2O)c1N1CCNCC1,25100.00000000001,-4.399673721481038,0,train
Oc1cc(O)c(-c2[nH]ncc2N2CCNCC2)cc1Br,9699.999999999998,-3.9867717342662448,0,train
NC(=O)CN1CCN(c2c[nH]nc2-c2cc(Cl)c(O)cc2O)CC1,32600.00000000003,-4.513217600067939,0,train
Oc1cc(O)c(-c2n[nH]cc2N2CCN(Cc3ccccc3)CC2)cc1Cl,599.9999999999997,-2.7781512503836434,0,train
CN1CCN(c2c[nH]nc2-c2cc(Cl)c(O)cc2O)CC1,8800.000000000002,-3.9444826721501687,0,train
CC1(C)CC2=Nc3ccccc3NC(c3cccc(O)c3O)C2=C(O)C1,2700.0000000000005,-3.431363764158988,0,train
Cc1nc(N)sc1-c1csc(Nc2ccccn2)n1,7000.000000000002,-3.845098040014257,0,train
O=C1CC(=O)N(c2cccc(Cl)c2)N1,4100.0,-3.612783856719736,0,train
COc1ccc(O)c(-c2c[nH]nc2-c2cccs2)c1,3000.0000000000014,-3.4771212547196626,0,train
COc1cccc(C(=O)Nc2ccc(O)c(C)c2)c1,2499.9999999999995,-3.397940008672037,0,train
O=S(=O)(Nc1ccc(Cl)cc1O)c1ccccc1,2000.0,-3.3010299956639813,0,train
Cc1cc(O)nc(SCC(=O)c2ccc(O)c(O)c2)n1,2300.000000000001,-3.361727836017593,0,train
O=c1c(Oc2ccc(F)cc2)coc2c(O)c(O)ccc12,3199.999999999999,-3.505149978319906,0,train
O=C1CC(Nc2ccc(N3CCOCC3)cc2)C(=O)N1Cc1ccccc1,1899.9999999999995,-3.278753600952829,0,train
CCCCn1c(Sc2nc3cncc(Br)c3s2)nc2c(N)ncnc21,400.0000000000001,-2.6020599913279625,1,train
CCOP(=O)(CCn1c(Sc2nc3cncc(Br)c3s2)nc2c(N)ncnc21)OCC,28.0,-1.4471580313422192,0,test
CCCCn1c(Sc2nc3cncc(Cl)c3s2)nc2c(N)ncnc21,280.0000000000001,-2.4471580313422194,1,test
CCOP(=O)(CCn1c(Sc2nc3cncc(Cl)c3s2)nc2c(N)ncnc21)OCC,30.0,-1.4771212547196624,0,train
CC(=O)OCCCn1c(Sc2nc3cncc(Cl)c3s2)nc2c(N)ncnc21,170.00000000000006,-2.230448921378274,0,train
CCCCn1c(Sc2nc3cc(Cl)ccc3s2)nc2c(N)ncnc21,20000.000000000004,-4.301029995663981,1,test
CCCCn1c(Sc2nc3c(Cl)cccc3s2)nc2c(N)ncnc21,15000.000000000004,-4.176091259055681,1,train
CCCCn1c(Sc2nc3ccc(Cl)cc3s2)nc2c(N)ncnc21,7000.000000000002,-3.845098040014257,1,test
CCCCn1c(Sc2nc3cccc(Cl)c3s2)nc2c(N)ncnc21,179.99999999999997,-2.255272505103306,1,train
CCCCn1c(Sc2nc3cccc(F)c3s2)nc2c(N)ncnc21,200.00000000000003,-2.3010299956639813,1,train
CCCCn1c(Sc2nc3cccc(C)c3s2)nc2c(N)ncnc21,300.0000000000001,-2.4771212547196626,1,test
CCCCn1c(Sc2nc3cccc(OCC)c3s2)nc2c(N)ncnc21,100000.0,-5.0,1,train
CCCCn1c(Sc2nc3cccc(OC)c3s2)nc2c(N)ncnc21,189.99999999999997,-2.278753600952829,1,train
CCCCn1c(Sc2nc3ccc(Cl)c(Cl)c3s2)nc2c(N)ncnc21,24999.999999999996,-4.3979400086720375,1,train
CCCn1c(Sc2nc3cccc(Cl)c3s2)nc2c(N)ncnc21,249.99999999999997,-2.397940008672037,1,train
CCn1c(Sc2nc3cccc(Cl)c3s2)nc2c(N)ncnc21,200.00000000000003,-2.3010299956639813,1,train
CCCCCn1c(Sc2nc3cccc(Cl)c3s2)nc2c(N)ncnc21,700.0000000000001,-2.845098040014257,1,train
CC(=O)OCCCn1c(Sc2nc3cccc(Cl)c3s2)nc2c(N)ncnc21,89.99999999999997,-1.9542425094393248,0,train
CC(=O)OCCn1c(Sc2nc3cccc(Cl)c3s2)nc2c(N)ncnc21,150.00000000000003,-2.1760912590556813,0,train
CC(=O)OCCCCn1c(Sc2nc3cccc(Cl)c3s2)nc2c(N)ncnc21,130.00000000000006,-2.113943352306837,0,train
N#CCCCCn1c(Sc2nc3cccc(Cl)c3s2)nc2c(N)ncnc21,109.99999999999996,-2.041392685158225,1,train
CCOP(=O)(CCn1c(Sc2nc3cccc(Cl)c3s2)nc2c(N)ncnc21)OCC,30.0,-1.4771212547196624,0,train
Nc1ncnc2c1nc(Sc1nc3cccc(Cl)c3s1)n2CCCO,150.00000000000003,-2.1760912590556813,1,train
Nc1ncnc2c1nc(Sc1nc3cccc(Cl)c3s1)n2CCO,300.0000000000001,-2.4771212547196626,0,train
Nc1ncnc2c1nc(Sc1nc3cccc(Cl)c3s1)n2CCCCO,150.00000000000003,-2.1760912590556813,1,train
Nc1ncnc2c1nc(Sc1nc3cccc(Cl)c3s1)n2CCN1CCOCC1,249.99999999999997,-2.397940008672037,0,test
CC(C)(C)NCCn1c(Sc2nc3cccc(Cl)c3s2)nc2c(N)ncnc21,140.00000000000006,-2.146128035678238,0,train
CC(C)(C)CNCCn1c(Sc2nc3cccc(Cl)c3s2)nc2c(N)ncnc21,35.0,-1.5440680443502757,0,train
Nc1ncnc2c1nc(Sc1nc3cccc(Cl)c3s1)n2CCNC1CC1,109.99999999999996,-2.041392685158225,0,train
CC(C)NCCCn1c(Sc2nc3cccc(Cl)c3s2)nc2c(N)ncnc21,170.00000000000006,-2.230448921378274,0,train
CC(C)(C)NCCCn1c(Sc2nc3cccc(Cl)c3s2)nc2c(N)ncnc21,150.00000000000003,-2.1760912590556813,0,train
CCCCn1c(Sc2nc3ccccc3s2)nc2c(N)ncnc21,4999.999999999999,-3.6989700043360183,1,train
CCCCn1c(Sc2nc3cccc(Br)c3s2)nc2c(N)ncnc21,330.00000000000006,-2.5185139398778875,1,test
COc1ccc(OC)c(Cn2cnc3c(Cl)nc(N)nc32)c1,3000.0000000000014,-3.4771212547196626,0,train
COc1cc(Cn2cnc3cnc(N)nc32)c(Br)c(OC)c1OC,49999.99999999999,-4.698970004336019,1,train
COc1cc(Cn2cnc3c(S)nc(N)nc32)c(Br)c(OC)c1OC,100000.0,-5.0,1,test
COc1cc(Cn2cnc3c(O)nc(N)nc32)c(Cl)c(OC)c1OC,700.0000000000001,-2.845098040014257,1,train
COc1cc(Cn2cnc3c(C)nc(N)nc32)c(Cl)c(OC)c1OC,1799.9999999999998,-3.255272505103306,1,train
CSc1c(C)cnc(Cn2cnc3c(Cl)nc(N)nc32)c1C,33.5,-1.5250448070368452,1,train
Cc1cnc(Cn2cnc3c(Cl)nc(N)nc32)c(C)c1C,38.49999999999999,-1.5854607295085006,1,train
Cc1cnc(Cn2cnc3c(Cl)nc(N)nc32)c(C)c1I,6.0,-0.7781512503836436,1,test
Cc1cnc(Cn2cnc3c(Cl)nc(N)nc32)c(C)c1Br,8.5,-0.9294189257142929,1,train
Cc1cnc(Cn2cnc3c(Cl)nc(N)nc32)c(C)c1OC(C)C,1500.0000000000005,-3.1760912590556813,0,train
CCOc1c(C)cnc(Cn2cnc3c(Cl)nc(N)nc32)c1C,1500.0000000000005,-3.1760912590556813,1,train
Cc1cnc(Cn2cnc3c(Cl)nc(N)nc32)c(C)c1O,100000.0,-5.0,1,train
COc1cc(Cn2cnc3c(OC)nc(N)nc32)c(Br)c(OC)c1OC,45000.00000000003,-4.653212513775344,1,train
COc1cc(Cn2cnc3c(N)nc(N)nc32)c(Br)c(OC)c1OC,17000.000000000007,-4.230448921378274,1,test
COc1cc(Cn2cnc3c(Br)nc(N)nc32)c(Br)c(OC)c1OC,55.00000000000001,-1.740362689494244,1,train
COc1cc(Cn2cnc3c(Cl)nc(N)nc32)c(I)c(OC)c1OC,339.99999999999983,-2.531478917042255,1,train
COc1cc(Cn2cnc3c(Cl)nc(N)nc32)c(Br)c(OC)c1OC,70.00000000000001,-1.845098040014257,1,test
COc1cc(Cn2cnc3c(Cl)nc(N)nc32)c(Cl)c(OC)c1OC,49.99999999999999,-1.6989700043360187,1,train
COc1cc(Cn2cnc3c(Cl)nc(N)nc32)cc(OC)c1OC,2000.0,-3.3010299956639813,1,train
Cc1cnc(Cn2cnc3c(Cl)nc(N)nc32)c(C)c1N,5800.000000000001,-3.763427993562937,1,train
Cc1cnc(Cn2cnc3c(Cl)nc(N)nc32)c(C)c1[N+](=O)[O-],1000.0,-3.0,0,train
Cc1cnc(Cn2cnc3c(Cl)nc(N)nc32)c(C)c1[S+](C)O,10000.0,-4.0,0,train
CC(C)=CCc1c(O)cc2occ(-c3ccc4c(c3)OCO4)c(=O)c2c1O,14000.000000000004,-4.146128035678238,0,train
CC(=O)c1ccc(CNC(=O)c2c[nH]nc2-c2cc(Cl)c(O)cc2O)cc1,257.99999999999994,-2.41161970596323,1,train
CCNC(=O)c1n[nH]c(-c2cc(Cl)c(O)cc2O)c1-c1ccc(OC)cc1,25.000000000000007,-1.3979400086720375,0,train
CCNC(=O)c1[nH]nc(-c2cc(Cl)c(O)cc2O)c1-c1cccc(CN2CCC[C@H]2CO)c1,1659.9999999999995,-3.220108088040055,0,train
CCNC(=O)c1[nH]nc(-c2cc(Cl)c(O)cc2O)c1-c1cccc(CN(C)CCO)c1,914.0000000000006,-2.960946195733832,0,test
CCNC(=O)c1[nH]nc(-c2cc(Cl)c(O)cc2O)c1-c1cccc(CNCCN2CCOCC2)c1,431.0,-2.6344772701607315,1,train
CCNC(=O)c1[nH]nc(-c2cc(Cl)c(O)cc2O)c1-c1cccc(CN2CCN(C(C)=O)CC2)c1,1289.9999999999995,-3.110589710299249,0,train
CCNC(=O)c1[nH]nc(-c2cc(Cl)c(O)cc2O)c1-c1cccc(CNCCOC)c1,728.0,-2.862131379313037,1,train
CCNC(=O)c1[nH]nc(-c2cc(Cl)c(O)cc2O)c1-c1cccc(CN2CCC(CO)CC2)c1,2630.000000000001,-3.419955748489758,1,test
CCNC(=O)c1[nH]nc(-c2cc(Cl)c(O)cc2O)c1-c1cccc(CNCc2ccccc2C(F)(F)F)c1,231.00000000000009,-2.3636119798921444,0,train
CCNC(=O)c1[nH]nc(-c2cc(Cl)c(O)cc2O)c1-c1cccc(CNCCN2CCCCC2)c1,1000.0,-3.0,1,train
CCNC(=O)c1[nH]nc(-c2cc(Cl)c(O)cc2O)c1-c1cccc(CN2CCOCC2)c1,222.0000000000001,-2.346352974450639,1,test
CCNC(=O)c1[nH]nc(-c2cc(Cl)c(O)cc2O)c1-c1ccc(CN(CCO)CCO)cc1,141.99999999999994,-2.1522883443830563,0,train
CCNC(=O)c1[nH]nc(-c2cc(Cl)c(O)cc2O)c1-c1ccc(CNC(=O)C[C@@H]2CCCN2)cc1,57.00000000000001,-1.7558748556724917,0,train
CCNC(=O)c1[nH]nc(-c2cc(Cl)c(O)cc2O)c1-c1ccc(CN2CCOCC2)cc1,37.0,-1.568201724066995,1,train
CCNC(=O)c1[nH]nc(-c2cc(Cl)c(O)cc2O)c1-c1ccc(CN2CCS(=O)(=O)CC2)cc1,27.000000000000004,-1.4313637641589874,0,train
CCNC(=O)c1[nH]nc(-c2cc(Cl)c(O)cc2O)c1-c1ccc(CNCCS(C)(=O)=O)cc1,35.0,-1.5440680443502757,0,test
CCNC(=O)c1[nH]nc(-c2cc(Cl)c(O)cc2O)c1-c1ccc(CNC(=O)C2CCCN(C)C2)cc1,115.00000000000004,-2.060697840353612,0,test
CCNC(=O)c1[nH]nc(-c2cc(Cl)c(O)cc2O)c1-c1ccc(CN(CC)CC)cc1,146.00000000000003,-2.164352855784437,1,train
CCNC(=O)c1noc(-c2cc(-c3ccccc3)c(O)cc2O)c1-c1ccc(CN(CC)CC)cc1,74.00000000000001,-1.869231719730976,0,train
CCNC(=O)c1noc(-c2cc(C(C)C)c(O)cc2O)c1-c1ccc(CN2CCCCC2)cc1,6.0,-0.7781512503836436,1,train
CCNC(=O)c1noc(-c2cc(C(C)C)c(O)cc2O)c1-c1ccc(CN(CC)CC)cc1,6.0,-0.7781512503836436,1,test
CCNC(=O)c1noc(-c2cc(C(C)C)c(O)cc2O)c1-c1ccc(CN2CCOCC2)cc1,16.5,-1.2174839442139065,1,train
CCNC(=O)c1noc(-c2cc(C(C)(C)C)c(O)cc2O)c1-c1ccc(CN2CCCCC2)cc1,10.999999999999996,-1.041392685158225,0,test
CCNC(=O)c1noc(-c2cc(C(C)(C)C)c(O)cc2O)c1-c1ccc(CN2CCOCC2)cc1,7.999999999999999,-0.9030899869919436,0,train
CCNC(=O)c1noc(-c2cc(CC(C)C)c(O)cc2O)c1-c1ccc(CN2CCOCC2)cc1,35.0,-1.5440680443502757,1,test
CCNC(=O)c1noc(-c2cc(-c3ccc(F)cc3)c(O)cc2O)c1-c1ccc(CN2CCCCC2)cc1,36.0,-1.5563025007672873,0,train
CCNC(=O)c1noc(-c2cc(-c3ccccc3C)c(O)cc2O)c1-c1ccc(CN2CCCCC2)cc1,13.999999999999998,-1.146128035678238,0,train
CCNC(=O)c1noc(-c2cc(-c3ccccc3F)c(O)cc2O)c1-c1ccc(CN2CCOCC2)cc1,38.99999999999999,-1.591064607026499,0,train
CCNC(=O)c1noc(-c2cc(-c3ccccc3)c(O)cc2O)c1-c1ccc(CN2CCCCC2)cc1,13.999999999999998,-1.146128035678238,0,train
CCNC(=O)c1noc(-c2cc(-c3ccccc3)c(O)cc2O)c1-c1ccc(CN2CCOCC2)cc1,22.0,-1.3424226808222062,0,test
CCNC(=O)c1noc(-c2cc(CCc3cccc(F)c3)c(O)cc2O)c1-c1ccc(CN2CCOCC2)cc1,26.0,-1.414973347970818,0,train
CCNC(=O)c1noc(-c2cc(CCc3ccc(F)cc3)c(O)cc2O)c1-c1ccc(CN2CCCCC2)cc1,26.0,-1.414973347970818,0,train
CCNC(=O)c1noc(-c2cc(CCc3ccc(F)cc3)c(O)cc2O)c1-c1ccc(CN2CCOCC2)cc1,20.000000000000004,-1.3010299956639813,0,train
CCNC(=O)c1noc(-c2cc(CC)c(O)cc2O)c1-c1ccc(CN(CC)CC)cc1,12.999999999999998,-1.1139433523068367,1,train
CCNC(=O)c1noc(-c2cc(CC)c(O)cc2O)c1-c1ccc(CN2CCOCC2)cc1,29.0,-1.462397997898956,1,train
CCNC(=O)c1noc(-c2cc(CCc3ccccc3)c(O)cc2O)c1-c1ccc(CN2CCOCC2)cc1,32.00000000000001,-1.505149978319906,0,train
CCNC(=O)c1noc(-c2cc(Cl)c(O)cc2O)c1-c1cccc(N2CCN(C(C)=O)CC2)c1,238.99999999999991,-2.378397900948137,0,train
CCNC(=O)c1noc(-c2cc(Cl)c(O)cc2O)c1-c1cccc(N2CCN(C)CC2)c1,342.9999999999999,-2.5352941200427703,1,train
CCNC(=O)c1noc(-c2cc(Cl)c(O)cc2O)c1-c1cccc(N2CCOCC2)c1,127.0,-2.103803720955957,0,train
CCNC(=O)c1noc(-c2cc(Cl)c(O)cc2O)c1-c1ccc(CN(C)C)cc1,17.999999999999996,-1.255272505103306,0,train
CCNC(=O)c1noc(-c2cc(Cl)c(O)cc2O)c1-c1ccc(CN2CCCC2)cc1,38.99999999999999,-1.591064607026499,1,train
CCNC(=O)c1noc(-c2cc(Cl)c(O)cc2O)c1-c1ccc(CN2CCC(O)CC2)cc1,28.0,-1.4471580313422192,1,train
CCNC(=O)c1noc(-c2cc(Cl)c(O)cc2O)c1-c1ccc(CN2CCCCC2)cc1,19.0,-1.2787536009528289,1,train
CCNC(=O)c1noc(-c2cc(Cl)c(O)cc2O)c1-c1ccc(CN(CC)CC)cc1,63.99999999999999,-1.806179973983887,1,train
CCNC(=O)c1noc(-c2cc(Cl)c(O)cc2O)c1-c1ccc(CN2CCOCC2)cc1,21.0,-1.3222192947339193,1,train
CCNC(=O)c1noc(-c2cc(Cl)c(O)cc2O)c1-c1ccc(CN2CCN(C)CC2)cc1,38.99999999999999,-1.591064607026499,0,test
CCNC(=O)c1noc(-c2cc(Cl)c(O)cc2O)c1-c1ccc(CNCCS(C)(=O)=O)cc1,13.999999999999998,-1.146128035678238,0,train
CCNC(=O)c1noc(-c2cc(Cl)c(O)cc2O)c1-c1ccc(CN2CCS(=O)(=O)CC2)cc1,21.0,-1.3222192947339193,0,train
CCNC(=O)c1noc(-c2cc(Cl)c(O)cc2O)c1-c1ccc(OC)cc1,28.0,-1.4471580313422192,0,train
CCNC(=O)c1noc(-c2cc(CC)c(OC)cc2OC)c1-c1ccc(CN2CCOCC2)cc1,1560.0,-3.1931245983544616,1,train
CCNC(=O)c1noc(-c2cc(CC)c(O)cc2OC)c1-c1ccc(CN2CCOCC2)cc1,540.0000000000001,-2.7323937598229686,1,test
CCNC(=O)c1noc(-c2cc(CC)c(OC)cc2O)c1-c1ccc(CN2CCOCC2)cc1,15.000000000000004,-1.1760912590556811,1,train
O=C(c1ccc(O)cc1O)N1Cc2ccccc2C1,7000.000000000002,-3.845098040014257,0,train
O=C(c1ccc(O)cc1O)N1CCCC1c1ccccc1,14000.000000000004,-4.146128035678238,0,train
O=C(c1ccc(O)cc1O)N1CCCC1c1ccccc1Cl,8600.000000000004,-3.934498451243568,0,train
COc1ccccc1C1CCCN1C(=O)c1ccc(O)cc1O,10299.999999999996,-4.012837224705172,0,test
COC(=O)c1ccc(C)c(C2CCCN2C(=O)c2cc(Cl)c(O)cc2O)c1,20000.000000000004,-4.301029995663981,1,test
COC(=O)c1ccc(C2CCCN2C(=O)c2cc(Cl)c(O)cc2O)c(C)c1,1000.0,-3.0,0,train
Cc1cc(C(=O)N(C)C)ccc1C1CCCN1C(=O)c1cc(Cl)c(O)cc1O,300.0000000000001,-2.4771212547196626,0,train
CCNC(=O)c1ccc(C2CCCN2C(=O)c2cc(Cl)c(O)cc2O)c(C)c1,4799.999999999999,-3.681241237375587,0,train
COC(=O)c1cccc(C2CCCN2C(=O)c2cc(Cl)c(O)cc2O)c1C,1600.000000000001,-3.204119982655925,1,train
Cc1c(C(=O)N(C)C)cccc1C1CCCN1C(=O)c1cc(Cl)c(O)cc1O,2000.0,-3.3010299956639813,1,test
Cc1cc(C(=O)N2CCC2)ccc1C1CCCN1C(=O)c1cc(Cl)c(O)cc1O,150.00000000000003,-2.1760912590556813,1,train
Cc1cc(C(=O)N2CCCC2)ccc1C1CCCN1C(=O)c1cc(Cl)c(O)cc1O,150.00000000000003,-2.1760912590556813,0,train
Cc1cc(C(=O)N2CC(O)C2)ccc1C1CCCN1C(=O)c1cc(Cl)c(O)cc1O,1300.0000000000005,-3.113943352306837,1,train
Cc1cc(C(=O)N2CC(F)C2)ccc1C1CCCN1C(=O)c1cc(Cl)c(O)cc1O,73.0,-1.863322860120456,1,train
CC(=O)C1=C(c2ccccc2)C(=O)c2ccccc2C1=O,3300.0000000000005,-3.5185139398778875,0,train
CC(=O)NC1=C(c2ccccc2)C(=O)c2ccccc2C1=O,3199.999999999999,-3.505149978319906,0,test
COc1ccccc1C1=C(NC(C)=O)C(=O)c2ccccc2C1=O,2499.9999999999995,-3.397940008672037,0,train
COc1cccc(C2=C(NC(C)=O)C(=O)c3ccccc3C2=O)c1,4799.999999999999,-3.681241237375587,0,train
COc1ccc(C2=C(NC(C)=O)C(=O)c3ccccc3C2=O)cc1,2199.9999999999995,-3.342422680822206,0,train
CC(=O)NC1=C(c2ccccc2Cl)C(=O)c2ccccc2C1=O,2300.000000000001,-3.361727836017593,0,train
CC(=O)NC1=C(c2cccc(Cl)c2)C(=O)c2ccccc2C1=O,2000.0,-3.3010299956639813,0,train
CC(=O)NC1=C(c2ccc(Cl)cc2)C(=O)c2ccccc2C1=O,5300.000000000001,-3.724275869600789,0,test
CC(=O)NC1=C(c2ccc3oc4ccccc4c3c2)C(=O)c2ccccc2C1=O,13300.0,-4.123851640967086,0,test
CC(=O)NC1=C(c2ccc(Oc3ccccc3)cc2)C(=O)c2ccccc2C1=O,24600.00000000001,-4.390935107103379,0,train
CC(=O)NC1=C(Cl)C(=O)c2ccccc2C1=O,6600.000000000002,-3.8195439355418688,0,test
O=C(NC1=C(c2ccccc2)C(=O)c2ccccc2C1=O)c1ccccc1,3800.0,-3.57978359661681,0,train
COc1ccccc1C1=C(NC(=O)c2ccccc2)C(=O)c2ccccc2C1=O,3000.0000000000014,-3.4771212547196626,0,train
COc1cccc(C2=C(NC(=O)c3ccccc3)C(=O)c3ccccc3C2=O)c1,2700.0000000000005,-3.431363764158988,0,train
COc1ccc(C2=C(NC(=O)c3ccccc3)C(=O)c3ccccc3C2=O)cc1,2800.0000000000014,-3.4471580313422194,1,train
O=C(NC1=C(c2ccccc2Cl)C(=O)c2ccccc2C1=O)c1ccccc1,1799.9999999999998,-3.255272505103306,0,train
O=C(NC1=C(c2cccc(Cl)c2)C(=O)c2ccccc2C1=O)c1ccccc1,6300.0,-3.7993405494535817,0,train
O=C(NC1=C(c2ccc(Cl)cc2)C(=O)c2ccccc2C1=O)c1ccccc1,1799.9999999999998,-3.255272505103306,0,test
O=C(NC1=C(Cl)C(=O)c2ccccc2C1=O)c1ccccc1,30099.999999999985,-4.478566495593843,0,train
COc1cccc(-c2cc(C(=O)NC3=C(Cl)C(=O)c4ccccc4C3=O)ccc2OC)c1,1700.000000000001,-3.230448921378274,0,train
COc1ccc(C2=C(NC(=O)c3ccccc3Cl)C(=O)c3ccccc3C2=O)cc1,2000.0,-3.3010299956639813,1,train
COc1ccc(C2=C(NC(=O)c3cccc(Cl)c3)C(=O)c3ccccc3C2=O)cc1,12899.999999999996,-4.110589710299249,0,train
COc1ccc(C2=C(NC(=O)c3ccc(Cl)cc3)C(=O)c3ccccc3C2=O)cc1,3000.0000000000014,-3.4771212547196626,1,test
COc1ccc(C2=C(NC(=O)c3ccccc3OC)C(=O)c3ccccc3C2=O)cc1,5800.000000000001,-3.763427993562937,0,train
COc1ccc(C2=C(NC(=O)c3cccc(OC)c3)C(=O)c3ccccc3C2=O)cc1,44200.00000000005,-4.645422269349092,1,train
COc1ccc(C(=O)NC2=C(c3ccc(OC)cc3)C(=O)c3ccccc3C2=O)cc1,2399.9999999999995,-3.380211241711606,0,train
COc1ccc(C2=C(NC(=O)c3cccc4ccccc34)C(=O)c3ccccc3C2=O)cc1,9899.999999999996,-3.9956351945975497,0,train
COc1ccc(C2=C(NC(=O)C3CCCCC3)C(=O)c3ccccc3C2=O)cc1,2499.9999999999995,-3.397940008672037,0,train
O=C1c2ccccc2C(=O)c2c1nc1ccccn21,1199.9999999999995,-3.0791812460476247,0,test
CC(=O)NC1=C(N2CCOCC2)C(=O)c2nonc2C1=O,1199.9999999999995,-3.0791812460476247,0,train
CC(C)NCCCn1c(Sc2cc3c(cc2I)OCO3)nc2c(N)ncnc21,51.5,-1.711807229041191,0,train
NCCCNc1cc(O)cc2cccnc12,7600.0,-3.880813592280792,0,train
CCN(CC)CCCNc1cc(OC)cc2ccc(OC)nc12,14000.000000000004,-4.146128035678238,0,train
COc1cc(NC(C)CCCNC(C)C)c2ncccc2c1,14399.999999999987,-4.158362492095249,0,train
COc1cc(NCCN(C(C)C)C(C)C)c2ncccc2c1,40000.00000000001,-4.6020599913279625,0,train
CCCCN(CCCC)CCNc1cc(OC)cc2cccnc12,40000.00000000001,-4.6020599913279625,0,train
CCN(CC)CCCC(C)Nc1cc(O)cc2cccnc12,1099.9999999999998,-3.041392685158225,0,train
CC(CCCN)Nc1cc(O)cc2cccnc12,1799.9999999999998,-3.255272505103306,0,train
COc1cc(NCCCCN)c2ncccc2c1,24999.999999999996,-4.3979400086720375,0,train
NCCCCCNc1cc(O)cc2cccnc12,20000.000000000004,-4.301029995663981,0,train
CC(N)CCCCNc1cc(O)cc2cccnc12,20000.000000000004,-4.301029995663981,0,train
O=S(=O)(Nc1cccc(-c2c(O)ccc3c2OCO3)c1)c1ccc(F)cc1,19600.00000000001,-4.292256071356476,0,train
Cc1ccc(S(=O)(=O)Nc2cccc(-c3c(O)ccc4c3OCO4)c2)cc1,31299.99999999999,-4.495544337546448,0,train
O=S(=O)(Nc1cccc(-c2c(O)ccc3c2OCO3)c1)c1cc(Cl)ccc1Cl,14500.000000000013,-4.161368002234975,0,test
O=S(=O)(Nc1ccc(O)c(-c2c(O)ccc3c2OCO3)c1)c1cc(Cl)ccc1Cl,1700.000000000001,-3.230448921378274,0,test
O=S(=O)(Nc1ccc(O)c(-c2ccccc2O)c1)c1cc(Cl)ccc1Cl,19400.00000000002,-4.2878017299302265,0,train
Nc1ccc(NS(=O)(=O)c2ccc(O)cc2O)cc1-c1c(O)ccc2ccccc12,9499.999999999996,-3.977723605288848,0,train
COc1ccc(S(=O)(=O)Nc2ccc(N)c(-c3c(O)ccc4ccccc34)c2)c(OC)c1,24999.999999999996,-4.3979400086720375,0,train
Nc1ccc(NS(=O)(=O)c2cc(Cl)ccc2Cl)cc1-c1c(O)ccc2ccccc12,9400.000000000002,-3.9731278535996983,1,train
O=S(=O)(Nc1ccc(O)c(-c2c(O)ccc3ccccc23)c1)c1ccc(O)cc1O,1799.9999999999998,-3.255272505103306,0,train
COc1cc(O)ccc1S(=O)(=O)Nc1ccc(O)c(-c2c(O)ccc3ccccc23)c1,1300.0000000000005,-3.113943352306837,0,train
COc1ccc(S(=O)(=O)Nc2ccc(O)c(-c3c(O)ccc4ccccc34)c2)c(OC)c1,2499.9999999999995,-3.397940008672037,0,train
N#Cc1ccccc1S(=O)(=O)Nc1ccc(O)c(-c2c(O)ccc3ccccc23)c1,4400.0,-3.643452676486187,0,train
Cc1cc2c(n1-c1ccc(C(N)=O)c(Nc3ccccc3)c1)CC(C)(C)CC2=O,6399.999999999998,-3.806179973983887,0,train
COc1ccc(Nc2cc(-n3c(C)cc4c3CC(C)(C)CC4=O)ccc2C(N)=O)cc1,1589.999999999999,-3.2013971243204518,0,train
COc1cc(Nc2cc(-n3c(C)cc4c3CC(C)(C)CC4=O)ccc2C(N)=O)cc(OC)c1OC,490.0000000000002,-2.690196080028514,1,train
COc1cc(Nc2cc(-n3ccc4c3CC(C)(C)CC4=O)ccc2C(N)=O)cc(OC)c1OC,1829.9999999999995,-3.2624510897304293,1,train
COc1cc(Nc2cc(-n3cc(C)c4c3CC(C)(C)CC4=O)ccc2C(N)=O)cc(OC)c1OC,46.0,-1.662757831681574,1,train
Cc1cn(-c2ccc(C(N)=O)c(N[C@H]3CC[C@H](O)CC3)c2)c2c1C(=O)CC(C)(C)C2,12.333333333333334,-1.0910804693473326,1,train
Cc1nn(-c2ccc(C(N)=O)c(N[C@H]3CC[C@H](O)CC3)c2)c2c1C(=O)CC(C)(C)C2,30000.00000000001,-4.477121254719663,1,train
CCc1nn(-c2ccc(C(N)=O)c(N[C@H]3CC[C@H](O)CC3)c2)c2c1C(=O)CC(C)(C)C2,8999.999999999998,-3.9542425094393248,1,test
CC1(C)CC(=O)c2c(C(F)F)nn(-c3ccc(C(N)=O)c(N[C@H]4CC[C@H](O)CC4)c3)c2C1,16000.00000000001,-4.204119982655925,0,test
CC1(C)CC(=O)c2c(CC3CC3)nn(-c3ccc(C(N)=O)c(N[C@H]4CC[C@H](O)CC4)c3)c2C1,46000.00000000003,-4.662757831681574,0,test
Cc1c2c(n(-c3ccc(C(N)=O)c(N[C@H]4CC[C@H](O)CC4)c3)c1C)CC(C)(C)CC2=O,64000.00000000005,-4.806179973983888,0,train
Cc1nn(-c2ccc(C(N)=O)c(NC3CCOCC3)c2)c2c1C(=O)CC(C)(C)C2,49999.99999999999,-4.698970004336019,0,test
CC1(C)CC(=O)c2c(C(F)F)nn(-c3ccc(C(N)=O)c(NC4CCSCC4)c3)c2C1,35000.0,-4.544068044350276,0,train
COc1cc(Nc2cc(-n3cc(C)c4c3CCCC4=O)ccc2C(N)=O)cc(OC)c1OC,1609.999999999999,-3.206825876031849,1,train
COc1c(C)cnc(CN2CC(=O)Nc3c(Cl)nc(N)nc32)c1C,570.0000000000001,-2.7558748556724915,0,train
COc1c(C)cnc(CN2CC(=O)N(C)c3c(Cl)nc(N)nc32)c1C,930.0000000000002,-2.9684829485539352,1,train
COc1c(C)cnc(CN2CC(=O)N(CCCC(C)C)c3c(Cl)nc(N)nc32)c1C,1910.0000000000005,-3.281033367247728,1,test
COc1c(C)cnc(CN2CC(=O)N(CCN3CCCC3)c3c(Cl)nc(N)nc32)c1C,509.9999999999999,-2.7075701760979363,1,train
COc1c(C)cnc(CN2CC(=O)N(CCCN3CCOCC3)c3c(Cl)nc(N)nc32)c1C,1549.9999999999995,-3.1903316981702914,1,train
COc1c(C)cnc(CN2CC(=O)N(C(C)C)c3c(Cl)nc(N)nc32)c1C,49.99999999999999,-1.6989700043360187,1,train
COc1c(C)cnc(CN2CC(=O)N(CC(C)C)c3c(Cl)nc(N)nc32)c1C,40.000000000000014,-1.6020599913279625,1,train
COc1c(C)cnc(CN2CC(=O)N(C3CCCC3)c3c(Cl)nc(N)nc32)c1C,109.99999999999996,-2.041392685158225,1,train
COc1c(C)cnc(CN2CC(=O)N(C(C)C(=O)NCCN(C)C)c3c(Cl)nc(N)nc32)c1C,100.0,-2.0,0,train
COc1c(C)cnc(CN2CC(OC3CCCC3)=Nc3c(Cl)nc(N)nc32)c1C,10.0,-1.0,0,test
COc1nc(N)nc2c1N(CC(C)C)C(=O)CN2Cc1ncc(C)c(OC)c1C,1070.0000000000002,-3.0293837776852097,0,train
COc1c(C)cnc(CN2CC(=O)N(CC(C)C)c3c(C)nc(N)nc32)c1C,980.0000000000006,-2.991226075692495,1,train
COc1c(C)cnc(CN2c3nc(N)nc(Cl)c3NC(=O)[C@@H]2CCO)c1C,280.0000000000001,-2.4471580313422194,0,train
COc1c(C)cnc(CN2c3nc(N)nc(Cl)c3NC(=O)[C@@H]2C(C)C)c1C,650.0000000000002,-2.812913356642856,0,test
COc1c(C)cnc(CN2c3nc(N)nc(Cl)c3NC(=O)[C@@H]2CC(C)C)c1C,370.0,-2.568201724066995,0,train
COc1c(C)cnc(CN2c3nc(N)nc(Cl)c3N(C(C)C)C(=O)[C@@H]2C(C)C)c1C,60.0,-1.7781512503836436,0,train
Cc1cnc(CN2CC(=O)N(CC(C)C)c3c(Cl)nc(N)nc32)c(C)c1Cl,590.0,-2.770852011642144,0,train
Cc1cnc(CN2CC(=O)N(CC(C)C)c3c(Cl)nc(N)nc32)c(C)c1Br,100.0,-2.0,0,test
COc1ccnc(CN2CC(=O)N(CC(C)C)c3c(Cl)nc(N)nc32)c1OC,160.00000000000009,-2.204119982655925,0,train
O=C(NCc1ccccc1)C1c2ccccc2CN1C(=O)c1cc(Cl)c(O)cc1O,700.0000000000001,-2.845098040014257,0,train
CN(C)C(=O)C1c2ccccc2CN1C(=O)c1cc(Cl)c(O)cc1O,1500.0000000000005,-3.1760912590556813,0,train
CCCNC(=O)C1c2ccccc2CN1C(=O)c1cc(Cl)c(O)cc1O,1500.0000000000005,-3.1760912590556813,0,train
C=CCNC(=O)C1c2ccccc2CN1C(=O)c1cc(Cl)c(O)cc1O,1500.0000000000005,-3.1760912590556813,0,train
CNC(=O)C1c2ccccc2CN1C(=O)c1cc(Cl)c(O)cc1O,1700.000000000001,-3.230448921378274,0,train
C#CCCCCn1c(Sc2cc3c(cc2Br)OCO3)nc2c(N)ncnc21,2599.999999999998,-3.4149733479708178,0,train
Nc1ncnc2c1nc(Sc1cc3c(cc1Br)OCO3)n2CCCc1cn(CCCO)nn1,3899.999999999999,-3.591064607026499,0,train
Nc1ncnc2c1nc(Sc1cc3c(cc1Br)OCO3)n2CCCCc1cn(CCCO)nn1,2900.0,-3.462397997898956,0,train
Cc1c(N=c2c(=O)c3ccccc3c2=O)c(=O)n(-c2ccccc2)n1C,20627.499999999996,-4.314446595787193,0,test
CCS(=O)(=O)NCc1ccc2[nH]c3c(c2c1)CCCC3,29236.900000000023,-4.465931322312279,0,train
CCOC(=O)c1c(C)oc2c1c(/C=N/CC1CCCO1)c(O)c1ccccc12,13306.99999999999,-4.1240801568797,0,train
O=C1C(C2=C(O)c3ccccc3C2=O)=Nc2ccccc21,49999.99999999999,-4.698970004336019,0,train
CN1C(=O)/C(=N\CCO)c2c3ccccc3c(O)c3cccc1c23,4455.0,-3.6488477083728936,0,train
O=S(=O)(Nc1cc(O)cc2cccnc12)c1ccc(F)cc1,11173.24,-4.048179127465223,0,train
Oc1ccc(-c2nc(-c3ccc(O)c(O)c3)cs2)cc1,740.4000000000003,-2.8694664100808667,0,train
Cc1ccc(S(=O)(=O)N2CCC(C(=O)N[C@@H](C)C(=O)Nc3ccc4c(c3)OCO4)CC2)cc1,11910.099999999991,-4.07591540793667,0,test
Oc1ccc(-c2onc(C(F)(F)F)c2-c2cscn2)c(O)c1,17963.70000000002,-4.2543957935832575,0,train
N#C/C(=C\c1ccc(O)c(O)c1)C(=O)NCCCc1ccccc1,19122.50000000002,-4.28154466959433,0,train
Nc1ccc2ncccc2c1N,3380.9,-3.5290323254269755,1,test
CCOC(=O)c1cnc(SC2CCc3ccccc3C2=O)nc1N,15120.100000000006,-4.179554663473692,0,train
COc1ccc(-c2nc(C[S+](O)CC(=O)NCc3ccccn3)c(C)o2)cc1,19271.19999999999,-4.284908758617678,0,train
O=C1c2ccccc2C(O)(O)C1(O)C1(O)C(=O)c2ccccc2C1(O)O,4999.999999999999,-3.6989700043360183,0,train
CCCc1cc(-c2[nH]ncc2-c2ccc3c(c2)OCCCO3)c(O)cc1O,12229.000000000013,-4.087390944997188,0,train
Cc1coc2c(O)cc3c(c12)OC1(N2CCCCC2)C(=O)NCCCC31,6620.8,-3.820910468985641,0,train
CCc1cc(-c2[nH]ncc2-c2ccc3c(c2)OCO3)c(O)cc1O,1967.5999999999992,-3.293936813887293,0,train
Cc1nc(-c2c(-c3ccc(O)cc3O)noc2C(F)(F)F)cs1,16453.699999999993,-4.216263574559313,0,train
CC(=O)Nc1cc(OC(C)=O)c2nonc2c1OC(C)=O,5695.500000000001,-3.7555318561954794,0,train
CC(=O)Oc1cc2oc(=O)cc(C)c2cc1OC(C)=O,49999.99999999999,-4.698970004336019,0,train
Nc1cc(N)c2cccnc2c1O,3129.999999999999,-3.4955443375464483,0,train
COc1ccc(S(=O)(=O)Nc2ccc3c(c2)OCO3)cc1OC,36081.700000000026,-4.557286991265313,0,test
C[C@H]1CCCC(=O)CCC/C=C/c2cc(O)cc(O)c2C(=O)O1,2402.0,-3.3805730030668872,0,train
COc1ccc(C2=NO[C@@H]3C(=O)N(c4ccc5c(c4)OCCO5)C(=O)[C@H]23)cc1OC,29694.29999999999,-4.472673091871988,0,train
CCCc1nc2ccccc2c(=O)n1/N=C/c1ccc(O)c(O)c1,17581.599999999988,-4.245058395171881,0,train
O=C1C2C3C=CC(C3)C2C(=O)N1CNc1ccc(O)cc1,14723.399999999989,-4.168008111002385,0,train
O=C(NC1(O)C(=O)c2ccccc2C1=O)c1ccccc1,19528.09999999998,-4.290659990361252,0,train
O=C(O)c1ccc2c3c(ncnc13)-c1ccccc1C2=O,5224.599999999999,-3.718053046085946,0,test
CC(C)NCCCC(C)Nc1cc(O)cc2cccnc12,1560.0,-3.1931245983544616,0,train
O=C(NC1(C(F)(F)F)Oc2ccc(Cl)cc2O1)N1CCC2(CC1)OCCO2,23359.5,-4.368463542654193,0,train
COc1ccc(OC)c(/C=N/c2oc(-c3ccco3)c(-c3ccco3)c2C#N)c1,21106.20000000001,-4.324410049149173,0,train
CC1=CC(C#N)(C#N)C(C#N)(C#N)C(c2ccccc2)N1,7382.3,-3.868191689965196,0,train
CCn1c(CSc2nnc3ccccn23)nc2cc(C(=O)O)ccc21,1114.2999999999995,-3.0470021305185053,0,test
Nc1nc2c(s1)CCc1c-2cnn1-c1ccccc1,11212.000000000004,-4.049683089088249,0,train
CN(c1ccccc1)c1ccc(/C=c2\s/c(=C(/C#N)C(=O)C(C)(C)C)n(Cc3ccco3)c2=O)cc1,13431.4,-4.128121283002742,0,train
CN(C)c1ccc(/N=C/c2nc(-c3ccccc3)oc2O)cc1,27301.999999999975,-4.436194462320936,0,train
O=C(O)c1ccccc1C1=Nc2ccc(O)cc2Oc2cc(O)ccc21,13043.999999999987,-4.115410790133919,0,train
Nc1cc(N)c(OCC(F)(F)F)cc1OCC(F)(F)F,34704.10000000001,-4.540380786093171,0,train
O=[N+]([O-])c1cc(O)cc2cccnc12,1560.0,-3.1931245983544616,0,train
Cc1noc(C(=O)Nc2ccc3c(c2)OCO3)c1Cl,22506.30000000001,-4.352304103545129,0,train
COc1ccc(C2=NO[C@@H]3C(=O)N(c4c(C)cccc4C)C(=O)[C@H]23)cc1OC,25367.599999999977,-4.404279381054574,0,test
CC(=O)Oc1cc2c(C(=O)NCCN3CCOCC3)c(C)oc2c2ccccc12,19699.400000000016,-4.294452998717055,0,train
Cc1cc(O)cc(O)c1-c1onc(C(F)(F)F)c1-c1cscn1,15451.499999999996,-4.188970646226971,0,train
O=C1NCCCC2c3cc(O)c4ccccc4c3OC12N1CCCCC1,5794.700000000003,-3.763030956828153,0,train
COc1cc(NCCCC(C)N)c2nccc(Cl)c2c1,12499.999999999996,-4.096910013008056,0,train
O=C(CSc1nnc(-c2ccccc2)[nH]1)c1ccc(O)c(O)c1,7723.900000000002,-3.887836642408066,0,train
CN(C)[C@@H]1C(O)=C(C(N)=O)C(=O)[C@@]2(O)C(O)=C3C(=O)c4c(O)cccc4[C@@](C)(O)[C@H]3C[C@@H]12,22447.40000000001,-4.351166045515557,0,train
CCn1cc(C(=O)NCc2ccccn2)c(=O)c2cc(S(=O)(=O)N3CCCCC3)ccc21,17411.1,-4.240826209878901,0,train
N#Cc1c(N2CCCC2)nc(N)c2c(N)nc(N3CCCC3)cc12,2410.8,-3.382161182795874,0,train
CCOc1ccc(S(=O)(=O)Nc2ccc3c(c2)OCO3)c2cccnc12,16005.299999999992,-4.204263818881495,0,test
COC(=O)c1ccc2c(c1)SC1=C(O)CCCC1=N2,10892.1,-4.037111619929112,0,train
Nc1ccc2ncccc2c1,38108.89999999998,-4.581026413195555,1,train
CCOC(=O)NC1(NCc2ccccc2)Oc2ccccc2O1,33419.50000000001,-4.5239999479851,0,test
OCCN(CCO)c1nc(N2CCCCC2)c2nc(N(CCO)CCO)nc(N3CCCCC3)c2n1,21068.200000000023,-4.323627432453818,0,train
CCN(CC)CCCCCNc1cc(O)cc2cccnc12,6250.000000000003,-3.795880017344075,0,train
C[C@H]1CCCC(=O)CCCCCc2cc(O)cc(O)c2C(=O)O1,2197.600000000001,-3.3419486464125057,0,train
Cn1ncnc2c(=O)n(C)c(=O)nc1-2,238.1,-2.37675939540488,0,train
CCOC(=O)c1oc2c(O)c(O)ccc2c(=O)c1-c1nncn1-c1ccccc1,24075.499999999985,-4.38157531531832,0,train
CC(=O)Nc1cnc2ccccc2n1,47232.79999999999,-4.67424369168098,0,train
CCOc1ccc(NCC(=O)Nc2ccc(C)cc2C)cc1,7855.400000000002,-3.895168304381696,0,train
CC(=O)Oc1cc2c(C(=O)NCCCN3CCOCC3)c(C)oc2c2ccccc12,4652.2,-3.667658376956949,0,train
CCn1nc(-c2cccs2)nc2c(=O)n(C)c(=O)nc1-2,4999.999999999999,-3.6989700043360183,0,train
COc1ccc2c3c(cccc13)NN=C2C,8363.1,-3.92236728980028,0,test
O=C(NCCCn1ccnc1)c1noc2c1CCc1ccccc1-2,13544.899999999992,-4.131775803048884,0,train
CC(=O)Oc1cccc2c1C(=O)c1c(OC(C)=O)cc(C(=O)O)cc1C2=O,9233.999999999998,-3.965389870215122,0,train
CC(C)c1cc(Nc2cccc(O)c2)cc(C(C)C)c1O,27213.200000000008,-4.434779613467703,0,train
COc1ccccc1-c1nnc2n1N=C(c1ccc(O)c(O)c1)CS2,10672.09999999999,-4.028249886029437,0,train
CC(Cc1ccc(O)c(O)c1)C(C)Cc1ccc(O)c(O)c1,2623.2,-3.4188314036613088,0,train
O=C1C(c2cnc3ccccc3n2)=C(O)c2ccccc21,20000.000000000004,-4.301029995663981,0,train
Cc1ccc(S(=O)(=O)Nc2ccc3oc(=O)sc3c2)c(C)c1,45748.59999999995,-4.660377808313335,0,train
COc1ccc(OC)c(-n2c(C)nc3cc(C(=O)O)ccc32)c1,29790.000000000036,-4.474070503215044,0,test
Cc1c(-c2nn(C)c(=O)c3ccccc23)oc2ccc(F)cc2c1=O,2461.9999999999995,-3.3912880485952974,0,train
CCn1c(CSc2nccn2C)nc2cc(C(=O)O)ccc21,13377.1,-4.126361973633212,0,train
Oc1ccc2ccccc2c1/C=N\C12CN3CCN(CN(C3)C1)C2,6407.900000000002,-3.806715725643744,0,train
CCc1ccc(CNc2ccc(N3CCN(C(C)=O)CC3)cc2)cc1,38014.500000000015,-4.579949282638924,0,train
CCOc1ccc(S(=O)(=O)Nc2cc(Sc3nc[nH]n3)c3oc(=O)sc3c2)cc1,32315.500000000007,-4.509410879910898,0,train
O=C(O)c1cc(O)c2c(c1)C(=O)c1cccc(O)c1C2=O,3339.3,-3.523655437470632,0,test
Oc1ccc(/N=C/c2ccc(O)c(O)c2)cc1,20606.10000000002,-4.313995803096418,0,test
O=C1c2ccccc2-c2onc3ccc(NCCCn4ccnc4)c1c23,280.1,-2.447313108823568,0,train
CCCCn1c(NC(=O)c2ccccc2)c(C#N)c2nc3ccccc3nc21,27118.7,-4.433268866745226,0,test
Cc1ccccc1Nc1cc2ccccc2c(O)n1,33841.40000000001,-4.529448321261133,0,test
Cc1ccc(CNc2ccc(O)cc2)cc1,40993.29999999999,-4.612712880846457,0,train
NCc1cc(S(=O)(=O)Nc2cc(O)cc3cccnc23)ccc1F,16099.799999999994,-4.206820481035832,0,test
CC(C)(C)OC(=O)Nc1cccc(NS(=O)(=O)c2cc(Cl)ccc2Cl)c1-c1ccccc1O,48248.500000000015,-4.683483816087084,0,train
COc1ccc(C2CC(c3ccccc3O)=NN2)cc1OC,52349.40000000003,-4.718911708399151,0,train
Cc1cc(-c2c(Cl)cccc2OCCCC(F)(F)F)nc(N)n1,7300.0,-3.863322860120456,0,train
Cc1cc(-c2c(Cl)cc(Cl)cc2OCCCC(F)(F)F)nc(N)n1,1899.9999999999995,-3.278753600952829,0,test
CCNC(=O)N1Cc2nc(N)nc(-c3c(Cl)cc(Cl)cc3OCCCC(F)(F)F)c2C1,949.9999999999995,-2.977723605288848,0,train
N#CCCNC(=O)N1Cc2nc(N)nc(-c3c(Cl)cc(Cl)cc3OCCCC(F)(F)F)c2C1,1799.9999999999998,-3.255272505103306,0,test
CC(C)NC(=O)N1Cc2nc(N)nc(-c3c(Cl)cc(Cl)cc3OCCCC(F)(F)F)c2C1,839.9999999999999,-2.9242792860618816,0,train
Nc1nc2c(c(-c3c(Cl)cc(Cl)cc3OCCCC(F)(F)F)n1)CN(C(=O)NC1CC1)C2,1700.000000000001,-3.230448921378274,0,test
Nc1nc2c(c(-c3c(Cl)cc(Cl)cc3OCCCC(F)(F)F)n1)CN(C(=O)NC1CCC1)C2,179.99999999999997,-2.255272505103306,0,train
CCCOc1cc(Cl)cc(Cl)c1-c1nc(N)nc2c1CN(C(=O)NC1CCC1)C2,5300.000000000001,-3.724275869600789,0,train
Nc1nc2c(c(-c3c(Cl)cc(Cl)cc3OCCc3ccccc3)n1)CN(C(=O)NC1CCC1)C2,570.0000000000001,-2.7558748556724915,1,train
Nc1nc2c(c(-c3c(Cl)cc(Cl)cc3OCCc3ccccn3)n1)CN(C(=O)NC1CCC1)C2,8000.000000000004,-3.903089986991944,1,test
N#CCCCOc1cc(Cl)cc(Cl)c1-c1nc(N)nc2c1CN(C(=O)NC1CCC1)C2,1650.0,-3.2174839442139063,0,train
CC(C)(C#N)CCOc1cc(Cl)cc(Cl)c1-c1nc(N)nc2c1CN(C(=O)NC1CCC1)C2,1899.9999999999995,-3.278753600952829,0,train
Nc1nc2c(c(-c3c(Cl)cc(Cl)cc3OCCCO)n1)CN(C(=O)NC1CCC1)C2,13000.000000000004,-4.113943352306837,0,train
COCCOc1cc(Cl)cc(Cl)c1-c1nc(N)nc2c1CN(C(=O)NC1CCC1)C2,2000.0,-3.3010299956639813,0,test
Nc1nc2c(c(-c3c(Cl)cc(Cl)cc3OCCN3CC(F)(F)C3)n1)CN(C(=O)NC1CCC1)C2,440.0,-2.6434526764861874,0,train
Nc1nc2c(c(-c3c(Cl)cc(Cl)cc3OCCn3cccn3)n1)CN(C(=O)NC1CCC1)C2,150.00000000000003,-2.1760912590556813,1,train
NC(=O)N1Cc2nc(N)nc(-c3c(Cl)cc(Cl)cc3OCCn3cccn3)c2C1,4300.000000000001,-3.633468455579586,0,train
CNC(=O)N1Cc2nc(N)nc(-c3c(Cl)cc(Cl)cc3OCCn3cccn3)c2C1,540.0000000000001,-2.7323937598229686,0,train
CCNC(=O)N1Cc2nc(N)nc(-c3c(Cl)cc(Cl)cc3OCCn3cccn3)c2C1,490.0000000000002,-2.690196080028514,0,train
Nc1nc2c(c(-c3c(Cl)cc(Cl)cc3OCCn3cccn3)n1)CN(C(=O)NC1CC1)C2,150.00000000000003,-2.1760912590556813,1,train
Nc1nc2c(c(-c3c(Cl)cc(Cl)cc3OCCn3cccn3)n1)CN(C(=O)NC1CC(F)(F)C1)C2,200.00000000000003,-2.3010299956639813,0,train
Nc1nc2c(c(-c3c(Cl)cc(Cl)cc3OCCn3cccn3)n1)CN(C(=O)NC13CC(C1)C3)C2,75.00000000000001,-1.8750612633917,0,train
Nc1nc2c(c(-c3c(Cl)cc(Cl)cc3OCCn3cccn3)n1)CN(C(=O)NCC(F)F)C2,91.0,-1.9590413923210936,0,train
Nc1nc2c(c(-c3c(Cl)cc(Cl)cc3OCCn3cccn3)n1)CN(C(=O)NCC(F)(F)F)C2,119.99999999999996,-2.0791812460476247,0,train
CC(F)(F)CNC(=O)N1Cc2nc(N)nc(-c3c(Cl)cc(Cl)cc3OCCn3cccn3)c2C1,179.99999999999997,-2.255272505103306,0,train
Cc1cnn(CCOc2cc(Cl)cc(Cl)c2-c2nc(N)nc3c2CN(C(=O)NC24CC(C2)C4)C3)c1,720.0000000000001,-2.8573324964312685,1,test
Nc1nc2c(c(-c3c(Cl)cc(Cl)cc3OCCn3cc(Cl)cn3)n1)CN(C(=O)NC13CC(C1)C3)C2,40.000000000000014,-1.6020599913279625,1,train
Nc1nc2c(c(-c3c(Cl)cc(Cl)cc3OCCn3cc(F)cn3)n1)CN(C(=O)NC13CC(C1)C3)C2,20.000000000000004,-1.3010299956639813,1,train
Nc1nc2c(c(-c3c(Cl)cc(Cl)cc3OCCn3cc(F)cn3)n1)CN(C(=O)NCC(F)(F)F)C2,45.00000000000001,-1.6532125137753435,0,test
Cc1cc(Cl)cc(OCCn2cc(F)cn2)c1-c1nc(N)nc2c1CN(C(=O)NCC(F)(F)F)C2,37.0,-1.568201724066995,0,train
CC(F)(F)CNC(=O)N1Cc2nc(N)nc(-c3c(Cl)cc(Cl)cc3OCCn3cc(F)cn3)c2C1,33.0,-1.5185139398778875,0,train
Cc1cc(Cl)cc(OCCn2cc(F)cn2)c1-c1nc(N)nc2c1CN(C(=O)NCC(C)(F)F)C2,36.0,-1.5563025007672873,0,train
Cc1c2c(n3c1CCCNC[C@H](C)Nc1cc-3ccc1C(N)=O)CC(C)(C)CC2=O,116.00000000000004,-2.0644579892269186,1,train
CC(=O)N1CCc2c(C)c3c(n2-c2ccc(C(N)=O)c(c2)N[C@@H](C)CC1)CC(C)(C)CC3=O,108.00000000000004,-2.03342375548695,1,train
Cc1c2c(n3c1CCCN[C@H](C)CNc1cc-3ccc1C(N)=O)CC(C)(C)CC2=O,47.00000000000001,-1.6720978579357175,0,test
Cc1c2c(n3c1CCN(C(=O)CN)CC[C@H](C)Nc1cc-3ccc1C(N)=O)CC(C)(C)CC2=O,916.9999999999995,-2.962369335670021,0,train
Cc1c2c(n3c1CCN(C(=O)CCN)CC[C@H](C)Nc1cc-3ccc1C(N)=O)CC(C)(C)CC2=O,6183.0,-3.7911992464988753,1,train
CC(=O)NCC(=O)N1CCc2c(C)c3c(n2-c2ccc(C(N)=O)c(c2)N[C@@H](C)CC1)CC(C)(C)CC3=O,674.0,-2.82865989653532,0,train
Cc1c2c(n3c1CCN(C(=O)CN(C)C)CC[C@H](C)Nc1cc-3ccc1C(N)=O)CC(C)(C)CC2=O,109.00000000000004,-2.037426497940624,1,train
CC(=O)N1CCCc2c(C)c3c(n2-c2ccc(C(N)=O)c(c2)N[C@@H](C)C1)CC(C)(C)CC3=O,111.00000000000004,-2.0453229787866576,1,train
CC(=O)N1CCCc2c(C)c3c(n2-c2ccc(C(N)=O)c(c2)NC[C@H]1C)CC(C)(C)CC3=O,1159.0,-3.064083435963596,1,train
Cc1c2c(n3c1CC(=O)NCC[C@H](C)Nc1cc-3ccc1C(N)=O)CC(C)(C)CC2=O,521.9999999999999,-2.717670503002262,1,train
Cc1c2c(n3c1CC(=O)N(C)CC[C@H](C)Nc1cc-3ccc1C(N)=O)CC(C)(C)CC2=O,160.00000000000009,-2.204119982655925,1,test
Cc1c2c(n3c1CC(=O)N(C(C)C)CC[C@H](C)Nc1cc-3ccc1C(N)=O)CC(C)(C)CC2=O,277.99999999999994,-2.444044795918076,0,train
COCCN1CC[C@H](C)Nc2cc(ccc2C(N)=O)-n2c(c(C)c3c2CC(C)(C)CC3=O)CC1=O,108.00000000000004,-2.03342375548695,0,train
Cc1c2c(n3c1CC(=O)N(CCN(C)C)CC[C@H](C)Nc1cc-3ccc1C(N)=O)CC(C)(C)CC2=O,249.0,-2.3961993470957363,0,train
Cc1c2c(n3c1CCCN(C)C(=O)[C@H](C)Nc1cc-3ccc1C(N)=O)CC(C)(C)CC2=O,60.0,-1.7781512503836436,1,train
CC(=O)NCCN1CCCc2c(C)c3c(n2-c2ccc(C(N)=O)c(c2)N[C@@H](C)C1=O)CC(C)(C)CC3=O,15770.999999999998,-4.197859231738088,1,train
Cc1c2c(n3c1CCCNC(=O)C[C@H](C)Nc1cc-3ccc1C(N)=O)CC(C)(C)CC2=O,1841.9999999999995,-3.26528962586083,1,test
CC(C)(C)OC(=O)n1cccc1-c1cc(Cl)nc(N)n1,45000.00000000003,-4.653212513775344,0,train
COc1cc(Cl)ccc1-c1cc(C)nc(N)n1,26999.99999999997,-4.431363764158987,0,test
Cc1cc(-c2ccc(Cl)cc2Cl)nc(N)n1,10500.000000000004,-4.021189299069938,0,train
COc1cc(-c2cc(C)nc(N)n2)c(Cl)cc1Cl,10000.0,-4.0,0,train
COc1cc(-c2nc(C)nc3[nH]cc(Cl)c23)c(Cl)cc1Cl,2000.0,-3.3010299956639813,0,train
COc1cc(-c2nc(C)nc3[nH]cc(C#N)c23)c(Cl)cc1Cl,1000.0,-3.0,0,train
COc1cc(-c2nc(C)nc3[nH]c(C)c(C#N)c23)c(Cl)cc1Cl,700.0000000000001,-2.845098040014257,0,train
CCc1[nH]c2nc(C)nc(-c3cc(OC)c(Cl)cc3Cl)c2c1C#N,500.0,-2.6989700043360187,0,train
Nc1ncnc2c1nc(Sc1cc3c(cc1Br)OCO3)n2CCC1CCC(F)(F)CC1,1000.0,-3.0,0,train
Nc1ncnc2c1nc(Sc1cc3c(cc1Br)OCO3)n2CCC(N)C1CC1,79.99999999999999,-1.9030899869919435,0,train
Nc1ncnc2c1nc(Sc1cc3c(cc1Br)C(=O)CC3)n2CCC1CCN(C=O)CC1,60.0,-1.7781512503836436,0,train
Nc1ncnc2c1nc(Sc1cc3c(cc1Br)OCCO3)n2CCC1CCN(C=O)CC1,54.49999999999999,-1.7363965022766423,0,train
Nc1ncnc2c1nc(Sc1cc3occc3cc1Br)n2CCC1CCN(C=O)CC1,53.5,-1.7283537820212285,0,test
C[C@H](O)C(=O)N1CCC(CCn2c(Sc3cc4c(cc3Br)CCO4)nc3c(N)ncnc32)CC1,31.0,-1.4913616938342726,0,test
CN(C)CC(=O)N1CCC(CCn2c(Sc3cc4c(cc3Br)OCO4)nc3c(N)ncnc32)CC1,75.00000000000001,-1.8750612633917,0,train
Nc1ncnc2c1nc(Sc1cc3c(cc1Br)OCO3)n2CCC1CCN(C(=O)C2CCCC2)CC1,249.99999999999997,-2.397940008672037,0,train
Nc1ncnc2c1nc(Sc1cc3c(cc1Br)OCO3)n2CCC1CCN(C(=O)C2CC2)CC1,109.99999999999996,-2.041392685158225,0,train
Cn1nnnc1N1CCC(CCn2c(Sc3cc4c(cc3Br)OCO4)nc3c(N)ncnc32)CC1,37.99999999999999,-1.57978359661681,0,train
C#CCN1CCC(CCn2c(Sc3cc4c(cc3Br)OCO4)nc3c(N)ncnc32)CC1,105.00000000000004,-2.0211892990699383,0,train
Nc1ncnc2c1nc(Sc1cc3c(cc1Br)OCO3)n2CCC1CCN(CC2CCCCC2)CC1,245.00000000000009,-2.3891660843645326,0,train
Nc1ncnc2c1nc(Sc1cc3c(cc1Br)OC(F)(F)O3)n2CCC1CCN(C=O)CC1,4999.999999999999,-3.6989700043360183,0,test
Nc1ncnc2c1nc(Sc1cc3c(cc1Br)CCC3)n2CCC1CCN(C=O)CC1,20.000000000000004,-1.3010299956639813,0,test
CCCC(=O)N1CCC(CCn2c(Sc3cc4c(cc3Br)OCO4)nc3c(N)ncnc32)CC1,300.0000000000001,-2.4771212547196626,0,train
CC(C)(C)n1nnnc1N1CCC(CCn2c(Sc3cc4c(cc3Br)OCO4)nc3c(N)ncnc32)CC1,1799.9999999999998,-3.255272505103306,0,train
Nc1ncnc2c1nc(Sc1cc3c(cc1Br)OCO3)n2CCC1CCN(CC(F)(F)F)CC1,599.9999999999997,-2.7781512503836434,0,test
CCC(CC)Nc1cc(C(=O)NC2CC3CCC(C2)N3c2ccc(C(C)=O)cn2)c(C)cc1C(N)=O,36.0,-1.5563025007672873,0,train
CCC(CC)Nc1cc(C(=O)NC2CC3CCC(C2)N3c2ccc(C(C)=O)cn2)ccc1C(N)=O,45.00000000000001,-1.6532125137753435,0,test
Cc1cc(C(=O)NC2CC3CCC(C2)N3c2ccc(C(=O)NCc3ccccc3)cn2)c(C)cc1C(N)=O,81.0,-1.9084850188786495,0,train
COc1cccc(C(=O)NC2CC3CCC(C2)N3c2ccc(C(=O)N[C@H](C)c3ccccc3)cn2)c1C,7449.999999999999,-3.8721562727482928,0,train
COc1cccc(-c2cc(C(=O)Nc3cc4ccc(O[C@@H]5OC(C)(C)[C@H](OC)[C@@H](O)[C@H]5O)c(OC)c4oc3=O)ccc2OC)c1,13899.999999999996,-4.143014800254095,0,train
CO[C@@H]1[C@@H](O)[C@@H](O)[C@H](Oc2ccc3cc(NC(=O)c4ccc(O)c(CC=C(C)C)c4)c(=O)oc3c2C)OC1(C)C,10900.000000000004,-4.037426497940624,0,train
COc1cccc(-c2cc(C(=O)Nc3cc4ccc(O[C@@H]5OC(C)(C)[C@H](OC)[C@@H](O)[C@H]5O)c(C)c4oc3=O)ccc2OC)c1,7500.000000000001,-3.8750612633917,0,train
COc1ccc(C(=O)Nc2cc3ccc(O[C@@H]4OC(C)(C)[C@H](OC)[C@@H](O)[C@H]4O)c(C)c3oc2=O)cc1-c1cccc(O)c1,2900.0,-3.462397997898956,0,train
COc1cccc(-c2cc(C(=O)Nc3cc4ccc(OC5CCN(C)CC5)c(C)c4oc3=O)ccc2OC)c1,1340.0000000000002,-3.127104798364808,0,test
CC(C)=CCc1cc(C(=O)Nc2cc3ccc(OC4CCN(C)CC4)c(C)c3oc2=O)ccc1O,760.0,-2.880813592280792,0,test
COc1ccc(C(=O)Nc2cc3ccc(OC4CCN(C)CC4)c(C)c3oc2=O)cc1-c1cccc(O)c1,309.99999999999994,-2.4913616938342726,0,train
Cc1ccc(NC(=O)Nc2cc3ccc(OC4CCN(C)CC4)c(C)c3oc2=O)cc1C,309.99999999999994,-2.4913616938342726,0,train
Cc1ccc(NC(=O)Nc2cc3ccc(OC4CCN(C)CC4)c(C)c3oc2=O)cc1,270.00000000000006,-2.431363764158988,0,train
Cc1c(OCCC2CCCCN2)ccc2cc(NC(=O)Nc3ccc(Cl)cc3)c(=O)oc12,209.99999999999991,-2.322219294733919,0,train
Cc1c(OC2CCN(C)CC2)ccc2cc(NC(=O)Nc3ccc(Cl)cc3)c(=O)oc12,170.00000000000006,-2.230448921378274,0,train
CN(C)c1ccc(Oc2cc(O)cc(O)c2-c2cc(C(=O)NC3CCN(C4CCC5(CC4)OCCO5)CC3)no2)cc1,28.0,-1.4471580313422192,0,train
CN(C)c1ccc(Oc2cc(O)cc(O)c2-c2cc(C(=O)NC3CCN(C4CCCCC4)CC3)no2)cc1,20.000000000000004,-1.3010299956639813,1,train
CN(C)c1ccc(Oc2cc(O)cc(O)c2-c2cc(C(=O)NC3CCN(CCCC(F)(F)F)CC3)no2)cc1,25.000000000000007,-1.3979400086720375,0,train
CN1CCC(NC(=O)c2cc(-c3c(O)cc(O)cc3Oc3ccc(N4CCCC4)cc3)on2)CC1,107.0,-2.0293837776852097,0,test
CC(C)Nc1ccc(Oc2cc(O)cc(O)c2-c2cc(C(=O)NC3CCN(C)CC3)no2)cc1,64.99999999999999,-1.8129133566428557,0,train
CN1CCC(NC(=O)c2cc(-c3c(O)cc(O)cc3Oc3ccc(N(C)C)cc3)on2)CC1,33.0,-1.5185139398778875,0,train
O=C(NC1CCN(Cc2ccccc2)CC1)c1cc(-c2c(O)cc(O)cc2Oc2ccc([N+](=O)[O-])cc2)on1,93.99999999999996,-1.9731278535996983,0,test
O=C(NC1CCN(CC2CCCCC2)CC1)c1cc(-c2c(O)cc(O)cc2Oc2ccc([N+](=O)[O-])cc2)on1,32.00000000000001,-1.505149978319906,0,test
O=C(NC1CCN(C2CCC3(CC2)OCCO3)CC1)c1cc(-c2c(O)cc(O)cc2Oc2ccc([N+](=O)[O-])cc2)on1,88.00000000000001,-1.944482672150169,0,train
O=C(NC1CCN(C2CCCCCC2)CC1)c1cc(-c2c(O)cc(O)cc2Oc2ccc([N+](=O)[O-])cc2)on1,130.00000000000006,-2.113943352306837,0,train
O=C(NC1CCN(C2CCCC2)CC1)c1cc(-c2c(O)cc(O)cc2Oc2ccc([N+](=O)[O-])cc2)on1,209.99999999999991,-2.322219294733919,1,train
O=C(NC1CCN(C2CCCCC2)CC1)c1cc(-c2c(O)cc(O)cc2Oc2ccc([N+](=O)[O-])cc2)on1,70.99999999999999,-1.8512583487190752,0,train
CC(C)N1CCC(NC(=O)c2cc(-c3c(O)cc(O)cc3Oc3ccc([N+](=O)[O-])cc3)on2)CC1,277.00000000000006,-2.4424797690644486,0,train
O=C(NC1CCN(CCCC(F)(F)F)CC1)c1cc(-c2c(O)cc(O)cc2Oc2ccc([N+](=O)[O-])cc2)on1,70.99999999999999,-1.8512583487190752,0,train
CN1CCC(NC(=O)c2cc(-c3c(O)cc(O)cc3Oc3ccc([N+](=O)[O-])cc3)on2)CC1,109.99999999999996,-2.041392685158225,0,train
O=C(NCCF)c1cc(-c2c(O)cc(O)cc2Oc2ccc([N+](=O)[O-])cc2)on1,85.99999999999999,-1.934498451243568,0,test
CCNC(=O)c1cc(-c2c(O)cc(O)cc2Oc2ccc([N+](=O)[O-])cc2)on1,114.00000000000004,-2.0569048513364727,0,train
O=C1NCC/C=C/CCCC(C(=O)NCc2ccccc2)C(=O)Cc2c(Cl)c(O)cc(O)c21,200.00000000000003,-2.3010299956639813,0,train
COc1nc(-c2cc(F)ccc2[C@H]2Cc3nc(N)nc(C)c3C(=O)N2)cnc1N,43.50000000000001,-1.6384892569546374,0,train
COc1nc(-c2cc(F)ccc2[C@H]2Cc3nc(N)nc(C)c3C(=O)N2)cnc1C,35.0,-1.5440680443502757,0,train
COc1cncc(-c2cc(F)ccc2[C@H]2Cc3nc(N)nc(C)c3C(=O)N2)n1,35.49999999999999,-1.550228353055094,0,train
Cc1nc(N)nc2c1C(=O)CC(c1ccccc1)C2,899.9999999999998,-2.9542425094393248,0,train
COc1ccc(-c2c(/C=C/C(=O)N3CCN(c4ncccn4)CC3)noc2-c2cc(Cl)c(O)cc2O)cc1,208.0,-2.318063334962761,0,train
COc1ccc(-c2c(/C=C/C(=O)N3CCN(c4ccccn4)CC3)noc2-c2cc(Cl)c(O)cc2O)cc1,215.00000000000003,-2.3324384599156054,0,train
COc1ccc(-c2c(/C=C/C(=O)N3CCN(c4cccc(OC)c4)CC3)noc2-c2cc(Cl)c(O)cc2O)cc1,717.9999999999997,-2.8561244442423,0,train
COc1ccc(-c2c(/C=C/C(=O)N3CCN(c4ccc(OC)cc4)CC3)noc2-c2cc(Cl)c(O)cc2O)cc1,700.0000000000001,-2.845098040014257,0,train
COc1ccc(-c2c(/C=C/C(=O)N3CCN(c4ccccc4OC)CC3)noc2-c2cc(Cl)c(O)cc2O)cc1,596.0000000000001,-2.7752462597402365,0,train
COc1ccc(-c2c(/C=C/C(=O)N3CCN(c4ccccc4)CC3)noc2-c2cc(Cl)c(O)cc2O)cc1,676.9999999999999,-2.830588668685144,0,test
COc1ccc(-c2c(C(=O)NC3CCN(CC4CC4)CC3)noc2-c2cc(Cl)c(O)cc2O)cc1,38.99999999999999,-1.591064607026499,0,test
COc1ccc(-c2c(C(=O)NC3CCN(CC(C)C)CC3)noc2-c2cc(Cl)c(O)cc2O)cc1,23.0,-1.3617278360175928,0,train
COc1ccc(CN2CCC(NC(=O)c3noc(-c4cc(Cl)c(O)cc4O)c3-c3ccc(OC)cc3)CC2)cc1,16.0,-1.2041199826559248,0,train
COc1ccc(-c2c(C(=O)NC3CCN(Cc4ccc(Cl)cc4Cl)CC3)noc2-c2cc(Cl)c(O)cc2O)cc1,127.0,-2.103803720955957,0,test
COc1ccc(-c2c(C(=O)NC3CCN(Cc4ccncc4)CC3)noc2-c2cc(Cl)c(O)cc2O)cc1,15.000000000000004,-1.1760912590556811,1,train
CCNC(=O)N1CCC(NC(=O)c2noc(-c3cc(Cl)c(O)cc3O)c2-c2ccc(OC)cc2)CC1,20.000000000000004,-1.3010299956639813,0,train
COc1ccc(-c2c(C(=O)NC3CCN(S(C)(=O)=O)CC3)noc2-c2cc(Cl)c(O)cc2O)cc1,45.00000000000001,-1.6532125137753435,0,train
COc1ccc(-c2c(C(=O)NC3CCN(C(C)=O)CC3)noc2-c2cc(Cl)c(O)cc2O)cc1,25.000000000000007,-1.3979400086720375,0,train
COc1ccc(-c2c(C(=O)NC3CCN(Cc4ccccc4)CC3)noc2-c2cc(Cl)c(O)cc2O)cc1,36.0,-1.5563025007672873,0,train
COc1ccc(-c2c(C(=O)Nc3ccncc3)noc2-c2cc(Cl)c(O)cc2O)cc1,154.0,-2.187520720836463,1,train
COc1ccc(-c2c(C(=O)Nc3ccc(N(C)C)cc3)noc2-c2cc(Cl)c(O)cc2O)cc1,91.0,-1.9590413923210936,0,train
COc1ccc(-c2c(C(=O)NCc3ccc(Cl)cc3Cl)noc2-c2cc(Cl)c(O)cc2O)cc1,1600.000000000001,-3.204119982655925,0,train
COc1ccc(-c2c(/C=C/C(=O)N3CCN(c4ccc(Cl)c(Cl)c4)CC3)noc2-c2cc(Cl)c(O)cc2O)cc1,4232.000000000001,-3.6265456590271294,0,train
COc1ccc(-c2c(/C=C/C(=O)N3CCN(c4cccc(C(F)(F)F)c4)CC3)noc2-c2cc(Cl)c(O)cc2O)cc1,2255.0000000000014,-3.35314654621398,0,test
COc1ccccc1N1CCN(C(=O)/C=C/c2noc(-c3cc(Cl)c(O)cc3O)c2-c2ccc(O)cc2)CC1,512.0000000000001,-2.709269960975831,0,train
COc1ccc(N2CCN(C(=O)/C=C/c3noc(-c4cc(Cl)c(O)cc4O)c3-c3ccc(O)cc3)CC2)cc1,575.9999999999998,-2.760422483423212,0,train
COc1cccc(N2CCN(C(=O)/C=C/c3noc(-c4cc(Cl)c(O)cc4O)c3-c3ccc(O)cc3)CC2)c1,665.9999999999999,-2.823474229170301,0,test
O=C(/C=C/c1noc(-c2cc(Cl)c(O)cc2O)c1-c1ccc(O)cc1)N1CCN(c2ccccn2)CC1,357.0,-2.552668216112193,0,train
O=C(/C=C/c1noc(-c2cc(Cl)c(O)cc2O)c1-c1ccc(O)cc1)N1CCN(c2ncccn2)CC1,337.99999999999994,-2.5289167002776547,0,test
O=C(/C=C/c1noc(-c2cc(Cl)c(O)cc2O)c1-c1ccc(O)cc1)N1CCN(c2ccc(Cl)c(Cl)c2)CC1,3939.0,-3.5953859808091417,0,train
O=C(/C=C/c1noc(-c2cc(Cl)c(O)cc2O)c1-c1ccc(O)cc1)N1CCN(c2cccc(C(F)(F)F)c2)CC1,1858.999999999999,-3.2692793897718984,0,train
Nc1ncnc2c1nc(Sc1cc3c(cc1Br)OCO3)n2CCCCCC(=O)NO,100.0,-2.0,0,train
Nc1ncnc2c1nc(Sc1cc3c(cc1Br)OCO3)n2CCCCCCC(=O)NO,100.0,-2.0,0,train
Nc1ncnc2c1nc(Sc1cc3c(cc1Br)OCO3)n2CCNCCC(=O)NO,100.0,-2.0,0,train
Nc1ncnc2c1nc(Sc1cc3c(cc1Br)OCO3)n2CCNCCCCCC(=O)NO,100.0,-2.0,0,test
Nc1ncnc2c1nc(Sc1cc3c(cc1Br)OCO3)n2CCNCCCCCCC(=O)NO,100.0,-2.0,0,train
Nc1ncnc2c1nc(Sc1cc3c(cc1Br)OCO3)n2CCNCC(=O)NO,100.0,-2.0,0,train
Nc1nccc2c1nc(Sc1cc3c(cc1Cl)OCO3)n2CCCCCCC(=O)NO,1000.0,-3.0,0,train
Nc1nccc2c1nc(Sc1cc3c(cc1Br)OCO3)n2CCCCCCC(=O)NO,1000.0,-3.0,0,test
Nc1nccc2c1nc(Sc1cc3c(cc1I)OCO3)n2CCCCCCC(=O)NO,100.0,-2.0,0,test
Nc1ncnc2c1nc(Sc1cc3c(cc1I)OCO3)n2CCNCC(=O)NO,100.0,-2.0,0,train
Nc1ncnc2c1nc(Sc1cc3c(cc1I)OCO3)n2CCNCCCCCC(=O)NO,100.0,-2.0,0,train
Nc1ncnc2c1nc(Sc1cc3c(cc1I)OCO3)n2CCNCCCCCCC(=O)NO,100.0,-2.0,0,train
CC(C)c1cc(-c2nnc(O)n2-c2ccc3c(c2)CCC3)c(O)cc1OP(=O)(O)O,228.00000000000009,-2.357934847000454,0,train
CC(C)c1cc(-c2nnc(O)n2-c2ccc(N3CCOCC3)nc2)c(O)cc1OP(=O)(O)O,89.99999999999997,-1.9542425094393248,0,train
N=C(C(N)=O)N1CCCCc2cc(O)cc(O)c2C1=N,12200.000000000004,-4.086359830674748,0,train
NC(=O)c1nnc2n1C/C=C\Cc1cc(O)cc(O)c1-2,17000.000000000007,-4.230448921378274,0,test
NC(=O)c1nnc2n1CC(O)C(O)Cc1cc(O)cc(O)c1-2,24300.0,-4.385606273598312,0,train
NC(=O)c1nnc2n1CC(Br)C(Br)Cc1cc(O)cc(O)c1-2,23399.99999999998,-4.369215857410143,0,train
NC(=O)c1nnc2n1CCCc1cc(O)cc(O)c1-2,87200.00000000007,-4.940516484932568,0,train
CCc1nc(-c2nnc(S)n2-c2ccc3c(ccn3C)c2)c(O)cc1O,4749.999999999997,-3.6766936096248655,0,train
CC(C)c1cc(-c2nnc(Nc3ccccc3)n2-c2ccc3c(ccn3C)c2)c(O)cc1O,1400.0000000000005,-3.146128035678238,1,train
CNc1nnc(-c2cc(C(C)C)c(O)cc2O)n1-c1ccc2c(ccn2C)c1,3500.0000000000005,-3.544068044350276,0,test
CC(C)c1cc(-c2nnc(NCc3ccccc3)n2-c2ccc3c(ccn3C)c2)c(O)cc1O,35000.0,-4.544068044350276,1,train
CC(C)c1cc(-c2nnc(Nc3ccc4ncccc4c3)n2-c2ccc3c(ccn3C)c2)c(O)cc1O,679.9999999999998,-2.832508912706236,0,train
CC(C)c1cc(-c2nnc(Nc3cccc(N)c3)n2-c2ccc3c(ccn3C)c2)c(O)cc1O,2900.0,-3.462397997898956,1,train
COc1cccc(Nc2nnc(-c3cc(C(C)C)c(O)cc3O)n2-c2ccc3c(ccn3C)c2)c1,1799.9999999999998,-3.255272505103306,0,train
CC(C)c1cc(-c2nnc(NC(=O)c3ccccc3)n2-c2ccc3c(ccn3C)c2)c(O)cc1O,2599.999999999998,-3.4149733479708178,1,train
Cc1cc(C(=O)Nc2nnc(-c3cc(C(C)C)c(O)cc3O)n2-c2ccc3c(ccn3C)c2)no1,7859.999999999999,-3.895422546039408,0,train
CC(=O)Nc1nnc(-c2cc(C(C)C)c(O)cc2O)n1-c1ccc2c(ccn2C)c1,382.00000000000017,-2.582063362911709,0,train
CCCC(=O)Nc1nnc(-c2cc(C(C)C)c(O)cc2O)n1-c1ccc2c(ccn2C)c1,1400.0000000000005,-3.146128035678238,0,train
COCC(=O)Nc1nnc(-c2cc(C(C)C)c(O)cc2O)n1-c1ccc2c(ccn2C)c1,1799.9999999999998,-3.255272505103306,0,train
CC(C)C(=O)Nc1nnc(-c2cc(C(C)C)c(O)cc2O)n1-c1ccc2c(ccn2C)c1,1560.0,-3.1931245983544616,0,test
CC(C)c1cc(-c2nnc(NC(=O)c3ccco3)n2-c2ccc3c(ccn3C)c2)c(O)cc1O,1039.9999999999998,-3.0170333392987803,0,train
CC(C)c1cc(-c2nnc(NC(=O)Cc3ccccc3)n2-c2ccc3c(ccn3C)c2)c(O)cc1O,1460.0000000000002,-3.164352855784437,1,test
CC(C)c1cc(-c2nnc(NC(=O)c3ccc(F)c(F)c3)n2-c2ccc3c(ccn3C)c2)c(O)cc1O,1680.0,-3.225309281725863,0,train
CC(C)c1cc(-c2nnc(NC(=O)C(F)(F)F)n2-c2ccc3c(ccn3C)c2)c(O)cc1O,3000.0000000000014,-3.4771212547196626,0,test
CC(C)c1cc(-c2nnc(NC(=O)COc3ccc(Cl)cc3)n2-c2ccc3c(ccn3C)c2)c(O)cc1O,2740.0,-3.437750562820388,0,test
CC(C)c1cc(-c2nnc(NC(=O)C3CCCC3)n2-c2ccc3c(ccn3C)c2)c(O)cc1O,5920.000000000003,-3.77232170672292,0,train
COCCOc1ccc(-c2nnc(S)n2-c2cccc3ccccc23)c(O)c1,30000.00000000001,-4.477121254719663,0,train
CC(C)c1cc(-c2nnc(SSc3nnc(-c4cc(C(C)C)c(O)cc4O)n3-c3ccc(N(C)C)cc3)n2-c2ccc(N(C)C)cc2)c(O)cc1O,58.00000000000001,-1.7634279935629371,0,train
CC(=O)n1ccc2cc(-n3c(O)nnc3-c3cc(C(C)C)c(O)cc3O)ccc21,40.000000000000014,-1.6020599913279625,0,test
CC(C)c1cc(-c2nn(COC(=O)C(N)C(C)C)c(=O)n2-c2ccc3c(ccn3C)c2)c(O)cc1O,29.0,-1.462397997898956,0,test
CC(C)c1cc(-c2nn(COC(=O)C(N)Cc3ccccc3)c(=O)n2-c2ccc3c(ccn3C)c2)c(O)cc1O,27.000000000000004,-1.4313637641589874,0,train
CC(C)c1cc(-c2nn(COC(=O)C(NC(=O)OC(C)(C)C)C(C)C)c(=O)n2-c2ccc3c(ccn3C)c2)c(O)cc1O,37.99999999999999,-1.57978359661681,0,train
CC(C)c1cc(-c2nn(C(=O)CN)c(=O)n2-c2ccc3c(ccn3C)c2)c(OC(=O)CN)cc1OC(=O)CN,78.99999999999999,-1.8976270912904412,0,train
CC(N)C(=O)Oc1cc(OC(=O)C(C)N)c(C(C)C)cc1-c1nn(C(=O)C(C)N)c(=O)n1-c1ccc2c(ccn2C)c1,56.00000000000001,-1.7481880270062005,0,train
CC(C)c1cc(-c2nn(C(=O)C(N)Cc3ccccc3)c(=O)n2-c2ccc3c(ccn3C)c2)c(OC(=O)C(N)Cc2ccccc2)cc1OC(=O)C(N)Cc1ccccc1,46.0,-1.662757831681574,0,train
COCCN(C)c1ccc(-n2c(O)nnc2-c2cc(C(C)C)c(O)cc2O)cn1,30.0,-1.4771212547196624,0,train
COC(CN(C)c1ccc(-n2c(O)nnc2-c2cc(C(C)C)c(O)cc2O)cn1)OC,107.0,-2.0293837776852097,0,train
COCCN(C)c1ccc(-n2c(O)nnc2-c2cc(C(C)C)c(O)cc2O)c[n+]1[O-],179.99999999999997,-2.255272505103306,0,train
CC(C)c1cc(-c2nnc(O)n2-c2ccc(N(C)CC(=O)O)nc2)c(O)cc1O,330.00000000000006,-2.5185139398778875,0,test
CC(C)c1cc(-c2nnc(O)n2-c2ccc(N(C)CCN(C)C)nc2)c(O)cc1O,220.0,-2.342422680822206,0,train
CC(C)c1cc(-c2nnc(O)n2-c2ccc(N(C)C)nc2)c(O)cc1O,52.49999999999999,-1.7201593034059568,0,test
Cc1ccc(-n2c(O)nnc2-c2cc(C(C)C)c(O)cc2O)cc1S(=O)(=O)N(C)C,93.0,-1.968482948553935,0,train
CC(C)c1cc(-c2nnc(S)n2-c2cccc(S(N)(=O)=O)c2)c(O)cc1O,336.00000000000006,-2.526339277389844,0,train
CC(C)c1cc(-c2nnc(O)n2-c2cccc(S(=O)(=O)N3CCOCC3)c2)c(O)cc1O,330.00000000000006,-2.5185139398778875,0,test
CC(C)c1cc(-c2nnc(O)n2-c2ccc(N(C)S(C)(=O)=O)cc2)c(O)cc1O,85.00000000000003,-1.9294189257142929,0,train
CC(C)c1cc(-c2nnc(O)n2-c2ccc(N3CCOCC3)nc2)c(O)cc1O,48.99999999999999,-1.6901960800285136,0,train
CC(C)c1cc(-c2nnc(O)n2-c2ccc(OCCN3CCOCC3)nc2)c(O)cc1O,114.00000000000004,-2.0569048513364727,0,train
CCNC(=O)c1cc2c(-c3cc(OCCCCCCn4cc(-c5ncnc6[nH]ccc56)cn4)c(Cl)cc3Cl)nc(N)nc2s1,109.99999999999996,-2.041392685158225,0,test
CCNC(=O)c1cc2c(-c3cc(OCCCCCn4cc(-c5ncnc6[nH]ccc56)cn4)c(Cl)cc3Cl)nc(N)nc2s1,400.0000000000001,-2.6020599913279625,0,test
CN(C)C(=O)c1ccc(N(Cc2ccc(F)cc2)C(=O)c2ccc(O)cc2O)cc1,5199.999999999998,-3.716003343634799,0,train
CN(C)C(=O)c1ccc(N(Cc2ccco2)C(=O)c2ccc(O)cc2O)cc1,770.0,-2.886490725172482,0,test
CN(C)C(=O)c1ccc(N(Cc2ccc(Br)o2)C(=O)c2ccc(O)cc2O)cc1,829.9999999999997,-2.9190780923760737,0,train
CN(C)C(=O)c1ccc(N(Cc2ncc(Br)s2)C(=O)c2ccc(O)cc2O)cc1,6000.000000000003,-3.778151250383644,0,test
CN(C)C(=O)c1ccc(N(Cc2cc(Br)cs2)C(=O)c2ccc(O)cc2O)cc1,5789.999999999998,-3.762678563727436,0,train
Cc1cccc(NC(=O)CSc2n[nH]c(-c3ccccc3O)n2)c1C,779.9999999999999,-2.8920946026904804,0,train
CC(C)CNS(=O)(=O)c1ccc(OCC(=O)N(Cc2ccccc2)Cc2ccccc2)cc1,3580.000000000002,-3.5538830266438746,0,train
C[C@H]1CCc2c(sc3nc(SCCN4CCCC4)n(N)c(=O)c23)C1,2700.0000000000005,-3.431363764158988,0,train
O=C1/C(=C/c2ccncc2)CN(C(=O)c2cc(Cc3n[nH]c(=O)c4ccccc34)ccc2F)C/C1=C\c1ccncc1,969.9999999999998,-2.9867717342662448,0,test
CCNC(=O)c1noc(-c2cc(C(C)C)c(O)cc2O)c1-c1cc(C(=O)N2CCSCC2)no1,566.0,-2.7528164311882715,0,train
CCNC(=O)c1noc(-c2cc(C(C)C)c(O)cc2O)c1-c1cc(C(=O)O)no1,1870.0,-3.271841606536499,0,train
CCNC(=O)c1noc(-c2cc(C(C)C)c(O)cc2O)c1-c1cc(C(=O)OCC)no1,447.00000000000017,-2.6503075231319366,0,train
CCNC(=O)c1noc(-c2cc(C(C)C)c(O)cc2O)c1-c1cc(CN2CCN(C)CC2)no1,572.0000000000002,-2.7573960287930244,0,test
CCNC(=O)c1noc(-c2cc(C(C)C)c(O)cc2O)c1-c1cc(CNCCO)no1,975.0000000000005,-2.989004615698537,0,test
CCNC(=O)c1noc(-c2cc(C(C)C)c(O)cc2O)c1-c1cc(CNC)no1,435.99999999999983,-2.639486489268586,0,train
CCNC(=O)c1noc(-c2cc(C(C)C)c(O)cc2O)c1-c1cc(CC#N)no1,470.00000000000006,-2.672097857935717,0,train
CCNC(=O)c1noc(-c2cc(C(C)C)c(O)cc2O)c1-c1cc(COS(C)(=O)=O)no1,476.0,-2.677606952720493,0,train
CCNC(=O)c1noc(-c2cc(C(C)C)c(O)cc2O)c1-c1cc(COCC(=O)O)no1,1280.0,-3.1072099696478683,0,train
CCNC(=O)c1noc(-c2cc(C(C)C)c(O)cc2O)c1-c1cc(COCC(=O)OC)no1,443.0,-2.646403726223069,0,train
CN(C)c1ncnc2nc[nH]c12,1500000.0000000005,-6.176091259055681,0,train
COC(=O)c1c(C)n[nH]c1-c1ccco1,1000000.0,-6.0,0,test
O=C(CSc1nc2ccccc2c(=O)n1-c1ccccc1)N1CCOCC1,3209.999999999998,-3.506505032404872,0,train
C=CCN1CCN(C(=O)CSc2nc3ccccc3c(=O)n2-c2ccccc2)CC1,1580.0,-3.198657086954422,0,train
CC(=O)N1CCN(C(=O)CSc2nc3ccccc3c(=O)n2-c2ccccc2)CC1,14359.999999999996,-4.157154439906281,0,train
CCOc1ccccc1N1CCN(C(=S)SCCCSc2nc3ccccc3c(=O)n2-c2ccccc2)CC1,3409.999999999998,-3.5327543789924976,0,train
CC(C)c1cc(-c2n[nH]c(=O)n2-c2ccc(C(=O)NCCCCCCCC(=O)NO)cc2)c(O)cc1O,19520.00000000002,-4.290479813330673,0,test
