smiles,exp_mean [nM],y,cliff_mol,split
Cc1ccc(S(=O)(=O)Nc2ccccc2C(=O)NCCc2ccccc2)cc1,6700.0,-3.8260748027008256,0,train
O=C1NCCN1CCN1CCC(c2cn(-c3ccc(F)cc3)c3ccc(Cl)cc23)CC1,2000.0,-3.3010299956639813,0,train
CC[C@H](NC(=O)c1ccccc1NS(=O)(=O)CC)c1ccccc1,10000.0,-4.0,0,test
Cc1ccc(S(=O)(=O)Nc2ccccc2C(=O)NC(C)c2ccccc2)cc1,3199.999999999999,-3.505149978319906,0,train
CC[C@H](NC(=O)c1ccccc1NS(=O)(=O)c1ccccc1)c1ccccc1,6899.999999999998,-3.838849090737255,1,train
CC[C@H](NC(=O)c1cc(C(C)=O)ccc1NS(=O)(=O)c1ccc(C)cc1)c1ccccc1,3800.0,-3.57978359661681,0,train
CC[C@H](NC(=O)c1ccccc1NS(=O)(=O)c1cccc2cnccc12)c1ccccc1,8999.999999999998,-3.9542425094393248,1,test
CCN(Cc1ccccc1)C(=O)c1ccccc1NS(=O)(=O)c1ccc(C)cc1,4999.999999999999,-3.6989700043360183,0,train
CC[C@H](NC(=O)c1cc(OC)ccc1NS(=O)(=O)c1ccc(C)cc1)c1ccccc1,500.0,-2.6989700043360187,1,train
Cc1ccc(S(=O)(=O)Nc2ccccc2C(=O)N(Cc2ccccc2)Cc2nccn2C)cc1,700.0000000000001,-2.845098040014257,0,train
CC[C@H](NC(=O)c1ccccc1NS(=O)(=O)c1cccc2ccccc12)c1ccccc1,3500.0000000000005,-3.544068044350276,0,train
CC[C@H](NC(=O)c1cc(F)ccc1NS(=O)(=O)c1ccc(Cl)cc1)c1ccccc1,6500.000000000002,-3.812913356642856,1,train
O=C(NCc1ccccc1)c1cc(Cl)ccc1NS(=O)(=O)c1ccc(Cl)cc1,5599.999999999998,-3.7481880270062,0,train
CCCS(=O)(=O)Nc1ccccc1C(=O)N[C@@H](CC)c1ccccc1,3099.9999999999995,-3.4913616938342726,0,train
Cc1ccc(S(=O)(=O)Nc2ccccc2C(=O)NC(c2ccccc2)C2CC2)cc1,1600.000000000001,-3.204119982655925,0,train
Cc1ccc(S(=O)(=O)Nc2ccccc2C(=O)N(Cc2cccnc2)Cc2cccnc2)cc1,2199.9999999999995,-3.342422680822206,0,train
Cc1ccc(S(=O)(=O)Nc2ccccc2C(=O)N(CCCn2ccnc2)Cc2ccccc2)cc1,8500.000000000002,-3.929418925714293,0,train
CC[C@H](NC(=O)c1ccccc1NS(=O)(=O)c1ccc(OC)cc1)c1ccccc1,599.9999999999997,-2.7781512503836434,1,test
Cc1ccc(S(=O)(=O)Nc2ccccc2C(=O)N(Cc2ccccc2)Cc2cc[nH]n2)cc1,500.0,-2.6989700043360187,0,train
CC[C@H](NC(=O)c1ccccc1NS(=O)(=O)c1cccc2cccnc12)c1ccccc1,599.9999999999997,-2.7781512503836434,1,train
CC[C@H](NC(=O)c1ccccc1NS(=O)(=O)c1ccc(C(F)(F)F)cc1)c1ccccc1,6200.0,-3.792391689498254,0,train
Cc1ccc(S(=O)(=O)Nc2ccccc2C(=O)NCc2ccccc2)cc1,4100.0,-3.612783856719736,0,test
CC[C@@H](NC(=O)c1ccccc1NS(=O)(=O)c1ccc(C)cc1)c1ccccc1,2700.0000000000005,-3.431363764158988,0,train
CC[C@H](NC(=O)c1ccccc1NS(=O)(=O)CCC(C)C)c1ccccc1,1700.000000000001,-3.230448921378274,0,train
Cc1ccc(S(=O)(=O)Nc2ccccc2C(=O)N(Cc2ccco2)Cc2nccn2C)cc1,1199.9999999999995,-3.0791812460476247,0,train
Cc1ccc(S(=O)(=O)Nc2ccccc2C(=O)N(Cc2ccccc2)CC2CC2)cc1,1899.9999999999995,-3.278753600952829,0,train
CC(C)CCNS(=O)(=O)c1cc(C(=O)NC2CCc3ccccc32)c(Cl)cc1Cl,2800.0000000000014,-3.4471580313422194,0,train
Cc1ccc(S(=O)(=O)Nc2ccccc2C(=O)N(Cc2ccccc2)Cc2cccnc2)cc1,700.0000000000001,-2.845098040014257,0,test
CC(C)[C@H](NC(=O)c1ccccc1-c1ccccc1CNS(=O)(=O)c1cccc2ccccc12)C(N)=O,11200.00000000001,-4.049218022670182,0,test
CC(C)CCNC(=O)c1ccccc1-c1ccccc1CNC(=O)Nc1ccccc1,4499.999999999998,-3.653212513775344,0,train
CC(C)CCNC(=O)c1ccccc1-c1ccccc1CNC(=O)Oc1ccccc1,3300.0000000000005,-3.5185139398778875,0,train
CC(C)CCNC(=O)c1ccccc1-c1ccccc1CNS(=O)(=O)c1ccccc1,2599.999999999998,-3.4149733479708178,0,train
CC(C)CCNC(=O)c1ccncc1-c1ccccc1CNC(=O)OCc1ccccc1,12000.000000000007,-4.079181246047625,1,test
CC(C)CCNC(=O)c1ccccc1-c1ccccc1CNC(=O)OCc1ccccc1,800.0000000000003,-2.903089986991944,1,train
CC(C)CCNC(=O)c1ccccc1-c1ccncc1CNC(=O)OCc1ccccc1,7000.000000000002,-3.845098040014257,0,test
CC(C)C[C@H](NC(=O)c1ccccc1-c1ccccc1CNC(=O)OCc1ccccc1)C(N)=O,300.0000000000001,-2.4771212547196626,0,train
CC(C)CCNC(=O)c1ccccc1-c1ccccc1CNC(=O)c1ccccc1,4100.0,-3.612783856719736,0,test
NC(=O)[C@H](Cc1ccccc1)NC(=O)c1ccccc1-c1ccccc1CNS(=O)(=O)c1cccc(C(F)(F)F)c1,4799.999999999999,-3.681241237375587,0,train
CN(C)CC(C)(C)CNC(=O)c1ccccc1-c1ccccc1CNC(=O)OCc1ccccc1,2199.9999999999995,-3.342422680822206,0,train
O=C(NC1CCCCC1)c1cccc2cccc(NS(=O)(=O)c3ccc(Cl)cc3)c12,9499.999999999996,-3.977723605288848,0,train
NC(=O)[C@H](Cc1ccccc1)NC(=O)c1ccccc1-c1ccccc1CNS(=O)(=O)c1cccc2ccccc12,9099.999999999996,-3.959041392321093,0,train
O=C(NCc1ccccc1-c1ccccc1C(=O)NCc1ccc(F)cc1F)OCc1ccccc1,1199.9999999999995,-3.0791812460476247,0,train
COC(=O)NCc1ccccc1-c1ccccc1C(=O)NCCC(C)C,7100.000000000003,-3.851258348719076,0,train
CC(C)CCNC(=O)c1cccnc1-c1ccccc1CNC(=O)OCc1ccccc1,7799.999999999999,-3.89209460269048,0,train
O=C(NCc1ccccc1-c1ccccc1C(=O)NCCc1ccccn1)OCc1ccccc1,700.0000000000001,-2.845098040014257,0,train
C[C@@H](OC(=O)NCc1ccccc1-c1ccccc1C(=O)NCCc1ccccn1)c1ccccc1,2399.9999999999995,-3.380211241711606,0,train
C[C@H](OC(=O)NCc1ccccc1-c1cccnc1C(=O)NCC1CC1)c1ccccc1,400.0000000000001,-2.6020599913279625,0,train
CC(C)CCNC(=O)c1ccccc1-c1ccccc1CNC(=O)OC(C)(C)C,3500.0000000000005,-3.544068044350276,0,train
CC(C)CCNC(=O)c1ccccc1-c1ccccc1CNCCc1ccccc1,4000.000000000001,-3.6020599913279625,0,train
COc1ccc(CC(=O)NCc2ccccc2-c2ccccc2C(=O)NCc2ccc(F)cc2F)cc1,1199.9999999999995,-3.0791812460476247,0,train
CC(=O)c1ccc(S(=O)(=O)NCc2ccccc2-c2ccccc2C(=O)N[C@@H](Cc2ccccc2)C(N)=O)cc1,7699.999999999999,-3.886490725172482,0,train
CC(C)CCNC(=O)c1ncccc1-c1ccccc1CNC(=O)OCc1ccccc1,2599.999999999998,-3.4149733479708178,0,train
COC1=CCC(CCN2C(=O)CSC2c2ccc(C)c(C)c2)C=C1,136.99999999999997,-2.1367205671564067,0,test
COc1ccc(CCn2ncc(C(=O)c3ccc(C)c(C)c3)n2)cc1,294.0,-2.4683473304121573,0,test
COc1ccc2c(=O)n(CC(O)CO)c(C#N)c(-c3cccc(F)c3)c2c1,870.0000000000003,-2.9395192526186187,0,train
COc1ccc2c(=O)n(CC(O)CO)c(C#N)c(-c3cccc(C(F)(F)F)c3)c2c1,249.99999999999997,-2.397940008672037,0,train
COc1ccc2c(=O)n(CC(CO)NCc3cccnc3)c(C#N)c(-c3ccccc3)c2c1,119.99999999999996,-2.0791812460476247,0,train
COCCN(C)CCn1c(C#N)c(-c2cccc(F)c2)c2cc(OC)ccc2c1=O,789.9999999999999,-2.8976270912904414,0,train
COc1ccc2c(=O)n(CCO)c(C#N)c(-c3cccc(F)c3)c2c1,689.9999999999999,-2.838849090737255,0,train
COc1ccc2c(C(=O)NCCO)nc(C#N)c(-c3ccccc3)c2c1,60.0,-1.7781512503836436,0,train
COc1ccc2c(-n3cnc(C)c3)nc(C#N)c(-c3cccc(F)c3)c2c1,259.9999999999999,-2.4149733479708178,0,train
COc1ccc2c(NC[C@H](O)CO)nc(C#N)c(-c3ccccc3)c2c1,679.9999999999998,-2.832508912706236,0,train
COc1ccc2c(OC[C@H](O)CO)nc(C#N)c(-c3ccccc3)c2c1,160.00000000000009,-2.204119982655925,0,train
COc1ccc2c(=O)n(C)c(CN(C)C)c(-c3ccccc3)c2c1,189.99999999999997,-2.278753600952829,0,train
O=C(N/N=C1\CCCc2[nH]ccc21)Nc1ccc(Cl)cc1,5599.999999999998,-3.7481880270062,0,train
Cc1[nH]c2c(c1C)/C(=N/NC(=O)Nc1ccc(Cl)cc1)CCC2,370.0,-2.568201724066995,0,train
CCc1c(C)[nH]c2c1/C(=N/NC(=O)Nc1ccccc1)CCC2,130.00000000000006,-2.113943352306837,0,train
CCc1c(C)[nH]c2c1/C(=N/NC(=O)Nc1ccc(Cl)cc1)CCC2,440.0,-2.6434526764861874,0,train
CCc1c(C)[nH]c2c1/C(=N/NC(=O)Nc1ccc(SC)cc1)CCC2,280.0000000000001,-2.4471580313422194,0,test
CCc1c(C)[nH]c2c1/C(=N/NC(=O)Nc1cccc(C3CCCN3)c1)CCC2,750.0000000000001,-2.8750612633917,0,train
CCc1c(C)[nH]c2c1/C(=N/NC(=S)Nc1cccc(C(F)(F)F)c1)CCC2,200.00000000000003,-2.3010299956639813,0,train
CCc1c(C)[nH]c2c1/C(=N/N(C)C(=O)Nc1ccc(Cl)cc1)CCC2,130.00000000000006,-2.113943352306837,0,train
CCc1c2c(n(C)c1CC)CCC/C2=N\N(C)C(=O)Nc1ccc(C(C)=O)cc1,370.0,-2.568201724066995,0,test
CCc1c(C)[nH]c2c1/C(=N/OC(=O)Nc1ccccc1)CCC2,67.0,-1.8260748027008264,0,train
CCc1c(C)[nH]c2c1/C(=N/OC(=O)Nc1ccc(F)cc1)CCC2,275.0000000000001,-2.439332693830263,0,train
CCc1c(C)[nH]c2c1/C(=N/OC(=O)Nc1ccc(SC)cc1)CCC2,350.0,-2.544068044350276,0,train
CCc1c2c(n(C)c1C)CCC/C2=N\OC(=O)Nc1ccc(C(C)=O)cc1,368.0,-2.5658478186735176,0,train
CCc1c2c(n(C)c1CC)CCC/C2=N\OC(=O)Nc1ccccc1,21.0,-1.3222192947339193,0,train
CCc1c(C)[nH]c2c1/C(=N/OC(=O)NCCc1ccccn1)CCC2,547.0000000000001,-2.737987326333431,0,train
COC(=O)CC(c1ccccc1)C(C(=O)N(C(C)C)C(C)C)c1ccccc1,252.00000000000009,-2.401400540781544,1,train
COC(=O)CC(c1cccnc1)C(C(=O)N(C(C)C)C(C)C)c1ccccc1,266.00000000000006,-2.424881636631067,1,test
COC(=O)CC(c1ccccc1)C(C(=O)N(C(C)C)C(C)C)c1ccncc1,13759.999999999998,-4.1386184338994925,1,train
COC(=O)CC(c1ccncc1)C(C(=O)N(C(C)C)C(C)C)c1ccccc1,5323.000000000003,-3.726156466172755,1,train
COC(=O)CC(c1ccccn1)C(C(=O)N(C(C)C)C(C)C)c1ccccc1,6348.000000000003,-3.802636918082811,1,train
COC(=O)CC(c1ccccc1)C(C(=O)N(C(C)C)C(C)C)c1ccccn1,6867.999999999998,-3.836830286488879,1,test
COC(=O)CC(c1cccnc1)C(C(=O)N(C(C)C)C(C)C)c1cccnc1,707.9999999999998,-2.850033257689769,1,train
COC(=O)CC(c1cccnc1)C(C(=O)N(C(C)C)C(C)C)c1ccccn1,3836.000000000001,-3.583878598498626,1,train
COC(=O)CC(c1cccc(Br)c1)C(C(=O)N(C(C)C)C(C)C)c1cccnc1,136.99999999999997,-2.1367205671564067,1,train
COC(=O)CC(c1cccc(C#N)c1)C(C(=O)N(C(C)C)C(C)C)c1cccnc1,184.0,-2.2648178230095364,0,train
COC(=O)CC(c1cccnc1)C(C(=O)N(C(C)C)C(C)C)c1cccc(Br)c1,146.99999999999997,-2.167317334748176,1,train
COC(=O)CC(c1cccnc1)C(C(=O)N(C(C)C)C(C)C)c1cccc(C#N)c1,325.99999999999994,-2.513217600067939,0,train
COC(=O)CC(c1ccc(C#N)cc1)C(C(=O)N(C(C)C)C(C)C)c1cccnc1,215.00000000000003,-2.3324384599156054,0,test
COC(=O)CC(c1ccccc1C#N)C(C(=O)N(C(C)C)C(C)C)c1cccnc1,1772.9999999999995,-3.2487087356009177,0,train
COC(=O)CC(c1cccc(-c2c(C)noc2C)c1)C(C(=O)N(C(C)C)C(C)C)c1cccnc1,113.00000000000006,-2.05307844348342,0,train
CC(NC(=O)CC(c1ccccc1)C(C(=O)N(C(C)C)C(C)C)c1cccnc1)c1ccccc1,249.0,-2.3961993470957363,0,train
CC(C)N(C(=O)C(c1cccnc1)C(CC(=O)NCCc1ccccc1)c1ccccc1)C(C)C,410.0,-2.6127838567197355,1,test
CC(C)N(C(=O)C(c1cccnc1)C(CC(=O)NCc1ccccc1F)c1ccccc1)C(C)C,431.99999999999983,-2.635483746814912,1,train
CC(C)N(C(=O)C(c1cccnc1)C(CC(=O)NCCCc1ccccc1)c1ccccc1)C(C)C,588.9999999999998,-2.770115294787101,1,train
CC(C)N(C(=O)C(c1cccnc1)C(CC(=O)NCCSC(C)(C)C)c1ccccc1)C(C)C,1594.0,-3.202488317060093,0,train
CNC(=O)CC(c1ccccc1)C(C(=O)N(C(C)C)C(C)C)c1cccnc1,2669.0,-3.426348573787508,1,train
CC(C)N(C(=O)C(c1cccnc1)C(CC(=O)NCC1CN(c2ccccc2)CCO1)c1ccccc1)C(C)C,3379.000000000001,-3.5287881917748964,0,train
CC(C)N(C(=O)C(c1cccnc1)C(CNC(=O)CCc1ccccc1F)c1ccccc1)C(C)C,36.0,-1.5563025007672873,1,train
CC(CC(=O)NCC(c1ccccc1)C(C(=O)N(C(C)C)C(C)C)c1cccnc1)c1ccccc1,93.99999999999996,-1.9731278535996983,0,test
CC(C)N(C(=O)C(c1cccnc1)C(CNC(=O)CCc1ccccc1)c1ccccc1)C(C)C,100.0,-2.0,1,train
CC(C)N(C(=O)C(c1cccnc1)C(CNC(=O)CCCc1ccccc1)c1ccccc1)C(C)C,249.99999999999997,-2.397940008672037,0,test
CC(C)N(C(=O)C(c1cccnc1)C(CNC(=O)CCc1ccccc1Cl)c1ccccc1)C(C)C,498.00000000000006,-2.6972293427597176,1,train
CC(C)N(C(=O)C(c1cccnc1)C(CNC(=O)C(N)Cc1ccccc1F)c1ccccc1)C(C)C,1310.0000000000005,-3.1172712956557644,1,train
CC(C)N(C(=O)C(c1cccnc1)C(CNC(=O)NCc1ccccc1F)c1ccccc1)C(C)C,150.00000000000003,-2.1760912590556813,0,train
Cc1ccc(CNC(=O)NCC(c2ccccc2)C(C(=O)N(C(C)C)C(C)C)c2cccnc2)cc1,239.99999999999997,-2.380211241711606,0,test
Cc1cccc(CNC(=O)NCC(c2ccccc2)C(C(=O)N(C(C)C)C(C)C)c2cccnc2)c1,252.00000000000009,-2.401400540781544,0,train
COc1ccc(CNC(=O)NCC(c2ccccc2)C(C(=O)N(C(C)C)C(C)C)c2cccnc2)cc1,256.0,-2.4082399653118496,0,train
CC(C)N(C(=O)C(c1cccnc1)C(CNC(=O)NCCc1ccccc1)c1ccccc1)C(C)C,298.00000000000006,-2.4742162640762557,0,train
CC(C)N(C(=O)C(c1cccnc1)C(CNC(=O)NCc1cccc(F)c1)c1ccccc1)C(C)C,340.9999999999999,-2.5327543789924976,0,train
CC(C)N(C(=O)C(c1cccnc1)C(CNC(=O)NCc1ccc(F)cc1)c1ccccc1)C(C)C,352.99999999999983,-2.5477747053878224,0,train
CC(C)N(C(=O)C(c1cccnc1)C(CNC(=O)NCc1ccc(Br)cc1)c1ccccc1)C(C)C,362.00000000000006,-2.558708570533166,1,train
CC(C)N(C(=O)C(c1cccnc1)C(CNC(=O)NCc1ccccc1Cl)c1ccccc1)C(C)C,757.0,-2.8790958795000727,1,train
COc1ccc(CCn2nnn[n+]2-c2ccc(Cl)c(Cl)c2)cc1,549.9999999999998,-2.740362689494244,0,train
COc1ccc(CCn2nnn[n+]2-c2cccc(C)c2C)cc1,330.00000000000006,-2.5185139398778875,0,test
COc1ccc(CCn2nnn[n+]2C2(c3ccc(C)cc3)CC2)cc1,330.00000000000006,-2.5185139398778875,0,train
COc1ccc(CCn2nnn[n+]2C2(c3ccc(C)cc3)CCCC2)cc1,400.0000000000001,-2.6020599913279625,0,train
COc1ccc(CCn2nnn[n+]2C2(c3ccc(C)c(C)c3)CC2)cc1,179.99999999999997,-2.255272505103306,0,train
Cc1ccc(C2([n+]3nnnn3CCCc3ccccc3)CC2)cc1,480.0,-2.681241237375587,0,test
COc1ccc(CCN2C(=O)CSC23CCc2cc(Cl)ccc23)cc1,811.9999999999995,-2.909556029241175,0,train
COc1ccc(CCN2C(=O)CSC23CCc2c(C)cccc23)cc1,487.00000000000017,-2.6875289612146345,0,train
COc1ccc(CCN2C(=O)CSC2(C)c2ccc(C)cc2)cc1,389.9999999999999,-2.591064607026499,0,test
COc1ccc(CCN2C(=O)CSC2(C)c2ccc(C)c(C)c2)cc1,68.99999999999999,-1.8388490907372552,0,test
O=C1CSC(c2ccc(Cl)cc2)N1OCc1ccccc1,997.0000000000005,-2.998695158311656,0,train
O=C1CSC(c2ccc(Cl)c(Cl)c2)N1OCc1ccccc1,463.00000000000017,-2.6655809910179533,0,test
Cc1ccc(C2SCC(=O)N2OCc2ccccc2)cc1C,207.00000000000003,-2.315970345456918,0,train
COc1ccc(CON2C(=O)CSC2c2ccccc2)cc1,923.9999999999995,-2.9656719712201065,0,train
COc1ccc(CON2C(=O)CSC2c2ccc(Cl)cc2)cc1,187.00000000000003,-2.271841606536499,0,train
COc1ccc(CON2C(=O)CSC2c2ccc(Cl)c(Cl)c2)cc1,113.00000000000006,-2.05307844348342,0,train
COc1ccc(CON2C(=O)CSC2c2ccc(C)c(C)c2)cc1,95.0,-1.977723605288848,0,train
COc1cccc(CON2C(=O)CSC2c2ccc(Cl)cc2)c1,380.0,-2.57978359661681,0,test
COc1cccc(CON2C(=O)CSC2c2ccc(Cl)c(Cl)c2)c1,179.00000000000006,-2.2528530309798933,0,train
COc1cccc(CON2C(=O)CSC2c2ccc(C)c(C)c2)c1,269.00000000000006,-2.429752280002408,0,train
COc1ccccc1CON1C(=O)CSC1c1ccc(Cl)c(Cl)c1,204.0,-2.3096301674258988,0,train
COc1ccccc1CON1C(=O)CSC1c1ccc(C)c(C)c1,176.99999999999991,-2.2479732663618064,0,train
Cc1ccc(C2SCCN2C(=O)COc2ccccc2)cc1C,161.99999999999994,-2.2095150145426308,0,train
COc1ccc(CC(=O)N2CCSC2c2ccc(C)c(C)c2)cc1,536.9999999999999,-2.7299742856995555,0,train
COc1ccc(CCC(=O)N2CCSC2c2ccc(C)c(C)c2)cc1,150.00000000000003,-2.1760912590556813,0,train
c1ccc2c(CCO[C@@H]3CCCC[C@H]3N3CCOCC3)cccc2c1,1300.0000000000005,-3.113943352306837,0,test
O=C(NCC1CCCCN1)c1cc(OCC(F)(F)F)ccc1OCC(F)(F)F,51000.00000000005,-4.707570176097937,0,train
C=C[C@H]1CN2CC[C@H]1C[C@@H]2[C@@H](O)c1ccnc2ccc(OC)cc12,7300.0,-3.863322860120456,0,train
O=C1CCN([C@H]2CCCC[C@@H]2OCCc2cccc3ccccc23)C1,7699.999999999999,-3.886490725172482,0,train
Clc1ccc(CCO[C@@H]2CCCC[C@H]2N2CCOCC2)cc1Cl,3600.0,-3.5563025007672877,0,train
CCc1ccc(S(=O)(=O)N[C@@H]2c3cc(C(=O)n4nc(-c5ccccc5)cc4N)ccc3OC(C)(C)[C@H]2O)cc1,78.99999999999999,-1.8976270912904412,0,train
CCc1ccc(S(=O)(=O)N[C@@H]2c3cc(C(=O)N(CC)CCNc4ccccc4)ccc3OC(C)(C)[C@H]2O)cc1,77.0,-1.8864907251724816,1,train
CCc1ccc(S(=O)(=O)N[C@@H]2c3cc(C(=O)NCCc4ccccc4)ccc3OC(C)(C)[C@H]2O)cc1,259.9999999999999,-2.4149733479708178,0,test
CCc1ccc(S(=O)(=O)N[C@@H]2c3cc(C(=O)N(CC)Cc4ccccc4F)ccc3OC(C)(C)[C@H]2O)cc1,170.99999999999991,-2.2329961103921536,1,test
CCc1ccc(S(=O)(=O)N[C@@H]2c3cc(C(=O)N(C)c4ccccc4)ccc3OC(C)(C)[C@H]2O)cc1,280.5000000000001,-2.4479328655921804,0,train
CCc1ccc(S(=O)(=O)N[C@@H]2c3cc(C(=O)Nc4ccccc4)ccc3OC(C)(C)[C@H]2O)cc1,259.9999999999999,-2.4149733479708178,0,train
CCc1ccc(S(=O)(=O)N[C@@H]2c3cc(NC(=O)c4cccc(OC)c4)ccc3OC(C)(C)[C@H]2O)cc1,290.0,-2.462397997898956,1,train
CCc1ccc(S(=O)(=O)N[C@@H]2c3cc(S(=O)(=O)NCCc4ccccc4)ccc3OC(C)(C)[C@H]2O)cc1,509.9999999999999,-2.7075701760979363,0,train
CCc1ccc(S(=O)(=O)N[C@@H]2c3cc(CNCCc4ccccc4)ccc3OC(C)(C)[C@H]2O)cc1,239.99999999999997,-2.380211241711606,0,test
CCc1ccc(S(=O)(=O)N[C@H]2CC(C)(C)Oc3ccc(C(=O)N4CCC[C@H]4CNc4c(C)cccc4C)cc32)cc1,109.99999999999996,-2.041392685158225,0,train
CCc1ccc(S(=O)(=O)N(Cc2c[nH]cn2)[C@@H]2c3cc(C(=O)NCCc4ccccc4)ccc3OC(C)(C)[C@H]2O)cc1,280.0000000000001,-2.4471580313422194,0,train
CCc1ccc(S(=O)(=O)N(Cc2ccccn2)[C@@H]2c3cc(C(=O)NCCc4ccccc4)ccc3OC(C)(C)[C@H]2O)cc1,119.99999999999996,-2.0791812460476247,0,train
CCc1ccc(S(=O)(=O)N(Cc2cccnc2)[C@@H]2c3cc(C(=O)NCCc4ccccc4)ccc3OC(C)(C)[C@H]2O)cc1,130.00000000000006,-2.113943352306837,0,train
CCc1ccc(S(=O)(=O)N(CC(C)(C)C)[C@@H]2c3cc(C(=O)NCCc4ccccc4)ccc3OC(C)(C)[C@H]2O)cc1,119.99999999999996,-2.0791812460476247,0,test
CCc1ccc(S(=O)(=O)N(CC(C)C)[C@@H]2c3cc(C(=O)NCCc4ccccc4)ccc3OC(C)(C)[C@H]2O)cc1,319.9999999999999,-2.505149978319906,0,test
CCCCN([C@@H]1c2cc(C(=O)NCCc3ccccc3)ccc2OC(C)(C)[C@H]1O)S(=O)(=O)c1ccc(CC)cc1,57.00000000000001,-1.7558748556724917,0,test
CC1(C)Oc2ccc(C(=O)NCCc3ccccc3)cc2[C@@H](NS(=O)(=O)c2ccccc2OC(F)(F)F)[C@@H]1O,150.00000000000003,-2.1760912590556813,0,train
Cc1ccc(S(=O)(=O)N[C@@H]2c3cc(C(=O)NCCc4ccccc4)ccc3OC(C)(C)[C@H]2O)cc1,400.0000000000001,-2.6020599913279625,0,train
CC1(C)Oc2ccc(C(=O)NCCc3ccccc3)cc2[C@@H](NS(=O)(=O)c2ccc(C(F)(F)F)cc2)[C@@H]1O,200.00000000000003,-2.3010299956639813,0,train
Cc1cccc(S(=O)(=O)N[C@@H]2c3cc(C(=O)NCCc4ccccc4)ccc3OC(C)(C)[C@H]2O)c1,339.99999999999983,-2.531478917042255,0,train
CCc1ccc(S(=O)(=O)NCc2cccc(NC(=O)c3cccc(OC)c3)c2)cc1,239.99999999999997,-2.380211241711606,0,train
CCc1ccc(S(=O)(=O)N[C@@H]2c3cc(NC(=O)c4cccc(OC)c4)ccc3CCC[C@H]2O)cc1,200.00000000000003,-2.3010299956639813,1,train
CCc1ccc(S(=O)(=O)N[C@@H]2c3cc(NC(=O)c4cccc(OC)c4)ccc3CC[C@H]2O)cc1,440.0,-2.6434526764861874,0,train
CCc1ccc(S(=O)(=O)NC2CCc3ccc(NC(=O)c4cccc(OC)c4)cc32)cc1,150.00000000000003,-2.1760912590556813,0,train
CCc1ccc(S(=O)(=O)N[C@@H]2c3c(cccc3NC(=O)c3cccc(OC)c3)C[C@H]2O)cc1,880.0000000000001,-2.9444826721501687,0,train
CCc1ccc(S(=O)(=O)N[C@@H]2c3cc(C(=O)N(CC)c4cc(F)ccc4F)cnc3OC(C)(C)[C@H]2O)cc1,911.9999999999995,-2.959994838328416,0,train
CCc1ccc(S(=O)(=O)N[C@@H]2c3cc(C(=O)N(CC)c4cccc(C)c4)cnc3OC(C)(C)[C@H]2O)cc1,776.0000000000001,-2.8898617212581885,1,train
CCc1ccc(S(=O)(=O)N[C@@H]2c3cc(C(=O)N(CC)c4cccc(Cl)c4)cnc3OC(C)(C)[C@H]2O)cc1,648.9999999999999,-2.812244696800369,0,train
CCc1ccc(S(=O)(=O)N[C@@H]2c3cc(C(=O)N(CC)c4ccccc4)cnc3OC(C)(C)[C@H]2O)cc1,377.9999999999998,-2.577491799837225,0,train
CCc1ccc(S(=O)(=O)N[C@@H]2c3cc(C(=O)N(CC)Cc4ccccc4OC)cnc3OC(C)(C)[C@H]2O)cc1,2090.000000000001,-3.3201462861110542,1,train
CCc1ccc(S(=O)(=O)N[C@@H]2c3cc(C(=O)N(CC)Cc4ccc(C)cc4)cnc3OC(C)(C)[C@H]2O)cc1,1560.0,-3.1931245983544616,1,train
CCc1ccc(S(=O)(=O)N[C@@H]2c3cc(C(=O)N(CC)Cc4c(F)cccc4Cl)cnc3OC(C)(C)[C@H]2O)cc1,615.0000000000001,-2.788875115775417,0,test
CCc1ccc(S(=O)(=O)N[C@@H]2c3cc(C(=O)N(CC)Cc4ccc(OC)cc4)cnc3OC(C)(C)[C@H]2O)cc1,605.0000000000002,-2.781755374652469,0,train
CCc1ccc(S(=O)(=O)N[C@@H]2c3cc(C(=O)Nc4ccc(Br)cc4)ccc3OC(C)(C)[C@H]2O)cc1,316.00000000000006,-2.499687082618404,0,train
CCc1ccc(S(=O)(=O)N[C@H]2CCCc3ccc(N(Cc4cccc(C)n4)C(=O)CCc4ccccc4)cc32)cc1,46.0,-1.662757831681574,0,test
COC(=O)C1=C(C)NC(C)=C(C(=O)OC)C1c1ccccc1[N+](=O)[O-],6100.000000000002,-3.785329835010767,0,train
CCOC(=O)C1=C(C)Nc2ccnn2C1c1cccc(Cl)c1Cl,1099.9999999999998,-3.041392685158225,0,train
CC1=C(C(=O)N2CCN(c3ccc(F)cc3)CC2)C(c2ccc(Cl)s2)n2nccc2N1,230.00000000000009,-2.361727836017593,0,test
CC1=C(C(=O)N2CCN(c3ccc(F)cc3)CC2)C(c2sc3ccccc3c2C)n2nccc2N1,200.00000000000003,-2.3010299956639813,0,test
CC1=C(C(=O)N2CCN(c3ccc(F)cc3)CC2)C(c2cc3ccccc3o2)n2nccc2N1,160.00000000000009,-2.204119982655925,0,train
CC1=C(C(=O)N2CCN(c3ccc(F)cc3)CC2)C(c2cccc(Cl)c2)n2nccc2N1,189.99999999999997,-2.278753600952829,0,train
CC1=C(C(=O)N2CCN(c3ccc(F)cc3)CC2)C(c2ccc(Cl)cc2)n2nccc2N1,440.0,-2.6434526764861874,0,train
CC1=C(C(=O)N2CCN(c3ccc(F)cc3)CC2)C(c2ccc(Cl)cc2Cl)n2nccc2N1,280.0000000000001,-2.4471580313422194,0,train
CC1=C(C(=O)N2CCN(c3ccc(F)cc3)CC2)C(c2cc(Cl)ccc2Cl)n2nccc2N1,820.0,-2.9138138523837167,0,train
CC1=C(C(=O)N2CCN(c3ccc(F)cc3)CC2)C(c2cc(Cl)cc(Cl)c2)n2nccc2N1,140.00000000000006,-2.146128035678238,0,train
CC1=C(C(=O)N2CCN(c3ccc(F)cc3)CC2)C(c2cccc(C)c2)n2nccc2N1,540.0000000000001,-2.7323937598229686,0,train
CC1=C(C(=O)N2CCN(c3ccc(F)cc3)CC2)C(c2ccc(C)c(C)c2)n2nccc2N1,750.0000000000001,-2.8750612633917,0,train
CC1=C(C(=O)N2CCN(c3ccc(F)cc3)CC2)C(c2cc(C)cc(C)c2)n2nccc2N1,419.9999999999999,-2.6232492903979003,0,train
CC1=C(C(=O)N2CCN(c3ccc(F)cc3)CC2)C(c2ccc3ccccc3c2)n2nccc2N1,650.0000000000002,-2.812913356642856,0,train
CCCNC(=O)C1=C(C)Nc2ccnn2C1c1ccc(Cl)c(Cl)c1,490.0000000000002,-2.690196080028514,0,train
CCCCNC(=O)C1=C(C)Nc2ccnn2C1c1ccc(Cl)c(Cl)c1,440.0,-2.6434526764861874,0,test
CCCCCNC(=O)C1=C(C)Nc2ccnn2C1c1ccc(Cl)c(Cl)c1,590.0,-2.770852011642144,0,train
CCN(CC)C(=O)C1=C(C)Nc2ccnn2C1c1ccc(Cl)c(Cl)c1,440.0,-2.6434526764861874,0,train
CCCN(CCC)C(=O)C1=C(C)Nc2ccnn2C1c1ccc(Cl)c(Cl)c1,70.00000000000001,-1.845098040014257,0,train
CCCCN(CCCC)C(=O)C1=C(C)Nc2ccnn2C1c1ccc(Cl)c(Cl)c1,309.99999999999994,-2.4913616938342726,0,train
CCCCCN(CCCCC)C(=O)C1=C(C)Nc2ccnn2C1c1ccc(Cl)c(Cl)c1,580.0000000000001,-2.7634279935629373,0,train
CC1=C(C(=O)Nc2ccccc2)C(c2ccc(Cl)c(Cl)c2)n2nccc2N1,170.00000000000006,-2.230448921378274,0,test
CC1=C(C(=O)NCc2ccccc2)C(c2ccc(Cl)c(Cl)c2)n2nccc2N1,160.00000000000009,-2.204119982655925,0,test
CC1=C(C(=O)NCCc2ccccc2)C(c2ccc(Cl)c(Cl)c2)n2nccc2N1,100.0,-2.0,0,train
CC1=C(C(=O)N2CCC2)C(c2ccc(Cl)c(Cl)c2)n2nccc2N1,969.9999999999998,-2.9867717342662448,1,test
CC1=C(C(=O)N2CCCC2)C(c2ccc(Cl)c(Cl)c2)n2nccc2N1,660.0000000000001,-2.8195439355418688,0,test
CC1=C(C(=O)N2CCCCC2)C(c2ccc(Cl)c(Cl)c2)n2nccc2N1,89.99999999999997,-1.9542425094393248,1,train
CC1=C(C(=O)N2CCCCCC2)C(c2ccc(Cl)c(Cl)c2)n2nccc2N1,189.99999999999997,-2.278753600952829,0,train
CC1=C(C(=O)N2CCN(c3ccccc3)CC2)C(c2ccc(Cl)c(Cl)c2)n2nccc2N1,85.00000000000003,-1.9294189257142929,0,train
CC1=C(C(=O)N2CCC(c3ccccc3)CC2)C(c2ccc(Cl)c(Cl)c2)n2nccc2N1,158.99999999999994,-2.2013971243204518,0,train
COC[C@@H]1CCCN1C(=O)C1=C(C)Nc2ccnn2C1c1ccc(Cl)c(Cl)c1,200.00000000000003,-2.3010299956639813,0,train
CCCc1ccc(S(=O)(=O)N[C@@H]2c3cc(NC(=O)c4cccc(OC)c4)ccc3CC[C@H]2O)cc1,89.99999999999997,-1.9542425094393248,1,test
COc1cccc(C(=O)Nc2ccc3c(c2)[C@@H](NS(=O)(=O)c2ccc(C(C)C)cc2)[C@H](O)CC3)c1,430.0000000000001,-2.633468455579586,0,train
CCCCc1ccc(S(=O)(=O)N[C@@H]2c3cc(NC(=O)c4cccc(OC)c4)ccc3CC[C@H]2O)cc1,140.00000000000006,-2.146128035678238,1,train
COc1cccc(C(=O)Nc2ccc3c(c2)[C@@H](NS(=O)(=O)c2ccc(C(C)(C)C)cc2)[C@H](O)CC3)c1,160.00000000000009,-2.204119982655925,1,test
CCCCCc1ccc(S(=O)(=O)N[C@@H]2c3cc(NC(=O)c4cccc(OC)c4)ccc3CC[C@H]2O)cc1,70.00000000000001,-1.845098040014257,1,train
COc1ccc(S(=O)(=O)N[C@@H]2c3cc(NC(=O)c4cccc(OC)c4)ccc3CC[C@H]2O)cc1,3000.0000000000014,-3.4771212547196626,1,train
CCc1ccc(S(=O)(=O)N[C@@H]2c3cc(NC(=O)c4ccccc4OC)ccc3CC[C@H]2O)cc1,449.99999999999983,-2.6532125137753435,0,train
CCc1ccc(S(=O)(=O)N[C@@H]2c3cc(NC(=O)c4ccc(OC)cc4)ccc3CC[C@H]2O)cc1,449.99999999999983,-2.6532125137753435,0,train
CCc1ccc(S(=O)(=O)N[C@@H]2c3cc(NC(=O)c4cccc(Cl)c4)ccc3CC[C@H]2O)cc1,710.0000000000003,-2.8512583487190755,1,train
CCc1ccc(S(=O)(=O)N[C@@H]2c3cc(NC(=O)c4ccc(Cl)cc4)ccc3CC[C@H]2O)cc1,339.99999999999983,-2.531478917042255,0,test
CCc1ccc(S(=O)(=O)N[C@@H]2c3cc(NC(=O)c4cc(OC)cc(OC)c4)ccc3CC[C@H]2O)cc1,639.9999999999999,-2.806179973983887,0,train
CCc1ccc(S(=O)(=O)N[C@@H]2c3cc(NC(=O)CCc4ccccc4)ccc3CC[C@H]2O)cc1,249.99999999999997,-2.397940008672037,0,train
CCc1ccc(S(=O)(=O)N[C@@H]2c3cc(NC(=O)/C=C/c4ccccc4)ccc3CC[C@H]2O)cc1,200.00000000000003,-2.3010299956639813,0,train
CCc1ccc(S(=O)(=O)N[C@@H]2c3cc(NC(=O)C#Cc4ccccc4)ccc3CC[C@H]2O)cc1,430.0000000000001,-2.633468455579586,0,train
CCc1ccc(S(=O)(=O)N[C@@H]2c3cc(NC(=O)[C@H]4C[C@@H]4c4ccccc4)ccc3CC[C@H]2O)cc1,350.0,-2.544068044350276,0,train
CCc1ccc(S(=O)(=O)N[C@@H]2c3cc(NC(=O)OCc4ccccc4)ccc3CC[C@H]2O)cc1,230.00000000000009,-2.361727836017593,0,train
CCc1ccc(S(=O)(=O)N[C@@H]2c3cc(NC(=O)NCc4ccccc4)ccc3CC[C@H]2O)cc1,610.0000000000001,-2.785329835010767,0,train
CCc1ccc(S(=O)(=O)N[C@H]2CCCc3ccc(NC(=O)c4cccc(OC)c4)cc32)cc1,590.0,-2.770852011642144,0,test
CCc1ccc(S(=O)(=O)N[C@H]2CCCc3ccc(NC(=O)CCc4ccccc4)cc32)cc1,280.0000000000001,-2.4471580313422194,0,test
CCc1ccc(S(=O)(=O)N[C@@H]2c3cc(NC(=O)[C@H]4CCCN4Cc4cccc(Cl)c4)ccc3CC[C@H]2O)cc1,220.0,-2.342422680822206,0,train
CCc1ccc(S(=O)(=O)N[C@@H]2c3cc(NC(=O)[C@H]4CCCN4Cc4cccc(OC(F)(F)F)c4)ccc3CC[C@H]2O)cc1,290.0,-2.462397997898956,0,train
CCc1ccc(S(=O)(=O)N[C@@H]2c3cc(NC(=O)[C@H]4CCCN4Cc4cccc(OC)c4)ccc3CC[C@H]2O)cc1,300.0000000000001,-2.4771212547196626,0,test
COc1ccc(CCN2C(=O)N(NS(C)(=O)=O)CC2c2ccc(C)c(C)c2)cc1,610.0000000000001,-2.785329835010767,0,train
COc1ccc(CCN2C(=O)N(NS(C)(=O)=O)CC2c2ccc(C)cc2)cc1,239.99999999999997,-2.380211241711606,0,train
COc1ccc(CCN2C(=O)N(NS(C)(=O)=O)CC2c2ccc(C3CC3)cc2)cc1,160.00000000000009,-2.204119982655925,0,train
COc1ccc(CCN2C(=O)N(NS(C)(=O)=O)CC2c2ccc(Cl)cc2)cc1,200.00000000000003,-2.3010299956639813,0,train
COc1ccc(CCN2C(=O)N(NS(C)(=O)=O)CC2c2ccc(C(F)(F)F)cc2)cc1,249.99999999999997,-2.397940008672037,0,train
COc1ccc(CCN2C(=O)N(NS(C)(=O)=O)CC2c2ccc(OC(C)C)cc2)cc1,239.99999999999997,-2.380211241711606,0,train
COCCOc1ccc(C2CN(NS(C)(=O)=O)C(=O)N2CCc2ccc(OC)cc2)cc1,7449.999999999999,-3.8721562727482928,0,train
CCOc1ccc(CCN2C(=O)N(NS(C)(=O)=O)C[C@@H]2c2ccc(OC)cc2)cc1,770.0,-2.886490725172482,0,train
COc1ccc([C@H]2CN(NS(C)(=O)=O)C(=O)N2CCc2ccc(OC(F)(F)F)cc2)cc1,519.9999999999998,-2.716003343634799,0,train
COc1ccc(CCN2C(=O)N(NS(=O)(=O)Cc3ccccc3)C[C@@H]2c2ccc(OC)cc2)cc1,339.99999999999983,-2.531478917042255,0,train
COc1ccc(CCN2C(=O)N(NS(=O)(=O)CC#N)C[C@@H]2c2ccc(OC)cc2)cc1,230.00000000000009,-2.361727836017593,0,test
COc1ccc(CCN2C(=O)N(NS(=O)(=O)CF)C[C@@H]2c2ccc(OC)cc2)cc1,899.9999999999998,-2.9542425094393248,0,test
COc1ccc(CCN2C(=O)N(NS(=O)(=O)Cc3cccnc3)C[C@@H]2c2ccc(OC)cc2)cc1,599.9999999999997,-2.7781512503836434,0,train
CC1=C(c2nc3ccccc3s2)C(c2ccc(Cl)c(Cl)c2)n2nccc2N1,740.0000000000001,-2.869231719730976,1,train
CC1=C(c2nc3ccccc3[nH]2)C(c2ccc(Cl)c(Cl)c2)n2nccc2N1,509.9999999999999,-2.7075701760979363,0,train
CC1=C(c2nc3ccccc3n2C)C(c2ccc(Cl)c(Cl)c2)n2nccc2N1,75.00000000000001,-1.8750612633917,1,train
CC1=C(c2nc3cccc(C)c3[nH]2)C(c2ccc(Cl)c(Cl)c2)n2nccc2N1,150.00000000000003,-2.1760912590556813,0,test
CC1=C(c2nc3cccc(F)c3n2C)C(c2ccc(Cl)c(Cl)c2)n2nccc2N1,150.00000000000003,-2.1760912590556813,0,train
CC1=C(c2nc3ccc(F)cc3n2C)C(c2ccc(Cl)c(Cl)c2)n2nccc2N1,290.0,-2.462397997898956,1,train
CC1=C(c2nc3c(F)cccc3n2C)C(c2ccc(Cl)c(Cl)c2)n2nccc2N1,63.99999999999999,-1.806179973983887,1,train
CC1=C(c2nc3cccc(Cl)c3n2C)C(c2ccc(Cl)c(Cl)c2)n2nccc2N1,70.99999999999999,-1.8512583487190752,1,train
CC1=C(c2nc3ccc(Cl)cc3n2C)C(c2ccc(Cl)c(Cl)c2)n2nccc2N1,660.0000000000001,-2.8195439355418688,1,test
CC1=C(c2nc3cc(Cl)ccc3n2C)C(c2ccc(Cl)c(Cl)c2)n2nccc2N1,68.00000000000001,-1.8325089127062364,1,train
CC1=C(c2nc3cccc(C)c3n2C)C(c2ccc(Cl)c(Cl)c2)n2nccc2N1,109.99999999999996,-2.041392685158225,0,train
CC1=C(c2nc3ccc(C)cc3n2C)C(c2ccc(Cl)c(Cl)c2)n2nccc2N1,980.0000000000006,-2.991226075692495,1,train
CC1=C(c2nc3cc(C)ccc3n2C)C(c2ccc(Cl)c(Cl)c2)n2nccc2N1,200.00000000000003,-2.3010299956639813,1,train
CC1=C(c2nc3cc(C#N)ccc3n2C)C(c2ccc(Cl)c(Cl)c2)n2nccc2N1,220.0,-2.342422680822206,1,test
COC(=O)c1ccc2c(c1)nc(C1=C(C)Nc3ccnn3C1c1ccc(Cl)c(Cl)c1)n2C,200.00000000000003,-2.3010299956639813,0,train
CC1=C(c2nc3cc(C(F)(F)F)ccc3n2C)C(c2ccc(Cl)c(Cl)c2)n2nccc2N1,540.0000000000001,-2.7323937598229686,0,train
CCn1c(C2=C(C)Nc3ccnn3C2c2ccc(Cl)c(Cl)c2)nc2cc(Cl)ccc21,57.00000000000001,-1.7558748556724917,0,train
CC1=C(c2nc3cc(Cl)ccc3n2C(C)C)C(c2ccc(Cl)c(Cl)c2)n2nccc2N1,93.99999999999996,-1.9731278535996983,0,train
CCCn1c(C2=C(C)Nc3ccnn3C2c2ccc(Cl)c(Cl)c2)nc2cc(F)ccc21,47.99999999999999,-1.6812412373755872,0,train
CC1=C(c2nc3cc(F)ccc3n2C)C(c2ccc(Cl)c(Cl)c2)n2nccc2N1,15.000000000000004,-1.1760912590556811,1,train
COCC1=C(c2nc3cc(F)ccc3n2C)C(c2ccc(Cl)c(Cl)c2)n2nccc2N1,30.0,-1.4771212547196624,1,train
CC1=C(C(=O)N2CCCC2c2ccccc2)C(c2ccc(Cl)c(Cl)c2)n2nccc2N1,150.00000000000003,-2.1760912590556813,0,test
CC1=C(C(=O)N2CCC(c3ccc(F)cc3)C2)C(c2ccc(Cl)c(Cl)c2)n2nccc2N1,160.00000000000009,-2.204119982655925,0,train
COC(=O)[C@@H]1CCCN1C(=O)C1=C(C)Nc2ccnn2C1c1ccc(Cl)c(Cl)c1,150.00000000000003,-2.1760912590556813,0,train
CC1=C(C(=O)N2CCCC2c2ccncc2)C(c2ccc(Cl)c(Cl)c2)n2nccc2N1,309.99999999999994,-2.4913616938342726,0,train
CC1=C(C(=O)N2CCCC2c2ccccn2)C(c2ccc(Cl)c(Cl)c2)n2nccc2N1,660.0000000000001,-2.8195439355418688,0,train
CC1=C(C(=O)N2CCC[C@H]2c2nc(C)no2)C(c2ccc(Cl)c(Cl)c2)n2nccc2N1,160.00000000000009,-2.204119982655925,0,train
CC1=C(C(=O)N2CCC[C@H]2c2nnn(C)n2)C(c2ccc(Cl)c(Cl)c2)n2nccc2N1,480.0,-2.681241237375587,0,train
CC1=C(C(=O)N2CCC[C@H]2c2nc(C)c(C)s2)C(c2ccc(Cl)c(Cl)c2)n2nccc2N1,300.0000000000001,-2.4771212547196626,0,train
CC1=C(C(=O)N2CCC[C@H]2c2cc(C)on2)C(c2ccc(Cl)c(Cl)c2)n2nccc2N1,89.99999999999997,-1.9542425094393248,0,train
CC1=C(C(=O)N2CCC[C@H]2c2ccc(F)cc2)[C@@H](c2ccc(Cl)c(Cl)c2)n2nccc2N1,49.99999999999999,-1.6989700043360187,0,train
OC(c1ccccc1)(c1ccccc1)C(c1ccccc1)N1CCOCC1,204.0,-2.3096301674258988,1,train
CC(C)C(N1CCOCC1)C(O)(c1ccccc1)c1ccccc1,3241.999999999998,-3.510813010512496,0,train
OC(c1cccnc1)(c1cccnc1)C(c1ccccc1)N1CCOCC1,256.0,-2.4082399653118496,1,train
CC(C)C(N1CCOCC1)C(O)(c1cccnc1)c1cccnc1,2140.000000000001,-3.330413773349191,0,train
OC(c1cccnc1)(c1cccnc1)C(Cc1ccccc1)N1CCOCC1,4945.999999999998,-3.6942541120252783,1,test
CCCCC(N1CCOCC1)C(O)(c1cccnc1)c1cccnc1,2869.000000000001,-3.4577305482459986,0,test
CCCCCCC(N1CCOCC1)C(O)(c1cccnc1)c1cccnc1,3357.000000000001,-3.525951341248013,0,train
OC(Cc1ccccc1)(c1cccnc1)c1cccnc1,7107.000000000003,-3.851686315442428,0,train
NC(c1ccccc1)C(O)(c1cccnc1)c1cccnc1,16390.00000000001,-4.214578953570499,0,train
CN(C)C(c1ccccc1)C(O)(c1cccnc1)c1cccnc1,850.0000000000002,-2.929418925714293,0,train
OC(c1cccnc1)(c1cccnc1)C(c1ccccc1)N1CCC1,2222.0,-3.346744054604849,1,test
CCN(CC)C(c1ccccc1)C(O)(c1cccnc1)c1cccnc1,234.00000000000009,-2.369215857410143,0,test
COCCN(C)C(c1ccccc1)C(O)(c1cccnc1)c1cccnc1,583.0,-2.765668554759014,0,train
OC(c1cccnc1)(c1cccnc1)C(c1ccccc1)N1CCCOCC1,516.9999999999999,-2.7134905430939424,1,train
OC(c1cccnc1)(c1cccnc1)C(c1ccccc1)N1CCNCC1,7935.000000000001,-3.899546931090867,1,train
OC(c1cccnc1)(c1cccnc1)C(c1ccccc1)N1CCCCC1,205.99999999999997,-2.3138672203691533,1,train
OC(c1cccnc1)(c1cccnc1)C(c1ccccc1)N1CCCC1,283.9999999999999,-2.453318340047037,1,train
CC(C)(CNC(=O)C1(C(F)(F)F)CC1)CN(C1=NS(=O)(=O)c2cc(F)ccc21)c1ccccc1,239.99999999999997,-2.380211241711606,0,train
CC(C)(CNC(=O)CC(F)(F)F)CN(C1=NS(=O)(=O)c2cc(F)ccc21)c1ccccc1,270.00000000000006,-2.431363764158988,0,train
CC(C)(CNC(=O)c1cscn1)CN(C1=NS(=O)(=O)c2cc(F)ccc21)c1ccccc1,290.0,-2.462397997898956,1,train
CC(C)(CNC(=O)C1CC1(F)F)CN(C1=NS(=O)(=O)c2cc(F)ccc21)c1ccccc1,319.9999999999999,-2.505149978319906,1,test
CC(C)(CNC(=O)C1(C(F)(F)F)CCC1)CN(C1=NS(=O)(=O)c2cc(F)ccc21)c1ccccc1,319.9999999999999,-2.505149978319906,0,train
CC(C)(CNC(=O)n1cccc1)CN(C1=NS(=O)(=O)c2cc(F)ccc21)c1ccccc1,339.99999999999983,-2.531478917042255,1,train
CC(C)(CNC(=O)c1cnccn1)CN(C1=NS(=O)(=O)c2cc(F)ccc21)c1ccccc1,350.0,-2.544068044350276,1,train
CC(C)(CNC(=O)c1ccoc1)CN(C1=NS(=O)(=O)c2cc(F)ccc21)c1ccccc1,360.0,-2.5563025007672877,1,train
CC(C)(CNC(=O)C1(C)CC1)CN(C1=NS(=O)(=O)c2cc(F)ccc21)c1ccccc1,370.0,-2.568201724066995,1,test
COc1cnccc1C(=O)NCC(C)(C)CN(C1=NS(=O)(=O)c2cc(F)ccc21)c1ccccc1,370.0,-2.568201724066995,0,train
CC(C)(CNC(=O)c1ccco1)CN(C1=NS(=O)(=O)c2cc(F)ccc21)c1ccccc1,410.0,-2.6127838567197355,1,train
CC(C)(CNC(=O)C1CCCCO1)CN(C1=NS(=O)(=O)c2cc(F)ccc21)c1ccccc1,440.0,-2.6434526764861874,1,train
CC(C)(CNC(=O)C1(O)CCCCC1)CN(C1=NS(=O)(=O)c2cc(F)ccc21)c1ccccc1,449.99999999999983,-2.6532125137753435,1,train
CC(C)(CNC(=O)c1ncccc1O)CN(C1=NS(=O)(=O)c2cc(F)ccc21)c1ccccc1,460.0000000000003,-2.6627578316815743,1,train
CC(C)(CNC(=O)C(C)(O)C(F)(F)F)CN(C1=NS(=O)(=O)c2cc(F)ccc21)c1ccccc1,480.0,-2.681241237375587,0,train
CC(C)(CNC(=O)C1CC1)CN(C1=NS(=O)(=O)c2cc(F)ccc21)c1ccccc1,490.0000000000002,-2.690196080028514,1,train
Cn1ccnc1C(=O)NCC(C)(C)CN(C1=NS(=O)(=O)c2cc(F)ccc21)c1ccccc1,519.9999999999998,-2.716003343634799,1,test
CC(C)(CNC(=O)C1(C#N)CC1)CN(C1=NS(=O)(=O)c2cc(F)ccc21)c1ccccc1,540.0000000000001,-2.7323937598229686,1,train
CC(C)(CNC(=O)C1(C#N)CCOCC1)CN(C1=NS(=O)(=O)c2cc(F)ccc21)c1ccccc1,559.9999999999998,-2.7481880270062,1,train
CC(C)(CNC(=O)C1(O)CCC(F)(F)CC1)CN(C1=NS(=O)(=O)c2cc(F)ccc21)c1ccccc1,630.0,-2.7993405494535817,0,train
CC(C)(CNC(=O)C1(O)CCCC1)CN(C1=NS(=O)(=O)c2cc(F)ccc21)c1ccccc1,730.0,-2.863322860120456,0,test
CC(C)(CNC(=O)CC1CCCCO1)CN(C1=NS(=O)(=O)c2cc(F)ccc21)c1ccccc1,779.9999999999999,-2.8920946026904804,0,test
CC(C)(CNC(=O)C1(N)CC1)CN(C1=NS(=O)(=O)c2cc(F)ccc21)c1ccccc1,789.9999999999999,-2.8976270912904414,0,train
CC(C)(CNC(=O)C1CCCO1)CN(C1=NS(=O)(=O)c2cc(F)ccc21)c1ccccc1,829.9999999999997,-2.9190780923760737,1,train
CC(C)(CNC(=O)c1cocn1)CN(C1=NS(=O)(=O)c2cc(F)ccc21)c1ccccc1,899.9999999999998,-2.9542425094393248,1,train
CC(C)(CNC(=O)C1CCOCC1(C)C)CN(C1=NS(=O)(=O)c2cc(F)ccc21)c1ccccc1,960.0,-2.9822712330395684,0,train
CC(=O)NCC(C)(C)CN(C1=NS(=O)(=O)c2cc(F)ccc21)c1ccccc1,1180.0000000000002,-3.071882007306125,0,test
CC(C)(CNC(=O)c1cc[nH]c1)CN(C1=NS(=O)(=O)c2cc(F)ccc21)c1ccccc1,1320.0000000000005,-3.12057393120585,1,train
CC(C)(CNC(=O)C1(O)CC1)CN(C1=NS(=O)(=O)c2cc(F)ccc21)c1ccccc1,1350.0,-3.130333768495006,0,train
Cn1cccc1CC(=O)NCC(C)(C)CN(C1=NS(=O)(=O)c2cc(F)ccc21)c1ccccc1,1389.9999999999995,-3.143014800254095,0,train
CC(C)(CNC(=O)C1(O)CCOCC1)CN(C1=NS(=O)(=O)c2cc(F)ccc21)c1ccccc1,1979.999999999999,-3.296665190261531,0,train
CC(C)(CNC(=O)C1COCCN1)CN(C1=NS(=O)(=O)c2cc(F)ccc21)c1ccccc1,2000.0,-3.3010299956639813,0,test
CNC(=O)NCC(C)(C)CN(C1=NS(=O)(=O)c2cc(F)ccc21)c1ccccc1,2220.000000000001,-3.346352974450639,0,train
CC(C)(CNC(=O)C1(N)CCCC1)CN(C1=NS(=O)(=O)c2cc(F)ccc21)c1ccccc1,2640.0000000000014,-3.4216039268698317,0,train
CN1CCCCC1C(=O)NCC(C)(C)CN(C1=NS(=O)(=O)c2cc(F)ccc21)c1ccccc1,2880.0000000000014,-3.459392487759231,0,train
CC(C)(CNC(=O)C1CCCCN1)CN(C1=NS(=O)(=O)c2cc(F)ccc21)c1ccccc1,5969.999999999998,-3.775974331129369,1,train
CC(C)(CNC(=O)c1cccnc1O)CN(C1=NS(=O)(=O)c2cc(F)ccc21)c1ccccc1,9060.000000000002,-3.957128197676813,1,train
CN1CCCC(C(=O)NCC(C)(C)CN(C2=NS(=O)(=O)c3cc(F)ccc32)c2ccccc2)C1,13699.999999999996,-4.136720567156407,1,train
Cn1cnc(C(=O)NCC(C)(C)CN(C2=NS(=O)(=O)c3cc(F)ccc32)c2ccccc2)c1,13899.999999999996,-4.143014800254095,1,test
CC1=C(C(=O)N2CCN(c3ccc(F)cc3)CC2)C(c2ccc(Cl)c(Cl)c2)n2nc(C)cc2N1,124.00000000000004,-2.093421685162235,0,train
CC1=C(C(=O)N2CCN(c3ccccc3)CC2)C(c2ccc(Cl)c(Cl)c2)n2nc(C)cc2N1,149.0,-2.173186268412274,0,train
CC1=C(C(=O)N2CCN(c3ccc(F)cc3)CC2)C(c2ccc(Cl)c(Cl)c2)n2nc(C(F)(F)F)cc2N1,418.99999999999983,-2.622214022966295,0,train
CC1=C(C(=O)N2CCN(c3ccc(F)cc3)CC2)C(c2ccc(Cl)c(Cl)c2)n2nc(Cl)cc2N1,208.9999999999999,-2.320146286111054,0,train
COCC1=C(C(=O)N2CCC[C@H]2c2cc(C)no2)[C@@H](c2ccc(Cl)c(Cl)c2)n2nccc2N1,70.00000000000001,-1.845098040014257,0,test
CC1=C(C(=O)N2CCC[C@H]2c2ccc(F)cc2)[C@@H](c2ccc(Cl)c(Cl)c2)n2nc(C)cc2N1,100.0,-2.0,0,test
CC1=C(C(=O)N2CCC[C@H]2c2cc(C)no2)[C@@H](c2ccc(Cl)c(Cl)c2)n2nc(C)cc2N1,165.0,-2.2174839442139063,0,train
CC1=C(C(=O)N2CCC[C@H]2c2cc(C)no2)[C@@H](c2ccc(Cl)c(Cl)c2)n2nc(C(F)(F)F)cc2N1,101.0,-2.004321373782642,0,train
CC1=C(C(=O)N2CCC[C@H]2c2cc(C)no2)[C@@H](c2ccc(Cl)c(Cl)c2)n2nc(C3CC3)cc2N1,226.9999999999999,-2.3560258571931225,0,train
CC1=C(C(=O)N2CCC[C@H]2c2cc(C)no2)[C@@H](c2nc3ccccc3s2)n2nc(C(F)(F)F)cc2N1,280.99999999999994,-2.44870631990508,0,train
CC1=C(C(=O)N2CCC[C@H]2c2cc(C)no2)[C@@H](c2cc3ccccc3n2C)n2nc(C(F)(F)F)cc2N1,72.00000000000001,-1.8573324964312683,0,train
COCC1=C(C(=O)N2CCC[C@H]2c2cc(C)no2)[C@@H](c2cc3ccccc3n2C)n2nc(C(F)(F)F)cc2N1,150.00000000000003,-2.1760912590556813,0,train
c1ccc([C@@H]([C@H](c2ccccc2)N2CCCCC2)N2CCCCC2)cc1,200.00000000000003,-2.3010299956639813,0,train
O=C(NCc1ccc(OC(F)(F)F)cc1)C1c2ccccc2C(=O)N1CCc1ccccn1,1500.0000000000005,-3.1760912590556813,0,train
O=P(NCc1cccnc1-c1cccnc1)(c1ccccc1)c1ccccc1,2700.0000000000005,-3.431363764158988,0,train
O=P(NCc1cccnc1-c1cc(Cl)cc(Cl)c1)(c1ccccc1)c1ccccc1,79.99999999999999,-1.9030899869919435,0,train
N#Cc1cccc(-c2ncccc2CNP(=O)(c2ccccc2)c2ccccc2)c1,540.0000000000001,-2.7323937598229686,0,train
O=P(NCc1cccnc1-c1cccc(Cl)c1)(c1ccccc1)c1ccccc1,330.00000000000006,-2.5185139398778875,0,train
CCCNC(c1cccnc1)P(=O)(c1ccccc1)c1ccccc1,750.0000000000001,-2.8750612633917,0,train
O=P(c1ccccc1)(c1ccccc1)C(c1cccnc1)N1CCCCC1,140.00000000000006,-2.146128035678238,1,train
O=P(c1ccccc1)(c1ccccc1)C(c1ccccc1)c1cccnc1,100.0,-2.0,1,train
O=P(c1ccccc1)(c1ccccc1)C(c1cccnc1)c1cccnc1,179.99999999999997,-2.255272505103306,1,train
O=P(NCc1ccccc1-c1cccnc1)(c1ccccc1)c1ccccc1,2300.000000000001,-3.361727836017593,0,train
O=P(Nc1cc(F)ccc1-n1cccn1)(c1ccccc1)c1ccccc1,4100.0,-3.612783856719736,0,train
COc1ccc(-c2ncccc2NP(=O)(c2ccccc2)c2ccccc2)cc1,17000.000000000007,-4.230448921378274,0,train
CCCN(c1cccc(S(C)(=O)=O)c1)P(=O)(c1ccccc1)c1ccccc1,930.0000000000002,-2.9684829485539352,0,test
CCCN(c1cccc(C#N)c1)P(=O)(c1ccccc1)c1ccccc1,200.00000000000003,-2.3010299956639813,0,train
N#Cc1cccc(NP(=O)(c2ccccc2)c2ccccc2)c1,11000.000000000007,-4.041392685158225,0,train
CCCN(c1ccon1)P(=O)(c1ccccc1)c1ccccc1,590.0,-2.770852011642144,0,train
CCCN(c1cncnc1)P(=O)(c1ccccc1)c1ccccc1,1000.0,-3.0,0,train
O=P(c1ccccc1)(c1ccccc1)N(Cc1ccccn1)Cc1ccccn1,1300.0000000000005,-3.113943352306837,0,train
N#CCCCN(c1cccnc1)P(=O)(c1ccccc1)c1ccccc1,1899.9999999999995,-3.278753600952829,1,train
COCCN(c1cccnc1)P(=O)(c1ccccc1)c1ccccc1,620.0,-2.792391689498254,0,test
O=P(c1ccccc1)(c1ccccc1)N(Cc1ccccn1)c1cccnc1,530.0000000000001,-2.724275869600789,0,train
O=P(c1ccccc1)(c1ccccc1)N(c1cccnc1)c1cccnc1,1600.000000000001,-3.204119982655925,1,train
CCCN(c1cccnc1)P(=O)(c1ccccc1)c1ccccc1,119.99999999999996,-2.0791812460476247,1,test
CCOCCn1ccnc1C1=C(C)Nc2cc(C(F)(F)F)nn2[C@@H]1c1ccc(Cl)c(Cl)c1,98.0,-1.9912260756924949,0,test
CC1=C(c2nccn2C(C)C)[C@@H](c2ccc(Cl)c(Cl)c2)n2nc(C(F)(F)F)cc2N1,204.0,-2.3096301674258988,0,test
CCn1ccnc1C1=C(C)Nc2cc(C(F)(F)F)nn2[C@@H]1c1ccc(Cl)c(Cl)c1,128.0,-2.1072099696478683,0,train
CCOc1cccc(-n2ncnc2C2=C(C)Nc3cc(C(F)(F)F)nn3[C@@H]2c2ccc(Cl)c(Cl)c2)n1,223.0,-2.3483048630481607,0,train
COc1cccc(-n2ncnc2C2=C(C)Nc3cc(C(F)(F)F)nn3[C@@H]2c2ccc(Cl)c(Cl)c2)n1,86.99999999999999,-1.9395192526186185,0,test
CC1=C(c2ncnn2-c2cccc(C)n2)[C@@H](c2ccc(Cl)c(Cl)c2)n2nc(C(F)(F)F)cc2N1,211.0,-2.3242824552976926,0,train
CC1=C(c2ncnn2-c2ccc(C)cn2)[C@@H](c2ccc(Cl)c(Cl)c2)n2nc(C(F)(F)F)cc2N1,389.0,-2.589949601325708,0,train
CC1=C(c2ncnn2-c2cc(C)ccn2)[C@@H](c2ccc(Cl)c(Cl)c2)n2nc(C(F)(F)F)cc2N1,410.0,-2.6127838567197355,0,train
CC1=C(c2ncnn2-c2cccc(Cl)n2)[C@@H](c2ccc(Cl)c(Cl)c2)n2nc(C(F)(F)F)cc2N1,189.99999999999997,-2.278753600952829,0,train
CC1=C(c2ncnn2-c2cccc(C(F)(F)F)n2)[C@@H](c2ccc(Cl)c(Cl)c2)n2nc(C(F)(F)F)cc2N1,96.0,-1.9822712330395684,0,train
CC1=C(c2ncnn2-c2cccc(F)n2)[C@@H](c2ccc(Cl)c(Cl)c2)n2nc(C(F)(F)F)cc2N1,256.0,-2.4082399653118496,0,train
CC1=C(c2ncnn2C2CCC2)[C@@H](c2ccc(Cl)c(Cl)c2)n2nc(C(F)(F)F)cc2N1,165.0,-2.2174839442139063,0,train
CC1=C(c2ncnn2C2CCC2)[C@@H](c2ccc(Cl)c(Cl)c2)n2nc(C(C)(C)C)cc2N1,283.0,-2.45178643552429,0,test
CC1=C(c2ncnn2C2CCCCC2)[C@@H](c2ccc(Cl)c(Cl)c2)n2nc(C)cc2N1,127.0,-2.103803720955957,0,train
CC1=C(c2ncnn2C2CCC2)[C@@H](c2ccc(Cl)c(Cl)c2)n2nc(C)cc2N1,93.99999999999996,-1.9731278535996983,0,train
CC1=C(c2ncnn2CCCC(F)(F)F)[C@@H](c2ccc(Cl)c(Cl)c2)n2nccc2N1,102.99999999999996,-2.012837224705172,0,test
CC1=C(c2ncnn2CCC(F)(F)F)[C@@H](c2ccc(Cl)c(Cl)c2)n2nccc2N1,150.99999999999994,-2.1789769472931693,0,train
CC1=C(c2ncnn2CC(F)(F)F)[C@@H](c2ccc(Cl)c(Cl)c2)n2nccc2N1,200.00000000000003,-2.3010299956639813,0,train
CC1=C(c2ncnn2CC2CC2)[C@@H](c2ccc(Cl)c(Cl)c2)n2nccc2N1,229.0,-2.359835482339888,0,train
CC1=C(c2ncnn2C2CCC2)[C@@H](c2ccc(Cl)c(Cl)c2)n2nccc2N1,47.99999999999999,-1.6812412373755872,0,train
CC1=C(c2ncnn2C2CCCC2)[C@@H](c2ccc(Cl)c(Cl)c2)n2nccc2N1,37.0,-1.568201724066995,0,test
CC1=C(c2ncnn2C(C)(C)C)[C@@H](c2ccc(Cl)c(Cl)c2)n2nccc2N1,223.0,-2.3483048630481607,0,train
CC1=C(c2ncnn2C2CCCCC2)[C@@H](c2ccc(Cl)c(Cl)c2)n2nccc2N1,59.00000000000001,-1.7708520116421442,0,train
CC1=C(c2ncnn2C(C)C)[C@@H](c2ccc(Cl)c(Cl)c2)n2nccc2N1,89.0,-1.9493900066449128,0,test
CCCn1ncnc1C1=C(C)Nc2ccnn2[C@@H]1c1ccc(Cl)c(Cl)c1,102.0,-2.008600171761917,0,train
CCn1ncnc1C1=C(C)Nc2ccnn2[C@@H]1c1ccc(Cl)c(Cl)c1,191.00000000000009,-2.281033367247728,0,train
CC1=C(c2ncnn2Cc2ccccc2)[C@@H](c2ccc(Cl)c(Cl)c2)n2nccc2N1,135.0,-2.130333768495006,0,test
CC1=C(c2ncn(-c3ccccc3C)n2)[C@@H](c2ccc(Cl)c(Cl)c2)n2nc(C)cc2N1,721.9999999999998,-2.858537197569639,0,train
CC1=C(c2ncnn2-c2ccc(C)cc2)[C@@H](c2ccc(Cl)c(Cl)c2)n2nccc2N1,79.99999999999999,-1.9030899869919435,0,test
COc1ccccc1-n1ncnc1C1=C(C)Nc2ccnn2[C@@H]1c1ccc(Cl)c(Cl)c1,116.00000000000004,-2.0644579892269186,0,train
CC1=C(c2ncnn2-c2ccccc2F)[C@@H](c2ccc(Cl)c(Cl)c2)n2nccc2N1,74.00000000000001,-1.869231719730976,0,train
CC1=C(c2ncnn2-c2cccc(F)c2)[C@@H](c2ccc(Cl)c(Cl)c2)n2nccc2N1,97.0,-1.9867717342662448,0,train
CC1=C(c2ncnn2-c2ccc(F)cc2)[C@@H](c2ccc(Cl)c(Cl)c2)n2nccc2N1,115.00000000000004,-2.060697840353612,0,train
COc1ccc2c(c1)c(/C=N/NS(=O)(=O)c1ccc(C)cc1)cn2CC(=O)Nc1ccc(F)cc1F,2179.999999999999,-3.3384564936046046,0,train
COc1ccc2c(c1)c(/C=N/NS(=O)(=O)c1ccc(C)cc1)cn2CC(=O)Nc1ccc(Cl)cc1,509.9999999999999,-2.7075701760979363,0,train
COc1ccc2c(c1)c(/C=N/NS(=O)(=O)c1ccc(C)cc1)cn2CC(=O)Nc1ccccc1,3729.999999999998,-3.571708831808688,0,train
CCC(=O)Oc1ccc(NC(=O)Cn2cc(/C=N/NS(=O)(=O)c3ccc(C)cc3)c3ccccc32)cc1,2140.000000000001,-3.330413773349191,0,train
Cc1ccc(S(=O)(=O)N/N=C/c2cn(CC(=O)Nc3ccc(F)cc3F)c3ccccc23)cc1,249.99999999999997,-2.397940008672037,1,test
Cc1ccc(S(=O)(=O)N/N=C/c2cn(CC(=O)Nc3ccccc3Cl)c3ccccc23)cc1,740.0000000000001,-2.869231719730976,1,train
Cc1ccc(S(=O)(=O)N/N=C/c2cn(CC(=O)Nc3ccc(Cl)cc3)c3ccccc23)cc1,1899.9999999999995,-3.278753600952829,1,train
Cc1ccc(S(=O)(=O)N/N=C/c2cn(CC(=O)Nc3ccc(OC(F)(F)F)cc3)c3ccccc23)cc1,1520.0000000000002,-3.1818435879447726,0,train
COc1ccc(NC(=O)Cn2cc(/C=N/NS(=O)(=O)c3ccc(C)cc3)c3ccccc32)cc1,16910.000000000015,-4.228143607597742,0,test
Cc1ccc(S(=O)(=O)N/N=C/c2cn(CC(=O)Nc3ccc(C)c(C)c3)c3ccccc23)cc1,11240.0,-4.050766311233042,1,train
Cc1ccc(S(=O)(=O)N/N=C/c2cn(CC(=O)Nc3cc(C)ccc3C)c3ccccc23)cc1,1770.000000000001,-3.247973266361807,1,train
Cc1ccc(S(=O)(=O)N/N=C/c2cn(CC(=O)Nc3ccc(C)cc3C)c3ccccc23)cc1,24010.000000000025,-4.380392160057028,1,train
Cc1ccc(S(=O)(=O)N/N=C/c2cn(CC(=O)Nc3ccccc3)c3ccccc23)cc1,809.9999999999995,-2.908485018878649,1,train
CCCCOc1ccc(S(=O)(=O)NCCc2cn(CC(=O)Nc3ccc(OC)cc3)c3ccccc23)cc1,6209.999999999997,-3.79309160017658,0,train
COc1ccc(S(=O)(=O)NCCc2cn(CC(=O)Nc3ccc(Cl)cc3)c3ccccc23)cc1,3139.999999999999,-3.496929648073215,1,train
COc1ccc(NC(=O)Cn2cc(CCNS(=O)(=O)c3ccc(OC)cc3)c3ccccc32)cc1,1719.999999999999,-3.2355284469075487,1,test
Cc1ccc(S(=O)(=O)NCCc2cn(CC(=O)Nc3ccc(Cl)cc3)c3ccccc23)cc1,12920.000000000004,-4.1112625136590655,1,train
COc1ccc(NC(=O)Cn2cc(CCNS(=O)(=O)c3ccc(C)cc3)c3ccccc32)cc1,38730.000000000015,-4.588047496986083,1,test
CCCCOc1ccc(S(=O)(=O)NCCc2c[nH]c3ccccc23)cc1,9950.000000000002,-3.9978230807457256,0,train
CCCCOc1ccc(S(=O)(=O)NC(Cc2c[nH]c3ccccc23)C(=O)O)cc1,65420.00000000003,-4.815710539788963,0,test
COC(=O)C(Cc1c[nH]c2ccccc12)NS(=O)(=O)c1ccc(F)cc1,6449.999999999996,-3.809559714635268,0,test
COC(=O)C(Cc1c[nH]c2ccccc12)NS(=O)(=O)c1ccc(Br)cc1,2250.000000000001,-3.3521825181113627,0,train
COC(=O)C(Cc1c[nH]c2ccccc12)NS(=O)(=O)c1ccc(C)cc1,4719.999999999997,-3.673941998634088,0,train
COC(=O)C(Cc1c[nH]c2ccccc12)NS(=O)(=O)c1ccc(OC)cc1,5450.000000000002,-3.7363965022766426,0,test
COC(=O)C(Cc1c[nH]c2ccccc12)NS(=O)(=O)c1ccc(OC2CCCC2)cc1,2379.9999999999995,-3.376576957056512,0,train
COC(=O)C(Cc1c[nH]c2ccccc12)NS(=O)(=O)c1ccc(OCC(C)C)cc1,3560.000000000001,-3.5514499979728757,0,train
COC(=O)C(Cc1c[nH]c2ccccc12)NS(=O)(=O)c1ccc(OC(C)C)cc1,3929.999999999999,-3.5943925503754266,0,train
CCCCOc1ccc(S(=O)(=O)NC(Cc2c[nH]c3ccccc23)C(=O)OC)cc1,8370.0,-3.92272545799326,0,train
CN1C(=O)CC[C@H]1CN(Cc1ccc(Cl)cc1)S(=O)(=O)c1cccc(C#N)c1,209.99999999999991,-2.322219294733919,1,train
N#Cc1cccc(S(=O)(=O)N(Cc2cccc(Cl)c2)C[C@@H]2CCC(=O)N2)c1,4300.000000000001,-3.633468455579586,0,train
N#Cc1cccc(S(=O)(=O)N(Cc2ccc(Cl)cc2)C[C@@H]2CCC(=O)N2)c1,2199.9999999999995,-3.342422680822206,0,train
CCN1C(=O)CC[C@H]1CN(Cc1ccc(F)cc1)S(=O)(=O)c1cccc(C#N)c1,2800.0000000000014,-3.4471580313422194,1,train
CN1C(=O)CC[C@H]1CN(Cc1ccc(F)cc1)S(=O)(=O)c1cccc(C#N)c1,809.9999999999995,-2.908485018878649,0,train
N#Cc1cccc(S(=O)(=O)N(CC[C@@H]2CCC(=O)N2)Cc2ccc(F)cc2)c1,2700.0000000000005,-3.431363764158988,0,train
N#Cc1cccc(S(=O)(=O)N(Cc2ccc(F)cc2)C[C@@H]2CCCC(=O)N2)c1,7600.0,-3.880813592280792,0,train
CS(=O)(=O)c1cccc(S(=O)(=O)N(Cc2ccc(F)cc2)C[C@@H]2CCC(=O)N2)c1,8700.000000000004,-3.9395192526186182,0,test
COc1cccc(S(=O)(=O)N(Cc2ccc(F)cc2)C[C@@H]2CCC(=O)N2)c1,2000.0,-3.3010299956639813,0,train
O=C1CC[C@@H](CN(Cc2ccc(F)cc2)S(=O)(=O)c2cc(Cl)cc(Cl)c2)N1,8099.999999999995,-3.9084850188786495,1,train
O=C1CC[C@@H](CN(Cc2ccc(F)cc2)S(=O)(=O)c2cccc(Cl)c2)N1,800.0000000000003,-2.903089986991944,1,train
O=C1CC[C@@H](CN(Cc2ccc(F)cc2)S(=O)(=O)c2cccc(F)c2)N1,7200.000000000001,-3.857332496431269,0,train
O=C1CC[C@@H](CN(Cc2ccc(F)cc2)S(=O)(=O)c2ccccc2)N1,8800.000000000002,-3.9444826721501687,1,train
O=C1CC[C@@H](CN(Cc2ccc(F)cc2)S(=O)(=O)c2ccc(F)cc2)N1,4100.0,-3.612783856719736,0,train
O=S(=O)(c1ccc(F)cc1)N(Cc1ccc(F)cc1)Cc1ccccn1,2000.0,-3.3010299956639813,0,train
O=S(=O)(c1ccccc1F)N(Cc1ccccc1)Cc1ccc(F)cc1,4799.999999999999,-3.681241237375587,0,test
NC(=O)c1ccc(N(Cc2ccc(F)cc2)S(=O)(=O)c2ccccc2F)cc1,2199.9999999999995,-3.342422680822206,0,train
COc1ccc(S(=O)(=O)N(Cc2ccccc2)[C@H]2CCCC[C@@H]2O)cc1,2000.0,-3.3010299956639813,0,train
COc1ccc(S(=O)(=O)N[C@H]2CCCC[C@@H]2OCc2ccccc2)cc1,28000.00000000001,-4.447158031342219,0,train
O=C(c1cccs1)N1CCN(c2ccc(OC(F)(F)F)cc2)CC1,48360.0,-4.684486292188734,0,train
O=C(c1cccs1)N1CCN(CCOc2ccccc2)CC1,37500.0,-4.574031267727719,0,train
Cc1ccc(OCCN2CCN(C(=O)c3cccs3)CC2)cc1,1520.0000000000002,-3.1818435879447726,1,test
Cc1ccccc1OCCN1CCN(C(=O)c2cccs2)CC1,13530.000000000016,-4.131297796597623,1,train
COc1ccc(OCCN2CCN(C(=O)c3cccs3)CC2)cc1,21920.000000000007,-4.340840549812332,1,train
O=C(c1cccs1)N1CCN(CCOc2ccc(OC(F)(F)F)cc2)CC1,6439.999999999999,-3.808885867359812,0,train
O=C(c1ccccc1)N1CCN(CCOc2ccccc2)CC1,38779.99999999998,-4.588607804742686,0,train
O=C(c1ccccc1)N1CCN(CCOc2ccc(Cl)cc2)CC1,3970.000000000001,-3.598790506763115,0,train
N#Cc1ccc(OCCN2CCN(C(=O)c3ccccc3)CC2)cc1,4229.999999999999,-3.6263403673750414,0,test
Cc1ccc(OCCN2CCN(C(=O)c3ccccc3)CC2)cc1,25269.999999999996,-4.402605241919915,1,train
COc1ccc(C(=O)N2CCN(CCOc3ccccc3)CC2)cc1,16069.999999999996,-4.206015876763344,0,train
COc1ccc(C(=O)N2CCN(CCOc3ccc(Cl)cc3)CC2)cc1,5499.999999999997,-3.740362689494244,0,train
Cc1ccc(C(=O)N2CCN(CCOc3ccccc3)CC2)cc1,7140.000000000001,-3.8536982117761744,0,train
Cc1ccc(C(=O)N2CCN(CCOc3ccc(Cl)cc3)CC2)cc1,4509.999999999998,-3.65417654187796,0,train
O=C(c1ccccc1Cl)N1CCN(CCOc2ccccc2)CC1,56749.99999999996,-4.75396586586516,0,train
O=C(CN1CCN(CCOc2ccccc2)CC1)Nc1ccccc1,28570.00000000002,-4.455910240382743,0,train
Cc1ccccc1OCCN1CCN(CC(=O)Nc2ccccc2)CC1,11819.999999999993,-4.072617476545236,0,train
O=C(CN1CCN(CCOc2ccc(OC(F)(F)F)cc2)CC1)Nc1ccccc1,7329.999999999997,-3.865103974641128,0,train
O=C(CN1CCN(CCOc2ccc(Cl)cc2)CC1)Nc1ccccc1,4380.000000000002,-3.6414741105041,0,train
N#Cc1ccc(OCCN2CCN(CC(=O)Nc3ccccc3)CC2)cc1,9099.999999999996,-3.959041392321093,0,train
COc1ccc(NC(=O)CN2CCN(CCOc3ccccc3)CC2)cc1,10130.00000000001,-4.005609445360281,1,test
COc1ccc(NC(=O)CN2CCN(CCOc3ccc(C#N)cc3)CC2)cc1,14460.000000000004,-4.160168292958512,0,test
COc1ccc(NC(=O)CN2CCN(CCOc3ccc(Cl)cc3)CC2)cc1,2619.999999999998,-3.418301291319745,0,train
Cc1ccc(NC(=O)CN2CCN(CCOc3ccccc3)CC2)cc1,16109.999999999984,-4.207095540419218,0,train
Cc1ccc(NC(=O)CN2CCN(CCOc3ccc(C#N)cc3)CC2)cc1,4490.000000000001,-3.6522463410033232,0,test
Cc1ccc(NC(=O)CN2CCN(CCOc3ccc(Cl)cc3)CC2)cc1,5019.999999999999,-3.7007037171450192,0,train
O=C(CN1CCN(CCOc2ccccc2)CC1)Nc1ccccc1Cl,29419.99999999998,-4.468642668391511,0,train
O=C(CN1CCN(CCOc2ccc(Cl)cc2)CC1)Nc1ccccc1Cl,3589.999999999998,-3.555094448578319,0,train
O=C(CN1CCN(CCOc2ccccc2)CC1)Nc1nccs1,29339.999999999985,-4.467460109507264,0,train
Cc1ccc(OCCN2CCN(CC(=O)Nc3nccs3)CC2)cc1,8930.0,-3.9508514588885455,0,train
Cc1ccccc1OCCN1CCN(CC(=O)Nc2nccs2)CC1,1240.0000000000002,-3.093421685162235,1,train
Cc1ccc(OCCN2CCN(CC(=O)Nc3nccs3)CC2)c(C)c1,17159.999999999996,-4.234517283512687,0,train
Cc1ccc(OCCN2CCN(CC(=O)Nc3nccs3)CC2)cc1C,50239.99999999996,-4.701049630729139,1,train
Cc1cccc(C)c1OCCN1CCN(CC(=O)Nc2nccs2)CC1,85929.99999999993,-4.934144811792477,1,train
CC(C)(C)c1ccc(OCCN2CCN(CC(=O)Nc3nccs3)CC2)cc1,63180.00000000002,-4.80057962156913,0,train
COc1ccc(OCCN2CCN(CC(=O)Nc3nccs3)CC2)cc1,9130.000000000004,-3.960470777534299,0,test
O=C(CN1CCN(CCOc2ccc(OC(F)(F)F)cc2)CC1)Nc1nccs1,2289.9999999999995,-3.359835482339888,0,train
O=C(CN1CCN(CCOc2ccccc2Cl)CC1)Nc1nccs1,3389.9999999999995,-3.530199698203082,0,train
N#Cc1ccc(OCCN2CCN(CC(=O)Nc3nccs3)CC2)cc1,969.9999999999998,-2.9867717342662448,1,train
O=C(CN1CCN(CCOc2ccc(Cl)cc2)CC1)Nc1nccs1,5180.000000000002,-3.714329759745233,0,train
O=C(CN1CCN(CCOc2ccc3ccccc3c2)CC1)Nc1nccs1,68030.0,-4.832700470960567,0,test
N#Cc1ccc(OCCN2CCN(C(=O)c3cccs3)CC2)cc1,10169.999999999993,-4.007320952922744,1,train
O=C(c1cccs1)N1CCN(CCOc2ccc(F)cc2)CC1,12710.000000000013,-4.1041455505540085,1,test
O=C(c1cccs1)N1CCN(CCOc2ccc(Br)cc2)CC1,12179.999999999996,-4.085647288296856,1,train
O=C(c1cccs1)N1CCN(CCOc2ccccc2Cl)CC1,9740.000000000004,-3.988558956878616,0,test
O=C(c1cccs1)N1CCN(CCOc2ccc(Cl)cc2Cl)CC1,1480.0000000000005,-3.170261715394957,0,train
O=C(c1cccs1)N1CCN(CCOc2ccc(Cl)cc2)CC1,720.0000000000001,-2.8573324964312685,1,train
COc1cccc2ccnc(NCC(C)(C)c3ccccc3)c12,22.0,-1.3424226808222062,0,train
COc1cccc2nc(O)nc(NCC(C)(C)c3ccccc3)c12,23.0,-1.3617278360175928,0,train
COc1cccc2snc(NCC(C)(C)c3ccccc3)c12,24.500000000000007,-1.3891660843645326,0,train
COc1cccc2onc(NCC(C)(C)c3ccccc3)c12,43.000000000000014,-1.6334684555795866,0,train
COc1cccc2nc(Cl)nc(NCC(C)(C)c3ccccc3)c12,73.0,-1.863322860120456,0,train
CCNC(=O)O[C@H]1CC[C@](CNc2nn(C)c3cccc(OC)c23)(c2ccccc2)CC1,88.00000000000001,-1.944482672150169,0,train
COc1cccc2ncnc(NCC(C)(C)c3ccccc3)c12,118.00000000000004,-2.071882007306125,0,test
CCNC(=O)O[C@H]1CC[C@](CNc2n[nH]c3cccc(OC)c23)(c2ccccc2)CC1,138.0,-2.1398790864012365,0,test
COc1cccc2onc(N(C)CC(C)(C)c3ccccc3)c12,187.00000000000003,-2.271841606536499,0,train
COc1cccc2oc(=O)nc(NCC(C)(C)c3ccccc3)c12,197.0,-2.294466226161593,0,train
COc1cccc2c1c(NCC(C)(C)c1ccccc1)nn2C,197.99999999999991,-2.296665190261531,0,train
CCc1cccc2onc(NCC(C)(C)c3ccccc3)c12,219.00000000000009,-2.3404441148401185,0,test
CC(C)(CNc1noc2cccc(O)c12)c1ccccc1,261.9999999999999,-2.418301291319745,0,train
CC(C)(CNc1noc2ccccc12)c1ccccc1,784.0,-2.8943160626844384,0,train
COc1cccc2c1C(NC[C@]1(c3ccccc3)CC[C@H](O)CC1)=NS2(=O)=O,34.0,-1.5314789170422551,0,train
COc1cccc2c1C(NC[C@]1(c3ccccc3)CC[C@H](Nc3ncccn3)CC1)=NS2(=O)=O,47.00000000000001,-1.6720978579357175,0,train
COc1cccc2c1C(NC[C@]1(c3ccccc3)CC[C@H](n3cnnn3)CC1)=NS2(=O)=O,32.00000000000001,-1.505149978319906,0,test
CCNC(=O)O[C@H]1CC[C@](CNC2=NS(=O)(=O)c3cccc(OC)c32)(c2ccccc2)CC1,64.99999999999999,-1.8129133566428557,0,test
COc1cccc2c1C(NC[C@]1(c3ccccc3)CC[C@H](OC(=O)NC3CC3)CC1)=NS2(=O)=O,170.00000000000006,-2.230448921378274,0,train
COc1cccc2c1C(NC[C@]1(c3ccccc3)CC[C@H](OC(=O)NCCC(F)(F)F)CC1)=NS2(=O)=O,89.0,-1.9493900066449128,0,train
COc1cccc2c1C(NC[C@]1(c3ccccc3)CC[C@H](OC(=O)Nc3nnc(C4CC4)s3)CC1)=NS2(=O)=O,92.0,-1.9637878273455556,0,train
COc1cccc2c1C(NC[C@]1(c3ccccc3)CC[C@H](OC(=O)Nc3ccc(N(C)C)cc3)CC1)=NS2(=O)=O,30.0,-1.4771212547196624,0,train
CCOC(=O)N[C@H]1CC[C@](CNC2=NS(=O)(=O)c3cccc(OC)c32)(c2ccccc2)CC1,55.00000000000001,-1.740362689494244,0,train
COc1cccc2c1C(NC[C@]1(c3ccccc3)CC[C@H](NC(=O)OC(C)C)CC1)=NS2(=O)=O,52.00000000000001,-1.7160033436347992,0,train
COc1cccc2c1C(NC[C@]1(c3ccccc3)CC[C@H](NC(=O)OCC(F)(F)F)CC1)=NS2(=O)=O,28.0,-1.4471580313422192,0,train
CCS(=O)(=O)N[C@H]1CC[C@](CNC2=NS(=O)(=O)c3cccc(OC)c32)(c2ccccc2)CC1,60.0,-1.7781512503836436,0,train
CCN(CC)S(=O)(=O)N[C@H]1CC[C@](CNC2=NS(=O)(=O)c3cccc(OC)c32)(c2ccccc2)CC1,52.00000000000001,-1.7160033436347992,0,train
CCN1C(=O)C(C)(C)C(=O)N(C)c2cc(OCCCN(CCn3ccc4ccccc4c3=O)S(=O)(=O)c3ccccc3)ccc21,360.0,-2.5563025007672877,0,train
CCN1C(=O)C(C)(C)C(=O)N(C)c2cc(OCCCN(CCn3ccc4sccc4c3=O)Cc3cccnc3C)ccc21,500.0,-2.6989700043360187,0,train
CCN1C(=O)C(C)(C)C(=O)N(C)c2cc(OCCCN(CCn3ccc4occc4c3=O)Cc3cnccc3C)ccc21,460.0000000000003,-2.6627578316815743,0,train
CCN1C(=O)C(C)(C)C(=O)N(C)c2cc(OCCCN(CCn3ccc4occc4c3=O)Cc3cccnc3C)ccc21,440.0,-2.6434526764861874,0,test
CCN1C(=O)C(C)(C)C(=O)N(C)c2cc(OCCCN(CCn3ccc4oc(C)cc4c3=O)Cc3cnccc3C)ccc21,330.00000000000006,-2.5185139398778875,0,train
CCN1C(=O)C(C)(C)C(=O)N(C)c2cc(OCCCN(CCn3ccc4sccc4c3=O)Cc3cccnc3)ccc21,419.9999999999999,-2.6232492903979003,0,train
CCN1C(=O)C(C)(C)C(=O)N(C)c2cc(OCCCN(CCn3ccc4occc4c3=O)Cc3cccnc3)ccc21,389.9999999999999,-2.591064607026499,0,train
CCN1C(=O)C(C)(C)C(=O)N(C)c2cc(OCCCN(CCn3ccc4ccoc4c3=O)Cc3cccs3)ccc21,179.99999999999997,-2.255272505103306,0,train
CCN1C(=O)C(C)(C)C(=O)N(C)c2cc(OCCCN(CCn3ccc4ccoc4c3=O)Cc3ccccc3C)ccc21,220.0,-2.342422680822206,0,train
CCN1C(=O)C(C)(C)C(=O)N(C)c2cc(OCCCN(CCn3ccc4ccoc4c3=O)Cc3ccc(C(F)(F)F)cc3)ccc21,189.99999999999997,-2.278753600952829,0,train
CCN1C(=O)C(C)(C)C(=O)N(C)c2cc(OCCCN(CCn3ccc4ccoc4c3=O)Cc3ccc(C#N)cc3)ccc21,160.00000000000009,-2.204119982655925,0,test
CCN1C(=O)C(C)(C)C(=O)N(C)c2cc(OCCCN(CCc3cccnc3)Cc3ccccc3-c3cccnc3)ccc21,179.99999999999997,-2.255272505103306,0,train
CCN1C(=O)C(C)(C)C(=O)N(C)c2cc(OCCCN(CCc3cccnc3)Cc3cccc(C#N)c3)ccc21,160.00000000000009,-2.204119982655925,0,test
CCN1C(=O)C(C)(C)C(=O)N(C)c2cc(OCCCN(CCc3cccnc3)Cc3ccccc3)ccc21,290.0,-2.462397997898956,0,train
CCN1C(=O)C(C)(C)C(=O)N(C)c2cc(OCCCN(CCn3ccc4ccccc4c3=O)Cc3ccco3)ccc21,270.00000000000006,-2.431363764158988,0,train
CCN1C(=O)C(C)(C)C(=O)N(C)c2cc(OCCCN(CCn3ccc4ccccc4c3=O)Cc3ccsc3)ccc21,189.99999999999997,-2.278753600952829,0,test
CCN1C(=O)C(C)(C)C(=O)N(C)c2cc(OCCCN(CCn3ccc4ccccc4c3=O)Cc3ccc(C#N)cc3)ccc21,150.00000000000003,-2.1760912590556813,0,train
CCN1C(=O)C(C)(C)C(=O)N(C)c2cc(OCCCN(CCn3ccc4ccsc4c3=O)Cc3ccncc3)ccc21,380.0,-2.57978359661681,0,train
CCN1C(=O)C(C)(C)C(=O)N(C)c2cc(OCCCN(CCn3c(=O)ccc4ccccc43)Cc3ccncc3)ccc21,239.99999999999997,-2.380211241711606,0,test
O=C(NCc1ccncc1)C1c2ccccc2C(=O)N1Cc1ccccc1-c1ccccc1,13000.000000000004,-4.113943352306837,0,train
Cc1c(OC(F)F)ccc2c1C(=O)N(Cc1ccccc1-c1ccccc1)C2C(=O)NC(C)(C)C,1199.9999999999995,-3.0791812460476247,0,train
Cc1c(OS(C)(=O)=O)ccc2c1C(=O)N(Cc1ccccc1-c1ccccc1)C2C(=O)NC(C)(C)C,10500.000000000004,-4.021189299069938,0,train
COc1ccc2c(c1)C(=O)N(Cc1ccccc1-c1ccccc1)C2C(=O)NC(C)(C)C,11300.000000000004,-4.05307844348342,0,train
CC(C)(C)NC(=O)C1c2ccc(C#N)cc2C(=O)N1Cc1ccccc1-c1ccccc1,37000.0,-4.568201724066995,0,train
CC(C)(C)NC(=O)C1c2ccccc2C(=O)N1Cc1ccc(F)cc1-c1ccc(F)cc1,1400.0000000000005,-3.146128035678238,0,train
CC(C)(C)NC(=O)C1c2ccccc2C(=O)N1Cc1ccccc1-c1ccc(F)cc1,6000.000000000003,-3.778151250383644,0,test
Cc1c(O)ccc2c1C(=O)N(Cc1ccccc1-c1ccc(F)cc1)C2C(=O)NC(C)(C)C,2700.0000000000005,-3.431363764158988,0,train
Cc1c(O)ccc2c1C(=O)N(Cc1ccccc1-c1ccc(F)c(F)c1)C2C(=O)NC(C)(C)C,3500.0000000000005,-3.544068044350276,0,test
CC(C)(CN1C(=O)c2ccccc2C1C(=O)NCC(F)F)c1ccc(F)cc1,1199.9999999999995,-3.0791812460476247,0,train
CC(C)(CN1C(=O)c2ccccc2C1C(=O)NCCCC(F)F)c1ccc(F)cc1,599.9999999999997,-2.7781512503836434,0,train
CCCCNC(=O)C1c2ccccc2C(=O)N1CC(C)(O)c1ccc(Cl)cc1,1199.9999999999995,-3.0791812460476247,0,train
CC(CN1C(=O)c2ccccc2C1C(=O)NCC(F)F)c1ccc(Cl)cc1,1199.9999999999995,-3.0791812460476247,0,test
CCCCNC(=O)C1c2ccccc2C(=O)N1CC(C)c1ccc(F)cc1,899.9999999999998,-2.9542425094393248,0,train
COc1ccc(C(=O)Oc2cc(O)cc3oc(-c4ccc(OC)cc4)cc(=O)c23)cc1,2040.0,-3.3096301674258988,0,test
COc1ccc(-c2cc(=O)c3ccccc3o2)cc1,8999.999999999998,-3.9542425094393248,0,train
COc1ccc(-c2cc(=O)c3cc(Cl)ccc3o2)cc1,23500.000000000025,-4.371067862271737,0,train
COc1ccc(-c2cc(=O)c3cc(C)ccc3o2)cc1,13699.999999999996,-4.136720567156407,0,train
CCN1C(=O)C(C)(C)C(=O)N(C)c2cc(CCCN(CCn3ccc4oc(C)cc4c3=O)Cc3ccncc3)ccc21,620.0,-2.792391689498254,0,train
Cn1c(=O)ccc2cc(OCCCCCN(CCCc3ccccc3)Cc3cccnc3)ccc21,809.9999999999995,-2.908485018878649,0,train
Cn1c(=O)ccc2cc(OCCCCCN(Cc3cccnc3)Cc3cccnc3)ccc21,509.9999999999999,-2.7075701760979363,0,test
Cn1c(=O)ccc2cc(OCCCCCN(CCCc3ccccc3)c3cccnc3)ccc21,599.9999999999997,-2.7781512503836434,0,train
O=C1NCCc2cc(OCCCN(CCc3cccnc3)Cc3ccncc3)ccc21,940.0000000000002,-2.9731278535996988,0,train
Cn1c(=O)ccc2cc(OCCCN(CCc3ccccn3)Cc3ccncc3)ccc21,6300.0,-3.7993405494535817,1,train
CN(CCN(CCCOc1ccc2c(ccc(=O)n2C)c1)Cc1ccncc1)C(=O)c1ccccc1,1700.000000000001,-3.230448921378274,0,train
CCn1c(=O)ccc2cc(OCCCN(CCc3cccnc3)Cc3ccncc3)ccc21,319.9999999999999,-2.505149978319906,1,train
Cn1c(=O)c(OCCCN(CCc2cccnc2)Cc2ccncc2)cc2ccccc21,300.0000000000001,-2.4771212547196626,0,train
Cn1c(=O)ccc2cc(OCCCCCN(CCc3cccnc3)C(=O)c3cccnc3)ccc21,1400.0000000000005,-3.146128035678238,0,train
CCN1C(=O)C(C)(C)C(=O)N(C)c2cc(CN(CCn3ccc4oc(C)cc4c3=O)Cc3cccnc3COC)ccc21,630.0,-2.7993405494535817,0,train
CCN1C(=O)C(C)(C)C(=O)N(C)c2cc(CN(CCn3cc(C)c4occc4c3=O)Cc3cccnc3COC)ccc21,2900.0,-3.462397997898956,0,test
CCN1C(=O)C(C)(C)C(=O)N(C)c2cc(CN(CCc3cccnc3)C(=O)Cc3cn(C)c4ccccc34)ccc21,860.0000000000003,-2.934498451243568,0,train
CS(=O)(=O)Nc1cccc([C@H](c2ccc(F)cc2)C(c2cccnc2)c2cccnc2)n1,10.0,-1.0,0,train
O[C@@H](c1cccnc1-c1cc(Cl)cc(Cl)c1)C(c1cccnc1)c1cccnc1,20.000000000000004,-1.3010299956639813,1,train
CN(c1cccnc1)c1ncccc1CC(c1cccnc1)c1cccnc1,89.99999999999997,-1.9542425094393248,0,train
c1ccc(-c2ccccc2CC(c2cccnc2)c2cccnc2)cc1,1385.9999999999998,-3.141763230275788,1,train
N#Cc1cccc(-c2cc(F)ccc2CC(c2cccnc2)c2cccnc2)c1,135.99999999999997,-2.133538908370217,0,train
CN(C)C(=O)c1cccc(-c2ccccc2CC(c2cccnc2)c2cccnc2)c1,63.99999999999999,-1.806179973983887,0,train
CS(=O)(=O)Nc1cccc(-c2cc(F)ccc2CC(c2cccnc2)c2cccnc2)n1,1591.9999999999995,-3.20194306340165,0,train
CS(=O)(=O)Nc1cccc(-c2cc(F)ccc2CC(c2cccnc2)c2cccnc2)c1,578.9999999999998,-2.762678563727436,0,train
c1cncc(C(Cc2ccccc2-c2ccncc2)c2cccnc2)c1,443.99999999999983,-2.64738297011462,0,train
c1cncc(-c2ccccc2CC(c2cccnc2)c2cccnc2)c1,63.99999999999999,-1.806179973983887,1,train
c1cncc(C(Cc2ccccc2-c2cncc3ccccc23)c2cccnc2)c1,133.0,-2.123851640967086,0,test
Fc1ccc(CC(c2cccnc2)c2cccnc2)c(-c2cccc(C(F)(F)F)c2)c1,1276.0,-3.1058506743851435,0,train
FC(F)(F)c1cccc(-c2ncccc2CC(c2cccnc2)c2cccnc2)c1,83.99999999999999,-1.9242792860618816,0,train
FC(F)(F)Oc1cccc(-c2ncccc2CC(c2cccnc2)c2cccnc2)c1,33.0,-1.5185139398778875,0,train
COc1cccc(-c2ncccc2CC(c2cccnc2)c2cccnc2)c1,40.99999999999999,-1.6127838567197357,0,train
Clc1ccccc1-c1ncccc1CC(c1cccnc1)c1cccnc1,23.0,-1.3617278360175928,0,test
Clc1cccc(-c2ncccc2CC(c2cccnc2)c2cccnc2)c1,30.0,-1.4771212547196624,0,train
CN(C)C(=O)c1cccc(-c2ncccc2CC(c2ccnc(N)n2)c2cccnc2F)c1,160.99999999999994,-2.206825876031849,0,train
N#Cc1cccc(-c2cccc(Cl)c2CC(c2cccnc2)c2cccnc2)c1,2864.999999999998,-3.457124626303409,0,train
Cc1cc(F)ccc1-c1ccccc1C(C#N)C(c1cccnc1)c1cccnc1,136.99999999999997,-2.1367205671564067,0,train
CC(=O)NC(c1ccccc1-c1cc(Cl)cc(Cl)c1)C(c1cccnc1)c1cccnc1,148.00000000000003,-2.170261715394957,0,train
Clc1ccccc1-c1ncccc1CC(c1cccnc1)c1cccnc1Cl,26.0,-1.414973347970818,0,train
Nc1cccc(C(Cc2cccnc2-c2cccc(C(F)(F)F)c2)c2cccnc2)n1,56.00000000000001,-1.7481880270062005,0,test
Nc1cccc(C(Cc2cccnc2-c2cc(Cl)cc(Cl)c2)c2cccnc2)n1,62.0,-1.792391689498254,0,train
OC(c1cccnc1-c1ccccc1Cl)C(c1cccnc1)c1cccnc1,170.99999999999991,-2.2329961103921536,0,train
OC(c1cccnc1-c1cccc(Cl)c1)C(c1cccnc1)c1cccnc1,283.0,-2.45178643552429,0,test
O[C@@H](c1cccnc1-c1cccc(C(F)(F)F)c1)C(c1cccnc1)c1cccnc1,290.0,-2.462397997898956,0,test
OC(c1cccnc1-c1cccc(Cl)c1Cl)C(c1cccnc1)c1cccnc1,109.99999999999996,-2.041392685158225,0,train
OC(Cc1cccnc1-c1cc(Cl)cc(Cl)c1)(c1cccnc1)c1cccnc1,83.99999999999999,-1.9242792860618816,0,train
OC(c1cccnc1-c1cc(Cl)cc(Cl)c1)C(c1cccnc1)c1ccccn1,232.99999999999997,-2.367355921026019,1,train
OC(c1cccnc1-c1cccc(Cl)c1)C(c1cccnc1)c1ncco1,276.0,-2.4409090820652177,0,test
OC(Cc1cccnc1-c1cccc(C(F)(F)F)c1)(c1cccnc1F)c1cccnc1F,194.99999999999991,-2.290034611362518,0,test
Nc1cccc(C(c2cccnc2)C(O)c2cccnc2-c2cc(Cl)cc(Cl)c2)n1,153.00000000000003,-2.184691430817599,0,train
CN(C)C(=O)c1cccc(-c2ccc(F)cc2CC(c2cccnc2)c2cccnc2)c1,116.00000000000004,-2.0644579892269186,0,train
O=S(=O)(c1cccc(Nc2nc(Cl)nc3cccc(-c4ccccc4)c23)c1)N1CCOCC1,209.99999999999991,-2.322219294733919,0,train
O=S(=O)(c1cccc(Nc2nc(-c3cncnc3)nc3cccc(-c4ccccc4)c23)c1)N1CCOCC1,79.99999999999999,-1.9030899869919435,0,train
c1ccc(-c2cccc3nc(-c4cncnc4)nc(NCc4ccccn4)c23)cc1,89.99999999999997,-1.9542425094393248,0,train
CN(C)c1ccc(-c2cccc3nc(-c4cncnc4)nc(NCc4ccccn4)c23)cc1,330.00000000000006,-2.5185139398778875,0,train
COc1ncc(-c2nc(NCc3ccccn3)c3c(-c4ccccc4)cccc3n2)cn1,100.0,-2.0,0,train
c1ccc(-c2cccc3nc(-c4cccnc4)nc(NCc4ccccn4)c23)cc1,60.0,-1.7781512503836436,0,train
Oc1ccc(-c2nc(NCc3ccccn3)c3c(-c4ccccc4)cccc3n2)cn1,109.99999999999996,-2.041392685158225,0,test
NC(=O)c1ccc(-c2nc(NCc3ccccn3)c3c(-c4ccccc4)cccc3n2)cn1,100.0,-2.0,0,train
CC(=O)Nc1cncc(-c2nc(NCc3ccccn3)c3c(-c4ccccc4)cccc3n2)c1,100.0,-2.0,0,test
NS(=O)(=O)c1cncc(-c2nc(NCc3ccccn3)c3c(-c4ccccc4)cccc3n2)c1,46.0,-1.662757831681574,0,train
Nc1nc(/C=C/CNC(=O)c2cc(Br)c[nH]2)c[nH]1,7600.0,-3.880813592280792,0,train
Nc1ncc(/C=C/CNC(=O)c2cc(Br)c(Br)[nH]2)[nH]1,16000.00000000001,-4.204119982655925,0,test
Nc1nc(/C=C/CNC(=O)c2cc(Cl)c(Cl)[nH]2)c[nH]1,6100.000000000002,-3.785329835010767,0,train
COCCN(C[C@H](C)O)[C@H](c1ccccn1)[C@@H](c1ccccn1)N1C2CCC1CC(OC)C2,5599.999999999998,-3.7481880270062,0,train
CCCN(CCC)[C@H](c1ccccn1)[C@@H](c1ccccn1)N(C[C@@H](C)O)C[C@@H](C)O,2099.999999999999,-3.322219294733919,0,test
CCCN(C[C@H](C)O)[C@H](c1ccccn1)[C@@H](c1ccccn1)N1C2CCCC1CC2,3399.999999999998,-3.531478917042255,0,train
CCCN(CC)[C@H](c1ccccn1)[C@@H](c1ccccn1)N(CCOC)C[C@H](C)CO,10000.0,-4.0,0,train
CCCN(CCC)[C@H](c1ccccn1)[C@@H](c1ccccn1)N(CCOC)C[C@H](C)O,2700.0000000000005,-3.431363764158988,0,train
CCCN(CC)[C@H](c1ccccn1)[C@@H](c1ccccn1)N(CC)CCC,3199.999999999999,-3.505149978319906,1,test
CCCN(CCC)[C@H](c1ccccn1)[C@@H](c1ccccn1)N(CCC)CCC,220.0,-2.342422680822206,1,train
FC(F)(F)c1ccc(-c2cccc3nc(-c4cncnc4)nc(NCc4ccccn4)c23)cc1,150.00000000000003,-2.1760912590556813,0,train
Fc1ccc(-c2cccc3nc(-c4cncnc4)nc(NCc4ccccn4)c23)cc1,249.99999999999997,-2.397940008672037,0,test
N#Cc1ccc(-c2nc(NCc3ccccn3)c3c(-c4ccccc4)cccc3n2)cn1,130.00000000000006,-2.113943352306837,0,train
c1ccc(-c2cccc3nc(-c4ccncc4)nc(NCc4ccccn4)c23)cc1,40.000000000000014,-1.6020599913279625,0,test
COc1cncc(-c2nc(NCc3ccccn3)c3c(-c4ccccc4)cccc3n2)c1,119.99999999999996,-2.0791812460476247,0,train
c1ccc(-c2cccc3nc(-c4cn[nH]c4)nc(NCc4ccccn4)c23)cc1,160.00000000000009,-2.204119982655925,0,train
Cc1noc(C)c1-c1nc(NCc2ccccn2)c2c(-c3ccccc3)cccc2n1,89.99999999999997,-1.9542425094393248,0,test
c1ccc(-c2cccc3nc(-c4cncs4)nc(NCc4ccccn4)c23)cc1,49.99999999999999,-1.6989700043360187,0,train
FC(F)(F)c1nc(NCc2ccccn2)c2c(-c3ccccc3)cccc2n1,79.99999999999999,-1.9030899869919435,0,train
c1ccc(-c2cccc3nc(C4CC4)nc(NCc4ccccn4)c23)cc1,170.00000000000006,-2.230448921378274,0,train
N#Cc1nc(NCc2ccccn2)c2c(-c3ccccc3)cccc2n1,49.99999999999999,-1.6989700043360187,0,train
Clc1nc(NCc2ccccn2)c2c(-c3ccccc3)cccc2n1,70.00000000000001,-1.845098040014257,0,test
C[C@H]1C[C@@H](N2C(=N)N[C@](C)(c3cccc(Nc4ccc(C5CC5)nc4)c3Cl)CC2=O)CCO1,4999.999999999999,-3.6989700043360183,0,test
