smiles,exp_mean [nM],y,cliff_mol,split
O=c1c2ccc(S(=O)(=O)c3ccc4c(=O)n5c6ccccc6nc5c5cccc3c45)c3cccc(c32)c2nc3ccccc3n12,14000.000000000004,-4.146128035678238,0,train
Brc1cccc[n+]1-c1ccc2cc(-[n+]3ccccc3Br)ccc2c1,11699.999999999987,-4.068185861746161,0,test
Nc1nc(-c2ccccc2)nc2c1[n+]([O-])c1ccccc1[n+]2[O-],1600.000000000001,-3.204119982655925,0,test
O=C1c2cc(Br)ccc2-c2ccc3c4ccc5c6c(ccc(c7ccc1c2c73)c64)C(=O)c1cc(Br)ccc1-5,7699.999999999999,-3.886490725172482,0,train
CCOC(=O)C(C#N)C1c2cc(Br)ccc2OC(N)C1C(=O)OCC,8999.999999999998,-3.9542425094393248,0,train
Cc1cc(Cl)cc(C(=O)Nc2cc(S(=O)(=O)c3ccc(Cl)cc3)ccc2Cl)c1O,3300.0000000000005,-3.5185139398778875,0,train
CCCC[C@H]1C(=O)O[C@H](C)[C@H](NC(=O)c2cccc(NC=O)c2O)C(=O)O[C@@H](C)[C@@H]1OC(=O)CC(C)C,2000.0,-3.3010299956639813,0,train
CSCC[C@H](NC(=O)[C@H](CCCN=C(N)N)NC(=O)[C@H](CCCN=C(N)N)NC(=O)[C@H](CC(C)C)NC(=O)[C@H](CCC(=O)O)NC(=O)[C@H](CCCN=C(N)N)NC(=O)CNC(=O)[C@H](Cc1ccc(O)cc1)NC(=O)[C@H](CCCN=C(N)N)NC(=O)[C@H](CCC(N)=O)NC(=O)[C@H](C)NC(=O)[C@H](C)NC(=O)[C@H](Cc1c[nH]c2ccccc12)NC(=O)[C@H](CC(C)C)NC(=O)[C@@H](N)CC(N)=O)C(=O)N[C@@H](CO)C(=O)N[C@@H](CC(=O)O)C(=O)N[C@@H](CCC(=O)O)C(=O)N[C@@H](Cc1ccccc1)C(=O)N[C@@H](CCC(=O)O)C(=O)NCC(=O)N[C@@H](CO)C(=O)N[C@@H](Cc1ccccc1)C(=O)N[C@@H](CCCCN)C(=O)NCC(=O)N[C@@H](CC(C)C)C(=O)O,300.0000000000001,-2.4771212547196626,1,train
CSCC[C@H](NC(=O)[C@H](CCCN=C(N)N)NC(=O)[C@H](CCCN=C(N)N)NC(=O)[C@H](CC(C)C)NC(=O)[C@H](CCC(=O)O)NC(=O)[C@H](CCCN=C(N)N)NC(=O)CNC(=O)[C@H](Cc1ccc(O)cc1)NC(=O)[C@H](CCCN=C(N)N)NC(=O)[C@H](CCC(N)=O)NC(=O)[C@H](C)NC(=O)[C@H](C)NC(=O)[C@H](Cc1c[nH]c2ccccc12)NC(=O)[C@H](CC(C)C)NC(=O)[C@@H](N)CC(N)=O)C(=O)N[C@@H](CO)C(=O)N[C@@H](CC(=O)O)C(=O)N[C@@H](CCC(=O)O)C(=O)N[C@@H](Cc1ccccc1)C(=O)N[C@@H](CCC(=O)O)C(=O)NCC(=O)O,5599.999999999998,-3.7481880270062,1,train
CSCC[C@H](NC(=O)[C@H](CCCN=C(N)N)NC(=O)[C@H](CCCN=C(N)N)NC(=O)[C@H](CC(C)C)NC(=O)[C@H](CCC(=O)O)NC(=O)[C@H](CCCN=C(N)N)NC(=O)CNC(=O)[C@H](Cc1ccc(O)cc1)NC(=O)[C@H](CCCN=C(N)N)NC(=O)[C@@H](N)CCC(N)=O)C(=O)N[C@@H](CO)C(=O)N[C@@H](CC(=O)O)C(=O)N[C@@H](CCC(=O)O)C(=O)N[C@@H](Cc1ccccc1)C(=O)N[C@@H](CCC(=O)O)C(=O)NCC(=O)N[C@@H](CO)C(=O)N[C@@H](Cc1ccccc1)C(=O)N[C@@H](CCCCN)C(=O)NCC(=O)N[C@@H](CC(C)C)C(=O)O,17500.0,-4.243038048686294,1,train
CSCC[C@H](NC(=O)[C@H](CCCN=C(N)N)NC(=O)[C@H](CCCN=C(N)N)NC(=O)[C@H](CC(C)C)NC(=O)[C@H](CCC(=O)O)NC(=O)[C@H](CCCN=C(N)N)NC(=O)CNC(=O)[C@H](Cc1ccc(O)cc1)NC(=O)[C@H](CCCN=C(N)N)NC(=O)[C@H](CCC(N)=O)NC(=O)[C@H](C)NC(=O)[C@H](C)NC(=O)[C@H](Cc1c[nH]c2ccccc12)NC(=O)[C@H](CCCN=C(N)N)NC(=O)[C@@H](N)CC(N)=O)C(=O)N[C@@H](CO)C(=O)N[C@@H](CC(=O)O)C(=O)N[C@@H](CCC(=O)O)C(=O)N[C@@H](Cc1ccccc1)C(=O)N[C@@H](CCC(=O)O)C(=O)NCC(=O)N[C@@H](CO)C(=O)N[C@@H](Cc1ccccc1)C(=O)N[C@@H](CCCCN)C(=O)NCC(=O)N[C@@H](CC(C)C)C(=O)O,48.99999999999999,-1.6901960800285136,1,train
CSCC[C@H](NC(=O)[C@H](CCCN=C(N)N)NC(=O)[C@H](CCCN=C(N)N)NC(=O)[C@H](CC(C)C)NC(=O)[C@H](CCC(=O)O)NC(=O)[C@H](CCCN=C(N)N)NC(=O)CNC(=O)[C@H](Cc1ccc(O)cc1)NC(=O)[C@H](CCCN=C(N)N)NC(=O)[C@H](CCC(N)=O)NC(=O)[C@H](C)NC(=O)[C@H](C)NC(=O)[C@H](C)NC(=O)[C@H](CC(C)C)NC(=O)[C@@H](C)CC(N)=O)C(=O)N[C@@H](CO)C(=O)N[C@@H](CC(=O)O)C(=O)N[C@@H](CCC(=O)O)C(=O)N[C@@H](Cc1ccccc1)C(=O)N[C@@H](CCC(=O)O)C(=O)NCC(=O)N[C@@H](CO)C(=O)N[C@@H](Cc1ccccc1)C(=O)N[C@@H](CCCCN)C(=O)NCC(=O)N[C@@H](CC(C)C)C(=O)O,410.0,-2.6127838567197355,1,test
CSCC[C@H](NC(=O)[C@H](CCCN=C(N)N)NC(=O)[C@H](CCCN=C(N)N)NC(=O)[C@H](CC(C)C)NC(=O)[C@H](CCC(=O)O)NC(=O)[C@H](CCCN=C(N)N)NC(=O)CNC(=O)[C@H](Cc1ccc(O)cc1)NC(=O)[C@H](CCCN=C(N)N)NC(=O)[C@H](CCC(N)=O)NC(=O)[C@H](C)NC(=O)[C@H](C)NC(=O)[C@H](Cc1c[nH]c2ccccc12)NC(=O)[C@H](CC(C)C)NC(=O)[C@@H](N)CC(N)=O)C(=O)N[C@@H](CO)C(=O)N[C@@H](CC(=O)O)C(=O)N[C@@H](CCC(=O)O)C(=O)N[C@@H](Cc1ccccc1)C(=O)N[C@@H](CCC(=O)O)C(=O)NCC(=O)N[C@@H](C)C(=O)N[C@@H](Cc1ccccc1)C(=O)N[C@@H](CCCCN)C(=O)NCC(=O)N[C@@H](CC(C)C)C(=O)O,800.0000000000003,-2.903089986991944,1,train
CSCC[C@H](NC(=O)[C@H](CCCN=C(N)N)NC(=O)[C@H](CCCN=C(N)N)NC(=O)[C@H](CC(C)C)NC(=O)[C@H](CCC(=O)O)NC(=O)[C@H](CCCN=C(N)N)NC(=O)CNC(=O)[C@H](Cc1ccc(O)cc1)NC(=O)[C@H](CCCN=C(N)N)NC(=O)[C@H](CCC(N)=O)NC(=O)[C@H](C)NC(=O)[C@H](C)NC(=O)[C@H](Cc1c[nH]c2ccccc12)NC(=O)[C@H](CC(C)C)NC(=O)[C@@H](N)CC(N)=O)C(=O)N[C@@H](CO)C(=O)N[C@@H](CC(=O)O)C(=O)N[C@@H](CCC(=O)O)C(=O)N[C@@H](Cc1ccccc1)C(=O)N[C@@H](CCC(=O)O)C(=O)NCC(=O)N[C@@H](CO)C(=O)N[C@@H](C)C(=O)N[C@@H](CCCCN)C(=O)NCC(=O)N[C@@H](CC(C)C)C(=O)O,1359.9999999999998,-3.133538908370217,1,test
CC[C@H](C)[C@H](NC(=O)[C@H](C)NC(=O)[C@H](CC(C)C)NC(=O)[C@H](CCC(N)=O)NC(=O)[C@H](CCCN=C(N)N)NC(=O)CNC(=O)[C@@H](NC(=O)[C@H](CCC(N)=O)NC(=O)CN)C(C)C)C(=O)N[C@H](C(=O)NCC(=O)N[C@@H](CC(=O)O)C(=O)N[C@@H](CC(=O)O)C(=O)N[C@H](C(=O)N[C@@H](CC(N)=O)C(=O)N[C@@H](CCCN=C(N)N)C(=O)O)[C@@H](C)CC)[C@@H](C)CC,8359.999999999998,-3.922206277439016,0,train
CC[C@H](C)[C@H](NC(=O)[C@H](C)NC(=O)[C@H](CC(C)C)NC(=O)[C@H](CCC(N)=O)NC(=O)[C@H](CCCN=C(N)N)NC(=O)CNC(=O)[C@@H](NC(=O)[C@H](CCC(N)=O)NC(=O)CNC(=O)[C@H](CCSC)NC(=O)[C@@H](NC(=O)[C@H](CO)NC(=O)[C@H](CO)NC(=O)[C@@H]1CCCN1)[C@@H](C)O)C(C)C)C(=O)N[C@H](C(=O)NCC(=O)N[C@@H](CC(=O)O)C(=O)N[C@@H](CC(=O)O)C(=O)N[C@H](C(=O)N[C@@H](CC(N)=O)C(=O)N[C@@H](CCCN=C(N)N)C(=O)N[C@@H](CCCN=C(N)N)C(=O)N[C@@H](Cc1ccc(O)cc1)C(=O)N[C@@H](CC(=O)O)C(=O)N[C@@H](CO)C(=O)N[C@@H](CCC(=O)O)C(=O)O)[C@@H](C)CC)[C@@H](C)CC,3029.999999999998,-3.481442628502305,0,train
CC[C@H](C)[C@H](NC(=O)[C@H](C)NC(=O)[C@H](CC(C)C)NC(=O)[C@H](CCC(N)=O)NC(=O)[C@H](CCCN=C(N)N)NC(=O)CNC(=O)[C@@H](NC(=O)[C@H](CCC(N)=O)NC(=O)CNC(=O)[C@H](C)NC(=O)[C@H](C)NC(=O)[C@H](Cc1c[nH]c2ccccc12)NC(=O)[C@H](CC(C)C)NC(=O)[C@@H](N)CC(N)=O)C(C)C)C(=O)N[C@H](C(=O)NCC(=O)N[C@@H](CC(=O)O)C(=O)N[C@@H](CC(=O)O)C(=O)N[C@H](C(=O)N[C@@H](CC(N)=O)C(=O)N[C@@H](CCCN=C(N)N)C(=O)N[C@@H](CO)C(=O)N[C@@H](Cc1ccccc1)C(=O)N[C@@H](CCCCN)C(=O)NCC(=O)N[C@@H](CC(C)C)C(=O)O)[C@@H](C)CC)[C@@H](C)CC,650.0000000000002,-2.812913356642856,0,train
CC[C@H](C)[C@H](NC(=O)[C@H](CCCN=C(N)N)NC(=O)[C@H](CCCCN)NC(=O)[C@H](CC(C)C)NC(=O)[C@H](CS)NC(=O)[C@H](CCC(=O)O)NC(=O)[C@H](CO)NC(=O)[C@H](CC(C)C)NC(=O)[C@H](CCCCN)NC(=O)[C@@H](N)CCCCN)C(=O)NCC(=O)N[C@@H](CC(=O)O)C(=O)N[C@@H](CCC(=O)O)C(=O)N[C@@H](CC(C)C)C(=O)N[C@@H](CC(=O)O)C(=O)N[C@@H](CO)C(=O)O,29070.00000000003,-4.463445031770428,0,train
CC[C@H](C)[C@H](NC(=O)[C@H](CCCN=C(N)N)NC(=O)[C@H](CCCCN)NC(=O)[C@H](CC(C)C)NC(=O)[C@H](CS)NC(=O)[C@H](CCC(=O)O)NC(=O)[C@H](CO)NC(=O)[C@H](CC(C)C)NC(=O)[C@H](CCCCN)NC(=O)[C@H](CCCCN)NC(=O)[C@@H](NC(=O)[C@H](CO)NC(=O)[C@H](C)NC(=O)[C@H](CC(=O)O)NC(=O)[C@@H](N)CCC(N)=O)[C@@H](C)O)C(=O)NCC(=O)N[C@@H](CC(=O)O)C(=O)N[C@@H](CCC(=O)O)C(=O)N[C@@H](CC(C)C)C(=O)N[C@@H](CC(=O)O)C(=O)N[C@@H](CO)C(=O)N[C@@H](CC(N)=O)C(=O)N[C@@H](CCSC)C(=O)N[C@@H](CCC(=O)O)C(=O)N[C@@H](CC(C)C)C(=O)N[C@@H](CCC(N)=O)C(=O)O,2880.0000000000014,-3.459392487759231,0,train
CC[C@H](C)[C@H](NC(=O)[C@H](CCCN=C(N)N)NC(=O)[C@H](CCCCN)NC(=O)[C@H](CC(C)C)NC(=O)[C@H](CS)NC(=O)[C@H](CCC(=O)O)NC(=O)[C@H](CO)NC(=O)[C@H](CC(C)C)NC(=O)[C@H](CCCCN)NC(=O)[C@H](CCCCN)NC(=O)[C@H](C)NC(=O)[C@H](C)NC(=O)[C@H](Cc1c[nH]c2ccccc12)NC(=O)[C@H](CC(C)C)NC(=O)[C@@H](N)CC(N)=O)C(=O)NCC(=O)N[C@@H](CC(=O)O)C(=O)N[C@@H](CCC(=O)O)C(=O)N[C@@H](CC(C)C)C(=O)N[C@@H](CC(=O)O)C(=O)N[C@@H](CO)C(=O)N[C@@H](CO)C(=O)N[C@@H](Cc1ccccc1)C(=O)N[C@@H](CCCCN)C(=O)NCC(=O)N[C@@H](CC(C)C)C(=O)O,1330.0,-3.123851640967086,0,train
CC[C@H](C)[C@H](NC(=O)[C@H](CC(N)=O)NC(=O)[C@@H](N)CCCN=C(N)N)C(=O)N[C@@H](C)C(=O)N[C@@H](CCCN=C(N)N)C(=O)N[C@@H](Cc1c[nH]cn1)C(=O)N[C@@H](CC(C)C)C(=O)N[C@@H](C)C(=O)N[C@@H](CCC(N)=O)C(=O)N[C@H](C(=O)NCC(=O)N[C@@H](CC(=O)O)C(=O)N[C@@H](CO)C(=O)N[C@@H](CCSC)C(=O)N[C@@H](CC(=O)O)C(=O)N[C@@H](CCCN=C(N)N)C(=O)O)C(C)C,22340.00000000001,-4.349083168779591,0,train
CC[C@H](C)[C@H](NC(=O)[C@H](CC(N)=O)NC(=O)[C@H](CCCN=C(N)N)NC(=O)[C@@H](NC(=O)[C@@H](NC(=O)[C@H](CC(=O)O)NC(=O)[C@H](CCC(=O)O)NC(=O)[C@@H](N)CCC(N)=O)[C@@H](C)CC)[C@@H](C)CC)C(=O)N[C@@H](C)C(=O)N[C@@H](CCCN=C(N)N)C(=O)N[C@@H](Cc1c[nH]cn1)C(=O)N[C@@H](CC(C)C)C(=O)N[C@@H](C)C(=O)N[C@@H](CCC(N)=O)C(=O)N[C@H](C(=O)NCC(=O)N[C@@H](CC(=O)O)C(=O)N[C@@H](CO)C(=O)N[C@@H](CCSC)C(=O)N[C@@H](CC(=O)O)C(=O)N[C@@H](CCCN=C(N)N)C(=O)N[C@@H](CO)C(=O)N[C@H](C(=O)N1CCC[C@H]1C(=O)N1CCC[C@H]1C(=O)NCC(=O)O)[C@@H](C)CC)C(C)C,14079.999999999996,-4.148602654806093,0,train
CC[C@H](C)[C@H](NC(=O)[C@H](CC(N)=O)NC(=O)[C@H](CCCN=C(N)N)NC(=O)[C@H](C)NC(=O)[C@H](C)NC(=O)[C@H](Cc1c[nH]c2ccccc12)NC(=O)[C@H](CC(C)C)NC(=O)[C@@H](N)CC(N)=O)C(=O)N[C@@H](C)C(=O)N[C@@H](CCCN=C(N)N)C(=O)N[C@@H](Cc1c[nH]cn1)C(=O)N[C@@H](CC(C)C)C(=O)N[C@@H](C)C(=O)N[C@@H](CCC(N)=O)C(=O)N[C@H](C(=O)NCC(=O)N[C@@H](CC(=O)O)C(=O)N[C@@H](CO)C(=O)N[C@@H](CCSC)C(=O)N[C@@H](CC(=O)O)C(=O)N[C@@H](CCCN=C(N)N)C(=O)N[C@@H](CO)C(=O)N[C@@H](Cc1ccccc1)C(=O)N[C@@H](CCCCN)C(=O)NCC(=O)N[C@@H](CC(C)C)C(=O)O)C(C)C,1560.0,-3.1931245983544616,0,test
CC[C@H](C)[C@H](NC(=O)[C@H](CCCN=C(N)N)NC(=O)[C@H](CCCN=C(N)N)NC(=O)[C@H](CC(C)C)NC(=O)[C@H](CCC(=O)O)NC(=O)[C@H](CCC(N)=O)NC(=O)[C@H](C)NC(=O)[C@@H](NC(=O)[C@H](Cc1c[nH]c2ccccc12)NC(=O)[C@@H](NC(=O)[C@H](CCC(=O)O)NC(=O)[C@@H]1CCCN1C(=O)[C@H](CCCN=C(N)N)NC(=O)[C@H](CCSC)NC(=O)[C@@H](N)CC(=O)O)[C@@H](C)CC)[C@@H](C)CC)C(=O)NCC(=O)N[C@@H](CC(=O)O)C(=O)N[C@@H](CCC(=O)O)C(=O)N[C@@H](Cc1ccccc1)C(=O)N[C@@H](CC(N)=O)C(=O)N[C@@H](C)C(=O)N[C@@H](Cc1ccc(O)cc1)C(=O)N[C@@H](Cc1ccc(O)cc1)C(=O)N[C@@H](C)C(=O)N[C@@H](CCCN=C(N)N)C(=O)N[C@@H](CCCN=C(N)N)C(=O)O,10.999999999999996,-1.041392685158225,0,train
CN(CCCc1ccccc1)S(=O)(=O)c1cc(C(=O)N2CCc3ccc(S(=O)(=O)NCCc4ccccc4)cc3C2)c(O)c(O)c1O,330.00000000000006,-2.5185139398778875,0,train
CC(C)c1cc(C(=O)N2CCc3ccc(S(=O)(=O)NCCc4ccccc4)cc3C2)c(O)c(O)c1O,6600.000000000002,-3.8195439355418688,0,test
CC(C)c1cc(C(=O)N2CCc3ccccc3C2)c(O)c(O)c1O,38199.99999999998,-4.5820633629117085,0,test
O=C(c1ccc(Oc2ccccc2)cc1)c1cc(C(=O)c2nc3ccccc3s2)c(O)c(O)c1O,170.00000000000006,-2.230448921378274,0,train
O=C(c1ccc(Oc2ccccc2)cc1)c1cc(C(=O)c2cccc3ccccc23)c(O)c(O)c1O,290.0,-2.462397997898956,0,train
CC(C)C(=O)c1cc(C(=O)c2ccc(Oc3ccccc3)cc2)c(O)c(O)c1O,2599.999999999998,-3.4149733479708178,0,train
CC(C)c1cc(C(=O)c2ccc(Oc3ccccc3)cc2)c(O)c(O)c1O,3399.999999999998,-3.531478917042255,0,train
CC(C)c1cc(C(=O)c2ccccc2)c(O)c(O)c1O,41599.99999999996,-4.619093330626742,0,test
Cc1cc(C(=O)N2CCc3ccccc3C2)nn1-c1ccccc1C(=O)N1CCc2ccccc2C1,1500.0000000000005,-3.1760912590556813,0,train
Cc1cc(C(=O)Nc2ccccc2)nn1-c1ccccc1C(=O)N1CCc2ccccc2C1,49999.99999999999,-4.698970004336019,1,test
Cc1cc(C(=O)N(C)c2ccccc2)nn1-c1ccccc1C(=O)N1CCc2ccccc2C1,2499.9999999999995,-3.397940008672037,1,train
Cc1cc(C(=O)N(C)c2ccc(F)cc2)nn1-c1ccccc1C(=O)N1CCc2ccccc2C1,10700.000000000002,-4.02938377768521,0,train
Cc1cc(C(=O)N(C)c2cccc(F)c2)nn1-c1ccccc1C(=O)N1CCc2ccccc2C1,2300.000000000001,-3.361727836017593,0,train
Cc1cc(C(=O)N(C)c2ccccc2F)nn1-c1ccccc1C(=O)N1CCc2ccccc2C1,3000.0000000000014,-3.4771212547196626,1,train
CCN(C(=O)c1cc(C)n(-c2ccccc2C(=O)N2CCc3ccccc3C2)n1)c1ccccc1,1899.9999999999995,-3.278753600952829,0,train
Cc1cc(C(=O)N(c2ccccc2)C(C)C)nn1-c1ccccc1C(=O)N1CCc2ccccc2C1,7699.999999999999,-3.886490725172482,0,train
Cc1cc(C(=O)N(c2ccccc2)C2CCCCC2)nn1-c1ccccc1C(=O)N1CCc2ccccc2C1,1400.0000000000005,-3.146128035678238,0,train
Cc1cc(C(=O)N(c2ccccc2)c2ccccc2)nn1-c1ccccc1C(=O)N1CCc2ccccc2C1,800.0000000000003,-2.903089986991944,0,train
Cc1cc(C(=O)N(c2ccccc2)c2ccccc2)nn1-c1ccccc1C(=O)N1Cc2ccccc2C[C@H]1CO,189.99999999999997,-2.278753600952829,0,train
Cc1cc(C(=O)N(c2ccccc2)c2ccccc2)nn1-c1ccccc1C(=O)N1Cc2ccccc2C[C@H]1CN,109.99999999999996,-2.041392685158225,0,test
COC[C@@H]1Cc2ccccc2CN1C(=O)c1ccccc1-n1nc(C(=O)N(c2ccccc2)c2ccccc2)cc1C,160.00000000000009,-2.204119982655925,1,test
CC(=O)NC[C@@H]1Cc2ccccc2CN1C(=O)c1ccccc1-n1nc(C(=O)N(c2ccccc2)c2ccccc2)cc1C,730.0,-2.863322860120456,0,test
Cc1cc(C(=O)N(c2ccccc2)c2ccccc2)nn1-c1ccccc1C(=O)N1Cc2ccccc2C[C@H]1CNS(C)(=O)=O,1050.0000000000005,-3.0211892990699383,0,train
CCOC(=O)[C@@H]1Cc2ccccc2CN1C(=O)c1ccccc1-n1nc(C(=O)N(c2ccccc2)c2ccccc2)cc1C,5609.999999999997,-3.748962861256161,1,train
COC(=O)C[C@@H]1Cc2ccccc2CN1C(=O)c1ccccc1-n1nc(C(=O)N(c2ccccc2)c2ccccc2)cc1C,280.0000000000001,-2.4471580313422194,1,train
Cc1cc(C(=O)N(c2ccccc2)c2ccccc2)nn1-c1ccccc1C(=O)N1Cc2ccccc2C[C@H]1CN(C)C,150.00000000000003,-2.1760912590556813,0,train
CNC[C@@H]1Cc2ccccc2CN1C(=O)c1ccccc1-n1nc(C(=O)N(c2ccccc2)c2ccccc2)cc1C,140.00000000000006,-2.146128035678238,1,train
Cc1cc(C(=O)N(c2ccccc2)c2ccccc2)nn1-c1ccccc1C(=O)N1Cc2ccccc2C[C@H]1C,109.99999999999996,-2.041392685158225,0,train
Cc1c(Cl)c(C(=O)N(c2ccccc2)c2ccccc2)nn1-c1ccccc1C(=O)N1Cc2ccccc2C[C@H]1CN,30.0,-1.4771212547196624,0,train
CCCCN(CCCC)C(=O)c1cc(C)n(-c2ccc(NC(=O)CSc3ccccc3)cc2C(=O)N2CCc3ccccc3C2)n1,599.9999999999997,-2.7781512503836434,0,train
CCCCN(CCCC)C(=O)c1cc(C)n(-c2ccc(NC(=O)COc3ccccc3)cc2C(=O)N2CCc3ccccc3C2)n1,509.9999999999999,-2.7075701760979363,0,train
CCCCN(CCCC)C(=O)c1nn(-c2ccc(N)cc2C(=O)N2Cc3ccccc3C[C@H]2CN)c(C)c1Cl,380.0,-2.57978359661681,0,train
CCCCN(CCCC)C(=O)c1nn(-c2ccc(NC(=O)COc3ccccc3)cc2C(=O)N2Cc3ccccc3C[C@H]2CN)c(C)c1Cl,30.0,-1.4771212547196624,1,train
CCCCN(CCCC)C(=O)c1nn(-c2ccc(NCc3ccncc3)cc2C(=O)N2Cc3ccccc3C[C@H]2CN)c(C)c1Cl,650.0000000000002,-2.812913356642856,1,train
CCCCN(CCCC)C(=O)c1cc(C)n(-c2cccc(C)c2C(=O)N2Cc3ccccc3C[C@H]2CN)n1,175.0,-2.2430380486862944,0,test
CCCCN(CCCC)C(=O)c1nn(-c2cccc(C)c2C(=O)N2Cc3ccccc3C[C@H]2CN)c(C)c1Cl,42.00000000000001,-1.6232492903979006,0,train
CCCCN(CCCC)C(=O)c1cc(C)n(-c2cccc(Cl)c2C(=O)N2Cc3ccccc3C[C@H]2CN)n1,1070.0000000000002,-3.0293837776852097,0,train
Cc1cc2c(CCc3ccccc3)c(O)c(O)cc2c(O)c1-c1c(C)cc2c(CCc3ccccc3)c(O)c(O)cc2c1O,480.0,-2.681241237375587,0,test
Cc1cc2c(C(=O)NC3Cc4ccccc4C3)c(O)c(O)cc2c(O)c1-c1c(C)cc2c(C(=O)NC3Cc4ccccc4C3)c(O)c(O)cc2c1O,700.0000000000001,-2.845098040014257,0,train
Cc1cc2c(C(=O)NCCc3cccc(Cl)c3)c(O)c(O)cc2c(O)c1-c1c(C)cc2c(C(=O)NCCc3cccc(Cl)c3)c(O)c(O)cc2c1O,4400.0,-3.643452676486187,1,test
CCc1ccc(CCNC(=O)c2c(O)c(O)cc3c(O)c(-c4c(C)cc5c(C(=O)NCCc6ccc(CC)cc6)c(O)c(O)cc5c4O)c(C)cc23)cc1,670.0,-2.8260748027008264,0,test
Cc1cc2c(C(=O)NCCc3ccccc3)c(O)c(O)cc2c(O)c1-c1c(C)cc2c(C(=O)NCCc3ccccc3)c(O)c(O)cc2c1O,150.00000000000003,-2.1760912590556813,1,test
Cc1cc2c(C(=O)NCC3CCCCC3)c(O)c(O)cc2c(O)c1-c1c(C)cc2c(C(=O)NCC3CCCCC3)c(O)c(O)cc2c1O,710.0000000000003,-2.8512583487190755,0,train
Cc1cc2c(C(=O)NC(C)c3ccc(Cl)cc3)c(O)c(O)cc2c(O)c1-c1c(C)cc2c(C(=O)NC(C)c3ccc(Cl)cc3)c(O)c(O)cc2c1O,490.0000000000002,-2.690196080028514,0,train
Cc1cc(C)c(CNC(=O)c2c(O)c(O)cc3c(O)c(-c4c(C)cc5c(C(=O)NCc6c(C)cc(C)cc6C)c(O)c(O)cc5c4O)c(C)cc23)c(C)c1,700.0000000000001,-2.845098040014257,0,train
Cc1cc2c(C(C)C)c(O)c(O)cc2c(O)c1-c1c(C)cc2c(C(C)C)c(O)c(O)cc2c1O,80000.00000000003,-4.903089986991944,0,train
COc1ccccc1C1C2=C(N=c3s/c(=C\c4cccc(OCC(=O)O)c4)c(=O)n31)c1ccccc1CC2,3099.9999999999995,-3.4913616938342726,0,train
COc1ccc(C2C3=C(N=c4s/c(=C\c5ccc(OCc6cccc(C(=O)O)c6)c(OC)c5)c(=O)n42)c2ccccc2CC3)cc1,3199.999999999999,-3.505149978319906,0,test
O=C(O)c1cccc(-c2ccc(/C=c3\sc4n(c3=O)C(c3cccc(F)c3)C3=C(N=4)c4ccccc4CC3)o2)c1,8000.000000000004,-3.903089986991944,0,train
COc1ccc(C2C3=C(N=c4s/c(=C\c5ccc(-c6cccc(C(=O)O)c6)o5)c(=O)n42)c2ccccc2CC3)cc1,11100.000000000004,-4.045322978786658,0,train
COc1cccc(C2C3=C(N=c4s/c(=C\c5ccc(-c6cccc(C(=O)O)c6)o5)c(=O)n42)c2ccccc2CC3)c1,19400.00000000002,-4.2878017299302265,0,train
Oc1cc(Cc2ccccc2)c(Cc2ccccc2)cc1O,4700.000000000001,-3.6720978579357175,0,train
Cc1cc2c(C(=O)NC[C@@H](C)c3ccccc3)c(O)c(O)cc2c(O)c1-c1c(C)cc2c(C(=O)NC[C@@H](C)c3ccccc3)c(O)c(O)cc2c1O,430.0000000000001,-2.633468455579586,0,train
CC1=C(C2=C(C)C(=O)c3c(cc(O)c(O)c3C(C)C)C2=O)C(=O)c2cc(O)c(O)c(C(C)C)c2C1=O,370.0,-2.568201724066995,0,train
CC1=C(C2=C(C)C(=O)c3c(cc(O)c(O)c3C(=O)NCC(C)c3ccccc3)C2=O)C(=O)c2cc(O)c(O)c(C(=O)NCC(C)c3ccccc3)c2C1=O,230.00000000000009,-2.361727836017593,0,train
CCc1ccc(CCNC(=O)c2c(O)c(O)cc3c2C(=O)C(C)=C(C2=C(C)C(=O)c4c(cc(O)c(O)c4C(=O)NCCc4ccc(CC)cc4)C2=O)C3=O)cc1,209.99999999999991,-2.322219294733919,0,test
CC1=C(C2=C(C)C(=O)c3c(cc(O)c(O)c3C(=O)Cc3ccccc3)C2=O)C(=O)c2cc(O)c(O)c(C(=O)Cc3ccccc3)c2C1=O,220.0,-2.342422680822206,1,train
CC1=C(C2=C(C)C(=O)c3c(cc(O)c(O)c3CC(C)C)C2=O)C(=O)c2cc(O)c(O)c(CC(C)C)c2C1=O,249.99999999999997,-2.397940008672037,0,train
CC1=C(C2=C(C)C(=O)c3c(cc(O)c(O)c3CC3CCCC3)C2=O)C(=O)c2cc(O)c(O)c(CC3CCCC3)c2C1=O,2269.999999999999,-3.3560258571931225,0,train
CC1=C(C2=C(C)C(=O)c3c(cc(O)c(O)c3CCC3CCCCC3)C2=O)C(=O)c2cc(O)c(O)c(CCC3CCCCC3)c2C1=O,6730.000000000002,-3.828015064223977,0,train
CC1=C(C2=C(C)C(=O)c3c(cc(O)c(O)c3CCc3ccccc3)C2=O)C(=O)c2cc(O)c(O)c(CCc3ccccc3)c2C1=O,2570.0000000000005,-3.4099331233312946,1,train
CC1=C(C2=C(C)C(=O)c3c(cc(O)c(O)c3CCc3ccc(C)cc3)C2=O)C(=O)c2cc(O)c(O)c(CCc3ccc(C)cc3)c2C1=O,3120.0000000000005,-3.494154594018443,1,test
CC1=C(C2=C(C)C(=O)c3c(cc(O)c(O)c3CCCc3ccccc3)C2=O)C(=O)c2cc(O)c(O)c(CCCc3ccccc3)c2C1=O,2170.0000000000005,-3.3364597338485296,0,train
CC1=C(C2=C(C)C(=O)c3c(cc(O)c(O)c3Cc3ccccc3)C2=O)C(=O)c2cc(O)c(O)c(Cc3ccccc3)c2C1=O,290.0,-2.462397997898956,1,train
CC1=C(C2=C(C)C(=O)c3c(cc(O)c(O)c3Cc3ccc(Cl)cc3)C2=O)C(=O)c2cc(O)c(O)c(Cc3ccc(Cl)cc3)c2C1=O,339.99999999999983,-2.531478917042255,0,train
CCC(C)(C)c1ccc(Sc2ccc3c4c(cccc24)C2=NC(=O)C(C#N)=C23)cc1,341.9999999999999,-2.534026106056135,0,train
CN(C)CC[C@H](CSc1ccccc1)Nc1ccc(S(=O)(=O)NC(=O)c2ccc(N3CCN(Cc4ccccc4-c4ccc(Cl)cc4)CC3)cc2)cc1[N+](=O)[O-],7.740000000000001,-0.8887409606828927,1,train
CN(C)CC[C@H](CSc1ccccc1)Nc1ccc(S(=O)(=O)Nc2ncnc3cc(N4CCN(Cc5ccccc5-c5ccc(Cl)cc5)CC4)ccc23)cc1[N+](=O)[O-],8.7,-0.9395192526186184,1,train
O=[N+]([O-])c1cc(S(=O)(=O)Nc2ncnc3cc(N4CCN(Cc5ccccc5-c5ccc(Cl)cc5)CC4)ccc23)ccc1N[C@H](CCN1CCOCC1)CSc1ccccc1,21.0,-1.3222192947339193,0,train
CN(C)CC[C@H](CSc1ccccc1)Nc1ccc(S(=O)(=O)Nc2ncnc3cc(N4CCN(Cc5ccccc5-c5ccc(Cl)cc5)CC4)ccc23)cc1S(=O)(=O)C(F)(F)F,12.999999999999998,-1.1139433523068367,0,train
O=S(=O)(Nc1ncnc2cc(N3CCN(Cc4ccccc4-c4ccc(Cl)cc4)CC3)ccc12)c1ccc(N[C@H](CCN2CCOCC2)CSc2ccccc2)c(S(=O)(=O)C(F)(F)F)c1,81.0,-1.9084850188786495,0,train
CN(C)CC[C@H](CSc1ccccc1)Nc1ccc(S(=O)(=O)Nc2ncnc3cc(N4CCN(CC5=C(c6ccc(Cl)cc6)CCC(C)(C)C5)CC4)ccc23)cc1[N+](=O)[O-],12.000000000000002,-1.0791812460476249,0,train
CC1(C)CCC(c2ccc(Cl)cc2)=C(CN2CCN(c3ccc4c(NS(=O)(=O)c5ccc(N[C@H](CCN6CCOCC6)CSc6ccccc6)c([N+](=O)[O-])c5)ncnc4c3)CC2)C1,21.0,-1.3222192947339193,0,train
CN(C)CC[C@H](CSc1ccccc1)Nc1ccc(S(=O)(=O)Nc2ncnc3cc(N4CCN(CC5=C(c6ccc(Cl)cc6)CCC(C)(C)C5)CC4)ccc23)cc1S(=O)(=O)C(F)(F)F,5.000000000000001,-0.6989700043360189,1,train
CC1(C)CCC(c2ccc(Cl)cc2)=C(CN2CCN(c3ccc4c(NS(=O)(=O)c5ccc(N[C@H](CCN6CCOCC6)CSc6ccccc6)c(S(=O)(=O)C(F)(F)F)c5)ncnc4c3)CC2)C1,83.99999999999999,-1.9242792860618816,1,train
CCOC(=O)c1nn(-c2ccccc2)c(C)c1-c1ccc(C(=O)NS(=O)(=O)c2ccc3ccccc3c2)cc1C(=O)N1CCc2ccccc2C1,4189.999999999998,-3.622214022966295,0,train
CCCCc1c(-c2ccc(C(=O)NS(=O)(=O)c3ccc4ccccc4c3)cc2C(=O)N2CCc3ccccc3C2)c(C(=O)OCC)nn1-c1ccccc1,660.0000000000001,-2.8195439355418688,1,train
CCCCc1c(-c2ccc(C(=O)NS(=O)(=O)c3ccc4ccccc4c3)cc2C(=O)N2CCc3ccccc3C2)c(C(=O)O)nn1-c1ccccc1,170.00000000000006,-2.230448921378274,1,train
CCCCc1c(-c2ccc(C(=O)NS(=O)(=O)c3ccc4ccccc4c3)cc2C(=O)N2CCc3ccccc3C2)c(CO)nn1-c1ccccc1,61.000000000000014,-1.7853298350107671,1,test
CCCCc1c(-c2ccc(C(=O)NS(=O)(=O)c3ccc4ccccc4c3)cc2C(=O)N2CCc3ccccc3C2)c(C(=O)OCC)nn1-c1ccc(OC)cc1,1790.000000000001,-3.2528530309798933,1,test
CCCCc1c(-c2ccc(C(=O)NS(=O)(=O)c3ccc4ccccc4c3)cc2C(=O)N2CCc3ccccc3C2)c(C(=O)OCC)nn1-c1cccc(Oc2ccccc2)c1,140.00000000000006,-2.146128035678238,1,train
CCCCc1c(-c2ccc(C(=O)NS(=O)(=O)c3ccc4ccccc4c3)cc2C(=O)N2CCc3ccccc3C2)c(C(=O)OCC)nn1-c1ccc(Oc2ccccc2)cc1,100.0,-2.0,1,test
CCCCc1c(-c2ccc(C(=O)NS(=O)(=O)c3ccc4ccccc4c3)cc2C(=O)N2CCc3ccccc3C2)c(CO)nn1-c1ccc(Oc2ccccc2)cc1,130.00000000000006,-2.113943352306837,1,train
CCCCc1c(-c2ccc(C(=O)NS(=O)(=O)c3ccc4ccccc4c3)cc2C(=O)N2CCc3ccccc3C2)c(CO)nn1-c1ccc(Oc2ccc(Cl)cc2)cc1,21.0,-1.3222192947339193,0,train
CCCCc1c(-c2ccc(C(=O)NS(=O)(=O)c3ccc4ccccc4c3)cc2C(=O)N2CCc3ccccc3C2)c(CO)nn1-c1ccc(Oc2cccc(Cl)c2)cc1,7.915,-0.8984509191983747,1,train
CCCCOc1ccc(-n2nc(CO)c(-c3ccc(C(=O)NS(=O)(=O)c4ccc5ccccc5c4)cc3C(=O)N3CCc4ccccc4C3)c2CCCC)cc1,45.00000000000001,-1.6532125137753435,0,train
CCCCc1c(-c2ccc(C(=O)NS(=O)(=O)c3ccc4ccccc4c3)cc2C(=O)N2CCc3ccccc3C2)c(CO)nn1-c1ccc(-c2ccccc2)cc1,7.0,-0.8450980400142568,1,train
CCCCc1c(-c2ccc(C(=O)NS(=O)(=O)c3ccc4ccccc4c3)cc2C(=O)N2CCc3ccccc3C2)c(CO)nn1-c1ccc(CCO)cc1,20.000000000000004,-1.3010299956639813,1,test
CCCCc1c(-c2ccc(C(=O)NS(=O)(=O)c3ccc4ccccc4c3)cc2C(=O)N2CCc3ccccc3C2)c(CO)nn1-c1ccc(CCCO)cc1,13.999999999999998,-1.146128035678238,1,train
CCCCc1c(-c2ccc(C(=O)NS(=O)(=O)c3ccc4ccccc4c3)cc2C(=O)N2CCc3ccccc3C2)c(CO)nn1-c1cccc(CO)c1,70.99999999999999,-1.8512583487190752,0,test
CCCCc1c(-c2ccc(C(=O)NS(=O)(=O)c3ccc4ccccc4c3)cc2C(=O)N2Cc3ccccc3C[C@H]2CO)c(CO)nn1-c1ccccc1,10.5,-1.021189299069938,0,test
CCCCc1c(-c2ccc(C(=O)NS(=O)(=O)c3ccc4ccccc4c3)cc2C(=O)N2Cc3ccccc3C[C@H]2CN)c(CO)nn1-c1ccccc1,23.999999999999996,-1.380211241711606,0,train
CCCCc1c(-c2ccc(C(=O)NS(=O)(=O)CC[Si](C)(C)C)cc2C(=O)N2CCc3ccccc3C2)c(CO)nn1-c1ccccc1,189.99999999999997,-2.278753600952829,0,test
CCCCc1c(-c2ccc(C(=O)NS(=O)(=O)CC)cc2C(=O)N2CCc3ccccc3C2)c(CO)nn1-c1ccc(Oc2cccc(Cl)c2)cc1,189.99999999999997,-2.278753600952829,0,train
CCCCCS(=O)(=O)NC(=O)c1ccc(-c2c(CO)nn(-c3ccc(Oc4cccc(Cl)c4)cc3)c2CCCC)c(C(=O)N2CCc3ccccc3C2)c1,64.99999999999999,-1.8129133566428557,0,train
CCCCc1c(-c2ccc(C(=O)NS(=O)(=O)c3ccc4cccc(Cl)c4c3)cc2C(=O)N2CCc3ccccc3C2)c(CO)nn1-c1ccc(Oc2cccc(Cl)c2)cc1,6.185000000000001,-0.7913397039651395,1,train
CCCCN(CCCC)c1nccc(-c2ccc(C(=O)NS(=O)(=O)c3ccc4ccccc4c3)cc2C(=O)N2CCc3ccccc3C2)n1,700.0000000000001,-2.845098040014257,0,train
CCCCN(CCCC)c1nccc(-c2ccc(C(=O)NS(=O)(=O)c3ccc4cccc(Cl)c4c3)cc2C(=O)N2CCc3ccccc3C2)n1,119.99999999999996,-2.0791812460476247,1,train
CCCCN(CCCC)c1nccc(-c2ccc(C(=O)NS(=O)(=O)c3ccc4ccc(I)cc4c3)cc2C(=O)N2CCc3ccccc3C2)n1,140.00000000000006,-2.146128035678238,0,train
CCCCN(CCCC)c1nccc(-c2ccc(C(=O)NS(=O)(=O)c3ccc4c(c3)CCN4Cc3ccc(Cl)c(Cl)c3)cc2C(=O)N2CCc3ccccc3C2)n1,119.99999999999996,-2.0791812460476247,0,train
CCCCN(CCCC)c1nccc(-c2ccc(C(=O)NS(=O)(=O)c3ccc4ccccc4c3)cc2C(=O)N2Cc3ccccc3C[C@H]2CN)n1,430.0000000000001,-2.633468455579586,0,test
CCCCN(CCCC)c1nccc(-c2ccc(C(=O)NS(=O)(=O)c3ccc4cccc(Cl)c4c3)cc2C(=O)N2Cc3ccccc3C[C@H]2CO)n1,160.00000000000009,-2.204119982655925,1,train
CCCCN(CCCC)c1ncc(Cl)c(-c2ccc(C(=O)NS(=O)(=O)c3ccc4ccccc4c3)cc2C(=O)N2CCc3ccccc3C2)n1,160.00000000000009,-2.204119982655925,1,train
CCCCN(CCCC)c1ncc(C)c(-c2ccc(C(=O)NS(=O)(=O)c3ccc4ccccc4c3)cc2C(=O)N2CCc3ccccc3C2)n1,109.99999999999996,-2.041392685158225,1,train
CCCN(CCC)c1nccc(-c2ccc(C(=O)NS(=O)(=O)c3ccc4ccccc4c3)cc2C(=O)N2CCc3ccccc3C2)n1,150.00000000000003,-2.1760912590556813,0,train
CCCN(CCC)c1ncc(Cl)c(-c2ccc(C(=O)NS(=O)(=O)c3ccc4cccc(Cl)c4c3)cc2C(=O)N2Cc3ccccc3C[C@H]2CN)n1,10.045000000000002,-1.001949941084268,1,train
CCCN(CCC)c1ncc(Cl)c(-c2ccc(C(=O)NS(=O)(=O)c3ccc4cccc(Cl)c4c3)cc2C(=O)N2Cc3ccccc3C[C@H]2CO)n1,8.89,-0.9489017609702136,1,train
O=C(c1ccc(CN(Cc2ccc(F)cc2)S(=O)(=O)c2cc(Cl)cc(Cl)c2O)cc1)N(Cc1ccc(F)cc1)Cc1cc(Cl)cc(Cl)c1,35.0,-1.5440680443502757,0,train
CCCCN(CCCC)C(=O)c1nn(-c2ccc(NS(=O)(=O)c3cc(Cl)cc(Cl)c3O)cc2C(=O)N2CCc3ccccc3C2)c(C)c1Cl,909.9999999999995,-2.959041392321093,0,train
CCCCN(CCCC)C(=O)c1nn(-c2ccc(C(=O)NS(=O)(=O)c3ccc4ccccc4c3)cc2C(=O)N2CCc3ccccc3C2)c(C)c1Cl,31.0,-1.4913616938342726,1,test
CCCCN(CCCC)C(=O)c1nn(-c2ccc(C(=O)NS(=O)(=O)c3ccc4cccc(S(=O)(=O)CC)c4c3)cc2C(=O)N2CCc3ccccc3C2)c(C)c1Cl,179.99999999999997,-2.255272505103306,0,train
CCCCN(CCCC)C(=O)c1nn(-c2ccc(C(=O)NS(=O)(=O)c3ccc4cccc(OCCN5CCOCC5)c4c3)cc2C(=O)N2CCc3ccccc3C2)c(C)c1Cl,109.99999999999996,-2.041392685158225,1,train
CCCCN(CCCC)C(=O)c1nn(-c2ccc(C(=O)NS(=O)(=O)c3ccc4ccc(OCCN5CCOCC5)cc4c3)cc2C(=O)N2CCc3ccccc3C2)c(C)c1Cl,400.0000000000001,-2.6020599913279625,1,train
CCCCN(CCCC)C(=O)c1nn(-c2ccc(C(=O)NS(=O)(=O)c3ccc4cccc(OCc5ccc(C(=O)O)cc5)c4c3)cc2C(=O)N2CCc3ccccc3C2)c(C)c1Cl,15.000000000000004,-1.1760912590556811,1,train
CCCCN(CCCC)C(=O)c1nn(-c2ccc(C(=O)NS(=O)(=O)c3ccc4cccc(I)c4c3)cc2C(=O)N2CCc3ccccc3C2)c(C)c1Cl,37.5,-1.5740312677277188,1,train
CCCCN(CCCC)C(=O)c1nn(-c2ccc(C(=O)NS(=O)(=O)c3ccc4ccc(I)cc4c3)cc2C(=O)N2CCc3ccccc3C2)c(C)c1Cl,38.49999999999999,-1.5854607295085006,1,test
CCCCN(CCCC)C(=O)c1nn(-c2ccc(C(=O)NS(=O)(=O)c3ccc4c(c3)CCN4)cc2C(=O)N2CCc3ccccc3C2)c(C)c1Cl,32.00000000000001,-1.505149978319906,1,train
CCCCN(CCCC)C(=O)c1nn(-c2ccc(C(=O)NS(=O)(=O)c3ccc4c(c3)CCN4C(=O)c3ccc(Cl)c(Cl)c3)cc2C(=O)N2CCc3ccccc3C2)c(C)c1Cl,280.0000000000001,-2.4471580313422194,1,train
CCCCN(CCCC)C(=O)c1nn(-c2ccc(C(=O)NS(=O)(=O)c3ccc4c(c3)CCN4CC)cc2C(=O)N2CCc3ccccc3C2)c(C)c1Cl,68.99999999999999,-1.8388490907372552,1,train
CCCCN(CCCC)C(=O)c1nn(-c2ccc(C(=O)NS(=O)(=O)c3ccc4c(c3)CCN4Cc3ccc(Cl)c(Cl)c3)cc2C(=O)N2CCc3ccccc3C2)c(C)c1Cl,17.999999999999996,-1.255272505103306,1,train
CCCCN(CCCC)C(=O)c1nn(-c2ccc(C(=O)NS(=O)(=O)c3ccc4ccccc4c3)cc2C(=O)N2CCc3ccccc3C2C)c(C)c1Cl,710.0000000000003,-2.8512583487190755,1,train
CCCCN(CCCC)C(=O)c1nn(-c2ccc(C(=O)NS(=O)(=O)c3ccc4ccccc4c3)cc2C(=O)N2Cc3ccccc3C[C@H]2CO)c(C)c1Cl,42.50000000000001,-1.6283889300503116,1,train
CCCCN(CCCC)C(=O)c1nn(-c2ccc(C(=O)NS(=O)(=O)c3ccc4ccccc4c3)cc2C(=O)N2Cc3ccccc3C[C@H]2COCCCOC)c(C)c1Cl,21.0,-1.3222192947339193,1,train
CCCCN(CCCC)C(=O)c1nn(-c2ccc(C(=O)NS(=O)(=O)c3ccc4ccccc4c3)cc2C(=O)N2Cc3ccccc3C[C@H]2CN)c(C)c1Cl,8.705,-0.93976877545335,1,train
CCCCN(CCCC)C(=O)c1nn(-c2ccc(C(=O)NS(=O)(=O)c3ccc4ccccc4c3)cc2C(=O)N2Cc3ccccc3C[C@H]2CN2CCN(C)CC2)c(C)c1Cl,140.00000000000006,-2.146128035678238,1,train
CCCCN(CCCC)C(=O)c1nn(-c2ccc(C(=O)NS(=O)(=O)c3ccc4ccccc4c3)cc2C(=O)N2Cc3ccccc3C[C@H]2CN2CCOCC2)c(C)c1Cl,13.999999999999998,-1.146128035678238,1,train
CCCCN(CCCC)C(=O)c1nn(-c2ccc(C(=O)NS(=O)(=O)c3ccc4ccccc4c3)cc2C(=O)N2Cc3ccccc3C[C@H]2CN2CCCC2)c(C)c1Cl,47.00000000000001,-1.6720978579357175,1,train
CCCCN(CCCC)C(=O)c1nn(-c2ccc(C(=O)NS(=O)(=O)c3ccc4ccccc4c3)cc2C(=O)N2COc3ccccc3C2)c(C)c1Cl,119.99999999999996,-2.0791812460476247,1,test
CCCCN(CCCC)C(=O)c1nn(-c2ccc(C(=O)NS(=O)(=O)c3ccc4ccccc4c3)cc2C(=O)N2CNc3ccccc3C2)c(C)c1Cl,26.0,-1.414973347970818,1,train
CN(C)CC[C@H](CSc1ccccc1)Nc1ccc(S(=O)(=O)NC(=O)c2ccc(N3CCN(c4cccc(-c5c(-c6ccc(Cl)cc6)cn(CC[C@H](O)CO)c5C(=O)NCCCN5CCN(C)CC5)c4)CC3)cc2)cc1[N+](=O)[O-],8.7,-0.9395192526186184,0,train
CN(C)CC[C@H](CSc1ccccc1)Nc1ccc(S(=O)(=O)Nc2ccc(N3CCN(c4cccc(-c5c(-c6ccc(Cl)cc6)cn(CC[C@H](O)CO)c5C(=O)NCCCN5CCN(C)CC5)c4)CC3)cc2)cc1[N+](=O)[O-],1.3,-0.1139433523068367,1,train
CN(C)CC[C@H](CSc1ccccc1)Nc1ccc(S(=O)(=O)Nc2ccc(-c3cn(-c4cccc(-c5c(-c6ccc(Cl)cc6)cn(CC[C@H](O)CO)c5C(=O)NCCCN5CCN(C)CC5)c4)nn3)cc2)cc1[N+](=O)[O-],1.4,-0.146128035678238,1,train
CN(C)CC[C@H](CSc1ccccc1)Nc1ccc(S(=O)(=O)NC(=O)c2ccc(C#Cc3cccc(-c4c(-c5ccc(Cl)cc5)cn(CC[C@H](O)CO)c4C(=O)NCCCN4CCN(C)CC4)c3)cc2)cc1[N+](=O)[O-],1.9,-0.2787536009528289,1,train
CN(C)CC[C@H](CSc1ccccc1)Nc1ccc(S(=O)(=O)Nc2ccc(C#Cc3cccc(-c4c(-c5ccc(Cl)cc5)cn(CC[C@H](O)CO)c4C(=O)NCCCN4CCN(C)CC4)c3)cc2)cc1[N+](=O)[O-],6.6,-0.8195439355418687,0,train
CN(C)CC[C@H](CSc1ccccc1)Nc1ccc(S(=O)(=O)Nc2ccc(NCCNc3cccc(-c4c(-c5ccc(Cl)cc5)cn(CC[C@H](O)CO)c4C(=O)NCCCN4CCN(C)CC4)c3)cc2)cc1[N+](=O)[O-],60.60000000000001,-1.7824726241662865,1,test
CN(C)CC[C@H](CSc1ccccc1)Nc1ccc(S(=O)(=O)Nc2ccc(N3CCN(c4ccc(-c5c(-c6ccc(Cl)cc6)cn(CC[C@H](O)CO)c5C(=O)NCCCN5CCN(C)CC5)cc4)CC3)cc2)cc1[N+](=O)[O-],33.9,-1.530199698203082,1,train
CN(C)CC[C@H](CSc1ccccc1)Nc1ccc(S(=O)(=O)Nc2ccc(N3CCN(Cc4ccccc4-c4ccc(Cl)cc4)CC3)cc2)cc1[N+](=O)[O-],85.3,-1.930949031167523,1,test
CN(C)CC[C@H](CSc1ccccc1)Nc1ccc(S(=O)(=O)Nc2ccc(N3CCN(c4cccc(-c5c(-c6ccc(Cl)cc6)cn(C)c5C(=O)NCCCN5CCN(C)CC5)c4)CC3)cc2)cc1[N+](=O)[O-],0.6,0.2218487496163563,1,train
CNC(=O)c1c(-c2cccc(N3CCN(c4ccc(NS(=O)(=O)c5ccc(N[C@H](CCN(C)C)CSc6ccccc6)c([N+](=O)[O-])c5)cc4)CC3)c2)c(-c2ccc(Cl)cc2)cn1C,5.3,-0.724275869600789,1,train
CN(C)CC[C@H](CSc1ccccc1)Nc1ccc(S(=O)(=O)Nc2ccc(N3CCN(c4cccc(-c5cn(C)cc5-c5ccc(Cl)cc5)c4)CC3)cc2)cc1[N+](=O)[O-],82.6,-1.9169800473203824,1,train
CCOC(=O)c1c(-c2cccc(N3CCN(c4ccc(NS(=O)(=O)c5ccc(N[C@H](CCN(C)C)CSc6ccccc6)c([N+](=O)[O-])c5)cc4)CC3)c2)c(-c2ccc(Cl)cc2)cn1C,45.8,-1.6608654780038692,1,test
CN(C)CC[C@H](CSc1ccccc1)Nc1ccc(S(=O)(=O)Nc2ccc(N3CCN(c4cccc(-c5c(-c6ccc(Cl)cc6)cn(C)c5C(=O)O)c4)CC3)cc2)cc1[N+](=O)[O-],1.7,-0.2304489213782739,1,test
CCc1c(-c2ccc(Cl)cc2)c(-c2cccc(N3CCN(c4ccc(NS(=O)(=O)c5ccc(N[C@H](CCN(C)C)CSc6ccccc6)c([N+](=O)[O-])c5)cc4)CC3)c2)c(C(=O)O)n1C,4.1,-0.6127838567197355,0,train
CCCCn1c(C)c(C(=O)O)c(-c2cccc(N3CCN(c4ccc(NS(=O)(=O)c5ccc(N[C@H](CCN6CCC(O)CC6)CSc6ccccc6)c(S(=O)(=O)C(F)(F)F)c5)cc4)CC3)c2)c1-c1ccc(Cl)cc1,78.2,-1.893206753059848,1,train
CCCn1c(C)c(C(=O)O)c(-c2cccc(N3CCN(c4ccc(NS(=O)(=O)c5ccc(N[C@H](CCN6CCC(O)CC6)CSc6ccccc6)c(S(=O)(=O)C(F)(F)F)c5)cc4)CC3)c2)c1-c1ccc(Cl)cc1,30.1,-1.4785664955938431,0,train
Cc1c(C(=O)O)c(-c2cccc(N3CCN(c4ccc(NS(=O)(=O)c5ccc(N[C@H](CCN6CCC(O)CC6)CSc6ccccc6)c(S(=O)(=O)C(F)(F)F)c5)cc4)CC3)c2)c(-c2ccc(Cl)cc2)n1C(C)C,4.0,-0.6020599913279624,1,train
CCn1c(C)c(C(=O)O)c(-c2cccc(N3CCN(c4ccc(NS(=O)(=O)c5ccc(N[C@H](CCN6CCC(O)CC6)CSc6ccccc6)c(S(=O)(=O)C(F)(F)F)c5)cc4)CC3)c2)c1-c1ccc(Cl)cc1,5.4,-0.7323937598229685,1,test
Cc1c(C(=O)O)c(-c2cccc(N3CCN(c4ccc(NS(=O)(=O)c5ccc(N[C@H](CCN6CCC(C)(O)CC6)CSc6ccccc6)c(S(=O)(=O)C(F)(F)F)c5)cc4)CC3)c2)c(-c2ccc(Cl)cc2)n1C,18.6,-1.2695129442179165,0,test
Cc1c(C(=O)O)c(-c2cccc(N3CCN(c4ccc(NS(=O)(=O)c5ccc(N[C@H](CCN6CCC(O)CC6)CSc6ccccc6)c(S(=O)(=O)C(F)(F)F)c5)cc4)CC3)c2)c(-c2ccc(Cl)cc2)n1C,10.2,-1.0086001717619175,0,train
Cc1c(C(=O)O)c(-c2cccc(N3CCN(c4ccc(NS(=O)(=O)c5ccc(N[C@H](CCN6CC(O)C6)CSc6ccccc6)c(S(=O)(=O)C(F)(F)F)c5)cc4)CC3)c2)c(-c2ccc(Cl)cc2)n1C,7.699999999999999,-0.8864907251724818,0,train
Cc1c(C(=O)O)c(-c2cccc(N3CCN(c4ccc(NS(=O)(=O)c5ccc(N[C@H](CCN6CCCCC6)CSc6ccccc6)c(S(=O)(=O)C(F)(F)F)c5)cc4)CC3)c2)c(-c2ccc(Cl)cc2)n1C,15.6,-1.1931245983544616,0,train
Cc1c(C(=O)O)c(-c2cccc(N3CCN(c4ccc(NS(=O)(=O)c5ccc(N[C@H](CCN6CCCC6)CSc6ccccc6)c(S(=O)(=O)C(F)(F)F)c5)cc4)CC3)c2)c(-c2ccc(Cl)cc2)n1C,8.3,-0.919078092376074,0,test
Cc1c(C(=O)O)c(-c2cccc(N3CCN(c4ccc(NS(=O)(=O)c5ccc(N[C@H](CCN6CCC6)CSc6ccccc6)c(S(=O)(=O)C(F)(F)F)c5)cc4)CC3)c2)c(-c2ccc(Cl)cc2)n1C,7.500000000000001,-0.8750612633917001,0,train
Cc1c(C(=O)O)c(-c2cccc(N3CCN(c4ccc(NS(=O)(=O)c5ccc(N[C@H](CCN6CCOCC6)CSc6ccccc6)c(S(=O)(=O)C(F)(F)F)c5)cc4)CC3)c2)c(-c2ccc(Cl)cc2)n1C,55.20000000000001,-1.741939077729199,1,train
Cc1c(C(=O)O)c(-c2cccc(N3CCN(c4ccc(NS(=O)(=O)c5ccc(N[C@H](CCN(C)C)CSc6ccccc6)c(S(=O)(=O)C(F)(F)F)c5)cc4)CC3)c2)c(-c2ccc(Cl)cc2)n1C,9.2,-0.9637878273455552,0,train
Cc1c(C(=O)NCCCN2CCN(C)CC2)c(-c2cccc(N3CCN(c4ccc(NS(=O)(=O)c5cccc(S(=O)(=O)C6CC6)c5)cc4)CC3)c2)c(-c2ccc(Cl)cc2)n1C,844.0000000000001,-2.926342446625655,0,train
CCS(=O)(=O)c1cccc(S(=O)(=O)Nc2ccc(N3CCN(c4cccc(-c5c(C(=O)NCCCN6CCN(C)CC6)c(C)n(C)c5-c5ccc(Cl)cc5)c4)CC3)cc2)c1,828.0000000000003,-2.9180303367848803,0,test
Cc1c(C(=O)NCCCN2CCN(C)CC2)c(-c2cccc(N3CCN(c4ccc(NS(=O)(=O)c5cccc(S(C)(=O)=O)c5)cc4)CC3)c2)c(-c2ccc(Cl)cc2)n1C,2543.000000000001,-3.405346360175709,1,train
Cc1c(C(=O)NCCCN2CCN(C)CC2)c(-c2cccc(N3CCN(c4ccc(NS(=O)(=O)c5cccc(S(=O)(=O)C(F)(F)F)c5)cc4)CC3)c2)c(-c2ccc(Cl)cc2)n1C,153.00000000000003,-2.184691430817599,1,train
Cc1c(C(=O)NCCCN2CCN(C)CC2)c(-c2cccc(N3CCN(c4ccc(NS(=O)(=O)c5cccc(OC(C)C)c5)cc4)CC3)c2)c(-c2ccc(Cl)cc2)n1C,2021.000000000001,-3.305566313515304,1,train
CCOc1cccc(S(=O)(=O)Nc2ccc(N3CCN(c4cccc(-c5c(C(=O)NCCCN6CCN(C)CC6)c(C)n(C)c5-c5ccc(Cl)cc5)c4)CC3)cc2)c1,1623.999999999999,-3.2105860249051563,0,train
COc1cccc(S(=O)(=O)Nc2ccc(N3CCN(c4cccc(-c5c(C(=O)NCCCN6CCN(C)CC6)c(C)n(C)c5-c5ccc(Cl)cc5)c4)CC3)cc2)c1,801.9999999999999,-2.9041743682841634,0,test
Cc1c(C(=O)NCCCN2CCN(C)CC2)c(-c2cccc(N3CCN(c4ccc(NS(=O)(=O)c5cccc(OC(F)(F)F)c5)cc4)CC3)c2)c(-c2ccc(Cl)cc2)n1C,762.9999999999997,-2.8825245379548803,0,train
Cc1c(C(=O)NCCCN2CCN(C)CC2)c(-c2cccc(N3CCN(c4ccc(NS(=O)(=O)c5cccc(C(C)(C)C)c5)cc4)CC3)c2)c(-c2ccc(Cl)cc2)n1C,1908.0000000000005,-3.2805783703680764,1,train
CCc1cccc(S(=O)(=O)Nc2ccc(N3CCN(c4cccc(-c5c(C(=O)NCCCN6CCN(C)CC6)c(C)n(C)c5-c5ccc(Cl)cc5)c4)CC3)cc2)c1,620.9999999999997,-2.79309160017658,0,test
Cc1cccc(S(=O)(=O)Nc2ccc(N3CCN(c4cccc(-c5c(C(=O)NCCCN6CCN(C)CC6)c(C)n(C)c5-c5ccc(Cl)cc5)c4)CC3)cc2)c1,688.9999999999998,-2.8382192219076257,0,test
Cc1c(C(=O)NCCCN2CCN(C)CC2)c(-c2cccc(N3CCN(c4ccc(NS(=O)(=O)c5cccc(C(F)(F)F)c5)cc4)CC3)c2)c(-c2ccc(Cl)cc2)n1C,582.0000000000002,-2.7649229846498886,0,train
Cc1c(C(=O)NCCCN2CCN(C)CC2)c(-c2cccc(N3CCN(c4ccc(NS(=O)(=O)c5cccc(Br)c5)cc4)CC3)c2)c(-c2ccc(Cl)cc2)n1C,254.99999999999991,-2.406540180433955,0,train
Cc1c(C(=O)NCCCN2CCN(C)CC2)c(-c2cccc(N3CCN(c4ccc(NS(=O)(=O)c5cccc(Cl)c5)cc4)CC3)c2)c(-c2ccc(Cl)cc2)n1C,660.0000000000001,-2.8195439355418688,0,train
Cc1c(C(=O)NCCCN2CCN(C)CC2)c(-c2cccc(N3CCN(c4ccc(NS(=O)(=O)c5cccc(F)c5)cc4)CC3)c2)c(-c2ccc(Cl)cc2)n1C,977.0,-2.989894563718773,0,train
Cc1c(C(=O)NCCCN2CCN(C)CC2)c(-c2cccc(N3CCN(c4ccc(NS(=O)(=O)c5ccccc5)cc4)CC3)c2)c(-c2ccc(Cl)cc2)n1C,2199.9999999999995,-3.342422680822206,0,train
Cc1c(C(=O)NCCCN2CCN(C)CC2)c(-c2cccc(N3CCN(c4ccc(NS(=O)(=O)c5cccc([N+](=O)[O-])c5)cc4)CC3)c2)c(-c2ccc(Cl)cc2)n1C,117.0,-2.0681858617461617,1,train
CCCOC(=O)C1=C2C(=NC1=O)c1cccc3c(N4CCSCC4)ccc2c13,2099.999999999999,-3.322219294733919,0,train
CCOC(=O)C1=C2C(=NC1=O)c1cccc3c(N4CCSCC4)ccc2c13,2199.9999999999995,-3.342422680822206,0,train
O=C1N=C2C(=C1NCCCCCc1ccccc1)c1ccc(N3CCSCC3)c3cccc2c13,1300.0000000000005,-3.113943352306837,1,train
CC(C)c1ccc(Oc2ccc3c4c(cccc24)C2=NC(=O)C(NCCCc4ccccc4)=C23)cc1,42.00000000000001,-1.6232492903979006,0,train
CCCCCCNC1=C2C(=NC1=O)c1cccc3c(Oc4ccc(C(C)C)cc4)ccc2c13,184.0,-2.2648178230095364,0,train
CCCCNC1=C2C(=NC1=O)c1cccc3c(Oc4ccc(C(C)C)cc4)ccc2c13,321.99999999999994,-2.507855871695831,0,train
CC(C)c1ccc(Oc2ccc3c4c(cccc24)C2=NC(=O)C(C#N)=C23)cc1,738.9999999999997,-2.868644438394825,0,train
O=C1N=C2C(=C1NCCCc1ccccc1)c1ccc(Sc3ccc(OO)cc3)c3cccc2c13,57.00000000000001,-1.7558748556724917,0,train
CCCCCCNC1=C2C(=NC1=O)c1cccc3c(Sc4ccc(OC)cc4)ccc2c13,205.99999999999997,-2.3138672203691533,0,test
CCCCNC1=C2C(=NC1=O)c1cccc3c(Sc4ccc(OC)cc4)ccc2c13,356.0000000000001,-2.5514499979728757,0,test
COc1ccc(Sc2ccc3c4c(cccc24)C2=NC(=O)C(C#N)=C23)cc1,945.0000000000002,-2.975431808509263,0,train
Nc1ccc(Sc2ccc3c4c(cccc24)C2=NC(=O)C(NCCCc4ccccc4)=C23)cc1,20.000000000000004,-1.3010299956639813,0,train
CCCCCCNC1=C2C(=NC1=O)c1cccc3c(Sc4ccc(N)cc4)ccc2c13,79.99999999999999,-1.9030899869919435,0,train
CCCCNC1=C2C(=NC1=O)c1cccc3c(Sc4ccc(N)cc4)ccc2c13,189.99999999999997,-2.278753600952829,0,train
O=C1N=C2C(=C1NCCCc1ccccc1)c1ccc(N3CCSCC3)c3cccc2c13,48.99999999999999,-1.6901960800285136,1,train
CCCCCCNC1=C2C(=NC1=O)c1cccc3c(N4CCSCC4)ccc2c13,96.0,-1.9822712330395684,0,train
CCCCNC1=C2C(=NC1=O)c1cccc3c(N4CCSCC4)ccc2c13,197.99999999999991,-2.296665190261531,0,train
CN(C)CC[C@H](CSc1ccccc1)Nc1ccc(S(=O)(=O)Nc2nc(C(F)(F)F)nc3c2CCN(C2CCN(Cc4ccccc4-c4ccc(Cl)cc4)CC2)C3)cc1S(=O)(=O)C(F)(F)F,46.0,-1.662757831681574,0,train
CN(C)CC[C@H](CSc1ccccc1)Nc1ccc(S(=O)(=O)Nc2nc(Cl)nc3c2CCN(C2CCN(Cc4ccccc4-c4ccc(Cl)cc4)CC2)C3)cc1S(=O)(=O)C(F)(F)F,32.00000000000001,-1.505149978319906,0,train
CN(C)CC[C@H](CSc1ccccc1)Nc1ccc(S(=O)(=O)Nc2ncnc3c2CCN(C2CCN(Cc4cc(F)ccc4-c4ccc(Cl)cc4)CC2)C3=O)cc1S(=O)(=O)C(F)(F)F,141.99999999999994,-2.1522883443830563,0,train
CC(c1ccccc1-c1ccc(Cl)cc1)N1CCC(N2CCc3c(ncnc3NS(=O)(=O)c3ccc(N[C@H](CCN(C)C)CSc4ccccc4)c(S(=O)(=O)C(F)(F)F)c3)C2)CC1,35.0,-1.5440680443502757,0,train
CN(C)CC[C@H](CSc1ccccc1)Nc1ccc(S(=O)(=O)Nc2ncnc3c2CCN(C2CCN(Cc4cc(F)ccc4-c4ccc(Cl)cc4)CC2)C3)cc1S(=O)(=O)C(F)(F)F,33.0,-1.5185139398778875,0,train
CN(C)CC[C@H](CSc1ccccc1)Nc1ccc(S(=O)(=O)Nc2ncnc3c2CCN(C2CCN(Cc4ccccc4-c4ccc(Cl)cc4)CC2)C3)cc1S(=O)(=O)C(F)(F)F,19.0,-1.2787536009528289,0,train
CN(C)CC[C@H](CSc1ccccc1)Nc1ccc(S(=O)(=O)Nc2nnc3n2CCN(C2CCN(Cc4ccccc4-c4ccc(Cl)cc4)CC2)CC3)cc1S(=O)(=O)C(F)(F)F,25.000000000000007,-1.3979400086720375,0,test
O=S(=O)(Nc1ncnc2c1CN(C1CCN(Cc3ccccc3-c3ccc(Cl)cc3)CC1)C2)c1ccc(N[C@H](CCN2CCOCC2)CSc2ccccc2)c(S(=O)(=O)C(F)(F)F)c1,740.0000000000001,-2.869231719730976,0,train
CN(C)CC[C@H](CSc1ccccc1)Nc1ccc(S(=O)(=O)NC2=NS(=O)(=O)c3cc(N4CCN(Cc5ccccc5-c5ccc(Cl)cc5)CC4)ccc32)cc1[N+](=O)[O-],17.0,-1.230448921378274,0,train
CN(C)CC[C@H](CSc1ccccc1)Nc1ccc(S(=O)(=O)Nc2nnc3cc(N4CCN(Cc5ccccc5-c5ccc(Cl)cc5)CC4)cnn23)cc1[N+](=O)[O-],25.000000000000007,-1.3979400086720375,1,train
CN(C)CC[C@H](CSc1ccccc1)Nc1ccc(S(=O)(=O)Nc2nn(C)c3nc(N4CCN(Cc5ccccc5-c5ccc(Cl)cc5)CC4)ncc23)cc1[N+](=O)[O-],8500.000000000002,-3.929418925714293,1,test
CN(C)CC[C@H](CSc1ccccc1)Nc1ccc(S(=O)(=O)Nc2cccc3cc(N4CCN(Cc5ccccc5-c5ccc(Cl)cc5)CC4)cnc23)cc1[N+](=O)[O-],68.00000000000001,-1.8325089127062364,1,train
Cc1c(C(=O)NS(C)(=O)=O)c(-c2cccc(N3CCN(c4ccc(NS(=O)(=O)c5ccc(N[C@H](CCN(C)C)CSc6ccccc6)c([N+](=O)[O-])c5)cc4)CC3)c2)c(-c2ccc(Cl)cc2)n1C(C)C,1.8,-0.255272505103306,0,test
CCn1c(C)c(C(=O)NS(C)(=O)=O)c(-c2cccc(N3CCN(c4ccc(NS(=O)(=O)c5ccc(N[C@H](CCN(C)C)CSc6ccccc6)c([N+](=O)[O-])c5)cc4)CC3)c2)c1-c1ccc(Cl)cc1,1.8,-0.255272505103306,1,train
CCCCn1c(C)c(C(=O)O)c(-c2cccc(N3CCN(c4ccc(NS(=O)(=O)c5ccc(N[C@H](CCN(C)C)CSc6ccccc6)c([N+](=O)[O-])c5)cc4)CC3)c2)c1-c1ccc(Cl)cc1,23.0,-1.3617278360175928,1,train
CCCn1c(C)c(C(=O)O)c(-c2cccc(N3CCN(c4ccc(NS(=O)(=O)c5ccc(N[C@H](CCN(C)C)CSc6ccccc6)c([N+](=O)[O-])c5)cc4)CC3)c2)c1-c1ccc(Cl)cc1,10.0,-1.0,0,test
Cc1c(C(=O)O)c(-c2cccc(N3CCN(c4ccc(NS(=O)(=O)c5ccc(N[C@H](CCN(C)C)CSc6ccccc6)c([N+](=O)[O-])c5)cc4)CC3)c2)c(-c2ccc(Cl)cc2)n1C(C)C,1.4,-0.146128035678238,1,train
Cc1oc(-c2ccc(Cl)cc2)c(-c2cccc(N3CCN(c4ccc(NS(=O)(=O)c5ccc(N[C@H](CCN(C)C)CSc6ccccc6)c([N+](=O)[O-])c5)cc4)CC3)c2)c1C(=O)O,3.8,-0.5797835966168101,0,train
CN(C)CC[C@H](CSc1ccccc1)Nc1ccc(S(=O)(=O)Nc2ccc(N3CCN(c4cccc(-c5c(-c6ccc(Cl)cc6)nn(C)c5C(=O)O)c4)CC3)cc2)cc1[N+](=O)[O-],3.7,-0.568201724066995,0,train
CN(C)CC[C@H](CSc1ccccc1)Nc1ccc(S(=O)(=O)Nc2ccc(N3CCN(c4cccc(-c5c(C(=O)O)nn(C)c5-c5ccc(Cl)cc5)c4)CC3)cc2)cc1[N+](=O)[O-],7.1,-0.8512583487190752,1,test
CN(C)CC[C@H](CSc1ccccc1)Nc1ccc(S(=O)(=O)Nc2ccc(N3CCN(c4cccc(-c5c(C(=O)NS(C)(=O)=O)cnn5-c5ccc(Cl)cc5)c4)CC3)cc2)cc1[N+](=O)[O-],5.4,-0.7323937598229685,0,train
CN(C)CC[C@H](CSc1ccccc1)Nc1ccc(S(=O)(=O)Nc2ccc(N3CCN(c4cccc(-c5c(C(=O)NS(C)(=O)=O)ncn5-c5ccc(Cl)cc5)c4)CC3)cc2)cc1[N+](=O)[O-],3.8,-0.5797835966168101,0,train
CN(C)CC[C@H](CSc1ccccc1)Nc1ccc(S(=O)(=O)Nc2ccc(N3CCN(c4cccc(-c5cnoc5-c5ccc(Cl)cc5)c4)CC3)cc2)cc1[N+](=O)[O-],350.0,-2.544068044350276,0,train
CN(C)CC[C@H](CSc1ccccc1)Nc1ccc(S(=O)(=O)Nc2ccc(N3CCN(c4cccc(-c5cn(C)nc5-c5ccc(Cl)cc5)c4)CC3)cc2)cc1[N+](=O)[O-],140.00000000000006,-2.146128035678238,1,train
CN(C)CC[C@H](CSc1ccccc1)Nc1ccc(S(=O)(=O)Nc2ccc(N3CCN(c4cccc(-c5cnn(C)c5-c5ccc(Cl)cc5)c4)CC3)cc2)cc1[N+](=O)[O-],209.99999999999991,-2.322219294733919,1,train
CN(C)CC[C@H](CSc1ccccc1)Nc1ccc(S(=O)(=O)Nc2ccc(N3CCN(c4cccc(-c5ccnn5-c5ccc(Cl)cc5)c4)CC3)cc2)cc1[N+](=O)[O-],109.99999999999996,-2.041392685158225,0,train
CN(C)CC[C@H](CSc1ccccc1)Nc1ccc(S(=O)(=O)Nc2ccc(N3CCN(c4cccc(-c5cncn5-c5ccc(Cl)cc5)c4)CC3)cc2)cc1[N+](=O)[O-],46.0,-1.662757831681574,0,train
CN(C)CC[C@H](CSc1ccccc1)Nc1ccc(S(=O)(=O)Nc2ccc(N3CCN(c4cccc(-c5c(C(=O)O)c(Cl)n(C)c5-c5ccc(Cl)cc5)c4)CC3)cc2)cc1[N+](=O)[O-],1.5,-0.1760912590556812,1,test
CN(C)CC[C@H](CSc1ccccc1)Nc1ccc(S(=O)(=O)Nc2ccc(N3CCN(c4cccc(-c5c(C(=O)O)c(C(F)(F)F)n(C)c5-c5ccc(Cl)cc5)c4)CC3)cc2)cc1[N+](=O)[O-],1.1,-0.041392685158225,0,train
Cc1c(C#N)c(-c2cccc(N3CCN(c4ccc(NS(=O)(=O)c5ccc(N[C@H](CCN(C)C)CSc6ccccc6)c([N+](=O)[O-])c5)cc4)CC3)c2)c(-c2ccc(Cl)cc2)n1C,17.0,-1.230448921378274,1,train
Cc1c(C(F)(F)F)c(-c2cccc(N3CCN(c4ccc(NS(=O)(=O)c5ccc(N[C@H](CCN(C)C)CSc6ccccc6)c([N+](=O)[O-])c5)cc4)CC3)c2)c(-c2ccc(Cl)cc2)n1C,271.00000000000006,-2.432969290874406,1,test
Cc1c(Cl)c(-c2cccc(N3CCN(c4ccc(NS(=O)(=O)c5ccc(N[C@H](CCN(C)C)CSc6ccccc6)c([N+](=O)[O-])c5)cc4)CC3)c2)c(-c2ccc(Cl)cc2)n1C,259.9999999999999,-2.4149733479708178,1,train
Cc1c(C(=O)NS(C)(=O)=O)c(-c2cccc(N3CCN(c4ccc(NS(=O)(=O)c5ccc(N[C@H](CCN(C)C)CSc6ccccc6)c([N+](=O)[O-])c5)cc4)CC3)c2)c(-c2ccc(Cl)cc2)n1C,0.9,0.0457574905606751,1,train
Cc1c(C(=O)N2CC(C)(O)C2)c(-c2cccc(N3CCN(c4ccc(NS(=O)(=O)c5ccc(N[C@H](CCN(C)C)CSc6ccccc6)c([N+](=O)[O-])c5)cc4)CC3)c2)c(-c2ccc(Cl)cc2)n1C,5.6000000000000005,-0.7481880270062005,1,train
Cc1c(C(=O)N[C@H]2C[C@@](C)(O)C2)c(-c2cccc(N3CCN(c4ccc(NS(=O)(=O)c5ccc(N[C@H](CCN(C)C)CSc6ccccc6)c([N+](=O)[O-])c5)cc4)CC3)c2)c(-c2ccc(Cl)cc2)n1C,7.500000000000001,-0.8750612633917001,0,train
Cc1c(C(N)=O)c(-c2cccc(N3CCN(c4ccc(NS(=O)(=O)c5ccc(N[C@H](CCN(C)C)CSc6ccccc6)c([N+](=O)[O-])c5)cc4)CC3)c2)c(-c2ccc(Cl)cc2)n1C,19.0,-1.2787536009528289,1,train
CNC(=O)c1c(-c2cccc(N3CCN(c4ccc(NS(=O)(=O)c5ccc(N[C@H](CCN(C)C)CSc6ccccc6)c([N+](=O)[O-])c5)cc4)CC3)c2)c(-c2ccc(Cl)cc2)n(C)c1C,5.000000000000001,-0.6989700043360189,1,train
Cc1cc(-c2cccc(N3CCN(c4ccc(NS(=O)(=O)c5ccc(N[C@H](CCN(C)C)CSc6ccccc6)c([N+](=O)[O-])c5)cc4)CC3)c2)c(-c2ccc(Cl)cc2)n1C,99.0,-1.99563519459755,1,train
CCn1c(C)c(C(=O)O)c(-c2cccc(N3CCN(c4ccc(NS(=O)(=O)c5ccc(N[C@H](CCN(C)C)CSc6ccccc6)c([N+](=O)[O-])c5)cc4)CC3)c2)c1-c1ccc(Cl)cc1,2.0,-0.3010299956639812,1,train
Cc1c(C(=O)O)c(-c2cccc(N3CCN(c4ccc(NS(=O)(=O)c5ccc(N[C@H](CCN(C)C)CSc6ccccc6)c([N+](=O)[O-])c5)cc4)CC3)c2)c(-c2ccc(Cl)cc2)n1C,1.3,-0.1139433523068367,1,test
Nn1c(SCc2cccc([N+](=O)[O-])c2)nnc1-c1c[nH]c2ccccc12,1430.0000000000002,-3.155336037465062,0,train
O=C(O)c1cc(-c2ccc3c(c2)/C(=N\Nc2nc4ccccc4s2)CCC3)ccn1,4999.999999999999,-3.6989700043360183,0,test
O=C(NS(=O)(=O)c1ccc(N[C@H](CCN2CCOCC2)CSc2ccccc2)c(S(=O)(=O)C(F)(F)F)c1)c1ccc(N2CCN(Cc3ccccc3-c3ccc(Cl)cc3)CC2)cc1,12.500000000000002,-1.0969100130080565,1,train
N=C(NS(=O)(=O)c1ccc(N[C@H](CCN2CCOCC2)CSc2ccccc2)c(S(=O)(=O)C(F)(F)F)c1)c1ccc(N2CCN(Cc3ccccc3-c3ccc(Cl)cc3)CC2)cc1,19.0,-1.2787536009528289,1,train
O=C(NS(=O)(=O)c1ccc(N[C@H](CCN2CCOCC2)CSc2ccccc2)c(S(=O)(=O)C(F)(F)F)c1)c1ccc(N2CCN(Cc3ccccc3-c3ccc(Cl)cc3)CC2)nn1,270.00000000000006,-2.431363764158988,1,train
O=C(NS(=O)(=O)c1ccc(N[C@H](CCN2CCOCC2)CSc2ccccc2)c(S(=O)(=O)C(F)(F)F)c1)c1csc(N2CCN(Cc3ccccc3-c3ccc(Cl)cc3)CC2)n1,119.00000000000009,-2.075546961392531,0,train
O=C(NS(=O)(=O)c1ccc(N[C@H](CCN2CCOCC2)CSc2ccccc2)c(S(=O)(=O)C(F)(F)F)c1)c1ccc(N2CCP(=O)(Cc3ccccc3-c3ccc(Cl)cc3)CC2)cc1,54.000000000000014,-1.7323937598229686,1,test
O=C(NS(=O)(=O)c1ccc(N[C@H](CCN2CCOCC2)CSc2ccccc2)c(S(=O)(=O)C(F)(F)F)c1)c1ccc(N2CCC(Oc3ccccc3-c3ccc(Cl)cc3)CC2)cc1,249.99999999999997,-2.397940008672037,1,train
O=C(NS(=O)(=O)c1ccc(N[C@H](CCN2CCOCC2)CSc2ccccc2)c(S(=O)(=O)C(F)(F)F)c1)c1ccc(N2CCC(C(=O)c3ccccc3-c3ccc(Cl)cc3)CC2)cc1,64.99999999999999,-1.8129133566428557,0,train
O=C(NS(=O)(=O)c1ccc(N[C@H](CCN2CCOCC2)CSc2ccccc2)c(S(=O)(=O)C(F)(F)F)c1)c1ccc(N2CCC(Sc3ccccc3-c3ccc(Cl)cc3)CC2)cc1,61.000000000000014,-1.7853298350107671,0,test
O=C(NS(=O)(=O)c1ccc(N[C@H](CCN2CCOCC2)CSc2ccccc2)c(S(=O)(=O)C(F)(F)F)c1)c1ccc(N2CCC([S@@+](O)c3ccccc3-c3ccc(Cl)cc3)CC2)cc1,545.0000000000001,-2.7363965022766426,1,train
O=C(NS(=O)(=O)c1ccc(N[C@H](CCN2CCOCC2)CSc2ccccc2)c(S(=O)(=O)C(F)(F)F)c1)c1ccc(N2CCC(S(=O)(=O)c3ccccc3-c3ccc(Cl)cc3)CC2)cc1,86.99999999999999,-1.9395192526186185,0,test
CCOC(=O)C1(Cc2ccccc2-c2ccc(Cl)cc2)CCN(c2ccc(C(=O)NS(=O)(=O)c3ccc(N[C@H](CCN4CCOCC4)CSc4ccccc4)c(S(=O)(=O)C(F)(F)F)c3)cc2)CC1,17.0,-1.230448921378274,1,train
O=C(NS(=O)(=O)c1ccc(N[C@H](CCN2CCOCC2)CSc2ccccc2)c(S(=O)(=O)C(F)(F)F)c1)c1ccc(N2CCC(CO)(Cc3ccccc3-c3ccc(Cl)cc3)CC2)cc1,59.00000000000001,-1.7708520116421442,0,train
O=C(NS(=O)(=O)c1ccc(N[C@H](CCN2CCOCC2)CSc2ccccc2)c(S(=O)(=O)C(F)(F)F)c1)c1ccc(N2CCN(Cc3ccccc3-c3ncc(Cl)cn3)CC2)cc1,21.0,-1.3222192947339193,1,train
O=C(NS(=O)(=O)c1ccc(N[C@H](CCN2CCOCC2)CSc2ccccc2)c(S(=O)(=O)C(F)(F)F)c1)c1ccc(N2CCN(Cc3cccnc3-c3ccc(Cl)cc3)CC2)cc1,26.0,-1.414973347970818,1,train
O=C(NS(=O)(=O)c1ccc(N[C@H](CCN2CCOCC2)CSc2ccccc2)c(S(=O)(=O)C(F)(F)F)c1)c1ccc(N2CCN(Cc3cn[nH]c3-c3ccc(Cl)cc3)CC2)cc1,40.000000000000014,-1.6020599913279625,0,train
N#CC1(Cc2ccccc2-c2ccc(Cl)cc2)CCN(c2ccc(C(=O)NS(=O)(=O)c3ccc(N[C@H](CCN4CCOCC4)CSc4ccccc4)c(S(=O)(=O)C(F)(F)F)c3)cc2)CC1,545.0000000000001,-2.7363965022766426,1,train
CN(C)C(=O)COc1cccc(-c2ccc(Cl)cc2)c1CN1CCN(c2ccc(C(=O)NS(=O)(=O)c3ccc(N[C@H](CCN4CCOCC4)CSc4ccccc4)c(S(=O)(=O)C(F)(F)F)c3)cc2)CC1,45.00000000000001,-1.6532125137753435,1,train
CN(C)C(=O)COc1ccc(-c2ccc(Cl)cc2)c(CN2CCN(c3ccc(C(=O)NS(=O)(=O)c4ccc(N[C@H](CCN5CCOCC5)CSc5ccccc5)c(S(=O)(=O)C(F)(F)F)c4)cc3)CC2)c1,187.00000000000003,-2.271841606536499,0,train
CN(C)CCOc1cccc(-c2ccc(Cl)cc2)c1CN1CCN(c2ccc(C(=O)NS(=O)(=O)c3ccc(N[C@H](CCN4CCOCC4)CSc4ccccc4)c(S(=O)(=O)C(F)(F)F)c3)cc2)CC1,4.0,-0.6020599913279624,1,test
CN(C)CCOc1ccc(-c2ccc(Cl)cc2)c(CN2CCN(c3ccc(C(=O)NS(=O)(=O)c4ccc(N[C@H](CCN5CCOCC5)CSc5ccccc5)c(S(=O)(=O)C(F)(F)F)c4)cc3)CC2)c1,22.0,-1.3424226808222062,0,train
CC(C)Oc1ccc(C(=O)Nc2c(C(=O)O)nn(-c3ccc(Oc4ccccc4)cc3)c2-c2ccc(OC(C)C)cc2)cc1,4999.999999999999,-3.6989700043360183,0,train
COC1=CC(c2cc3ccccc3[nH]2)=N/C1=C\c1[nH]c(C)cc1C,1110.0000000000005,-3.0453229787866576,0,train
COC(=O)CN/C=C1\C(=O)C(O)=C(C(C)C)c2cc(C)c(-c3c(C)cc4c(c3O)/C(=C/NC(=O)OC)C(=O)C(O)=C4C(C)C)c(O)c21,102.99999999999996,-2.012837224705172,0,train
COC(=O)CCN/C=C1\C(=O)C(O)=C(C(C)C)c2cc(C)c(-c3c(C)cc4c(c3O)/C(=C/NCCC(=O)OC)C(=O)C(O)=C4C(C)C)c(O)c21,286.00000000000006,-2.456366033129043,0,train
COC(=O)CCCCN/C=C1\C(=O)C(O)=C(C(C)C)c2cc(C)c(-c3c(C)cc4c(c3O)/C(=C/NCCCCC(=O)OC)C(=O)C(O)=C4C(C)C)c(O)c21,483.0,-2.683947130751512,0,train
COC(=O)CCCCCN/C=C1\C(=O)C(O)=C(C(C)C)c2cc(C)c(-c3c(C)cc4c(c3O)/C(=C/NCCCCCC(=O)OC)C(=O)C(O)=C4C(C)C)c(O)c21,839.9999999999999,-2.9242792860618816,0,train
Cc1cc2c(c(O)c1-c1c(C)cc3c(c1O)/C(=C/NCC(=O)O)C(=O)C(O)=C3C(C)C)/C(=C/NCC(=O)O)C(=O)C(O)=C2C(C)C,572.9999999999998,-2.75815462196739,0,train
Cc1cc2c(c(O)c1-c1c(C)cc3c(c1O)/C(=C/NCCCC(=O)O)C(=O)C(O)=C3C(C)C)/C(=C/NCCCC(=O)O)C(=O)C(O)=C2C(C)C,596.0000000000001,-2.7752462597402365,0,train
Cc1cc2c(c(O)c1-c1c(C)cc3c(c1O)/C(=C/NCCCCC(=O)O)C(=O)C(O)=C3C(C)C)/C(=C/NCCCCC(=O)O)C(=O)C(O)=C2C(C)C,458.0,-2.660865478003869,0,train
Cc1c(C(=O)N(c2ccc(O)cc2)c2ccc3c(ccn3C)c2)cc(-c2cc3c(cc2C(=O)N2Cc4ccccc4C[C@H]2CN2CCOCC2)OCO3)n1C,3.7,-0.568201724066995,0,train
Cc1c(C(=O)N(c2ccccc2)c2ccc(O)cc2)cc(-c2cc3c(cc2C(=O)N2Cc4ccccc4C[C@H]2CN2CCOCC2)OCO3)n1C,11.099999999999998,-1.0453229787866574,0,train
COc1ccc(C(=O)N2Cc3ccccc3C[C@H]2CN2CCOCC2)c(-c2cc(C(=O)N(c3ccccc3)c3ccc(O)cc3)c(C)n2C)c1,6.0,-0.7781512503836436,0,train
Cc1c(C(=O)N(c2ccncc2)c2ccc(O)cc2)cc(-c2cc3c(cc2C(=O)N2Cc4ccccc4C[C@H]2CN2CCN(C)CC2)OCO3)n1C,8.5,-0.9294189257142929,0,train
Cc1c(C(=O)N(c2ccc(O)cc2)c2ccc3c(c2)ncn3C)cc(-c2cc(Cl)ccc2C(=O)N2Cc3ccccc3C[C@H]2CN2CCOCC2)n1C,7.699999999999999,-0.8864907251724818,1,train
Cc1c(C(=O)N(c2ccncc2)c2ccc(O)cc2)cc(-c2cc3c(cc2C(=O)N2Cc4ccccc4C[C@H]2CN2CCOCC2)OCO3)n1C,7.999999999999999,-0.9030899869919436,0,train
CN1CCN(C[C@@H]2Cc3ccccc3CN2C(=O)c2cc3c(cc2-c2cc(C(=O)N(c4ccc(O)cc4)N4CCN(C)CC4)c(C(F)(F)F)n2C)OCO3)CC1,52.89999999999999,-1.7234556720351857,0,train
COCCc1c(C(=O)N(c2ccc(O)cc2)c2cnc3ccn(C)c3c2)cc(-c2cc3c(cc2C(=O)N2Cc4ccccc4C[C@H]2CN2CCOCC2)OCO3)n1C,15.900000000000002,-1.2013971243204515,0,train
Cc1c(C(=O)N(C2=CC3C(C=CN3C)N=C2)c2ccc(O)cc2)cc(-c2cc(Cl)ccc2C(=O)N2Cc3ccccc3C[C@H]2CN2CCOCC2)n1C,2.0,-0.3010299956639812,0,train
Cc1c(C(=O)N(c2ccc(O)cc2)c2cnn(C)c2)cc(-c2ccc(F)cc2C(=O)N2Cc3ccccc3C[C@H]2CN2CCOCC2)n1C,447.00000000000017,-2.6503075231319366,1,train
Cc1c(C(=O)N(c2ccc(O)cc2)c2cnn(C)c2)cc(-c2cc(Cl)ccc2C(=O)N2Cc3ccccc3C[C@H]2C)n1C,5.000000000000001,-0.6989700043360189,0,test
CN1CCN(C[C@@H]2Cc3ccccc3CN2C(=O)c2ccc(Cl)cc2-c2cc(C(=O)N(c3ccc(O)cc3)c3ccc4[nH]ccc4c3)cn2C)CC1,24.6,-1.390935107103379,0,train
CN1CCN(C[C@@H]2Cc3ccccc3CN2C(=O)c2ccc(Cl)cc2-c2cc(C(=O)N(c3ccc(O)cc3)c3ccc4c(ccn4C)c3)cn2C)CC1,21.2,-1.3263358609287514,0,train
CCn1cc(C(=O)N(c2ccc(O)cc2)c2ccc3c(ccn3C)c2)cc1-c1cc(Cl)ccc1C(=O)N1Cc2ccccc2C[C@H]1CN1CCN(C)CC1,25.200000000000006,-1.4014005407815442,0,train
CN1CCN(C[C@@H]2Cc3ccccc3CN2C(=O)c2ccc(Cl)cc2-c2cc(C(=O)N(c3ccc(O)cc3)c3ccc4c(ccn4C)c3)cn2C2CC2)CC1,25.6,-1.4082399653118496,0,train
CN1CCN(C[C@@H]2Cc3ccccc3CN2C(=O)c2cc3c(cc2-c2cc(C(=O)N(c4ccc(O)cc4)c4ccc5c(ccn5C)c4)cn2C)OCO3)CC1,22.4,-1.3502480183341627,0,train
Cc1c(C(=O)N(c2ccccc2)c2ccc(O)cc2)cc(-c2cc(F)ccc2C(=O)N2Cc3ccccc3C[C@H]2CN2CCOCC2)n1C,16.200000000000003,-1.209515014542631,0,test
Cc1c(C(=O)N(c2ccccc2)c2ccc(O)cc2)cc(-c2cc(F)ccc2C(=O)N2Cc3ccccc3C[C@H]2CN2CCOCC2)n1CCCO,14.2,-1.1522883443830565,0,test
Cc1c(C(=O)N(c2ccc(O)cc2)c2ccc3c(cnn3C)c2)cc(-c2cc(F)ccc2C(=O)N2Cc3ccccc3C[C@H]2CN2CCOCC2)n1C,5.500000000000001,-0.7403626894942439,1,train
Cc1ccc(N(C(=O)c2cc(-c3cc4c(cc3C(=O)N3Cc5ccccc5C[C@H]3CN3CCOCC3)OCO4)n(C)c2C)c2ccc(O)cc2)cc1F,4.4,-0.6434526764861874,0,train
Cc1c(C(=O)N(c2ccc(O)cc2)c2cccc(F)c2)cc(-c2cc3c(cc2C(=O)N2Cc4ccccc4C[C@H]2CN2CCOCC2)OCO3)n1C,12.6,-1.100370545117563,0,test
Cc1c(C(=O)N(c2ccccc2)c2ccc(O)cc2)cc(-c2cc(Cl)ccc2C(=O)N2Cc3ccccc3C[C@H]2CN2CCOCC2)n1C,7.999999999999999,-0.9030899869919436,1,train
Cc1c(C(=O)N(c2ccccc2)c2ccc(O)cc2)cc(-c2cc3c(cc2C(=O)N2Cc4ccccc4C[C@H]2CCN2CCOCC2)OCO3)n1CCO,3.9,-0.5910646070264992,0,train
COc1ccc(C(=O)N2Cc3ccccc3C[C@H]2C)c(-c2cc(C(=O)N(c3ccncc3)c3ccc(O)cc3)c(C)n2C)c1,4.900000000000001,-0.6901960800285137,0,train
Cc1c(C(=O)N(c2ccc(O)cc2)c2cnn(C)c2)cc(-c2cc3c(cc2C(=O)N2Cc4ccccc4C[C@H]2CN2CCOCC2)OCCO3)n1C,4.700000000000001,-0.6720978579357175,1,train
Cc1c(C(=O)N(c2ccccc2)c2ccc(O)cc2)cc(-c2cc3c(cc2C(=O)N2Cc4ccccc4C[C@H]2CN2CCOCC2)OCCO3)n1C,6.6,-0.8195439355418687,0,train
Cc1c(C(=O)N(c2ccc(O)cc2)c2cnn(C)c2)cc(-c2cc3c(cc2C(=O)N2Cc4ccccc4C[C@H]2C)OCO3)n1CCO,3.6,-0.5563025007672873,0,train
COc1ccc(C(=O)N2Cc3ccccc3C[C@H]2CN2CCOCC2)c(-c2cc(C(=O)N(c3ccc(O)cc3)c3cnn(C)c3)c(C)n2C)c1,6.2,-0.7923916894982539,0,train
Cc1c(C(=O)N(c2ccc(O)cc2)c2cnn(C)c2)cc(-c2cc(Cl)ccc2C(=O)N2Cc3ccccc3C[C@H]2CN2CCOCC2)n1C,3.4500000000000006,-0.5378190950732742,1,train
CNCCn1c(-c2cc3c(cc2C(=O)N2Cc4ccccc4C[C@H]2C)OCO3)cc(C(=O)N(c2ccc(O)cc2)c2cnn(C)c2)c1C,4.1,-0.6127838567197355,0,test
Cc1c(C(=O)N(c2ccc(O)cc2)c2cnn(C)c2)cc(-c2cc3c(cc2C(=O)N2Cc4ccccc4C[C@H]2C)OCO3)n1CCN(C)C,5.200000000000001,-0.7160033436347992,0,train
Cc1c(C(=O)N(c2ccncc2)c2ccc(O)cc2)cc(-c2cc(Cl)ccc2C(=O)N2Cc3ccccc3C[C@H]2C)n1C,7.500000000000001,-0.8750612633917001,0,train
CC1=C(C(=O)N(c2ccccc2)c2ccc(O)cc2)CC(c2cc(Cl)ccc2C(=O)N2Cc3ccccc3C[C@H]2COCCN2CCOCC2)N1C,6.6,-0.8195439355418687,0,train
Cc1c(C(=O)N(c2ccc(O)cc2)c2cnn(C)c2)cc(-c2cc3c(cc2C(=O)N2Cc4ccccc4C[C@H]2C)OCO3)n1CCN,4.700000000000001,-0.6720978579357175,0,train
COc1ccc(C(=O)N2Cc3ccccc3C[C@H]2C)c(-c2cc(C(=O)N(c3ccc(O)cc3)c3cnn(C)c3)c(C)n2C)c1,7.200000000000001,-0.8573324964312685,0,train
Cc1c(C(=O)N(C)c2ccc(O)cc2)cc(-c2ccc(CNC(=O)Oc3ccccc3)cc2C(=O)N2Cc3ccccc3C[C@H]2C)n1C,13.3,-1.1238516409670858,1,train
Cc1c(C(=O)N(c2ccc(O)cc2)c2ccc(F)cc2)cc(-c2cc(Cl)ccc2C(=O)N2Cc3ccccc3C[C@H]2CN2CCOCC2)n1C,10.9,-1.0374264979406236,1,train
Cc1c(C(=O)N(c2ccc(O)cc2)c2cccc(F)c2)cc(-c2cc(Cl)ccc2C(=O)N2Cc3ccccc3C[C@H]2CN2CCOCC2)n1C,8.200000000000001,-0.9138138523837168,1,train
Cc1c(C(=O)N(C)c2ccc(O)cc2)cc(-c2ccc(CNC(=O)COc3ccccc3)cc2C(=O)N2Cc3ccccc3C[C@H]2C)n1C,49.99999999999999,-1.6989700043360187,0,train
CCNC(=O)NCc1ccc(-c2cc(C(=O)N(C)c3ccc(O)cc3)c(C)n2C)c(C(=O)N2Cc3ccccc3C[C@H]2C)c1,71.4,-1.8536982117761744,0,train
Cc1c(C(=O)N(C)c2ccc(O)cc2)cc(-c2ccc(CNC(=O)NCc3ccccc3)cc2C(=O)N2Cc3ccccc3C[C@H]2C)n1C,60.39999999999999,-1.7810369386211318,0,test
Cc1c(C(=O)N(c2ccccc2)c2ccc(O)cc2)cc(-c2cc(Cl)ccc2C(=O)N2Cc3ccccc3C[C@H]2CO)n1C,7.500000000000001,-0.8750612633917001,0,train
Cc1c(C(=O)N(c2ccc(O)cc2)c2cnn(C)c2)cc(-c2cc3c(cc2C(=O)N2Cc4ccccc4C[C@H]2C)OCO3)n1C,7.200000000000001,-0.8573324964312685,0,train
Cc1c(C(=O)N(C)c2ccc(O)cc2)cc(-c2cc(CNC(=O)Oc3ccccc3)ccc2C(=O)N2Cc3ccccc3C[C@H]2C)n1C,64.39999999999999,-1.808885867359812,0,train
Cc1c(C(=O)N(c2ccc(O)cc2)c2cccc(F)c2)cc(-c2cc3c(cc2C(=O)N2Cc4ccccc4C[C@H]2C)OCO3)n1C,10.0,-1.0,0,train
Cc1c(C(=O)N(c2ccc(O)cc2)c2cnc3c(ccn3C)c2)cc(-c2cc3c(cc2C(=O)N2Cc4ccccc4C[C@H]2C)OCO3)n1C,5.200000000000001,-0.7160033436347992,0,train
Cc1c(C(=O)N(c2ccccc2)c2ccc(O)cc2)cc(-c2cc3c(cc2C(=O)N2Cc4ccccc4C[C@H]2C)OCO3)n1C,5.1000000000000005,-0.7075701760979364,0,train
Cc1c(C(=O)N(c2ccc(O)cc2)c2cnc3c(ccn3C)c2)cc(-c2cc3c(cc2C(=O)N2Cc4ccccc4C[C@H]2CN2CCOCC2)OCO3)n1C,3.0,-0.4771212547196624,0,train
Cc1c(C(=O)N(C)c2ccc(O)cc2)cc(-c2cc(CCN(C(=O)O)c3ccccc3)ccc2C(=O)N2Cc3ccccc3C[C@H]2C)n1C,38.9,-1.5899496013257075,0,train
Cc1c(C(=O)N(C)c2ccc(O)cc2)cc(-c2cc(CCNC(=O)COc3ccccc3)ccc2C(=O)N2Cc3ccccc3C[C@H]2C)n1C,76.6,-1.884228769632604,0,train
Cc1c(C(=O)N(c2ccc(O)cc2)c2cnn(C)c2)cc(-c2cc3c(cc2C(=O)N2Cc4ccccc4C[C@H]2CN2CCOCC2)OCO3)n1C,5.9,-0.7708520116421442,0,train
COc1ncc(N(C(=O)c2cc(-c3cc4c(cc3C(=O)N3Cc5ccccc5C[C@H]3C)OCO4)n(C)c2C)c2ccc(O)cc2)cn1,4.4,-0.6434526764861874,0,train
Cc1c(C(=O)N(c2ccc(O)cc2)c2cnc3c(c2)CCN3C)cc(-c2cc3c(cc2C(=O)N2Cc4ccccc4C[C@H]2CN2CCOCC2)OCO3)n1C,4.0,-0.6020599913279624,0,train
COc1ncc(N(C(=O)c2cc(-c3cc4c(cc3C(=O)N3Cc5ccccc5C[C@H]3CN3CCOCC3)OCO4)n(C)c2C)c2ccc(O)cc2)cn1,5.9,-0.7708520116421442,0,train
Cc1c(C(=O)N(C)c2ccc(O)cc2)cc(-c2cc(CNC(=O)NCc3ccccc3)ccc2C(=O)N2Cc3ccccc3C[C@H]2C)n1C,26.7,-1.4265112613645752,0,test
CCNC(=O)NCc1ccc(C(=O)N2Cc3ccccc3C[C@H]2C)c(-c2cc(C(=O)N(C)c3ccc(O)cc3)c(C)n2C)c1,28.899999999999995,-1.4608978427565478,0,test
Cc1c(C(=O)N(C)c2ccc(O)cc2)cc(-c2cc(CNC(=O)COc3ccccc3)ccc2C(=O)N2Cc3ccccc3C[C@H]2C)n1C,43.50000000000001,-1.6384892569546374,0,train
Cc1c(C(=O)N(c2ccc(O)cc2)c2cnc3c(ccn3C)c2)cc(-c2cc(CNC(=O)COc3ccccc3)ccc2C(=O)N2Cc3ccccc3C[C@H]2C)n1C,17.999999999999996,-1.255272505103306,0,train
Cc1c(C(=O)N(C)c2ccc(O)cc2)cc(-c2cc(CCNS(=O)(=O)CCc3ccc(F)cc3)ccc2C(=O)N2Cc3ccccc3C[C@H]2C)n1C,209.6,-2.321391278311689,0,train
Cc1c(C(=O)N(C)c2ccc(O)cc2)cc(-c2cc(CCNC(=O)NCc3ccccc3)ccc2C(=O)N2Cc3ccccc3C[C@H]2C)n1C,75.00000000000001,-1.8750612633917,0,train
Cc1c(C(=O)N(C)c2ccc(O)cc2)cc(-c2cc(CCNC(=O)Cc3ccccc3)ccc2C(=O)N2Cc3ccccc3C[C@H]2C)n1C,79.99999999999999,-1.9030899869919435,0,train
Cc1c(C(=O)N(C)c2ccc(O)cc2)cc(-c2cc(CCNC(=O)Nc3ccccc3)ccc2C(=O)N2Cc3ccccc3C[C@H]2C)n1C,133.3,-2.1248301494138597,1,train
Cc1c(C(=O)N(C)c2ccc(O)cc2)cc(-c2ccc(CNS(=O)(=O)CCc3ccc(F)cc3)cc2C(=O)N2Cc3ccccc3C[C@H]2C)n1C,134.00000000000003,-2.127104798364808,1,train
Cc1c(C(=O)N(c2ccncc2)c2ccc(O)cc2)cc(-c2cc3c(cc2C(=O)N2Cc4ccccc4C[C@H]2C)OCO3)n1C,4.500000000000001,-0.6532125137753437,0,train
COc1cc(C(=O)N2Cc3ccccc3C[C@H]2C)c(-c2cc(C(=O)N(c3ccc(O)cc3)c3cnn(C)c3)c(C)n2C)cc1F,14.300000000000002,-1.155336037465062,0,train
Cc1c(C(=O)N(c2ccc(O)cc2)c2cnc3c(ccn3C)c2)cc(-c2cc(Cl)ccc2C(=O)N2Cc3ccccc3C[C@H]2C)n1C,5.1000000000000005,-0.7075701760979364,0,test
Cc1c(C(=O)N(c2ccccc2)c2cnc3c(ccn3C)c2)cc(-c2cc3c(cc2C(=O)N2Cc4ccccc4C[C@H]2CN2CCOCC2)OCO3)n1C,21.899999999999995,-1.3404441148401185,0,train
Cc1ccc(OC(=O)NCc2ccc(-c3cc(C(=O)N(C)c4ccc(O)cc4)c(C)n3C)c(C(=O)N3Cc4ccccc4C[C@H]3C)c2)cc1,16.899999999999995,-1.2278867046136734,0,train
Cc1c(C(=O)N(c2ccc(O)cc2)c2cnn(C)c2)cc(-c2cc(F)ccc2C(=O)N2Cc3ccccc3C[C@H]2CN2CCOCC2)n1C,9.3,-0.9684829485539352,1,train
Cc1c(C(=O)N(c2ccc(O)cc2)c2cnn(C)c2)cc(-c2cc(F)c(O)cc2C(=O)N2Cc3ccccc3C[C@H]2C)n1C,2.1,-0.3222192947339193,0,test
Cc1c(C(=O)N(c2ccc(O)cc2)c2cnc3c(ccn3C)c2)cc(-c2cc3c(cc2C(=O)N2Cc4ccccc4C[C@H]2CN2CCN(C)CC2)OCO3)n1C,5.3,-0.724275869600789,0,train
Cc1c(C(=O)N(c2ccc(O)cc2)c2cnc3c(ccn3C)c2)cc(-c2cc(Cl)ccc2C(=O)N2Cc3ccccc3C[C@H]2CN2CCOCC2)n1C,6.1,-0.785329835010767,1,train
C[C@@H]1Cc2ccccc2CN1C(=O)c1cc2c(cc1-c1cc(C(=O)N(c3ccc(O)cc3)c3cnn(C)c3)c(CN3CCOCC3)n1C)OCO2,19.500000000000004,-1.290034611362518,0,train
CCn1c(-c2cc3c(cc2C(=O)N2Cc4ccccc4C[C@H]2CN2CCOCC2)OCO3)cc(C(=O)N(c2ccc(O)cc2)c2cnn(C)c2)c1C,8.4,-0.9242792860618816,0,train
COCCn1c(-c2cc3c(cc2C(=O)N2Cc4ccccc4C[C@H]2CN2CCOCC2)OCO3)cc(C(=O)N(c2ccc(O)cc2)c2cnn(C)c2)c1C,19.7,-1.294466226161593,0,train
Cc1c(C(=O)N(c2ccc(O)cc2)c2cnn(C)c2)cc(-c2cc3c(cc2C(=O)N2Cc4ccccc4C[C@H]2CN2CCOCC2)OCO3)n1CCF,8.6,-0.9344984512435676,0,train
Cc1c(C(=O)N(c2ccc(O)cc2)c2cnn(C)c2)cc(-c2cc3c(cc2C(=O)N2Cc4ccccc4C[C@H]2CN2CCOCC2)OCO3)n1CC(F)F,7.0,-0.8450980400142568,0,train
Cc1c(C(=O)N(c2ccc(O)cc2)c2cnn(C)c2)cc(-c2cc3c(cc2C(=O)N2Cc4ccccc4C[C@H]2C)OCO3)n1CCN1CCOCC1,13.5,-1.130333768495006,0,train
Cc1c(C(=O)N(c2ccccc2)c2ccc(O)cc2)cc(-c2cc3c(cc2C(=O)N2Cc4ccccc4C[C@H]2C)OCO3)n1CCN1CCOCC1,19.0,-1.2787536009528289,0,test
Cc1c(C(=O)N(c2ccccc2)c2ccc(O)cc2)cc(-c2cc3c(cc2C(=O)N2Cc4ccccc4C[C@H]2C)OCO3)n1CCN(C)C,7.6,-0.8808135922807914,0,train
COCCN(C)CCn1c(-c2cc3c(cc2C(=O)N2Cc4ccccc4C[C@H]2C)OCO3)cc(C(=O)N(c2ccc(O)cc2)c2cnn(C)c2)c1C,6.4,-0.8061799739838872,0,train
COc1cc(C(=O)N2Cc3ccccc3C[C@H]2CN2CCOCC2)c(-c2[nH]c(C)c(C(=O)N(c3ccc(O)cc3)c3cnn(C)c3)c2C)cc1F,22.9,-1.359835482339888,0,test
COc1cc(-c2cc(C(=O)N(c3ccc(O)cc3)c3cnn(C)c3)c(C)n2C)c(C(=O)N2Cc3ccccc3C[C@H]2CN2CCOCC2)cc1F,21.1,-1.3242824552976926,0,train
Cc1c(C(=O)N(c2ccc(O)cc2)c2cnc3c(ccn3C)c2)cc(-c2cc(Cl)ccc2C(=O)N2Cc3ccccc3C[C@H]2CN2CCN(C)CC2)n1C,2.0,-0.3010299956639812,1,train
Cc1c(C(=O)N(c2ccc(O)cc2)c2cc(C#N)n(C)c2)cc(-c2cc(Cl)ccc2C(=O)N2Cc3ccccc3C[C@H]2CN2CCOCC2)n1C,3.1500000000000004,-0.4983105537896005,1,train
Cc1c(C(=O)N(c2ccc(O)cc2)c2cccc(C#N)n2)cc(-c2cc(Cl)ccc2C(=O)N2Cc3ccccc3C[C@H]2CN2CCOCC2)n1C,91.5,-1.9614210940664485,1,train
Cc1c(C(=O)N(c2ccc(O)cc2)c2cc(C#N)ccn2)cc(-c2cc(Cl)ccc2C(=O)N2Cc3ccccc3C[C@H]2CN2CCOCC2)n1C,8.5,-0.9294189257142929,1,train
Cc1c(C(=O)N(c2ccc(O)cc2)c2cnn(C3CC3)c2)cc(-c2cc(Cl)ccc2C(=O)N2Cc3ccccc3C[C@H]2CN2CCOCC2)n1C,3.4,-0.5314789170422551,1,test
Cc1c(C(=O)N(c2ccc(O)cc2)c2cnn(C3COC3)c2)cc(-c2cc(Cl)ccc2C(=O)N2Cc3ccccc3C[C@H]2CN2CCOCC2)n1C,4.2,-0.6232492903979004,1,train
Cc1c(C(=O)N(c2ccc(O)cc2)c2cnn(C3CCOC3)c2)cc(-c2cc(Cl)ccc2C(=O)N2Cc3ccccc3C[C@H]2CN2CCOCC2)n1C,5.3,-0.724275869600789,0,train
Cc1c(C(=O)N(c2ccccc2)c2cnc3c(c2)CCN3C)cc(-c2cc(Cl)ccc2C(=O)N2Cc3ccccc3C[C@H]2CN2CCOCC2)n1C,18.1,-1.2576785748691846,0,train
Cc1c(C(=O)N(c2ccc(O)cc2)c2cnn(C)c2)cc(-c2cc(Cl)ccc2C(=O)N2Cc3ccccc3C[C@H]2CN2CC3(CCO3)C2)n1C,4.6000000000000005,-0.6627578316815741,0,train
COc1cc(C(=O)N2Cc3ccccc3C[C@H]2CN2CCOCC2)c(-c2cc(C(=O)N(c3ccc(O)cc3)c3cnc4c(ccn4C)c3)c(C)n2C)cc1F,7.4,-0.8692317197309762,0,train
COc1cc(C(=O)N2Cc3ccccc3C[C@H]2CN2CCOCC2)c(-c2cc(C(=O)N(c3ccc(O)cc3)c3cnc4c(c3)CCN4C)c(C)n2C)cc1F,8.8,-0.9444826721501688,0,train
Cc1c(C(=O)N(c2ccc(O)cc2)c2cnn(C3CC3)c2)cc(-c2cc(F)ccc2C(=O)N2Cc3ccccc3C[C@H]2CN2CCOCC2)n1C,6.3,-0.7993405494535817,1,test
Cc1c(C(=O)N(c2ccc(O)cc2)c2cc(C#N)n(C)c2)cc(-c2cc(F)ccc2C(=O)N2Cc3ccccc3C[C@H]2CN2CCOCC2)n1C,5.1000000000000005,-0.7075701760979364,1,train
COCCc1c(C(=O)N(c2ccc(O)cc2)c2cnc3c(c2)CCN3C)cc(-c2cc3c(cc2C(=O)N2Cc4ccccc4C[C@H]2CN2CCOCC2)OCO3)n1C,14.800000000000004,-1.1702617153949575,0,train
Cc1c(C(=O)N(c2ccncc2)c2ccc(O)cc2)cc(-c2cc(F)ccc2C(=O)N2Cc3ccccc3C[C@H]2CN2CCOCC2)n1C,9.699999999999998,-0.9867717342662448,0,test
Cc1c(C(=O)N(c2ccc(O)cc2)c2cnc3c(ccn3C)c2)cc(-c2cc(F)ccc2C(=O)N2Cc3ccccc3C[C@H]2CN2CCOCC2)n1C,5.700000000000001,-0.7558748556724915,1,train
Cc1c(N(C(=O)c2cc(-c3cc(Cl)ccc3C(=O)N3Cc4ccccc4C[C@H]3CN3CCOCC3)n(C)c2C)c2ccc(O)cc2)cc(C#N)n1C,2.15,-0.3324384599156053,0,train
CC(Nc1ncnc(N)c1C#N)c1cc(Cl)c2ccnnc2c1-c1cccc(F)c1,20.600000000000005,-1.3138672203691537,0,train
Cc1c(C(=O)N(c2ccc(O)cc2)c2cnc3c(c2)CCN3C)cc(-c2cc(Cl)ccc2C(=O)N2Cc3ccccc3C[C@H]2CN2CCOCC2)n1C,3.6,-0.5563025007672873,1,test
Cc1c(C(=O)N(c2ccc(O)cc2)c2cc3ccn(C)c3cn2)cc(-c2cc(Cl)ccc2C(=O)N2Cc3ccccc3C[C@H]2CN2CCOCC2)n1C,14.699999999999998,-1.167317334748176,0,train
Cc1c(C(=O)N(c2ccccc2)c2cnc3c(ccn3C)c2)cc(-c2cc(Cl)ccc2C(=O)N2Cc3ccccc3C[C@H]2CN2CCOCC2)n1C,21.2,-1.3263358609287514,1,train
Cc1c(C(=O)N(c2ccc(O)cc2)c2ccc3c(ccn3C)n2)cc(-c2cc(Cl)ccc2C(=O)N2Cc3ccccc3C[C@H]2CN2CCOCC2)n1C,30.3,-1.481442628502305,1,train
Cc1c(C(=O)N(c2ccccc2)c2ccc(O)cc2)cc(-c2cc(Cl)ccc2C(=O)N2Cc3ccccc3C[C@H]2CCCN2CCOCC2)n1C,3.8,-0.5797835966168101,0,train
Cc1c(C(=O)N(c2ccc(O)cc2)c2cnc3c(ccn3C)c2)cc(-c2cc(Cl)ccc2C(=O)N2Cc3ccccc3C[C@H]2CCCN2CCOCC2)n1C,2.1,-0.3222192947339193,1,train
Cc1c(C(=O)N(c2ccc(O)cc2)c2cnc3c(c2)CCN3C)cc(-c2cc(Cl)ccc2C(=O)N2Cc3ccccc3C[C@H]2CCCN2CCOCC2)n1C,2.5,-0.3979400086720376,1,train
COc1ccc(N(C(=O)c2cc(-c3cc(Cl)ccc3C(=O)N3Cc4ccccc4C[C@H]3CN3CCOCC3)n(C)c2C)c2ccc(O)cc2)cc1C#N,3.5000000000000004,-0.5440680443502757,0,test
Cc1c(C(=O)N(c2ccc(O)c(F)c2)c2cnn(C)c2)cc(-c2cc3c(cc2C(=O)N2Cc4ccccc4C[C@H]2CN2CCOCC2)OCO3)n1C,15.700000000000005,-1.1958996524092338,0,test
COc1ncc(N(C(=O)c2cc(-c3cc(Cl)ccc3C(=O)N3Cc4ccccc4C[C@H]3CN3CCOCC3)n(C)c2C)c2ccc(O)cc2)cn1,4.500000000000001,-0.6532125137753437,1,train
Cc1c(C(=O)N(c2ccc(O)cc2)c2cccc(C#N)c2)cc(-c2cc(Cl)ccc2C(=O)N2Cc3ccccc3C[C@H]2CN2CCOCC2)n1C,3.9,-0.5910646070264992,1,train
Cc1c(C(=O)N(c2ccc(O)c(F)c2)c2cnn(C)c2)cc(-c2cc(Cl)ccc2C(=O)N2Cc3ccccc3C[C@H]2CN2CCOCC2)n1C,9.9,-0.99563519459755,1,train
COC(=O)c1ccnc(N(C(=O)c2cc(-c3cc(Cl)ccc3C(=O)N3Cc4ccccc4C[C@H]3CN3CCOCC3)n(C)c2C)c2ccc(O)cc2)c1,48.99999999999999,-1.6901960800285136,1,test
Cc1c(C(=O)N(c2ccc(O)cc2)c2ccc(F)c(C#N)c2)cc(-c2cc(Cl)ccc2C(=O)N2Cc3ccccc3C[C@H]2CN2CCOCC2)n1C,7.999999999999999,-0.9030899869919436,1,train
Cc1c(C(=O)N(c2ccc(O)cc2)c2cnn([C@H]3CCOC3)c2)cc(-c2cc(F)ccc2C(=O)N2Cc3ccccc3C[C@H]2CN2CCOCC2)n1C,25.14999999999999,-1.400537989391946,0,train
Cc1c(C(=O)N(c2ccc(O)cc2)c2ccnc(C#N)n2)cc(-c2cc(Cl)ccc2C(=O)N2Cc3ccccc3C[C@H]2CN2CCOCC2)n1C,24.4,-1.3873898263387294,1,test
Cc1c(N(C(=O)c2cc(-c3ccccc3C(=O)N3Cc4ccccc4C[C@H]3CN3CCOCC3)n(C)c2C)c2ccc(O)cc2)cc(C#N)n1C,4.2,-0.6232492903979004,0,train
COc1ccc(C(=O)N2Cc3ccccc3C[C@H]2CN2CCOCC2)c(-c2cc(C(=O)N(c3ccc(O)c(F)c3)c3cnn(C)c3)c(C)n2C)c1,20.600000000000005,-1.3138672203691537,0,train
COc1ccc(C(=O)N2Cc3ccccc3C[C@H]2CN2CCOCC2)c(-c2cc(C(=O)N(c3ccc(O)cc3)c3cc(C#N)n(C)c3C)c(C)n2C)c1,5.4,-0.7323937598229685,0,train
Cc1c(C(=O)N(c2ccc(O)cc2)c2cnc3c(ccn3C)c2)cc(-c2ccccc2C(=O)N2Cc3ccccc3C[C@H]2CN2CCOCC2)n1C,12.2,-1.0863598306747482,0,test
Cc1c(C(=O)N(c2ccc(O)cc2)c2cnc3c(c2)CCN3C)cc(-c2ccccc2C(=O)N2Cc3ccccc3C[C@H]2CN2CCOCC2)n1C,9.9,-0.99563519459755,0,train
Cc1c(C(=O)N(c2ccc(O)cc2)c2cnn(C)c2)cc(-c2cc(Cl)ccc2C(=O)N2Cc3ccccc3C[C@H]2C)n1CCN1CCOCC1,5.500000000000001,-0.7403626894942439,0,train
Cc1c(N(C(=O)c2cc(-c3cc(Cl)ccc3C(=O)N3Cc4ccccc4C[C@H]3CCCN3CCOCC3)n(C)c2C)c2ccc(O)cc2)cc(C#N)n1C,3.1,-0.4913616938342727,0,train
Cc1c(N(C(=O)c2cc(-c3cc4c(cc3C(=O)N3Cc5ccccc5C[C@H]3CN3CCOCC3)OCCO4)n(C)c2C)c2ccc(O)cc2)cc(C#N)n1C,3.1,-0.4913616938342727,0,train
Cc1c(N(C(=O)c2cc(-c3cc(Cl)ccc3C(=O)N3Cc4ccccc4C[C@H]3CN3CCOCC3)n(C)c2)c2ccc(O)cc2)cc(C#N)n1C,3.8,-0.5797835966168101,0,train
COc1ccc(-c2cc(C(=O)N(c3ccc(O)cc3)c3cc(C#N)n(C)c3C)c(C)n2C)c(C(=O)N2Cc3ccccc3C[C@H]2CN2CCOCC2)c1,3.0,-0.4771212547196624,0,train
COc1ccc(-c2cc(C(=O)N(c3ccc(O)cc3)c3cnn(C)c3)c(C)n2C)c(C(=O)N2Cc3ccccc3C[C@H]2CN2CCOCC2)c1,10.1,-1.0043213737826426,0,test
Cc1c(C(=O)N(c2ccc(O)cc2)c2cccc(C#N)c2)cc(-c2cc(F)ccc2C(=O)N2Cc3ccccc3C[C@H]2CN2CCOCC2)n1C,2.8,-0.4471580313422192,1,train
Cc1c(N(C(=O)c2cc(-c3cc(F)ccc3C(=O)N3Cc4ccccc4C[C@H]3CN3CCOCC3)n(C)c2C)c2ccc(O)cc2)cc(C#N)n1C,2.5,-0.3979400086720376,0,train
Cc1c(C(=O)N(c2ccc(O)cc2)c2cnn(C)c2)cc(-c2ccccc2C(=O)N2Cc3ccccc3C[C@H]2CN2CCOCC2)n1C,9.2,-0.9637878273455552,1,train
Cc1c(C(=O)N(c2ccc(O)cc2)c2cnn(C3COC3)c2)cc(-c2cc(F)ccc2C(=O)N2Cc3ccccc3C[C@H]2CN2CCOCC2)n1C,11.7,-1.0681858617461617,1,test
COc1ncc(N(C(=O)c2cc(-c3ccccc3C(=O)N3Cc4ccccc4C[C@H]3CN3CCOCC3)n(C)c2C)c2ccc(O)cc2)cn1,13.599999999999998,-1.1335389083702174,0,train
COc1cc(C#N)cc(N(C(=O)c2cc(-c3cc(F)ccc3C(=O)N3Cc4ccccc4C[C@H]3CN3CCOCC3)n(C)c2C)c2ccc(O)cc2)c1,4.2,-0.6232492903979004,1,train
COc1ncc(N(C(=O)c2cc(-c3cc(F)ccc3C(=O)N3Cc4ccccc4C[C@H]3CN3CCOCC3)n(C)c2C)c2ccc(O)cc2)cn1,5.200000000000001,-0.7160033436347992,0,test
COc1ccc(N(C(=O)c2cc(-c3cc(F)ccc3C(=O)N3Cc4ccccc4C[C@H]3CN3CCOCC3)n(C)c2C)c2ccc(O)cc2)cc1C#N,2.2,-0.3424226808222063,0,test
Cc1c(N(C(=O)c2cc(-c3ccc(F)cc3C(=O)N3Cc4ccccc4C[C@H]3CN3CCOCC3)n(C)c2C)c2ccc(O)cc2)cc(C#N)n1C,3.5000000000000004,-0.5440680443502757,0,train
COc1cc(-c2cc(C(=O)N(c3ccc(O)cc3)c3cc(C#N)n(C)c3C)c(C)n2C)c(C(=O)N2Cc3ccccc3C[C@H]2CN2CCOCC2)cc1F,3.1,-0.4913616938342727,0,train
Cc1c(C(=O)N(c2ccc(O)cc2)c2cnc3c(ccn3C)c2)cc(-c2cc(Cl)ccc2C(=O)N2Cc3ccccc3CC2C(F)(F)F)n1C,19.9,-1.2988530764097066,0,test
Cc1nn(C)cc1N(C(=O)c1cc(-c2cc(Cl)ccc2C(=O)N2Cc3ccccc3C[C@H]2CN2CCOCC2)n(C)c1C)c1ccc(O)cc1,3.0,-0.4771212547196624,0,test
Cc1c(N(C(=O)c2cc(-c3cc(Cl)ccc3C(=O)N3Cc4ccccc4C[C@H]3CN3CCOCC3)n(C)c2C)c2ccc(O)cc2)cnn1C,3.4,-0.5314789170422551,0,train
Cc1c(C(=O)N(c2ccc(O)cc2)c2cc(C#N)n(C)c2)cc(-c2ccccc2C(=O)N2Cc3ccccc3C[C@H]2CN2CCOCC2)n1C,2.6,-0.414973347970818,0,train
Cc1c(C(=O)N(c2ccc(O)cc2)c2cnc3c(c2)CCN3C)cc(-c2cc(F)ccc2C(=O)N2Cc3ccccc3C[C@H]2CN2CCOCC2)n1C,3.5000000000000004,-0.5440680443502757,1,test
COc1cc(C(=O)N2Cc3ccccc3C[C@H]2CN2CCOCC2)c(-c2cc(C(=O)N(c3ccc(O)cc3)c3cc(C#N)ccn3)c(C)n2C)cc1F,14.9,-1.173186268412274,0,train
Cc1c(C(=O)N(c2ccc(O)cc2)c2ccc(C#N)s2)cc(-c2cc(Cl)ccc2C(=O)N2Cc3ccccc3C[C@H]2CN2CCOCC2)n1C,49.1,-1.6910814921229684,1,train
Cc1c(C(=O)N(c2ccc(O)cc2)c2ccc(F)c(C#N)c2)cc(-c2cc(F)ccc2C(=O)N2Cc3ccccc3C[C@H]2CN2CCOCC2)n1C,4.4,-0.6434526764861874,1,test
Cc1c(C(=O)N(c2ccc(O)cc2)c2cnccn2)cc(-c2cc(Cl)ccc2C(=O)N2Cc3ccccc3C[C@H]2CN2CCOCC2)n1C,11.3,-1.0530784434834195,0,train
COc1ncc(N(C(=O)c2cc(-c3cc(F)c(OC)cc3C(=O)N3Cc4ccccc4C[C@H]3CN3CCOCC3)n(C)c2C)c2ccc(O)cc2)cn1,6.1,-0.785329835010767,0,train
COc1cc(C(=O)N2Cc3ccccc3C[C@H]2CN2CCOCC2)c(-c2cc(C(=O)N(c3ccc(O)cc3)c3cc(C#N)n(C)c3C)c(C)n2C)cc1F,2.6,-0.414973347970818,0,train
Cc1c(N(C(=O)c2cc(-c3cc(Cl)ccc3C(=O)N3Cc4ccccc4C[C@H]3CN3CCOCC3)n(C)c2C)c2ccccc2)cc(C#N)n1C,3.5000000000000004,-0.5440680443502757,0,test
Cc1c(C(=O)N(c2ccc(O)cc2)c2csc(C#N)c2)cc(-c2cc(Cl)ccc2C(=O)N2Cc3ccccc3C[C@H]2CN2CCOCC2)n1C,3.0,-0.4771212547196624,1,train
COc1cnc(N(C(=O)c2cc(-c3cc(Cl)ccc3C(=O)N3Cc4ccccc4C[C@H]3CN3CCOCC3)n(C)c2C)c2ccc(O)cc2)cn1,5.500000000000001,-0.7403626894942439,0,train
Cc1c(C(=O)N(c2ccc(O)cc2)c2cnc(F)cn2)cc(-c2cc(Cl)ccc2C(=O)N2Cc3ccccc3C[C@H]2CN2CCOCC2)n1C,7.799999999999999,-0.8920946026904804,1,train
Cc1c(C(=O)N(c2ccc(O)cc2)c2cc(C#N)nn2C)cc(-c2cc(Cl)ccc2C(=O)N2Cc3ccccc3C[C@H]2CN2CCOCC2)n1C,2.7,-0.4313637641589873,1,test
Cc1c(C(=O)N(c2ccc(O)cc2)c2cnc3c(cnn3C)c2)cc(-c2cc(F)ccc2C(=O)N2Cc3ccccc3C[C@H]2CN2CCOCC2)n1C,2.9,-0.4623979978989561,1,train
Cc1nn(C)cc1N(C(=O)c1cc(-c2cc(F)ccc2C(=O)N2Cc3ccccc3C[C@H]2CN2CCOCC2)n(C)c1C)c1ccc(O)cc1,8.3,-0.919078092376074,0,test
Cc1c(N(C(=O)c2cc(-c3cc(F)ccc3C(=O)N3Cc4ccccc4C[C@H]3CN3CCOCC3)n(C)c2C)c2ccc(O)cc2)cnn1C,6.9,-0.8388490907372553,0,train
Cc1c(N(C(=O)c2cc(-c3cc(Cl)ccc3C(=O)N3Cc4ccccc4CC3C(F)(F)F)n(C)c2C)c2ccc(O)cc2)cc(C#N)n1C,6.5,-0.8129133566428556,0,train
Cc1c(C(=O)N(c2ccc(O)cc2)c2cc(C#N)n(CCN3CCOCC3)c2C)cc(-c2cc(Cl)ccc2C(=O)N2Cc3ccccc3C[C@H]2C)n1C,1.9,-0.2787536009528289,0,train
Cc1c(C(=O)N(c2ccc(O)cc2)c2cnc(OCCN3CCOCC3)nc2)cc(-c2cc(Cl)ccc2C(=O)N2Cc3ccccc3C[C@H]2C)n1C,2.7,-0.4313637641589873,0,train
Cc1c(N(C(=O)c2cc(-c3cc(Cl)ccc3C(=O)N3Cc4ccccc4C[C@H]3CN3CCOCC3)n(C)c2C)c2ccc(O)cc2)cn(C)c1C#N,10.5,-1.021189299069938,0,train
CCn1c(C#N)cc(N(C(=O)c2cc(-c3cc(Cl)ccc3C(=O)N3Cc4ccccc4C[C@H]3CN3CCOCC3)n(C)c2C)c2ccc(O)cc2)c1C,2.5,-0.3979400086720376,0,train
Cc1c(C(=O)N(c2ccc(O)cc2)c2cnn(C3CCOC3)c2)cc(-c2cc(Cl)ccc2C(=O)N2Cc3ccccc3C[C@H]2CCCN2CCOCC2)n1C,2.8,-0.4471580313422192,0,train
Cc1c(N(C(=O)c2cc(-c3cc(Cl)ccc3C(=O)N3Cc4ccccc4C[C@H]3CCCN3CCOCC3)n(C)c2C)c2ccccc2)cc(C#N)n1C,3.1,-0.4913616938342727,0,train
Cc1cc(N(C(=O)c2cc(-c3cc(Cl)ccc3C(=O)N3Cc4ccccc4C[C@H]3CN3CCOCC3)n(C)c2C)c2ccc(O)cc2)no1,13.3,-1.1238516409670858,0,train
Cc1c(C(=O)N(c2cnc3c(ccn3C)c2)c2ccc(O)cn2)cc(-c2cc(Cl)ccc2C(=O)N2Cc3ccccc3C[C@H]2CN2CCOCC2)n1C,36.60000000000001,-1.5634810853944108,1,train
Cc1c(C(=O)N(c2ccccc2)c2ccc(O)cc2)cc(-c2cc(Cl)ccc2C(=O)N2CCc3ccccc3C2)n1C,19.200000000000003,-1.2833012287035497,0,train
CCCCN(CCCC)C(=O)c1nn(-c2ccc(OCC(=O)O)cc2C(=O)N2Cc3ccccc3C[C@H]2CO)c(C)c1Cl,142.90999999999994,-2.1550626192239206,0,train
CCCCN(CCCC)C(=O)c1cc(C)n(-c2cc(OCC(=O)O)ccc2C(=O)N2Cc3ccccc3C[C@H]2CO)n1,93.415,-1.9704166181377836,0,train
CCCCN(CCCC)C(=O)c1cc(C)n(-c2ccc(N[S+](O)c3cccc4nonc34)cc2C(=O)N2Cc3ccccc3C[C@H]2CO)n1,264.46000000000004,-2.422359993600072,0,train
CCCCN(CCCC)C(=O)c1cc(C)n(-c2ccc(N[S+](O)c3ccccc3N)cc2C(=O)N2Cc3ccccc3C[C@H]2CO)n1,262.5350000000001,-2.419187209812844,0,test
CCCCN(CCCC)C(=O)c1cc(C)n(-c2ccc(N[S+](O)c3ccc(-c4ccc(Cl)cc4)cc3)cc2C(=O)N2Cc3ccccc3C[C@H]2CO)n1,7935.6699999999955,-3.899583599650297,0,train
CCCCN(CCCC)C(=O)c1cc(C)n(-c2ccc(N[S+](O)c3ccc(Oc4ccccc4C)cc3)cc2C(=O)N2Cc3ccccc3C[C@H]2CO)n1,3349.6600000000008,-3.525000727151008,0,train
CN(C)C[C@H]1COCCN1CC[C@H](CSc1ccccc1)Nc1ccc(S(=O)(=O)NC(=O)c2ccc(N3CCC([C@@H](O)c4ccccc4-c4ccc(Cl)cc4)CC3)cc2)cc1S(=O)(=O)C(F)(F)F,0.2999999999999999,0.5228787452803376,0,test
CCNC[C@@H]1COCCN1CC[C@H](CSc1ccccc1)Nc1ccc(S(=O)(=O)NC(=O)c2ccc(N3CCC([C@@H](O)c4ccccc4-c4ccc(Cl)cc4)CC3)cc2)cc1S(=O)(=O)C(F)(F)F,0.2999999999999999,0.5228787452803376,0,train
CCCCN(CCCC)C(=O)c1nn(-c2ccc(C(=O)NS(=O)(=O)c3ccc4c(Cl)cccc4c3)cc2C(=O)N2CCc3ccccc3C2)c(C)c1Cl,200.00000000000003,-2.3010299956639813,1,train
CCCCN(CCCC)C(=O)c1nn(-c2ccc(C(=O)NS(=O)(=O)c3ccc4cccc(Cl)c4c3)cc2C(=O)N2CCc3ccccc3C2)c(C)c1Cl,30.0,-1.4771212547196624,1,test
CCCCN(CCCC)C(=O)c1nn(-c2ccc(C(=O)NS(=O)(=O)c3ccc4cccc(C#N)c4c3)cc2C(=O)N2CCc3ccccc3C2)c(C)c1Cl,919.9999999999995,-2.963787827345555,1,test
CCCCN(CCCC)C(=O)c1nn(-c2ccc(C(=O)NS(=O)(=O)c3ccc4ccc(Cl)cc4c3)cc2C(=O)N2CCc3ccccc3C2)c(C)c1Cl,89.99999999999997,-1.9542425094393248,1,train
CCCCN(CCCC)C(=O)c1nn(-c2ccc(C(=O)NS(=O)(=O)c3ccc4ccc(OCc5ccccc5)cc4c3)cc2C(=O)N2CCc3ccccc3C2)c(C)c1Cl,10.0,-1.0,1,train
CCCCN(CCCC)C(=O)c1nn(-c2ccc(C(=O)NS(=O)(=O)c3ccc4ccc(OC(C)C)cc4c3)cc2C(=O)N2CCc3ccccc3C2)c(C)c1Cl,49.99999999999999,-1.6989700043360187,1,train
CCCCN(CCCC)C(=O)c1nn(-c2ccc(C(=O)NS(=O)(=O)c3ccc4c(N(C)C)ccc(Br)c4c3)cc2C(=O)N2CCc3ccccc3C2)c(C)c1Cl,30.0,-1.4771212547196624,1,train
CCCCN(CCCC)C(=O)c1nn(-c2ccc(C(=O)NS(=O)(=O)c3ccc4cccc(OCCCN5CCOCC5)c4c3)cc2C(=O)N2CCc3ccccc3C2)c(C)c1Cl,290.0,-2.462397997898956,1,train
CCCCN(CCCC)C(=O)c1nn(-c2ccc(C(=O)NS(=O)(=O)c3ccc4ccc(OCCCN5CCOCC5)cc4c3)cc2C(=O)N2CCc3ccccc3C2)c(C)c1Cl,290.0,-2.462397997898956,1,test
CCCCN(CCCC)C(=O)c1nn(-c2ccc(C(=O)NS(=O)(=O)c3ccc4ccc(OCCCN5CCN(C)CC5)cc4c3)cc2C(=O)N2CCc3ccccc3C2)c(C)c1Cl,509.9999999999999,-2.7075701760979363,1,train
CCCCN(CCCC)C(=O)c1nn(-c2ccc(C(=O)NS(=O)(=O)c3ccc4ccc(OC(C)CN(C)C)cc4c3)cc2C(=O)N2CCc3ccccc3C2)c(C)c1Cl,490.0000000000002,-2.690196080028514,1,train
CCCCN(CCCC)C(=O)c1nn(-c2ccc(CNS(=O)(=O)c3ccc4ccc(OCCC5CCCN5C)cc4c3)cc2C(=O)N2CCc3ccccc3C2)c(C)c1Cl,860.0000000000003,-2.934498451243568,0,train
CCCCN(CCCC)C(=O)c1nn(-c2ccc(C(=O)NS(=O)(=O)c3ccc4ccc(OCCCN(C)C)cc4c3)cc2C(=O)N2CCc3ccccc3C2)c(C)c1Cl,1460.0000000000002,-3.164352855784437,1,train
CCCCN(CCCC)C(=O)c1nn(-c2ccc(C(=O)NS(=O)(=O)c3ccc4ccc(OCCCN5CCCC5)cc4c3)cc2C(=O)N2CCc3ccccc3C2)c(C)c1Cl,3779.9999999999977,-3.577491799837225,1,train
CCCCN(CCCC)C(=O)c1nn(-c2ccc(C(=O)NS(=O)(=O)c3ccc4c(Cl)ccc(Br)c4c3)cc2C(=O)N2CCc3ccccc3C2)c(C)c1Cl,3.93,-0.5943925503754267,1,train
CCCCN(CCCC)C(=O)c1nn(-c2ccc(C(=O)NS(=O)(=O)c3ccc4c(Cl)ccc(Cl)c4c3)cc2C(=O)N2CCc3ccccc3C2)c(C)c1Cl,7.25,-0.8603380065709937,1,train
CCCCN(CCCC)C(=O)c1nn(-c2ccc(C(=O)NS(=O)(=O)c3ccc4ccc(C(=O)N5CCN(C)CC5)cc4c3)cc2C(=O)N2CCc3ccccc3C2)c(C)c1Cl,89.99999999999997,-1.9542425094393248,1,train
CCCCN(CCCC)C(=O)c1nn(-c2ccc(C(=O)NS(=O)(=O)c3ccc4ccc(C(=O)N(C)C)cc4c3)cc2C(=O)N2CCc3ccccc3C2)c(C)c1Cl,150.00000000000003,-2.1760912590556813,1,train
CCCCN(CCCC)C(=O)c1nn(-c2ccc(C(=O)NS(=O)(=O)c3ccc4c(c3)CCN4C(=O)C3CCCCC3)cc2C(=O)N2CCc3ccccc3C2)c(C)c1Cl,249.99999999999997,-2.397940008672037,0,train
CCCCN(CCCC)C(=O)c1nn(-c2ccc(C(=O)NS(=O)(=O)c3ccc4c(c3)CCN4C(=O)Cc3ccc(Cl)c(Cl)c3)cc2C(=O)N2CCc3ccccc3C2)c(C)c1Cl,200.00000000000003,-2.3010299956639813,1,test
CCCCN(CCCC)C(=O)c1nn(-c2ccc(C(=O)NS(=O)(=O)c3ccc4c(c3)CCN4CCSc3ccccc3)cc2C(=O)N2CCc3ccccc3C2)c(C)c1Cl,49.99999999999999,-1.6989700043360187,1,train
CCCCN(CCCC)C(=O)c1nn(-c2ccc(C(=O)NS(=O)(=O)c3ccc4c(ccn4Cc4ccc(Cl)c(Cl)c4)c3)cc2C(=O)N2CCc3ccccc3C2)c(C)c1Cl,49.99999999999999,-1.6989700043360187,0,train
CCCCN(CCCC)C(=O)c1nn(-c2ccc(C(=O)NS(=O)(=O)c3ccc4c(c3)CCN4C(=O)N3CCOCC3)cc2C(=O)N2CCc3ccccc3C2)c(C)c1Cl,339.99999999999983,-2.531478917042255,1,train
CCCCN(CCCC)C(=O)c1nn(-c2ccc(C(=O)NS(=O)(=O)c3ccc4c(ccn4CCCN4CCOCC4)c3)cc2C(=O)N2CCc3ccccc3C2)c(C)c1Cl,389.9999999999999,-2.591064607026499,0,train
CCCCN(CCCC)C(=O)c1nn(-c2ccc(C(=O)NS(=O)(=O)c3ccc4c(c3)c(Cl)cn4CC)cc2C(=O)N2CCc3ccccc3C2)c(C)c1Cl,20.000000000000004,-1.3010299956639813,1,train
CCCCN(CCCC)C(=O)c1nn(-c2ccc(C(=O)NS(=O)(=O)c3ccc4c(c3)c(I)cn4CC)cc2C(=O)N2CCc3ccccc3C2)c(C)c1Cl,7.689999999999999,-0.885926339801431,1,test
CCCCN(CCCC)C(=O)c1nn(-c2ccc(C(=O)NS(=O)(=O)c3cc(Br)c4c(c3)c(Br)cn4CC)cc2C(=O)N2CCc3ccccc3C2)c(C)c1Cl,4.19,-0.6222140229662954,0,train
CCCCN(CCCC)C(=O)c1nn(-c2ccc(C(=O)NS(=O)(=O)c3ccc4ccccc4c3)cc2C(=O)N2Cc3ccccc3C[C@@H]2C(=O)O)c(C)c1Cl,1650.0,-3.2174839442139063,1,test
CCCCN(CCCC)C(=O)c1nn(-c2ccc(C(=O)NS(=O)(=O)c3ccc4ccccc4c3)cc2C(=O)N2CCc3ccc(C(=O)O)cc3C2)c(C)c1Cl,4710.0,-3.673020907128896,1,train
CCCCN(CCCC)C(=O)c1nn(-c2ccc(C(=O)NS(=O)(=O)c3ccc4ccccc4c3)cc2C(=O)N2Cc3ccccc3S(=O)(=O)C2)c(C)c1Cl,440.0,-2.6434526764861874,0,train
CCCCN(CCCC)C(=O)c1nn(-c2ccc(C(=O)NS(=O)(=O)c3ccc4ccccc4c3)cc2C(=O)N2Cc3ccccc3C[C@H]2CNC2CCN(C)CC2)c(C)c1Cl,20.000000000000004,-1.3010299956639813,0,train
CCCCN(CCCC)C(=O)c1nn(-c2ccc(C(=O)NS(=O)(=O)c3ccc4ccccc4c3)cc2C(=O)N2Cc3ccccc3C[C@H]2CN2CCN(CCO)CC2)c(C)c1Cl,89.99999999999997,-1.9542425094393248,0,train
CCCCN(CCCC)C(=O)c1nn(-c2ccc(C(=O)NS(=O)(=O)c3ccc4ccccc4c3)cc2C(=O)N2Cc3ccccc3C[C@H]2COCCO)c(C)c1Cl,49.99999999999999,-1.6989700043360187,1,train
CCCCN(CCc1ccc(Cl)c(Cl)c1)C(=O)c1nn(-c2ccc(C(=O)NS(=O)(=O)c3ccc4ccccc4c3)cc2C(=O)N2CCc3ccccc3C2)c(C)c1Cl,30.0,-1.4771212547196624,0,train
CCCCN(CCCC(F)(F)F)C(=O)c1nn(-c2ccc(C(=O)NS(=O)(=O)c3ccc4ccccc4c3)cc2C(=O)N2CCc3ccccc3C2)c(C)c1Cl,109.99999999999996,-2.041392685158225,0,train
Cc1c(Cl)c(C(=O)N(CCC(F)(F)F)CCC(F)(F)F)nn1-c1ccc(C(=O)NS(=O)(=O)c2ccc3ccccc3c2)cc1C(=O)N1CCc2ccccc2C1,79.99999999999999,-1.9030899869919435,0,train
CCCCN(C(=O)c1nn(-c2ccc(C(=O)NS(=O)(=O)c3ccc4ccccc4c3)cc2C(=O)N2CCc3ccccc3C2)c(C)c1Cl)c1ccc2c(c1)OCCO2,70.00000000000001,-1.845098040014257,0,test
CCCCN(C(=O)c1nn(-c2ccc(C(=O)NS(=O)(=O)c3ccc4ccccc4c3)cc2C(=O)N2CCc3ccccc3C2)c(C)c1Cl)c1cccc(-c2cccc(Cl)c2)c1,49.99999999999999,-1.6989700043360187,0,test
CCCCN(C(=O)c1nn(-c2ccc(C(=O)NS(=O)(=O)c3ccc4ccccc4c3)cc2C(=O)N2CCc3ccccc3C2)c(C)c1Cl)c1ccc(C(=O)OC)cc1,89.99999999999997,-1.9542425094393248,0,train
CCCCN(CCC(=O)NCCN1CCN(C)CC1)C(=O)c1nn(-c2ccc(C(=O)NS(=O)(=O)c3ccc4ccccc4c3)cc2C(=O)N2CCc3ccccc3C2)c(C)c1Cl,70.00000000000001,-1.845098040014257,0,train
CCCCN(CCCC)C(=O)c1nn(-c2ccc(C(=O)NS(=O)(=O)c3ccc4ccccc4c3)cc2C(=O)N2CCc3ccccc3C2)cc1C,230.00000000000009,-2.361727836017593,0,train
CCCCN(Cc1ccc(Cl)c(Cl)c1)C(=O)c1nn(-c2ccc(C(=O)NS(=O)(=O)c3ccc4ccc(I)cc4c3)cc2C(=O)N2CCc3ccccc3C2)c(C)c1Cl,20.000000000000004,-1.3010299956639813,0,train
CCCCN(Cc1ccc(Cl)c(Cl)c1)C(=O)c1nn(-c2ccc(C(=O)NS(=O)(=O)c3ccc4cccc(Cl)c4c3)cc2C(=O)N2Cc3ccccc3C[C@H]2CO)c(C)c1Cl,8.49,-0.9289076902439528,0,train
CCCCN(CCCC)C(=O)c1nn(-c2ccc(C(=O)NS(=O)(=O)c3ccc4c(c3)CCN4Cc3ccc(Cl)c(Cl)c3)cc2C(=O)N2Cc3ccccc3C[C@H]2CO)c(C)c1Cl,10.0,-1.0,0,train
CCCCN(CCCC)c1nn(-c2ccc(C(=O)NS(=O)(=O)c3ccc4ccccc4c3)cc2C(=O)N2CCc3ccccc3C2)c(C)c1Cl,259.9999999999999,-2.4149733479708178,0,test
CCCN(CCC)c1nn(-c2ccc(C(=O)NS(=O)(=O)c3ccc4ccccc4c3)cc2C(=O)N2Cc3ccccc3C[C@H]2CO)c(C)c1Cl,60.0,-1.7781512503836436,0,test
CCCN(CCC)c1nn(-c2ccc(C(=O)NS(=O)(=O)c3ccc4cccc(Cl)c4c3)cc2C(=O)N2Cc3ccccc3C[C@H]2CO)c(C(F)(F)F)c1Cl,30.0,-1.4771212547196624,0,train
CCCN(CCC)c1nn(-c2ccc(C(=O)NS(=O)(=O)c3ccc4cccc(Cl)c4c3)cc2C(=O)N2CCc3ccccc3C2)c(C(F)(F)F)c1Cl,40.000000000000014,-1.6020599913279625,0,train
CCCCN(CCCC)C(=O)c1nn(-c2ccc(C(=O)NS(=O)(=O)c3ccc4c(ccn4Cc4ccc(Cl)c(Cl)c4)c3)cc2C(=O)N2Cc3ccccc3C[C@H]2CO)c(C)c1Cl,8.849999999999998,-0.9469432706978254,0,test
CCCCN(CCC(=O)NCCN1CCN(C)CC1)C(=O)c1nn(-c2ccc(C(=O)NS(=O)(=O)c3ccc4c(c3)CCN4Cc3ccc(Cl)c(Cl)c3)cc2C(=O)N2CCc3ccccc3C2)c(C)c1Cl,1010.0,-3.004321373782642,0,train
CCCCN(CCCC)C(=O)c1nn(-c2ccc(C(=O)NS(=O)(=O)c3ccc4cccc(Cl)c4c3)cc2C(=O)N2Cc3ccccc3C[C@H]2CN)c(C)c1Cl,10.0,-1.0,1,train
CCCCN(CCCC)C(=O)c1nn(-c2ccc(C(=O)NS(=O)(=O)c3cc(Br)c4c(c3)CCN4CC)cc2C(=O)N2Cc3ccccc3C[C@H]2CO)c(C)c1Cl,9.15,-0.9614210940664484,0,train
CCCN(CCC)c1nn(-c2ccc(C(=O)NS(=O)(=O)c3ccc4c(Cl)ccc(Br)c4c3)cc2C(=O)N2Cc3ccccc3C[C@H]2CO)c(C)c1Cl,7.84,-0.8943160626844384,0,train
CCCCN(CCCC)C(=O)c1nn(-c2ccc(C(=O)NS(=O)(=O)c3cc(Br)c4c(ccn4CC)c3)cc2C(=O)N2Cc3ccccc3C[C@H]2CO)c(C)c1Cl,3.59,-0.5550944485783191,1,train
CCCCN(Cc1ccc(-c2ccc(CC(=O)O)cc2)cc1)C(=O)c1nn(-c2ccc(C(=O)NS(=O)(=O)c3ccc4c(c3)CCN4Cc3ccc(Cl)c(Cl)c3)cc2C(=O)N2CCc3ccccc3C2)c(C)c1Cl,10.0,-1.0,0,train
Cc1c(Cl)c(C(=O)NCc2ccc(-c3ccc(CC(=O)O)cc3)cc2)nn1-c1ccc(C(=O)NS(=O)(=O)c2ccc3c(c2)CCN3Cc2ccc(Cl)c(Cl)c2)cc1C(=O)N1CCc2ccccc2C1,49.99999999999999,-1.6989700043360187,0,train
CCCCN(C(=O)c1nn(-c2ccc(C(=O)NS(=O)(=O)c3ccc4c(Cl)ccc(Br)c4c3)cc2C(=O)N2CCc3ccccc3C2)c(C)c1Cl)c1cccc(-c2ccc(Cl)cc2)c1,10.0,-1.0,0,train
CCCCN(C(=O)c1nn(-c2ccc(C(=O)NS(=O)(=O)c3ccc4c(Cl)ccc(Cl)c4c3)cc2C(=O)N2CCc3ccccc3C2)c(C)c1Cl)c1cccc(-c2ccc(Cl)cc2)c1,40.000000000000014,-1.6020599913279625,0,train
CCCCN(C(=O)c1nn(-c2ccc(C(=O)NS(=O)(=O)c3ccc4c(Cl)ccc(Cl)c4c3)cc2C(=O)N2CCc3ccccc3C2)c(C)c1Cl)c1cccc(-c2cccc(Cl)c2)c1,70.00000000000001,-1.845098040014257,0,test
CCCCc1c(-c2ccc(C(=O)NS(=O)(=O)c3ccc4ccccc4c3)cc2C(=O)N2CCc3ccccc3C2)c(C(=O)OCC)nn1-c1ccc(Oc2cccc(Cl)c2)cc1,20.000000000000004,-1.3010299956639813,0,train
CCCCc1c(-c2ccc(C(=O)NS(=O)(=O)CC[Si](C)(C)C)cc2C(=O)N2CCc3ccccc3C2)c(C(=O)OCC)nn1-c1ccccc1,580.0000000000001,-2.7634279935629373,0,train
CCCCc1c(-c2ccc(C(=O)NS(=O)(=O)c3ccc4c(Cl)ccc(Br)c4c3)cc2C(=O)N2CCc3ccccc3C2)c(C(=O)OCC)nn1-c1ccc(Oc2cccc(Cl)c2)cc1,20.000000000000004,-1.3010299956639813,0,test
CCCCc1c(-c2ccc(C(=O)NS(=O)(=O)c3ccc4ccccc4c3)cc2C(=O)N2CCc3ccccc3C2)c(CO)nn1-c1ccc(OCC(O)CO)cc1,8.13,-0.9100905455940682,1,train
CCCCN(CCCC)C(=O)c1cn(C)c(-c2ccc(C(=O)NS(=O)(=O)c3ccc4ccccc4c3)cc2C(=O)N2CCc3ccccc3C2)n1,109.99999999999996,-2.041392685158225,0,test
CCCCN(CCCC)C(=O)c1cn(CC(=O)NC)c(-c2ccc(C(=O)NS(=O)(=O)c3ccc4ccccc4c3)cc2C(=O)N2CCc3ccccc3C2)n1,430.0000000000001,-2.633468455579586,0,train
CCCCN(CCCC)C(=O)c1cn(CCCN(C)C)c(-c2ccc(C(=O)NS(=O)(=O)c3ccc4ccccc4c3)cc2C(=O)N2CCc3ccccc3C2)n1,200.00000000000003,-2.3010299956639813,0,train
CCCCN(CCCC)C(=O)c1cn(CC(=O)O)c(-c2ccc(C(=O)NS(=O)(=O)c3cccc4ccccc34)cc2C(=O)N2CCc3ccccc3C2)n1,140.00000000000006,-2.146128035678238,0,train
CCCCN(CCCC)C(=O)c1cn(CCN2CCOCC2)c(-c2ccc(C(=O)NS(=O)(=O)c3ccc4ccccc4c3)cc2C(=O)N2Cc3ccccc3C[C@H]2CO)n1,119.99999999999996,-2.0791812460476247,0,train
CCCCN(CCCC)C(=O)c1cn(C)c(-c2ccc(C(=O)NS(=O)(=O)c3ccc4cccc(I)c4c3)cc2C(=O)N2Cc3ccccc3C[C@H]2CN)n1,6.969999999999999,-0.8432327780980093,0,train
CCCCN(CCCC)C(=O)c1cccc(-c2ccc(C(=O)NS(=O)(=O)c3ccc4ccccc4c3)cc2C(=O)N2CCc3ccccc3C2)n1,599.9999999999997,-2.7781512503836434,0,test
CCCCN(CCCC)c1ccc(Br)c(-c2ccc(C(=O)NS(=O)(=O)c3ccc4cccc(Cl)c4c3)cc2C(=O)N2CCc3ccccc3C2)n1,10.0,-1.0,1,train
CCCCN(CCCC)c1ncc(Cl)c(-c2ccc(C(=O)NS(=O)(=O)c3ccc4ccccc4c3)cc2C(=O)N2Cc3ccccc3C[C@H]2CO)n1,60.0,-1.7781512503836436,0,test
CCCCN(Cc1ccc(Cl)c(Cl)c1)c1ncc(Cl)c(-c2ccc(C(=O)NS(=O)(=O)c3ccc4cccc(Cl)c4c3)cc2C(=O)N2CCc3ccccc3C2)n1,10.0,-1.0,0,train
COc1ccc(Nc2nnc(-c3c[nH]c4ccccc34)o2)cc1,29049.999999999996,-4.463146136726349,1,train
Cc1ccc(Nc2nnc(-c3c[nH]c4ccccc34)o2)cc1,21120.0,-4.324693913861775,1,train
Clc1cccc(Nc2nnc(-c3c[nH]c4ccccc34)o2)c1,660.0000000000001,-2.8195439355418688,1,train
O=[N+]([O-])c1ccc(Nc2nnc(-c3c[nH]c4ccccc34)o2)cc1,3830.000000000001,-3.583198773968623,0,test
O=[N+]([O-])c1ccccc1Nc1nnc(-c2c[nH]c3ccccc23)o1,1240.0000000000002,-3.093421685162235,0,train
CC1(C)CCC(c2ccc(Cl)cc2)=C(CN2CCc3ccc(C(=O)NS(=O)(=O)c4ccc(N[C@H](CCN5CCOCC5)CSc5ccccc5)c(S(=O)(=O)C(F)(F)F)c4)cc3CC2)C1,193.00000000000009,-2.285557309007774,1,train
Cn1ccc(S(=O)(=O)NC(=O)c2ccc(N3CCN(CC4=C(c5ccc(Cl)cc5)CCC(C)(C)C4)CC3)cc2)n1,67.39999999999999,-1.82865989653532,0,train
CN1CCN(S(=O)(=O)NC(=O)c2ccc(N3CCN(CC4=C(c5ccc(Cl)cc5)CCC(C)(C)C4)CC3)cc2)CC1,168.0,-2.225309281725863,0,train
CC1(C)CCC(c2ccc(Cl)cc2)=C(CN2CCN(c3ccc(C(=O)NS(C)(=O)=O)cc3)CC2)C1,495.00000000000017,-2.694605198933569,0,train
CC1(C)CCC(CN2CCN(c3ccc(C(=O)NS(=O)(=O)c4ccc(NCC5CCOCC5)c([N+](=O)[O-])c4)c(Oc4cnc5[nH]ccc5c4)c3)CC2)=C(c2ccc(Cl)cc2)C1,9.6975,-0.986659788272094,1,test
CC1(C)CCC(c2ccc(Cl)cc2)=C(CN2CCN(c3ccc(C(=O)NS(=O)(=O)c4ccc(N[C@H](CCN5CCOCC5)CSc5ccccc5)c(S(=O)(=O)C(F)(F)F)c4)cc3)CC2)C1,6.150000000000001,-0.7888751157754168,1,train
CC1(C)CCC(c2ccc(Cl)cc2)=C(CNC2(Cn3cnc4cc(C(=O)NS(=O)(=O)c5ccc(N[C@H](CCN6CCOCC6)CSc6ccccc6)c(S(=O)(=O)C(F)(F)F)c5)ccc43)CC2)C1,108.00000000000004,-2.03342375548695,0,test
CC1(C)CCC(c2ccc(Cl)cc2)=C(CN2CCc3nc(C(=O)NS(=O)(=O)c4ccc(N[C@H](CCN5CCOCC5)CSc5ccccc5)c(S(=O)(=O)C(F)(F)F)c4)sc3C2)C1,38.10000000000001,-1.5809249756756194,0,test
CC1(C)CCC(c2ccc(Cl)cc2)=C(CN2CCc3sc(C(=O)NS(=O)(=O)c4ccc(N[C@H](CCN5CCOCC5)CSc5ccccc5)c(S(=O)(=O)C(F)(F)F)c4)cc3C2)C1,57.900000000000006,-1.7626785637274365,0,train
CC1(C)CCC(c2ccc(Cl)cc2)=C(CN2CCc3cc(C(=O)NS(=O)(=O)c4ccc(N[C@H](CCN5CCOCC5)CSc5ccccc5)c(S(=O)(=O)C(F)(F)F)c4)ccc3C2)C1,12.6,-1.100370545117563,1,train
CC1(C)CCC(c2ccc(Cl)cc2)=C(CN2CCN(c3ccc(C(=O)NS(=O)(=O)c4ccc(NCC5(CN6CC(F)(F)C6)COC5)c(S(=O)(=O)C(F)(F)F)c4)cc3)CC2)C1,17.300000000000004,-1.2380461031287957,0,train
CC1(C)CCC(c2ccc(Cl)cc2)=C(CN2CCN(c3ccc(C(=O)NS(=O)(=O)c4ccc(OCC5(CN6CCOCC6)COC5)c(S(=O)(=O)C(F)(F)F)c4)cc3)CC2)C1,14.499999999999998,-1.1613680022349748,0,train
CC1(C)CCC(c2ccc(Cl)cc2)=C(CN2CCN(c3ccc(C(=O)NS(=O)(=O)c4ccc(N[C@@H](CC5CC5)CN5CCOCC5)c(S(=O)(=O)C(F)(F)F)c4)cc3)CC2)C1,20.700000000000003,-1.3159703454569178,0,train
CC1(C)CCC(c2ccc(Cl)cc2)=C(CN2CCN(c3ccc(C(=O)NS(=O)(=O)c4ccc(N[C@@H](CC5CC5)C(=O)N5CCOCC5)c(S(=O)(=O)C(F)(F)F)c4)cc3)CC2)C1,68.20000000000002,-1.833784374656479,0,train
CC1(C)CCC(c2ccc(Cl)cc2)=C(CN2CCN(c3ccc(C(=O)NS(=O)(=O)c4ccc(NC5(CN6CC(F)(F)C6)CC5)c(S(=O)(=O)C(F)(F)F)c4)cc3)CC2)C1,34.800000000000004,-1.541579243946581,0,test
CC1(C)CCC(c2ccc(Cl)cc2)=C(CN2CCN(c3ccc(C(=O)NS(=O)(=O)c4ccc(NC5(CN6CCOCC6)CC5)c(S(=O)(=O)C(F)(F)F)c4)cc3)CC2)C1,40.70000000000001,-1.60959440922522,0,train
CN(CCO)c1ccc(S(=O)(=O)NC(=O)c2ccc(N3CCN(CC4=C(c5ccc(Cl)cc5)CCC(C)(C)C4)CC3)cc2)cc1S(=O)(=O)C(F)(F)F,46.0,-1.662757831681574,0,train
CC1(C)CCC(c2ccc(Cl)cc2)=C(CN2CCN(c3ccc(C(=O)NS(=O)(=O)c4ccc(N5CC(F)(F)C5)c(S(=O)(=O)C(F)(F)F)c4)cc3)CC2)C1,46.6,-1.66838591669,0,test
CN(C)c1ccc(S(=O)(=O)NC(=O)c2ccc(N3CCN(CC4=C(c5ccc(Cl)cc5)CCC(C)(C)C4)CC3)cc2)cc1S(=O)(=O)C(F)(F)F,65.1,-1.813580988568192,0,train
C[C@@H]1CC[C@H]2[C@@H](C)C(OCCNC3CCN(c4ccc(C(=O)NS(=O)(=O)c5ccc(NCC6CCOCC6)c([N+](=O)[O-])c5)c(Oc5cnc6[nH]ccc6c5)c4)CC3)O[C@@H]3O[C@@]4(C)CC[C@@H]1[C@]32OO4,1.9,-0.2787536009528289,1,train
C[C@H]1[C@@H](CC(=O)N2CCN(c3ccc(C(=O)NS(=O)(=O)c4ccc(NCC5CCOCC5)c([N+](=O)[O-])c4)c(Oc4cnc5[nH]ccc5c4)c3)CC2)O[C@@H]2O[C@]3(C)O[C@]24[C@H]1CC[C@@H](C)[C@@H]4C[C@H]3O,50.1,-1.6998377258672457,0,train
C[C@H]1[C@@H](OCCN2CCN(c3ccc(C(=O)NS(=O)(=O)c4ccc(NCC5CCOCC5)c([N+](=O)[O-])c4)c(Oc4cnc5[nH]ccc5c4)c3)CC2)O[C@@H]2O[C@]3(C)O[C@]24[C@H]1CC[C@@H](C)[C@@H]4C[C@H]3O,31.89999999999999,-1.503790683057181,0,train
C[C@H]1[C@@H](CC(=O)N2CCN(c3ccc(C(=O)NS(=O)(=O)c4ccc(NCC5CCOCC5)c([N+](=O)[O-])c4)c(Oc4cnc5[nH]ccc5c4)c3)CC2)O[C@@H]2O[C@@]3(C)CC[C@H]4[C@H](C)CC[C@@H]1[C@@]24O3,3.5000000000000004,-0.5440680443502757,0,test
C[C@H]1[C@@H](OCCN2CCN(c3ccc(C(=O)NS(=O)(=O)c4ccc(NCC5CCOCC5)c([N+](=O)[O-])c4)c(Oc4cnc5[nH]ccc5c4)c3)CC2)O[C@@H]2O[C@@]3(C)CC[C@H]4[C@H](C)CC[C@@H]1[C@@]24O3,2.2,-0.3424226808222063,0,train
C[C@H]1[C@@H](CCN2CCN(c3ccc(C(=O)NS(=O)(=O)c4ccc(NCC5CCOCC5)c([N+](=O)[O-])c4)c(Oc4cnc5[nH]ccc5c4)c3)CC2)O[C@@H]2O[C@@]3(C)CC[C@H]4[C@H](C)CC[C@@H]1[C@@]24O3,1.8,-0.255272505103306,0,train
C[C@@H]1CC[C@H]2C(CN3CCN(c4ccc(C(=O)NS(=O)(=O)c5ccc(NCC6CCOCC6)c([N+](=O)[O-])c5)c(Oc5cnc6[nH]ccc6c5)c4)CC3)=C(C(F)(F)F)O[C@@H]3O[C@@]4(C)CC[C@@H]1[C@]32O4,2.8,-0.4471580313422192,0,train
CO[C@H]1OC2O[C@@]3(C)CC[C@H]4[C@H](C)CC[C@@H]([C@]1(C)CC(=O)N1CCN(c5ccc(C(=O)NS(=O)(=O)c6ccc(NCC7CCOCC7)c([N+](=O)[O-])c6)c(Oc6cnc7[nH]ccc7c6)c5)CC1)[C@@]24OO3,34.7,-1.5403294747908738,0,test
C[C@@H]1CC[C@@H]2[C@]34OO[C@](C)(CC[C@@H]13)O[C@H]4O[C@]2(C)C(=O)N1CCN(c2ccc(C(=O)NS(=O)(=O)c3ccc(NCC4CCOCC4)c([N+](=O)[O-])c3)c(Oc3cnc4[nH]ccc4c3)c2)CC1,12.999999999999998,-1.1139433523068367,0,train
C[C@H]1[C@@H](CC(=O)N2CCN(c3ccc(C(=O)NS(=O)(=O)c4ccc(NCC5CCOCC5)c([N+](=O)[O-])c4)c(Oc4cnc5[nH]ccc5c4)c3)CC2)O[C@@H]2O[C@@]3(C)CC[C@H]4[C@H](C)CC[C@@H]1[C@@]24OO3,11.900000000000002,-1.0755469613925308,0,test
C[C@H]1[C@H](N(C)CCN2CCN(c3ccc(C(=O)NS(=O)(=O)c4ccc(NCC5CCOCC5)c([N+](=O)[O-])c4)c(Oc4cnc5[nH]ccc5c4)c3)CC2)O[C@@H]2O[C@@]3(C)CC[C@H]4[C@H](C)CC[C@@H]1[C@@]24OO3,16.7,-1.2227164711475833,1,train
C[C@@H]1CC[C@H]2[C@@](C)(O)[C@@H](OCCN3CCN(c4ccc(C(=O)NS(=O)(=O)c5ccc(NCC6CCOCC6)c([N+](=O)[O-])c5)c(Oc5cnc6[nH]ccc6c5)c4)CC3)O[C@@H]3O[C@@]4(C)CC[C@@H]1[C@]32OO4,86.5,-1.9370161074648145,1,test
C[C@H]1[C@@H](OCCN2CCN(c3ccc(C(=O)NS(=O)(=O)c4ccc(NCC5CCOCC5)c([N+](=O)[O-])c4)c(Oc4cnc5[nH]ccc5c4)c3)CC2)O[C@@H]2O[C@@]3(C)CC[C@H]4[C@H](C)CC[C@@H]1[C@@]24OO3,5.000000000000001,-0.6989700043360189,0,train
C[C@H]1[C@@H](CCCN2CCN(c3ccc(C(=O)NS(=O)(=O)c4ccc(NCC5CCOCC5)c([N+](=O)[O-])c4)c(Oc4cnc5[nH]ccc5c4)c3)CC2)O[C@@H]2O[C@@]3(C)CC[C@H]4[C@H](C)CC[C@@H]1[C@@]24OO3,1.2,-0.0791812460476248,1,train
C[C@H]1[C@@H](CCN2CCN(c3ccc(C(=O)NS(=O)(=O)c4ccc(NCC5CCOCC5)c([N+](=O)[O-])c4)c(Oc4cnc5[nH]ccc5c4)c3)CC2)O[C@@H]2O[C@@]3(C)CC[C@H]4[C@H](C)CC[C@@H]1[C@@]24OO3,9.699999999999998,-0.9867717342662448,0,test
C[C@@H]1CC[C@H]2C(CN3CCN(c4ccc(C(=O)NS(=O)(=O)c5ccc(NCC6CCOCC6)c([N+](=O)[O-])c5)c(Oc5cnc6[nH]ccc6c5)c4)CC3)=C(C(F)(F)F)O[C@@H]3O[C@@]4(C)CC[C@@H]1[C@]32OO4,6.2,-0.7923916894982539,0,train
CC(C)(C)c1ccc(C(=O)NCCN2C(=O)c3cccc4c(Sc5ccc(Br)cc5)ccc(c34)C2=O)cc1,3179.999999999999,-3.502427119984433,0,train
COC(=O)CCNC1=C(C#N)C(=O)c2cccc3c(Sc4ccc(Br)cc4)ccc1c23,4519.999999999999,-3.655138434811382,0,test
COC(=O)CCCCC(=O)NCCN1C(=O)c2cccc3c(Sc4ccc(Br)cc4)ccc(c23)C1=O,4779.999999999999,-3.679427896612119,0,train
O=C(CCCCC(=O)NCCN1C(=O)c2cccc3c(Sc4ccc(Br)cc4)ccc(c23)C1=O)NCCNc1cccc2c1C(=O)N(C1CCC(=O)NC1=O)C2=O,15209.999999999993,-4.182129214052998,1,train
O=C(CCCCC(=O)NCCN1C(=O)c2cccc3c(Sc4ccc(Br)cc4)ccc(c23)C1=O)NCCCCNc1cccc2c1C(=O)N(C1CCC(=O)NC1=O)C2=O,10020.000000000004,-4.000867721531227,1,train
O=C(CCCCC(=O)NCCN1C(=O)c2cccc3c(Sc4ccc(Br)cc4)ccc(c23)C1=O)NCCCCCCNc1cccc2c1C(=O)N(C1CCC(=O)NC1=O)C2=O,540.0000000000001,-2.7323937598229686,1,train
O=C(CCCCCNc1cccc2c1C(=O)N(C1CCC(=O)NC1=O)C2=O)NCCCCCCNC(=O)CCCCC(=O)NCCN1C(=O)c2cccc3c(Sc4ccc(Br)cc4)ccc(c23)C1=O,13470.000000000007,-4.129367595722986,1,train
O=C(CCCCC(=O)NCCN1C(=O)c2cccc3c(Sc4ccc(Br)cc4)ccc(c23)C1=O)NCCOCCOCCNc1cccc2c1C(=O)N(C1CCC(=O)NC1=O)C2=O,4940.000000000002,-3.693726948923647,0,train
O=C(CCCCC(=O)NCCN1C(=O)c2cccc3c(Sc4ccc(Br)cc4)ccc(c23)C1=O)NCCCCCCCCNc1cccc2c1C(=O)N(C1CCC(=O)NC1=O)C2=O,7660.000000000003,-3.884228769632604,1,train
N#CC1=C(NCCC(=O)NCCNc2cccc3c2C(=O)N(C2CCC(=O)NC2=O)C3=O)c2ccc(Sc3ccc(Br)cc3)c3cccc(c23)C1=O,10480.00000000001,-4.020361282647708,0,train
N#CC1=C(NCCC(=O)NCCCCNc2cccc3c2C(=O)N(C2CCC(=O)NC2=O)C3=O)c2ccc(Sc3ccc(Br)cc3)c3cccc(c23)C1=O,9709.999999999996,-3.9872192299080047,0,train
N#CC1=C(NCCC(=O)NCCCCCCNc2cccc3c2C(=O)N(C2CCC(=O)NC2=O)C3=O)c2ccc(Sc3ccc(Br)cc3)c3cccc(c23)C1=O,1940.0,-3.287801729930226,0,train
N#CC1=C(NCCC(=O)NCCCCCC(=O)NCCCCCCNc2cccc3c2C(=O)N(C2CCC(=O)NC2=O)C3=O)c2ccc(Sc3ccc(Br)cc3)c3cccc(c23)C1=O,11649.999999999996,-4.066325925362038,0,train
N#CC1=C(NCCC(=O)NCCOCCOCCNc2cccc3c2C(=O)N(C2CCC(=O)NC2=O)C3=O)c2ccc(Sc3ccc(Br)cc3)c3cccc(c23)C1=O,2239.9999999999995,-3.3502480183341627,0,train
CC1(C)CCC(CN2CCN(c3ccc(C(=O)NS(=O)(=O)c4ccc(NCCCCCC(=O)NO)c([N+](=O)[O-])c4)c(Oc4cnc5[nH]ccc5c4)c3)CC2)=C(c2ccc(Cl)cc2)C1,230.00000000000009,-2.361727836017593,1,train
CC1(C)CCC(CN2CCN(c3ccc(C(=O)NS(=O)(=O)c4ccc(NCCCCCCC(=O)NO)c([N+](=O)[O-])c4)c(Oc4cnc5[nH]ccc5c4)c3)CC2)=C(c2ccc(Cl)cc2)C1,239.99999999999997,-2.380211241711606,1,train
CC1(C)CCC(CN2CCN(c3ccc(C(=O)NS(=O)(=O)c4ccc(NCCCCCCCC(=O)NO)c([N+](=O)[O-])c4)c(Oc4cnc5[nH]ccc5c4)c3)CC2)=C(c2ccc(Cl)cc2)C1,249.99999999999997,-2.397940008672037,1,train
CO[C@H]1/C=C/C[C@H](C)[C@@H](C)S(=O)(=O)NC(=O)c2ccc3c(c2)N(C[C@@H]2CC[C@H]21)C[C@@]1(CCCc2cc(Cl)ccc21)CO3,1930.0000000000005,-3.285557309007774,0,test
CC[C@H](C)[C@H](NC(=O)[C@H](CCC(=O)O)NC(=O)[C@H](CCCNC(=N)N)NC(=O)[C@H](C)NC(=O)[C@H](Cc1c[nH]c2ccccc12)NC(=O)[C@H](CCC(N)=O)NC(=O)[C@H](CCC(=O)O)NC(=O)[C@@H](N)CCC(=O)O)C(=O)NCC(=O)N[C@@H](C)C(=O)N[C@@H](CCC(N)=O)C(=O)N[C@@H](CC(C)C)C(=O)N[C@@H](CCCNC(=N)N)C(=O)N[C@@H](CCCNC(=N)N)C(=O)N[C@@H](CCSC)C(=O)N[C@@H](C)C(=O)N[C@@H](CC(=O)O)C(=O)N[C@@H](CC(=O)O)C(=O)N[C@@H](CC(C)C)C(=O)N[C@@H](CC(N)=O)C(=O)N[C@@H](C)C(=O)N[C@@H](CCC(N)=O)C(=O)N[C@@H](Cc1ccc(O)cc1)C(=O)N[C@@H](CCC(=O)O)C(=O)N[C@@H](CCCNC(=N)N)C(=O)O,3.2999999999999994,-0.5185139398778874,0,test
COc1cc2c(cc1C(CN1CCCC1)c1ccc(-c3ccc(C(=O)NS(=O)(=O)c4ccc(C[C@H](CCN5CCOCC5)CSc5ccccc5)c(S(=O)(=O)C(F)(F)F)c4)cc3)cc1)OCO2,20.000000000000004,-1.3010299956639813,0,train
C[N+](C)(CC[C@H](CSc1ccccc1)Nc1ccc(S(=O)(=O)NC(=O)c2ccc(N3CCN(Cc4ccccc4-c4ccc(Cl)cc4)CC3)cc2)cc1[N+](=O)[O-])CC(=O)O,500.0,-2.6989700043360187,0,train
CCCCN(CCCC)C(=O)c1cc(C)n(-c2ccccc2C(=O)N2Cc3ccccc3C[C@H]2CN)n1,1300.0000000000005,-3.113943352306837,0,train
O=C(NS(=O)(=O)c1ccc(N[C@H](CCN2CCOCC2)CSc2ccccc2)c([N+](=O)[O-])c1)c1ccc(-c2ccc(F)cc2)c(S(=O)(=O)F)c1,2000.0,-3.3010299956639813,1,train
O=C(NS(=O)(=O)c1ccc(N[C@H](CCN2CCOCC2)CSc2ccccc2)c([N+](=O)[O-])c1)c1ccc(-c2ccc(F)cc2S(=O)(=O)F)cc1,27600.00000000003,-4.440909082065218,1,train
O=C(NS(=O)(=O)c1ccc(N[C@H](CCN2CCOCC2)CSc2ccccc2)c([N+](=O)[O-])c1)c1ccc(-c2ccc(F)c(S(=O)(=O)F)c2)cc1,9699.999999999998,-3.9867717342662448,0,train
O=C(NS(=O)(=O)c1ccc(N[C@H](CCN2CCOCC2)CSc2ccccc2)c([N+](=O)[O-])c1)c1ccc(-c2ccc(F)cc2)cc1,6300.0,-3.7993405494535817,0,train
O=C(NS(=O)(=O)c1ccc(N[C@H](CCN2CCOCC2)CSc2ccccc2)c([N+](=O)[O-])c1)c1ccc(-c2ccc(F)cc2)c(S(=O)(=O)O)c1,55899.99999999998,-4.747411807886423,1,train
C#CCN(C)CC[C@H](CSc1ccccc1)Nc1ccc(S(=O)(=O)NC(=O)c2ccc(-c3ccc(F)cc3)c(S(=O)(=O)F)c2)cc1S(=O)(=O)C(F)(F)F,1300.0000000000005,-3.113943352306837,0,train
CC1(C)CCC(CN2CCN(c3ccc(C(=O)NS(=O)(=O)c4ccc(NCC5CCOCC5)c([N+](=O)[O-])c4)c(Oc4cnc5[nH]ccc5c4)c3)CC2)=C(c2ccc(Cl)cc2C(F)(F)F)C1,0.86,0.0655015487564322,0,train
CC1(C)CCC(CN2CCN(c3ccc(C(=O)NS(=O)(=O)c4ccc(NCC5CCOCC5)c([N+](=O)[O-])c4)c(Oc4cnc5[nH]ccc5c4)c3)CC2)=C(c2ccc(C(F)(F)F)cc2)C1,1.5,-0.1760912590556812,0,train
COc1ccc(C2=C(CN3CCN(c4ccc(C(=O)NS(=O)(=O)c5ccc(NCC6CCOCC6)c([N+](=O)[O-])c5)c(Oc5cnc6[nH]ccc6c5)c4)CC3)CCC(C)(C)C2)cc1,3.8,-0.5797835966168101,0,train
CC1(C)CCC(CN2CCN(c3ccc(C(=O)NS(=O)(=O)c4ccc(NCC5CCOCC5)c([N+](=O)[O-])c4)c(Oc4cnc5[nH]ccc5c4)c3)CC2)=C(c2ccccc2C(F)(F)F)C1,1.7,-0.2304489213782739,0,train
CC1(C)CCC(CN2CCN(c3ccc(C(=O)NS(=O)(=O)c4ccc(NCC5CCOCC5)c([N+](=O)[O-])c4)c(Oc4cnc5[nH]ccc5c4)c3)CC2)=C(c2ccc(C(F)(F)F)c(Cl)c2)C1,0.8,0.0969100130080563,0,test
CN(C)CCCNc1ccc(S(=O)(=O)NC(=O)c2ccc(N3CCN(CC4=C(c5ccc(C(F)(F)F)cc5)CC(C)(C)CC4)CC3)cc2Oc2cnc3[nH]ccc3c2)cc1[N+](=O)[O-],0.89,0.0506099933550872,0,train
CCN(CC)CCCNc1ccc(S(=O)(=O)NC(=O)c2ccc(N3CCN(CC4=C(c5ccc(C(F)(F)F)cc5)CC(C)(C)CC4)CC3)cc2Oc2cnc3[nH]ccc3c2)cc1[N+](=O)[O-],0.2999999999999999,0.5228787452803376,0,train
CN1CCC(CNc2ccc(S(=O)(=O)NC(=O)c3ccc(N4CCN(CC5=C(c6ccc(C(F)(F)F)cc6)CC(C)(C)CC5)CC4)cc3Oc3cnc4[nH]ccc4c3)cc2[N+](=O)[O-])C1,2.4,-0.380211241711606,0,train
CC(C)C(=O)N1CCC(CNc2ccc(S(=O)(=O)NC(=O)c3ccc(N4CCN(CC5=C(c6ccc(C(F)(F)F)cc6)CC(C)(C)CC5)CC4)cc3Oc3cnc4[nH]ccc4c3)cc2[N+](=O)[O-])CC1,2.4,-0.380211241711606,0,train
CC1(C)CCC(CN2CCN(c3ccc(C(=O)NS(=O)(=O)c4ccc(NCC5CCOC5)c([N+](=O)[O-])c4)c(Oc4cnc5[nH]ccc5c4)c3)CC2)=C(c2ccc(C(F)(F)F)cc2)C1,4.700000000000001,-0.6720978579357175,0,train
CC1(C)CCC(CN2CCN(c3ccc(C(=O)NS(=O)(=O)c4ccc(NC5CCOC5)c([N+](=O)[O-])c4)c(Oc4cnc5[nH]ccc5c4)c3)CC2)=C(c2ccc(C(F)(F)F)cc2)C1,1.9,-0.2787536009528289,0,train
CC1(C)CCC(CN2CCN(c3ccc(C(=O)NS(=O)(=O)c4ccc(OCC5CCOCC5)c([N+](=O)[O-])c4)c(Oc4cnc5[nH]ccc5c4)c3)CC2)=C(c2ccc(C(F)(F)F)cc2)C1,1.0,-0.0,0,train
CC1(C)CCC(CN2CCN(c3ccc(C(=O)NS(=O)(=O)c4ccc(OC5CCOCC5)c([N+](=O)[O-])c4)c(Oc4cnc5[nH]ccc5c4)c3)CC2)=C(c2ccc(C(F)(F)F)cc2)C1,8.4,-0.9242792860618816,0,train
CC1(C)CCC(CN2CCN(c3ccc(C(=O)NS(=O)(=O)c4ccc(OCC5CCOC5)c([N+](=O)[O-])c4)c(Oc4cnc5[nH]ccc5c4)c3)CC2)=C(c2ccc(C(F)(F)F)cc2)C1,4.4,-0.6434526764861874,0,train
CC1(C)CCC(CN2CCN(c3ccc(C(=O)NS(=O)(=O)c4ccc(OCC5CCCOC5)c([N+](=O)[O-])c4)c(Oc4cnc5[nH]ccc5c4)c3)CC2)=C(c2ccc(C(F)(F)F)cc2)C1,3.0,-0.4771212547196624,0,test
CC1(C)CCC(CN2CCN(c3ccc(C(=O)NS(=O)(=O)c4ccc(OCC5CCSCC5)c([N+](=O)[O-])c4)c(Oc4cnc5[nH]ccc5c4)c3)CC2)=C(c2ccc(C(F)(F)F)cc2)C1,1.65,-0.2174839442139062,0,train
CC(Oc1ccc(S(=O)(=O)NC(=O)c2ccc(N3CCN(CC4=C(c5ccc(C(F)(F)F)cc5)CC(C)(C)CC4)CC3)cc2Oc2cnc3[nH]ccc3c2)cc1[N+](=O)[O-])C1CCOCC1,9.2,-0.9637878273455552,0,train
CN1CCC(COc2ccc(S(=O)(=O)NC(=O)c3ccc(N4CCN(CC5=C(c6ccc(C(F)(F)F)cc6)CC(C)(C)CC5)CC4)cc3Oc3cnc4[nH]ccc4c3)cc2[N+](=O)[O-])C1,0.75,0.1249387366082999,0,train
CCN1CCC(COc2ccc(S(=O)(=O)NC(=O)c3ccc(N4CCN(CC5=C(c6ccc(C(F)(F)F)cc6)CC(C)(C)CC5)CC4)cc3Oc3cnc4[nH]ccc4c3)cc2[N+](=O)[O-])CC1,0.5,0.3010299956639812,0,train
N#CC1=C(C#N)c2ccc(N3CCSCC3)c3cccc(c23)C1=O,800.0000000000003,-2.903089986991944,1,train
N#CC1=C(C#N)c2ccc(Sc3ccccc3)c3cccc(c23)C1=O,1799.9999999999998,-3.255272505103306,0,train
CC(C)c1ccc(Sc2ccc3c4c(cccc24)C(=O)C(C#N)=C3C#N)cc1,2800.0000000000014,-3.4471580313422194,0,train
COc1ccc(Sc2ccc3c4c(cccc24)C(=O)C(C#N)=C3C#N)cc1,6100.000000000002,-3.785329835010767,0,train
N#CC1=C(C#N)c2ccc(SC3CCCC3)c3cccc(c23)C1=O,8399.999999999998,-3.9242792860618816,1,train
N#CC1=C(C#N)c2ccc(SC3CCCCC3)c3cccc(c23)C1=O,8600.000000000004,-3.934498451243568,1,train
N#CC1=C(C#N)c2ccc(NCc3ccccc3)c3cccc(c23)C1=O,14800.000000000004,-4.1702617153949575,0,test
N#CC1=C(NCc2ccccc2)c2ccc(SC3CCCCC3)c3cccc(c23)C1=O,5199.999999999998,-3.716003343634799,0,test
N#CC1=C(NCC2CCCCC2)c2ccc(SC3CCCCC3)c3cccc(c23)C1=O,4799.999999999999,-3.681241237375587,0,train
CCCCNC1=C(C#N)C(=O)c2cccc3c(SC4CCCCC4)ccc1c23,16000.00000000001,-4.204119982655925,0,train
N#CC1=C(NCCO)c2ccc(SC3CCCCC3)c3cccc(c23)C1=O,9600.0,-3.982271233039568,0,test
N#CC1=C(NCCC(N)=O)c2ccc(SC3CCCCC3)c3cccc(c23)C1=O,13500.000000000013,-4.130333768495007,0,train
N#CC1=C(NCCN2CCOCC2)c2ccc(SC3CCCCC3)c3cccc(c23)C1=O,18699.99999999998,-4.271841606536499,0,test
Cc1c2c(nn1C)CSCc1cc(n(C)n1)CSc1cc(c3ccccc3c1)OCCCc1c(C(=O)O)n(C)c3c-2c(Cl)ccc13,20000.000000000004,-4.301029995663981,0,train
CN(CCO)CC[C@H](CSc1ccccc1)Nc1ccc(S(=O)(=O)NC(=O)c2ccc(N3CCC([C@@H](O)c4ccccc4-c4ccc(Cl)cc4)CC3)cc2)cc1S(=O)(=O)C(F)(F)F,3.9,-0.5910646070264992,0,train
COC(=O)Nc1ccc(C2=NN(C(=O)c3ccc(Br)cc3)C(c3ccccc3)C2)cc1,2099.999999999999,-3.322219294733919,1,train
CC(C)(C)OC(=O)Nc1ccc(C2=NN(C(=O)c3ccc([N+](=O)[O-])cc3)C(c3ccccc3)C2)cc1,439.0,-2.6424645202421213,1,test
CC(C)(C)OC(=O)Nc1ccc(C2=NN(C(=O)c3ccc(Br)cc3)C(c3ccccc3)C2)cc1,261.9999999999999,-2.418301291319745,1,train
CC(C)(C)OC(=O)Nc1ccc(C2=NN(C(=O)c3ccc(Br)cc3)C(c3ccncc3)C2)cc1,2779.9999999999995,-3.444044795918076,1,train
CC(C)(C)OC(=O)Nc1ccc(C2=NN(C(=O)c3ccc(Br)cc3)C(c3cccnc3)C2)cc1,1629.9999999999995,-3.2121876044039577,1,train
CC(C)(C)OC(=O)Nc1ccc(C2=NN(C(=O)c3ccc(Br)cc3)C(c3ccccn3)C2)cc1,650.0000000000002,-2.812913356642856,1,train
CC(C)(C)OC(=O)Nc1ccc(C2=NN(C(=O)c3ccc(Br)cc3)C(c3cncs3)C2)cc1,4359.999999999998,-3.639486489268586,1,test
CC(C)(C)OC(=O)Nc1ccc(C2=NN(C(=O)c3ccc(Br)cc3)C(c3nccs3)C2)cc1,1609.999999999999,-3.206825876031849,0,train
CC(C)(C)OC(=O)Nc1ccc(C2=NN(C(=O)c3ccc(Br)cc3)C(c3ccoc3)C2)cc1,3820.000000000002,-3.582063362911709,1,train
CC(C)(C)OC(=O)Nc1ccc(C2=NN(C(=O)c3ccc(Br)cc3)C(c3ccco3)C2)cc1,1260.0,-3.100370545117563,0,train
Cc1ccc(C(=O)N2N=C(c3ccc(NC(=O)OC(C)(C)C)cc3)CC2c2ccco2)cc1,3290.0000000000014,-3.5171958979499744,1,train
COc1ccc(C(=O)N2N=C(c3ccc(NS(C)(=O)=O)cc3)CC2c2ccco2)cc1,10110.000000000002,-4.004751155591001,0,test
CS(=O)(=O)Nc1ccc(C2=NN(C(=O)c3ccc(C#N)cc3)C(c3ccco3)C2)cc1,7439.999999999997,-3.871572935545879,0,train
CS(=O)(=O)Nc1ccc(C2=NN(C(=O)c3ccc([N+](=O)[O-])cc3)C(c3ccco3)C2)cc1,1970.0,-3.294466226161593,0,test
CS(=O)(=O)Nc1ccc(C2=NN(C(=O)c3ccc(C(F)(F)F)cc3)C(c3ccco3)C2)cc1,2880.0000000000014,-3.459392487759231,0,train
CS(=O)(=O)Nc1ccc(C2=NN(C(=O)c3ccc(Br)cc3)C(c3ccco3)C2)cc1,2470.0000000000005,-3.392696953259666,0,train
CS(=O)(=O)Nc1ccc(C2=NN(C(=O)c3ccc(Cl)cc3)C(c3ccco3)C2)cc1,2720.0,-3.4345689040341987,0,train
CS(=O)(=O)Nc1ccc(C2=NN(C(=O)c3ccc(F)cc3)C(c3ccco3)C2)cc1,12659.999999999993,-4.102433705681336,0,train
Cc1ccc(C(=O)N2N=C(c3ccc(NS(C)(=O)=O)cc3)CC2c2ccco2)cc1,15900.000000000013,-4.201397124320452,0,test
CC(C)(C)OC(=O)Nc1ccc(C2=NN(C(=O)c3cccnc3)C(c3ccccc3)C2)cc1,14500.000000000013,-4.161368002234975,1,train
CC(C)COC(=O)Nc1ccc(C2=NN(C(=O)c3ccc(Br)cc3)C(c3ccccc3)C2)cc1,164.00000000000003,-2.214843848047698,1,train
C#CCCOC(=O)Nc1ccc(C2=NN(C(=O)c3ccc(Br)cc3)C(c3ccccc3)C2)cc1,64.99999999999999,-1.8129133566428557,1,train
CNC(=O)Nc1ccc(C2=NN(C(=O)c3ccc(Br)cc3)C(c3ccccc3)C2)cc1,5530.000000000001,-3.7427251313046974,1,test
CN(C)C(=O)Nc1ccc(C2=NN(C(=O)c3ccc(Br)cc3)C(c3ccccc3)C2)cc1,2410.0,-3.3820170425748683,1,train
CC(C)NC(=O)Nc1ccc(C2=NN(C(=O)c3ccc(Br)cc3)C(c3ccccc3)C2)cc1,350.0,-2.544068044350276,1,test
CC(C)(C)NC(=O)Nc1ccc(C2=NN(C(=O)c3ccc(Br)cc3)C(c3ccccc3)C2)cc1,9219.999999999998,-3.964730921053629,1,test
CC(C)(C)OC(=O)Nc1cccc(C2=NN(C(=O)c3ccc(Br)cc3)C(c3ccccc3)C2)c1,11059.99999999999,-4.043755126968679,1,train
CC(C)(C)OC(=O)Nc1ccc(C2=NN(C(=O)c3ccc(Br)cc3)C(c3ccccc3)C2)cn1,309.0,-2.4899584794248346,1,train
CC(C)(C)OC(=O)Nc1ccc(C2=NN(C(=O)c3ccc(Br)cc3)C(c3ccccc3)C2)nc1,371.99999999999983,-2.5705429398818973,1,train
CC1C(c2ccc(NC(=O)OC(C)(C)C)cc2)=NN(C(=O)c2ccc(Br)cc2)C1c1ccccc1,27.4,-1.437750562820388,0,train
CC(C)(C)OC(=O)Nc1ccc(C2=NN(C(=O)c3ccc(Br)cc3)C(c3ccccc3)C2c2ccccc2)cc1,171.99999999999991,-2.2355284469075487,0,train
CC1C(c2ccc(N3CCOC3=O)cc2)=NN(C(=O)c2ccc(Br)cc2)C1c1ccccc1,5159.999999999999,-3.7126497016272113,0,train
COC(=O)c1ccc(C2=NN(C(=O)c3ccc(Br)cc3)C(c3ccccc3)C2)cc1,1640.0000000000002,-3.214843848047698,1,train
CC(C)C(=O)Oc1ccc(C2=NN(C(=O)c3ccc(Br)cc3)C(c3ccccc3)C2)cc1,5450.000000000002,-3.7363965022766426,1,train
CN(C)C(=O)c1ccc(C2=NN(C(=O)c3ccc(Br)cc3)C(c3ccccc3)C2)cc1,5910.000000000002,-3.771587480881256,1,train
CCCn1cc(/C=N/N=C2\C(=O)Nc3ccc(C)cc32)c2ccccc21,460.0000000000003,-2.6627578316815743,0,train
CO[C@H]1CC[C@H](CNc2ccc(S(=O)(=O)NC(=O)c3ccc(N4CCN(CC5=C(c6ccc(Cl)cc6)CC(C)(C)CC5)CC4)cc3Oc3cnc4[nH]ccc4c3)cc2[N+](=O)[O-])CC1,1.4,-0.146128035678238,0,train
O=C(NS(=O)(=O)c1ccc(NCC2CCOCC2)c([N+](=O)[O-])c1)c1ccc(N2CCN(Cc3ccc(C(F)(F)F)cc3-c3ccc(Cl)cc3)CC2)cc1Oc1cnc2[nH]ccc2c1,296.0000000000001,-2.4712917110589387,0,test
CN(C)CC#Cc1ccc(OCCCc2sc(N3CCc4cccc(C(=O)Nc5nc6ccccc6s5)c4C3)nc2C(=O)O)c(F)c1,382.00000000000017,-2.582063362911709,0,train
