smiles,exp_mean [nM],y,cliff_mol,split
CNC(=O)[C@@H](NC(=O)[C@H](c1ccc(C)cc1)[C@H](CO)C(=O)NO)C(C)(C)C,269.00000000000006,-2.429752280002408,0,train
CNC(=O)[C@@H](NC(=O)[C@H](CC(C)C)[C@H](O)C(=O)NO)C(C)(C)C,1001.0000000000005,-3.000434077479319,0,test
CNC(=O)[C@@H](NC(=O)[C@H](CC(C)C)[C@H](CO)C(=O)NO)C(C)(C)C,1605.9999999999998,-3.205745540942662,0,train
CNC(=O)[C@@H](NC(=O)[C@H](c1ccc(OC)cc1)[C@H](CO)C(=O)NO)C(C)(C)C,47.99999999999999,-1.6812412373755872,1,test
CNC(=O)[C@@H](NC(=O)[C@H](c1ccccc1)[C@H](CO)C(=O)NO)C(C)(C)C,927.9999999999995,-2.967547976218862,1,train
O=C1CCC(N2C(=O)c3c(F)c(F)c(F)c(F)c3C2=O)C(=O)N1,400.0000000000001,-2.6020599913279625,0,train
CCCCOc1cc(CC2CNC(=O)N2)ccc1OC,49999.99999999999,-4.698970004336019,0,test
CCOC(=O)CCCn1c(=O)c2c(nc(Br)n2C)n(C)c1=O,60000.00000000003,-4.778151250383644,0,train
CCCCCn1c(=O)n(CCCC(=O)OCC)c(=O)c2nccnc21,16000.00000000001,-4.204119982655925,0,train
COC(=O)/C=C\Cn1c(=O)c2nccnc2n(C)c1=O,24999.999999999996,-4.3979400086720375,0,train
CCOC(=O)CCCn1c(=O)c2nsnc2n(C)c1=O,24999.999999999996,-4.3979400086720375,0,train
CCOC(=O)CCn1c(=O)c2c(ncn2C)n(C)c1=O,10000.0,-4.0,0,train
CCOC(=O)CCCn1c(=O)c2nccnc2n(C)c1=O,12000.000000000007,-4.079181246047625,0,train
CCCCn1c(=O)n(CCCC(=O)OCC)c(=O)c2nccnc21,15000.000000000004,-4.176091259055681,0,test
CCCn1c(=O)n(CCCC(=O)OCC)c(=O)c2nsnc21,18000.000000000015,-4.2552725051033065,0,test
CCOC(=O)CCCCn1c(=O)c2c(ncn2C)n(C)c1=O,11000.000000000007,-4.041392685158225,0,train
CCCn1c(=O)n(CCCC(=O)OCC)c(=O)c2c1ncn2C,4999.999999999999,-3.6989700043360183,0,train
CC(=O)CCCCn1c(=O)c2c(ncn2C)n(C)c1=O,85000.00000000003,-4.929418925714293,1,train
CCCCCCn1c(=O)c2c(n(C)c1=O)NC(O)N2,49999.99999999999,-4.698970004336019,0,train
CCOC(=O)CCCn1c(=O)c2nccnc2n(C2CCOC2)c1=O,19000.0,-4.278753600952829,0,train
CCOC(=O)CCCn1c(=O)c2c(ncn2C)n(C)c1=O,6000.000000000003,-3.778151250383644,1,train
CCCCCCCn1c(=O)c2nsnc2n(C)c1=O,75000.00000000001,-4.8750612633917,0,train
CCOC(=O)CCCn1c(=O)c2c(nc(S)n2C)n(C)c1=O,100000.0,-5.0,1,test
CCOC(=O)CCCn1c(=O)c2ccccc2n(C)c1=O,55000.00000000004,-4.740362689494244,0,train
CCOC(=O)CCCn1c(=O)c2nccnc2n(CC(C)C)c1=O,20000.000000000004,-4.301029995663981,0,test
COc1cc2ccnc(Nc3cccc(Cl)c3)c2cc1OC,32999.99999999997,-4.518513939877887,0,train
CCOC(=O)CCCN1CNc2cc(N)ccc2C1=O,4999.999999999999,-3.6989700043360183,0,train
CCOC(=O)CCCn1cc(C#N)c2cc(OC)c(OC)cc2c1=O,4999.999999999999,-3.6989700043360183,1,train
CCOC(=O)CCn1ccc2cc(OC)c(OC)cc2c1=O,49999.99999999999,-4.698970004336019,1,train
CCOC(=O)CCCn1cc([N+](=O)[O-])c2cc(OC)c(OC)cc2c1=O,35000.0,-4.544068044350276,0,train
COc1cc2ccnc(Nc3ccc(Cl)cc3)c2cc1OC,35000.0,-4.544068044350276,0,train
CCOC(=O)CCCn1c(N=[N+]=[N-])nc2cc(OC)c(OC)cc2c1=O,14000.000000000004,-4.146128035678238,0,train
CCOC(=O)CCCCn1ccc2cc(OC)c(OC)cc2c1=O,21000.00000000001,-4.32221929473392,1,train
CCOC(=O)CCCn1ccc2cc(OC)c(OC)cc2c1=O,4999.999999999999,-3.6989700043360183,0,test
CCOC(=O)CCCn1ccc2ccccc2c1=O,4999.999999999999,-3.6989700043360183,0,train
CCOC(=O)CCn1cnc2cc(OC)c(OC)cc2c1=O,8999.999999999998,-3.9542425094393248,0,test
COc1cc2ccnc(Nc3cccc(Br)c3)c2cc1OC,37000.0,-4.568201724066995,0,train
CCOC(=O)CCCn1cc(C(C)=O)c2cc(OC)c(OC)cc2c1=O,15000.000000000004,-4.176091259055681,0,train
CCOC(=O)CCCN1CNc2ccc(N)cc2C1=O,10000.0,-4.0,0,test
CCOC(=O)CCCn1cc(F)c2cc(OC)c(OC)cc2c1=O,20000.000000000004,-4.301029995663981,0,train
CCOC(=O)CCCn1cc(Br)c2cc(O)c(O)cc2c1=O,1000.0,-3.0,1,test
CCOC(=O)CCCn1cc(CN)c2cc(OC)c(OC)cc2c1=O,13000.000000000004,-4.113943352306837,0,train
CCOC(=O)CCCn1ccc2cc(OC(C)=O)c(OC(C)=O)cc2c1=O,8999.999999999998,-3.9542425094393248,0,test
CCOC(=O)CCCn1cnc2cc(OC)c(OC)cc2c1=O,3000.0000000000014,-3.4771212547196626,1,train
COc1cc2ccnc(NCCO)c2cc1OC,55000.00000000004,-4.740362689494244,0,train
CCOC(=O)CCCn1c(Cl)nc2cc(OC)c(OC)cc2c1=O,48000.00000000005,-4.681241237375588,0,train
CCOC(=O)CCCn1cnc2ccc(N)cc2c1=O,4000.000000000001,-3.6020599913279625,0,train
CCOC(=O)CCCOc1nc(Cl)nc2cc(OC)c(OC)cc12,68000.00000000004,-4.832508912706237,0,test
COc1cc2ccnc(Nc3ccc(Br)cc3)c2cc1OC,37999.99999999999,-4.57978359661681,0,train
CCOC(=O)CCCn1ccc2cc(O)c(O)cc2c1=O,2000.0,-3.3010299956639813,1,train
CCOC(=O)CCCn1ccc2cc(OC(=O)OCC)c(OC(=O)OCC)cc2c1=O,11000.000000000007,-4.041392685158225,0,train
CCOC(=O)CCCn1cc(Br)c2cc(OC)c(OC)cc2c1=O,51000.00000000005,-4.707570176097937,1,train
CCOC(=O)CCCn1cnc2cc(O)c(O)cc2c1=O,48000.00000000005,-4.681241237375588,1,train
CCOC(=O)CCCn1cnc2cc(N)ccc2c1=O,8999.999999999998,-3.9542425094393248,0,train
CCOC(=O)CCCCn1cnc2cc(OC)c(OC)cc2c1=O,6000.000000000003,-3.778151250383644,0,train
CCOC(=O)CCCn1cnc2cc(OC)c(OC)c([N+](=O)[O-])c2c1=O,11000.000000000007,-4.041392685158225,0,train
CCOC(=O)CCCn1cnc2cc(OC)c(OC)c(N)c2c1=O,15000.000000000004,-4.176091259055681,0,train
CCOC(=O)CCCn1cnc2cc(OC)c(OC)c(Cl)c2c1=O,22000.00000000002,-4.342422680822207,0,train
NC(=O)CC(c1ccc2ccccc2c1)N1C(=O)c2ccccc2C1=O,51000.00000000005,-4.707570176097937,0,train
COC(=O)CC(c1ccc(OC)c(OC)c1)N1C(=O)c2cccc([N+](=O)[O-])c2C1=O,64000.00000000005,-4.806179973983888,0,train
COC(=O)CC(c1ccc(OC)c(OC)c1)N1C(=O)c2cccc(N)c2C1=O,449.99999999999983,-2.6532125137753435,1,train
COc1ccc(C(CC(=O)NCc2ccccc2)N2C(=O)c3ccccc3C2=O)cc1OC,84000.00000000007,-4.924279286061882,0,train
COc1ccc(C(CC(N)=O)N2C(=O)c3ccccc3C2=O)cc1,61999.99999999994,-4.792391689498253,1,train
COC(=O)CC(c1ccc(OC)c(OC)c1)N1C(=O)c2ccccc2C1=O,2900.0,-3.462397997898956,1,train
CCNC(=O)CC(c1ccc(OC)c(OC)c1)N1C(=O)c2ccccc2C1=O,53000.000000000015,-4.724275869600789,1,train
COC(=O)CC(c1ccc(OC)c(OC)c1)N1C(=O)c2ccc(N)cc2C1=O,380.0,-2.57978359661681,1,train
CCOc1ccc(C(CC(N)=O)N2C(=O)c3ccccc3C2=O)cc1OCC,5599.999999999998,-3.7481880270062,1,train
CNC(=O)CC(c1ccc(OC)c(OC)c1)N1C(=O)c2ccccc2C1=O,12000.000000000007,-4.079181246047625,1,train
COc1ccc(C(CCO)N2C(=O)c3ccccc3C2=O)cc1OC,7500.000000000001,-3.8750612633917,0,train
COC(=O)CC(c1ccc(OC)c(OC)c1)N1C(=O)c2cccc(O)c2C1=O,15000.000000000004,-4.176091259055681,1,train
N#Cc1cccc(C(CC(N)=O)N2C(=O)c3ccccc3C2=O)c1,88999.99999999991,-4.949390006644912,0,train
COc1ccc(C(CC(=O)O)N2C(=O)c3ccccc3C2=O)cc1OC,60000.00000000003,-4.778151250383644,0,train
COC(=O)CC(c1ccc(OC)c(OC)c1)N1C(=O)c2c(Cl)ccc(Cl)c2C1=O,7899.999999999999,-3.8976270912904414,0,test
NC(=O)CC(c1ccc(Cl)c(Cl)c1)N1C(=O)c2ccccc2C1=O,70000.00000000001,-4.845098040014257,0,train
COC(=O)CC(c1ccc(OC)c(OC)c1)N1C(=O)c2cc3ccccc3cc2C1=O,4700.000000000001,-3.6720978579357175,0,train
COc1ccc(C(CC(N)=O)N2C(=O)c3ccccc3C2=O)cc1OC,12000.000000000007,-4.079181246047625,0,train
COC(=O)CC(c1ccc(OC)c(OC)c1)N1C(=O)c2cc(Cl)c(Cl)cc2C1=O,13000.000000000004,-4.113943352306837,0,train
COC(=O)CC(c1ccc(OC)c(OC)c1)N1C(=O)c2ccc(C(C)(C)C)cc2C1=O,4199.999999999999,-3.6232492903979,0,train
COc1cc(OC)cc(C(CC(N)=O)N2C(=O)c3ccccc3C2=O)c1,39000.00000000003,-4.5910646070265,0,test
CCCOc1ccc(C(CC(N)=O)N2C(=O)c3ccccc3C2=O)cc1OCCC,55000.00000000004,-4.740362689494244,0,test
COC(=O)CC(c1ccc(OC)c(OC)c1)N1C(=O)c2ccc([N+](=O)[O-])cc2C1=O,34000.00000000002,-4.531478917042255,0,train
C[C@@]1(O)CCCN(S(=O)(=O)c2ccc(OCc3ccc(F)cc3Cl)cc2)[C@H]1C(=O)NO,10.4,-1.0170333392987805,0,train
COc1ccc(NC(C)=O)cc1S(=O)(=O)Nc1ccc(OCc2ccccc2)cc1,18000.000000000015,-4.2552725051033065,0,train
O=C(C1CC1)N1CCc2cc(S(=O)(=O)N3CCN(c4ccc([N+](=O)[O-])cc4)CC3)ccc21,12399.999999999987,-4.093421685162235,0,train
Cc1cc(-c2ccc(C)c(S(=O)(=O)N3CCN(c4ccc([N+](=O)[O-])cc4)CC3)c2)on1,2109.9999999999995,-3.3242824552976926,0,train
O=C(Nc1sc2c(c1C(=O)O)CCCC2)c1ccc(Cl)cc1,13399.999999999987,-4.127104798364807,0,train
Cc1oc(-c2ccccc2Cl)nc1CSc1nc(O)c2c(n1)CCCC2,3090.0,-3.4899584794248346,0,train
Cc1cccc(Nc2nc(N)nc(CCl)n2)c1C,9450.000000000002,-3.975431808509263,0,train
CC(C)(C)c1ccc(C(=O)O/N=C(\N)c2ccccc2)cc1,1509.999999999999,-3.1789769472931693,0,train
CCc1cc(C(=O)NC2CCCc3c2cnn3-c2cccc(C)c2C)n(C)n1,179.00000000000006,-2.2528530309798933,0,train
O=C(NC(=S)Nc1sc2c(c1C(=O)O)CCCC2)c1ccccc1,15500.000000000013,-4.190331698170292,0,train
Cc1oc(-c2cc(F)ccc2F)nc1CN1CCN(c2ncnc3ccccc23)CC1,5969.999999999998,-3.775974331129369,0,train
CC1Cc2cc(S(=O)(=O)N3CCN(c4ccc(Cl)cc4)CC3)ccc2N1C(=O)C1CC1,9520.0,-3.9786369483844735,0,train
O=C(Nc1ccc(Cl)c([N+](=O)[O-])c1)c1ccc2ccccc2c1O,870.0000000000003,-2.9395192526186187,0,train
N#CC(c1ccccc1)c1ccc2c(C(F)(F)F)cc(C(F)(F)F)nc2n1,5880.0,-3.7693773260761385,0,train
CCCOc1ccc(C=NN=C(S)Nc2ccccc2[N+](=O)[O-])c(O)c1,880.0000000000001,-2.9444826721501687,0,train
O=C(Nc1cccc([N+](=O)[O-])c1)c1ccc2ccccc2c1O,4719.999999999997,-3.673941998634088,0,train
Cn1nc(-c2ccc(Cl)cc2)cc1C(=O)NC1CCCc2c1cnn2-c1ccccc1F,2720.0,-3.4345689040341987,0,train
COc1ccccc1CNc1ncnc2sccc12,4189.999999999998,-3.622214022966295,0,test
CN(Cc1cccnc1)C(=O)c1cc(COc2ccc3ncccc3c2)on1,5239.999999999998,-3.7193312869837274,0,train
COC(=O)c1ccc2nc(Nc3nc4c(F)cc(F)cc4s3)sc2c1,230.00000000000009,-2.361727836017593,0,train
O=C(Nc1ccc(F)cc1)c1ccc(CN2CCc3ccccc3C2)cc1,2880.0000000000014,-3.459392487759231,0,train
O=C(CSc1nc2ccccc2c(=O)n1Cc1ccccc1)Nc1ccc(Br)cc1C(=O)O,5700.000000000001,-3.755874855672492,0,train
CSc1ccccc1OCc1cc(C(=O)N2CCC(c3ccncc3)CC2)no1,3219.999999999999,-3.507855871695831,0,train
Cc1ccccc1/C=C1\Sc2ccc(C(=O)N3CCN(c4ccccn4)CC3)cc2N(C)C1=O,6220.000000000001,-3.7937903846908183,0,train
CCOc1cccc(C=NN=C(S)Nc2ccccc2[N+](=O)[O-])c1O,414.0000000000001,-2.617000341120899,0,train
CC(C)(C)c1ccc(-c2nc3ccccc3s2)cc1,246.0000000000001,-2.3909351071033798,0,train
O=C(Nc1ccc(S(=O)(=O)N2CCCC2)cc1)c1ccc(CN2CCc3ccccc3C2)cc1,639.0000000000001,-2.8055008581584,0,train
COC(=O)c1c(NC(=O)C=Cc2cccs2)sc2c1CCC(C)C2,5679.999999999999,-3.754348335711019,0,train
Nc1nc(CCl)nc(Nc2ccc3ccccc3c2)n1,11100.000000000004,-4.045322978786658,0,test
O=C(CSc1nc(O)c2c(-c3ccccc3)csc2n1)Nc1ccccc1,1959.9999999999995,-3.292256071356476,0,train
CC(C)(C)C(=O)/N=C(\N)Nc1nc2ccccc2o1,16500.000000000015,-4.217483944213907,0,test
Cc1nn(-c2ccccc2)c2nc(C(Cl)(Cl)Cl)nc(O)c12,6620.000000000003,-3.8208579894397,0,train
COCCn1c(C)cc(C(=O)COC(=O)c2cccc(O)c2)c1C,703.9999999999997,-2.847572659142112,0,test
CC1=C(C(=O)NC2CCCc3c2cnn3-c2cccc(C)c2C)OCCO1,12499.999999999996,-4.096910013008056,0,train
CCOC(=O)c1ccc(NC(=O)c2ccc(CCN3CCc4ccccc4C3)cc2)cc1,10799.999999999993,-4.033423755486949,0,test
O=C(c1ccc(S(=O)(=O)Cc2ccccc2Cl)c([N+](=O)[O-])c1)N1CCN(c2ccccn2)CC1,4530.0,-3.656098202012832,0,train
c1ccc(CNc2ncnc3scc(-c4cccs4)c23)nc1,3219.999999999999,-3.507855871695831,0,train
O=C(CSc1ccccc1NS(=O)(=O)c1ccccc1F)Nc1nnc(C(F)(F)F)s1,4630.000000000002,-3.665580991017953,0,test
CCC(=O)N1c2ccc(S(=O)(=O)N3CCN(c4ccc(Cl)cc4)CC3)cc2CC1C,584.0000000000002,-2.7664128471124,1,test
COc1ccc(CNc2ncnc3sccc23)cc1OC,13000.000000000004,-4.113943352306837,0,test
COc1ccc(N2CCN(S(=O)(=O)c3ccc4c(c3)NC(=O)C(C)S4)CC2)cc1,10200.00000000001,-4.008600171761918,0,train
Cc1cc(C(=O)COC(=O)c2ccccc2Br)c(C)n1CC1CCCO1,45.6,-1.658964842664435,0,train
Oc1nc(/C=C/c2ccccc2C(F)(F)F)cc(C(F)(F)F)n1,11300.000000000004,-4.05307844348342,0,train
CC(C)(C)c1ccc(C(=O)O/N=C(\N)c2ccccn2)cc1,952.0,-2.9786369483844743,0,train
C=CCC1(CC=C)CCCN1C(=O)c1cc(COc2ccc(C)nc2)on1,4239.999999999998,-3.627365856592733,0,train
CCc1cc2c3c(c1)C(C)CC(C)(C)N3C(=O)/C2=C1\SC(=O)NC1=O,8160.000000000003,-3.911690158753861,0,train
CC1CCN(S(=O)(=O)c2nnc(NC(=O)c3cccc(Cl)c3)s2)CC1,6640.0,-3.8221680793680175,0,test
Cc1cccc(-n2ncc3c2CCCC3NC(=O)C2(C(N)=O)CC2)c1C,14500.000000000013,-4.161368002234975,0,train
O=C(Nc1sc2c(c1C(=O)O)CCCC2)c1ccc(Br)cc1,2250.000000000001,-3.3521825181113627,0,train
O=C(COc1ccc2c(-c3ccccc3)cc(=O)oc2c1)Nc1cccnc1,4589.999999999997,-3.661812685537261,0,train
CC(Nc1ncnc2sccc12)c1ccccc1,2350.0,-3.3710678622717363,0,train
Oc1nc(/C=C/c2ccc(Cl)cc2Cl)cc(C(F)(F)F)n1,3750.0,-3.574031267727719,0,train
CC(C)(C)NC(=S)NNC=C1C=C(Br)C(=O)C(Br)=C1,15599.999999999984,-4.193124598354461,0,train
Cn1nccc1C(=O)NC1CCCc2c1cnn2-c1ccc(F)cc1F,712.0000000000003,-2.852479993636857,0,train
COc1ccc(NC(=O)c2ccc(CN3CCc4ccccc4C3)cc2)cc1,650.0000000000002,-2.812913356642856,0,test
Cc1ccccc1C(=O)N1CCN(c2ccc(NC(=O)c3ccc4c(c3)OCCO4)cc2)CC1,4730.0,-3.674861140737812,0,train
Cc1cccc(-n2nc3c4c(ccc3c2O)C(=O)c2ccccc2C4=O)c1,16300.000000000013,-4.212187604403958,0,train
Nc1nc2ccccc2n1Cc1ccccc1Cl,12499.999999999996,-4.096910013008056,0,test
CC(=O)c1ccc(N2CCN(S(=O)(=O)c3ccc4c(c3)CCN4C(C)=O)CC2)cc1,13199.99999999999,-4.12057393120585,0,train
COc1ccc(-c2cc(C)no2)cc1S(=O)(=O)N1CCN(c2ccc(F)cc2)CC1,4690.000000000001,-3.6711728427150834,0,train
Nc1nc2ccccc2n1C(=O)c1ccc(Cl)cc1Cl,3179.999999999999,-3.502427119984433,0,train
CC(=O)N1c2ccc(S(=O)(=O)N3CCN(c4ccccc4)CC3)cc2CC1C,14099.999999999993,-4.14921911265538,1,train
Nc1nc2ccccc2n1Cc1ccc(Cl)cc1,8920.000000000002,-3.950364854376123,0,train
COc1cccc(Nc2nc3ccccc3nc2NS(=O)(=O)c2cccs2)c1,12300.000000000004,-4.089905111439398,0,train
Cc1ccc(NC(=O)C2CCN(S(=O)(=O)c3ccc4c(c3)NC(=O)C(C)S4)CC2)cc1Cl,2839.999999999999,-3.453318340047037,0,train
NC(=O)C1CCN(c2ccc(S(=O)(=O)N3CCC(Cc4ccccc4)CC3)cn2)CC1,12399.999999999987,-4.093421685162235,0,train
CC(=O)N1c2ccc(S(=O)(=O)N3CCN(c4ccc(Cl)cc4)CC3)cc2CC1C,5759.999999999997,-3.760422483423212,0,train
Cc1ccc(C(=O)O/N=C(\N)c2ccccn2)c(C)c1,70.60000000000001,-1.848804701051804,0,train
COc1cc(C(=O)Nc2sc3c(c2C(=O)O)CCC(C)C3)cc(OC)c1OC,7409.999999999996,-3.869818207979328,0,train
O=C(Nc1ccc(S(=O)(=O)N2CCCCC2)cc1)c1ccc(CN2CCc3ccccc3C2)cc1,616.0000000000002,-2.7895807121644256,0,train
Cc1cc(C(=O)NC2CCCc3c2cnn3-c2ccc(C(C)(C)C)cc2)nn1C,1440.0000000000005,-3.1583624920952498,0,train
O=C(c1ccc(Cn2c(=S)[nH]c3ccccc3c2=O)cc1)N1CCN(c2ccccn2)CC1,7609.999999999999,-3.8813846567705728,0,train
CC1CCc2c(sc(NC(=O)c3ccc(Cl)cc3)c2C(=O)O)C1,4410.000000000001,-3.644438589467839,0,train
CCOC(=O)c1c(C)[nH]c(C)c1C(=O)CSc1nc2ccccc2c(=O)n1-c1ccc(CC)cc1,11100.000000000004,-4.045322978786658,0,test
CC1Sc2ccc(S(=O)(=O)N3CCC(C(=O)Nc4ccc(Cl)cc4)CC3)cc2NC1=O,3149.9999999999995,-3.4983105537896004,0,test
O=C(Nc1ccc(S(=O)(=O)N2CCOCC2)cc1)c1ccc(CN2CCc3ccccc3C2)cc1,626.9999999999999,-2.7972675408307164,0,train
CCCc1nc(SCC(=O)N2CCC(Cc3ccccc3)CC2)c2c(=O)n(C)c(=O)n(C)c2n1,11000.000000000007,-4.041392685158225,0,train
CCCCn1c(=O)c(C(=O)Nc2cnccn2)c(O)c2ccccc21,4919.999999999997,-3.69196510276736,0,train
CC(=O)c1ccc(N2CCN(S(=O)(=O)c3ccc4c(c3)CC(C)N4C(=O)C3CC3)CC2)cc1,3184.999999999999,-3.503109436671369,1,train
CCCCCn1c(=O)[nH]c2cc(C(=O)N3CCN(Cc4ccc5c(c4)OCO5)CC3)ccc2c1=O,1180.0000000000002,-3.071882007306125,0,test
CN(C)c1ccc(NC(=O)c2ccc(CN3CCc4ccccc43)cc2)cc1,5369.999999999998,-3.729974285699556,0,train
CC(=O)c1ccc(N2CCN(S(=O)(=O)c3ccc4c(c3)CCN4C(=O)C3CC3)CC2)cc1,16599.999999999996,-4.220108088040055,0,test
Cc1cc(Cl)ccc1OCC(=O)Nc1ccccc1NS(=O)(=O)c1cccs1,12300.000000000004,-4.089905111439398,0,train
Cc1ccc2c(c1)sc(-c1ccc(N(C)C)cc1)[n+]2C,762.0000000000002,-2.8819549713396007,0,train
COc1ccc(CN(C)S(=O)(=O)c2nnc(NC(=O)c3cccc(F)c3)s2)cc1,8029.999999999997,-3.904715545278681,0,train
CC(C)(C)c1ccc(-c2noc(CCC(=O)NCc3ccco3)n2)cc1,6760.0,-3.829946695941636,0,train
Cc1ccc(CSc2nc(O)c(C#N)c(-c3ccccc3)n2)cc1,8200.0,-3.9138138523837167,0,train
O=C(c1ccc(S(=O)(=O)c2cccc(Cl)c2)c([N+](=O)[O-])c1)N1CCN(c2ccccn2)CC1,4430.0,-3.6464037262230695,0,test
Cn1nccc1C(=O)N[C@H]1CCCc2c1cnn2-c1ccccc1F,993.9999999999998,-2.997386384397313,0,train
CCC(=O)N1c2ccc(S(=O)(=O)N3CCN(c4ccc(C(C)=O)cc4)CC3)cc2CC1C,1629.9999999999995,-3.2121876044039577,0,test
N#Cc1c(O)nc(SCc2cccc(C(F)(F)F)c2)nc1-c1ccccc1,8049.999999999995,-3.905795880367868,0,train
COC(=O)c1ccc2nc(Nc3nc4ccc(F)cc4s3)sc2c1,462.0000000000002,-2.6646419755561257,0,test
CC1Cc2cc(S(=O)(=O)N3CCN(c4ccc([N+](=O)[O-])cc4)CC3)ccc2N1C(=O)C1CC1,236.00000000000009,-2.3729120029701067,1,train
O=C(Nc1ccc(Oc2cccnc2)nc1)c1ccc(C(F)(F)F)cc1,2789.999999999999,-3.4456042032735974,0,test
CCCCCCCn1c(=O)c(C(=O)Nc2cnccn2)c(O)c2ccccc21,3179.999999999999,-3.502427119984433,0,train
COc1cc(C(=O)Nc2scc(-c3ccc(Br)cc3)c2C(=O)O)cc(OC)c1OC,6879.999999999998,-3.837588438235511,0,train
CCCCn1c(SCC(=O)Nc2nnc(C(C)C)s2)nc2c1c(=O)n(C)c(=O)n2C,5820.000000000002,-3.7649229846498886,0,train
CC(=O)N1c2ccc(S(=O)(=O)N3CCC(C(=O)Nc4cccc(C)n4)CC3)cc2CC1C,6019.999999999997,-3.779596491257824,0,train
Cc1ccc([N+](=O)[O-])cc1NC(=O)c1cc(Cl)c2ccccc2c1O,205.99999999999997,-2.3138672203691533,0,test
COc1ccc(F)c(-c2nc(CN3CCN(c4ncnc5ccccc45)CC3)c(C)o2)c1,3800.0,-3.57978359661681,0,test
O=C(Nc1ccc(OC(F)(F)F)cc1)c1ccc(CN2CCc3ccccc3C2)cc1,24.4,-1.3873898263387294,0,train
COC(=O)CC1=NN(c2nc3ccccc3s2)C(=O)/C1=C(/C)Nc1ccccc1,37.3,-1.5717088318086876,1,test
COC(=O)CC1=NN(c2nc3ccccc3s2)C(=O)/C1=C(/C)Nc1ccc(OC)cc1,4124.999999999999,-3.615423952885944,1,train
COc1ccc(N2CCN(S(=O)(=O)c3ccc4c(c3)CC(C)N4C(=O)C3CC3)CC2)cc1,3849.999999999999,-3.5854607295085006,0,train
O=C(Nc1nc2c(F)cc(F)cc2s1)c1ccc([N+](=O)[O-])o1,19700.00000000002,-4.294466226161593,0,train
COCC1CCN(C(=O)c2cc(COc3ccc4ncccc4c3)on2)CC1,4810.000000000002,-3.682145076373832,0,train
N#Cc1ccc(N2CCN(S(=O)(=O)c3ccc4c(c3)CCN4C(=O)C3CC3)CC2)cc1,13300.0,-4.123851640967086,0,test
CCCCCn1c(=O)c(C(=O)Nc2ccccc2S(N)(=O)=O)c(O)c2ccccc21,3439.999999999998,-3.53655844257153,0,train
COc1ccc(-c2cc(C(=O)NC3CCCc4c3cnn4-c3ccccc3F)n(C)n2)cc1,1359.9999999999998,-3.133538908370217,0,train
CS(=O)(=O)c1ccc2nc(NC(=O)c3cccc(NS(=O)(=O)c4ccc(F)c(F)c4)c3)sc2c1,16900.000000000015,-4.227886704613674,0,train
O=C(NC1CCCc2c1cnn2-c1ccccc1F)c1cc(-c2ccccc2)n[nH]1,10700.000000000002,-4.02938377768521,0,train
O=C(Nc1cccc([N+](=O)[O-])c1)c1cc2ccccc2cc1O,2199.9999999999995,-3.342422680822206,0,train
CC(=O)N1c2ccc(S(=O)(=O)N3CCN(c4ccc(C)cc4)CC3)cc2CC1C,4319.999999999998,-3.635483746814912,0,train
Oc1ccc(N=Nc2ccccc2C(F)(F)F)c2cccnc12,7029.999999999998,-3.846955325019824,0,test
Cc1oc2c(C)c3oc(=O)c(CCC(=O)O)c(C)c3cc2c1-c1ccccc1,5029.999999999999,-3.7015679850559273,0,train
O=C(Nc1sc2c(c1C(=O)O)CCCC2)c1ccccc1Cl,12899.999999999996,-4.110589710299249,0,train
Cn1nccc1C(=O)NC1CCCc2c1cnn2-c1ccc(C(C)(C)C)cc1,200.00000000000003,-2.3010299956639813,0,train
CSc1ccc(NC(=O)c2ccc(CN3CCc4ccccc4C3)cc2)cc1,371.99999999999983,-2.5705429398818973,0,train
C=CCN(c1ccccc1OC)S(=O)(=O)c1ccc(Cl)c(C(=O)Nc2ccc(N3CCOCC3)cc2)c1,13199.99999999999,-4.12057393120585,0,test
COC(=O)c1scc(S(=O)(=O)C(C)C)c1NN=C(C#N)C(=O)c1ccc(Cl)cc1,10900.000000000004,-4.037426497940624,0,train
O=[N+]([O-])c1ccc(Cl)c(/C=C/c2cc(C(F)(F)F)nc(O)n2)c1,10299.999999999996,-4.012837224705172,0,train
CCOC(=O)N1CCN(C(=O)c2ccc(Cn3c(=S)[nH]c4ccc(Br)cc4c3=O)cc2)CC1,4690.000000000001,-3.6711728427150834,0,train
Cc1ccc(C(=O)N2CCN(c3ccc(F)cc3)CC2)cc1S(=O)(=O)N1CCCCC1,9819.999999999996,-3.9921114877869495,0,train
COC(=O)CC1=NN(c2nc3ccccc3s2)C(=O)/C1=C(/C)Nc1ccc(Cl)cc1,36.900000000000006,-1.5670263661590604,1,train
Cc1onc(-c2ccccc2)c1C(=O)Nc1ncc([N+](=O)[O-])s1,6310.0,-3.8000293592441343,0,train
CN(C)c1ccc(NC(=O)c2ccc(CN3CCc4ccccc4C3)cc2)cc1,1829.9999999999995,-3.2624510897304293,0,train
Cc1ccc(SCc2cc(O)nc(SCC(=O)Nc3cc(Cl)ccc3Cl)n2)cc1,8650.0,-3.9370161074648142,0,train
CCn1nc(C)cc1C(=O)NC1CCCc2c1cnn2-c1ccc(C)c(C)c1,4430.0,-3.6464037262230695,0,train
COc1ccc(-c2nc(CN3CCN(c4ncnc5ccccc45)CC3)c(C)o2)cc1,4080.000000000001,-3.61066016308988,0,test
CC1CCc2c(sc(NC(=O)/C=C/c3cccs3)c2C(=O)O)C1,9630.0,-3.9836262871245354,0,test
CC1Cc2cc(S(=O)(=O)N3CCN(c4ccccc4)CC3)ccc2N1C(=O)C1CC1,15299.999999999987,-4.184691430817598,0,train
Cc1ccc(S(=O)(=O)NCc2ccc(C(=O)N3CCN(c4ccc([N+](=O)[O-])cc4)CC3)cc2)cc1,11400.000000000004,-4.056904851336473,0,train
CN(Cc1ccc(F)cc1)S(=O)(=O)c1nnc(NC(=O)c2ccccc2)s1,15100.00000000001,-4.17897694729317,0,train
CC(=O)c1ccc(N2CCN(S(=O)(=O)c3ccc4c(c3)CC(C)N4C(C)=O)CC2)cc1,6500.000000000002,-3.812913356642856,0,test
O=C(CSc1nc2scc(-c3ccccc3)c2c(=O)[nH]1)Nc1ccc(C(F)(F)F)cc1,751.9999999999998,-2.876217840591642,0,train
CC(=O)N1CCc2cc(S(=O)(=O)N3CCN(c4ccc(C#N)cc4)CC3)ccc21,8789.999999999996,-3.943988875073772,0,train
c1ccc(-c2csc3ncnc(NCc4ccccn4)c23)cc1,4229.999999999999,-3.6263403673750414,0,test
O=C(c1ccc(S(=O)(=O)c2ccccc2Cl)c([N+](=O)[O-])c1)N1CCN(Cc2ccccc2)CC1,6580.000000000004,-3.818225893613956,0,train
O=C(c1ccc(S(=O)(=O)N2CCCCC2)cc1)N1CCN(CCN2C(=O)c3cccc4cccc(c34)C2=O)CC1,5550.000000000001,-3.744292983122676,0,train
CCOC(=O)C1=C(Cc2ccc(Cl)cc2)C(=O)c2ccccc2C1=O,6240.000000000002,-3.795184589682424,0,train
CC(=O)N1c2ccc(S(=O)(=O)N3CCN(c4ccc([N+](=O)[O-])cc4)CC3)cc2CC1C,3269.999999999999,-3.514547752660286,0,train
CN(C)S(=O)(=O)c1cccc(CSCc2cccc(S(=O)(=O)N(C)C)c2)c1,2090.000000000001,-3.3201462861110542,0,train
CC(=O)Nc1nc2ccccc2n1Cc1ccccc1Cl,19899.99999999999,-4.298853076409706,0,train
CC1CCc2c(sc(NC(=O)c3ccc(Br)cc3)c2C(=O)O)C1,6819.999999999998,-3.833784374656479,0,train
Cc1ccc2c(c1)CCCN2S(=O)(=O)c1cccc(C(=O)Nc2ccccc2C(=O)O)c1,7519.999999999997,-3.876217840591642,0,train
COc1ccc(N2CCN(S(=O)(=O)c3ccc4c(c3)CC(C)N4C(C)=O)CC2)cc1,4300.000000000001,-3.633468455579586,0,train
CSc1ccc(NC(=O)c2ccc(CN3CCCCC3)cc2)cc1,19600.00000000001,-4.292256071356476,0,train
Cc1cc(C(=O)NC2CCCc3c2cnn3-c2ccc(C)c(C)c2)n(C)n1,79.30000000000001,-1.899273187317604,0,train
Cc1c(O)ccc2c(-c3ccccc3)cc(=O)oc12,6620.000000000003,-3.8208579894397,0,train
Cc1cc(C(=O)NC2CCCc3c2cnn3-c2cccc(C)c2C)n(C)n1,702.9999999999998,-2.846955325019824,0,train
CCC(=O)Nc1nc2ccccc2n1Cc1ccccc1Cl,16900.000000000015,-4.227886704613674,0,train
Cn1c(=O)[nH]c(=O)c2c1nc([N+](=O)[O-])n2Cc1ccccc1,1320.0000000000005,-3.12057393120585,0,train
C=CCn1c(SCCCc2ccccc2)nc2c1c(=O)[nH]c(=O)n2C,16800.00000000002,-4.225309281725863,0,train
COc1ccc(-c2cc(N)n(S(=O)(=O)c3c(F)c(F)c(F)c(F)c3F)n2)cc1OC,10299.999999999996,-4.012837224705172,0,test
COc1ccc(-c2cc(N)n(S(=O)(=O)c3ccc(F)c(C)c3)n2)cc1,19899.99999999999,-4.298853076409706,0,train
CCCCn1c(SCCCc2ccccc2)nc2c1c(=O)[nH]c(=O)n2C,17699.99999999999,-4.247973266361806,0,test
Cc1cc2occ(C(=O)N(C)CCN(C)C(=O)c3cn(-c4cccc(C(F)(F)F)c4)c4ccccc34)c(=O)c2cc1C,20000.000000000004,-4.301029995663981,0,train
Nc1cccc(-n2cc(C(=O)N3CCN(C(=O)c4coc5ccccc5c4=O)CC3)c3cc(N)ccc32)c1,40000.00000000001,-4.6020599913279625,0,train
CC[C@@H](C)[C@@H](NC(=O)[C@@H](CCC(N)=O)NC(=O)[C@@H](CCC(N)=O)NC(=O)[C@@H](Cc1ccccc1)NC(=O)[C@@H](CCC(=O)O)NC(=O)[C@@H](CCC(N)=O)NC(=O)[C@H](NC(=O)[C@@H](CCC(=O)O)NC(=O)[C@@H](CCC(N)=O)NC(=O)[C@H](Cc1c[nH]c2ccccc12)NC(=O)[C@H](CC(N)=O)NC(=O)[C@H](CCCNC(=N)N)NC(=O)[C@H](CCCCN)NC(=O)[C@H](CC(C)C)NC(=O)[C@H](CCC(=O)O)NC(=O)[C@H](CC(=O)O)NC(=O)[C@H](CCC(=O)O)NC(=O)[C@H](C)NC(=O)[C@H](N)CC(=O)O)[C@@H](C)CC)C(=O)N[C@H](CC(C)C)C(=O)N[C@H](CCC(N)=O)C(=O)N[C@H](CCSC)C(=O)N[C@H](Cc1ccccc1)C(=O)N[C@H](Cc1ccccc1)C(=O)N[C@H](CCC(=O)O)C(=O)N[C@H](Cc1c[nH]c2ccccc12)C(=O)N[C@@H](Cc1c[nH]c2ccccc12)C(=O)N[C@@H](CCC(N)=O)C(=O)N[C@H](CCCCN)C(=O)N[C@@H](CC(=O)O)C(=O)O,11900.000000000007,-4.075546961392531,0,train
CC[C@H](C)[C@H](NC(=O)[C@H](CCC(N)=O)NC(=O)[C@H](Cc1ccccc1)NC(=O)[C@H](Cc1c[nH]c2ccccc12)NC(=O)[C@H](CCCCN)NC(=O)[C@H](Cc1c[nH]c2ccccc12)NC(=O)[C@H](Cc1ccccc1)NC(=O)[C@H](CCC(=O)O)NC(=O)[C@H](CCC(N)=O)NC(=O)[C@H](CC(C)C)NC(=O)[C@H](Cc1c[nH]c2ccccc12)NC(=O)[C@H](CCCCN)NC(=O)[C@H](CCCCN)NC(=O)[C@H](Cc1ccc(O)cc1)NC(=O)[C@H](CC(C)C)NC(=O)[C@H](CCC(=O)O)NC(=O)[C@H](CCC(=O)O)NC(=O)[C@H](CCC(N)=O)NC(=O)[C@H](CCC(N)=O)NC(=O)[C@@H](N)CCCNC(=N)N)C(=O)N[C@@H](C)C(=O)N[C@@H](CC(C)C)C(=O)N[C@@H](CCC(N)=O)C(=O)N[C@@H](CC(C)C)C(=O)N[C@@H](CC(=O)O)C(=O)O,32600.00000000003,-4.513217600067939,0,train
CC[C@H](C)[C@H](NC(=O)[C@H](Cc1c[nH]c2ccccc12)NC(=O)[C@H](CCC(=O)O)NC(=O)[C@H](CC(C)C)NC(=O)[C@@H](NC(=O)[C@H](CCSC)NC(=O)[C@H](CCCNC(=N)N)NC(=O)[C@H](C)NC(=O)[C@H](Cc1ccc(O)cc1)NC(=O)[C@H](CCC(N)=O)NC(=O)[C@H](CCC(=O)O)NC(=O)[C@H](C)NC(=O)[C@H](Cc1ccccc1)NC(=O)[C@H](Cc1c[nH]c2ccccc12)NC(=O)[C@H](CCCCN)NC(=O)[C@H](CCC(=O)O)NC(=O)[C@@H](N)CCC(N)=O)C(C)C)C(=O)N[C@@H](CCC(=O)O)C(=O)N[C@@H](CCCCN)C(=O)N[C@@H](CCC(=O)O)C(=O)N[C@@H](CC(C)C)C(=O)N[C@@H](CCCCN)C(=O)N[C@@H](CCC(=O)O)C(=O)N[C@@H](CO)C(=O)N[C@@H](CC(C)C)C(=O)O,20699.99999999998,-4.315970345456917,0,train
COc1ccc2c(c1)C(=O)N(C[C@@]1(C#Cc3ccc(C(N)C(F)(F)F)cc3)NC(=O)NC1=O)C2,1085.9999999999995,-3.035829825252828,0,train
COc1ccc2c(c1F)C(=O)N(C[C@@]1(C#Cc3ccc4c(=O)[nH][nH]c4c3)NC(=O)NC1=O)C2,226.44999999999987,-2.354972325018976,1,test
COc1ccc2c(c1)C(=O)N(C[C@@]1(C#Cc3cc(F)c4c(=O)[nH][nH]c4c3)NC(=O)NC1=O)C2,723.0000000000002,-2.859138297294531,0,train
COc1ccc2c(c1F)C(=O)N(C[C@@]1(C#Cc3cc(F)c4c(=O)[nH][nH]c4c3)NC(=O)NC1=O)C2,383.4499999999998,-2.5837087421056504,0,train
COc1ccc2c(c1)C(=O)N(C[C@@]1(C#Cc3ccc4c(c3)CN(C)C(=O)N4)NC(=O)NC1=O)C2,507.1499999999997,-2.70513642982145,0,train
COc1ccc2c(c1F)C(=O)N(C[C@@]1(C#Cc3ccc4c(c3)CN(C)C(=O)N4)NC(=O)NC1=O)C2,281.29999999999995,-2.449169732165201,0,train
O=C1NC(=O)[C@](C#Cc2cccnc2)(CN2Cc3ccc(I)cc3C2=O)N1,976.7000000000004,-2.9897611877187784,0,train
CSc1ccc2c(c1)C(=O)N(C[C@@]1(C#Cc3cccnc3)NC(=O)NC1=O)C2,651.0999999999998,-2.8136476953468965,1,train
COc1ccc2c(c1)C(=O)N(C[C@@]1(C#Cc3ccc(C(O)C4CCN(C)CC4)cc3)NC(=O)NC1=O)C2,244.5,-2.388278863459639,1,test
COc1ccc2c(c1)C(=O)N(C[C@@]1(C#Cc3ccc4c(c3)c(N)nn4CCN(C)C)NC(=O)NC1=O)C2,101.0,-2.004321373782642,1,train
COc1ccc2c(c1)C(=O)N(C[C@@]1(C#Cc3ccc4c(c3)c(N)nn4C)NC(=O)NC1=O)C2,2903.5000000000014,-3.462921830369343,1,train
COc1ccc2c(c1)C(=O)N(C[C@@]1(C#Cc3ccc(-c4cc(N)n(C)n4)cc3)NC(=O)NC1=O)C2,223.0,-2.3483048630481607,1,test
COc1ccc2c(c1)C(=O)N(C[C@@]1(C#Cc3ccc(-c4cc(N)[nH]n4)cc3)NC(=O)NC1=O)C2,128.0,-2.1072099696478683,1,train
COc1ccc2c(c1)C(=O)N(C[C@@]1(C#Cc3ccc4c(c3)c(=O)[nH]n4C)NC(=O)NC1=O)C2,1527.000000000001,-3.1838390370564214,0,train
COc1ccc2c(c1)C(=O)N(C[C@@]1(C#Cc3ccc4c(=O)[nH]n(C)c4c3)NC(=O)NC1=O)C2,456.0000000000002,-2.6589648426644352,0,train
COc1ccc2c(c1)C(=O)N(C[C@@]1(C#Cc3ccc4c(=O)[nH][nH]c4c3)NC(=O)NC1=O)C2,156.0,-2.1931245983544616,1,train
COc1ccc2c(c1)C(=O)N(C[C@@]1(C#Cc3ccc4c(N)nn(C)c4c3)NC(=O)NC1=O)C2,1114.4999999999995,-3.0470800728162564,0,train
COc1ccc2c(c1)C(=O)N(C[C@@]1(C#Cc3ccc4c(C)n[nH]c4c3)NC(=O)NC1=O)C2,2948.0,-3.469527479187014,1,test
COc1ccc2c(c1)C(=O)N(C[C@@]1(C#Cc3ccc4c(CN(C)C)n[nH]c4c3)NC(=O)NC1=O)C2,162.99999999999994,-2.2121876044039577,1,train
COc1ccc2c(c1)C(=O)N(C[C@@]1(C#Cc3ccc4c(-c5ccncc5)n[nH]c4c3)NC(=O)NC1=O)C2,1005.4000000000004,-3.0023388808920566,0,train
COc1ccc2c(c1)C(=O)N(C[C@@]1(C#Cc3ccc(CC4CCN(C)CC4)nc3)NC(=O)NC1=O)C2,194.9,-2.289811839117621,0,train
COc1ccc2c(c1)C(=O)N(C[C@@]1(C#Cc3ccc(C4CCN(C)CC4)nc3)NC(=O)NC1=O)C2,244.89999999999995,-2.388988785124714,0,test
COc1ccc2c(c1)C(=O)N(C[C@@]1(C#Cc3ccc(C4(O)CCNCC4)cc3)NC(=O)NC1=O)C2,2389.999999999999,-3.378397900948137,1,train
COc1ccc2c(c1F)C(=O)N(C[C@@]1(C#Cc3ccc(C4(O)CCNCC4)cc3)NC(=O)NC1=O)C2,136.99999999999997,-2.1367205671564067,1,train
COc1ccc2c(c1F)C(=O)N(C[C@@]1(C#Cc3ccc(C(CN)N4CCC(NC(=O)OC(C)(C)C)C4)cc3)NC(=O)NC1=O)C2,302.99999999999983,-2.481442628502305,0,train
COc1ccc2c(c1)C(=O)N(C[C@@]1(C#Cc3ccc(C(CN)N4CCC(NC(=O)OC(C)(C)C)C4)cc3)NC(=O)NC1=O)C2,316.00000000000006,-2.499687082618404,0,train
COc1ccc2c(c1F)C(=O)N(C[C@@]1(C#Cc3ccc(C(CN)N4CCC(N)C4)cc3)NC(=O)NC1=O)C2,109.00000000000004,-2.037426497940624,0,train
COc1ccc2c(c1)C(=O)N(C[C@@]1(C#Cc3ccc(C(CN)N4CCC(N)C4)cc3)NC(=O)NC1=O)C2,232.99999999999997,-2.367355921026019,1,train
COc1ccc2c(c1F)C(=O)N(C[C@@]1(C#Cc3ccc(N4CCNCC4)cc3)NC(=O)NC1=O)C2,118.00000000000004,-2.071882007306125,1,train
COc1ccc2c(c1)C(=O)N(C[C@@]1(C#Cc3cncc(-c4ccc(O)c(-c5cn[nH]c5)n4)c3)NC(=O)NC1=O)C2,374.0000000000001,-2.5728716022004803,0,train
CCN1CCN(C(=O)c2ccc(C#C[C@]3(CN4Cc5ccc(OC)cc5C4=O)NC(=O)NC3=O)cc2)CC1,446.00000000000006,-2.649334858712142,1,train
COc1ccc2c(c1)C(=O)N(C[C@@]1(C#Cc3ccc(C(=O)N4CCN(C5CC5)CC4)cc3)NC(=O)NC1=O)C2,1157.9999999999998,-3.0637085593914173,1,train
COc1ccc2c(c1)C(=O)N(C[C@@]1(C#Cc3ccc(C(=O)N4CCN(C5CCCCC5)CC4)cc3)NC(=O)NC1=O)C2,578.0,-2.761927838420529,0,train
COc1ccc2c(c1)C(=O)N(C[C@@]1(C#Cc3ccc(C(=O)N4CCC(N5CCCCC5)CC4)cc3)NC(=O)NC1=O)C2,400.6000000000002,-2.6027109449575576,0,test
CCN1CCN(C(=O)c2ccc(C#C[C@]3(CN4Cc5ccc(OC)c(F)c5C4=O)NC(=O)NC3=O)cc2)CC1,307.85000000000014,-2.4883391579275007,1,train
COc1ccc2c(c1F)C(=O)N(C[C@@]1(C#Cc3ccc(CN4CCOCC4)nc3)NC(=O)NC1=O)C2,698.1,-2.8439176380063924,0,test
COc1ccc2c(c1F)C(=O)N(C[C@@]1(C#Cc3ccc(CN4CCSCC4)nc3)NC(=O)NC1=O)C2,587.4999999999999,-2.7690078709437738,0,train
COc1ccc2c(c1F)C(=O)N(C[C@@]1(C#Cc3ccc(CN4CCCCC4)nc3)NC(=O)NC1=O)C2,785.1000000000003,-2.894924977359544,0,train
COc1ccc2c(c1F)C(=O)N(C[C@@]1(C#Cc3ccc(CN4CCc5ccc(F)cc5C4)nc3)NC(=O)NC1=O)C2,4980.000000000001,-3.6972293427597176,0,train
COc1ccc2c(c1)C(=O)N(C[C@@]1(C#Cc3ccc(-c4ccccc4O)cc3)NC(=O)NC1=O)C2,652.0999999999999,-2.8143142002074595,1,train
COc1ccc2c(c1)C(=O)N(C[C@@]1(C#Cc3ccc(-c4nc(-c5ccncc5)ccc4O)cc3)NC(=O)NC1=O)C2,64.99999999999999,-1.8129133566428557,0,train
COc1ccc2c(c1)C(=O)N(C[C@@]1(C#Cc3ccc(-c4nc(-c5cccnc5)ccc4O)cc3)NC(=O)NC1=O)C2,80.24999999999999,-1.9044450410769096,0,train
CCN1CCN(c2ccc(OC)c(-c3ccc(C#C[C@]4(CN5Cc6ccc(OC)cc6C5=O)NC(=O)NC4=O)cc3)n2)CC1,573.2999999999997,-2.758381941774675,1,train
COc1ccc2c(c1)C(=O)N(C[C@@]1(C#Cc3ccc(-c4nc(-c5cnn(C)c5)ccc4O)cc3)NC(=O)NC1=O)C2,61.000000000000014,-1.7853298350107671,0,train
CCN1CCN(Cc2ccc(C#C[C@]3(CN4Cc5ccc(OC)c(F)c5C4=O)NC(=O)NC3=O)cc2)CC1,124.60000000000004,-2.095518042323151,0,train
COc1ccc2c(c1)C(=O)N(C[C@@]1(C#Cc3ccc(-c4nc(-c5cccnc5)ccc4OC(C)=O)cc3)NC(=O)NC1=O)C2,61.64999999999999,-1.7899330809317504,0,train
CCN1CCN(c2ccc(O)c(-c3ccc(C#C[C@]4(CN5Cc6ccc(OC)cc6C5=O)NC(=O)NC4=O)cc3F)n2)CC1,39.74999999999999,-1.599337132992489,1,train
CCN1CCN(Cc2ccc(C#C[C@]3(CN4Cc5ccc(OC)cc5C4=O)NC(=O)NC3=O)cn2)CC1,782.2999999999996,-2.8933733302460247,1,train
CCN1CCN(Cc2ccc(C#C[C@]3(CN4Cc5ccc(OC)c(F)c5C4=O)NC(=O)NC3=O)cn2)CC1,156.0,-2.1931245983544616,0,train
COc1ccc2c(c1F)C(=O)N(C[C@@]1(C#Cc3ccc(CN4CCN(c5ccncc5)CC4)nc3)NC(=O)NC1=O)C2,228.00000000000009,-2.357934847000454,1,train
COc1ccc2c(c1)C(=O)N(C[C@@]1(C#Cc3ccc(CN4CCN(c5nccs5)CC4)cc3)NC(=O)NC1=O)C2,3127.000000000001,-3.4951278812429334,1,train
COc1ccc2c(c1F)C(=O)N(C[C@@]1(C#Cc3ccc(CN4CCN(c5ccncc5)CC4)cc3)NC(=O)NC1=O)C2,289.5999999999999,-2.461798557525109,1,train
COc1ccc2c(c1F)C(=O)N(C[C@@]1(C#Cc3ccc(CN4CCN(C5CCCCC5)CC4)cc3)NC(=O)NC1=O)C2,255.4000000000001,-2.4072208929273966,1,train
CCN1CCN(Cc2ccc(C#C[C@]3(CN4Cc5ccc(OC)c(F)c5C4=O)NC(=O)NC3=O)cc2F)CC1,249.80000000000013,-2.397592434038117,0,train
CCN1CCN(C(C)c2ccc(C#C[C@]3(CN4Cc5ccc(OC)c(F)c5C4=O)NC(=O)NC3=O)cc2)CC1,695.0999999999999,-2.842047288509638,1,train
COc1ccc2c(c1F)C(=O)N(C[C@@]1(C#Cc3ccc(-c4nc(-c5cnn(C)c5)ccc4O)cc3)NC(=O)NC1=O)C2,86.99999999999999,-1.9395192526186185,0,train
COc1ccc2c(c1F)C(=O)N(C[C@@]1(C#Cc3ccc(-c4nc(-c5cnn(C)c5)ccc4O)c(F)c3)NC(=O)NC1=O)C2,75.4,-1.877371345869774,0,train
CCC(=O)Oc1ccc(-c2cnn(C)c2)nc1-c1ccc(C#C[C@]2(CN3Cc4ccc(OC)cc4C3=O)NC(=O)NC2=O)cc1,55.89999999999998,-1.7474118078864231,0,train
COc1ccc2c(c1)C(=O)N(C[C@@]1(C#Cc3ccc(-c4nc(-c5cnn(C)c5)ccc4OC(=O)C(C)C)cc3)NC(=O)NC1=O)C2,47.97,-1.6809697184658972,0,train
COc1ccc2c(c1)C(=O)N(C[C@@]1(C#Cc3ccc(-c4nc(-c5cnn(C)c5)ccc4OC(=O)C(C)(C)C)cc3)NC(=O)NC1=O)C2,42.74999999999999,-1.6309361190641911,0,train
CCN1CCN(c2cccc(-c3ccc(C#C[C@]4(CN5Cc6ccc(OC)c(F)c6C5=O)NC(=O)NC4=O)cc3)n2)CC1,605.6499999999997,-2.782221721557622,1,test
CCN1CCN(c2cccc(-c3ccc(C#C[C@]4(CN5Cc6ccc(OC)c(F)c6C5=O)NC(=O)NC4=O)cc3F)n2)CC1,808.3,-2.907572578798551,1,test
COc1ccc2c(c1F)C(=O)N(C[C@@]1(C#Cc3ccc(-c4cccc(N5CCN(C6CCCCC6)CC5)n4)cc3)NC(=O)NC1=O)C2,855.5999999999999,-2.9322707758994904,0,test
COc1ccc2c(c1F)C(=O)N(C[C@@]1(C#Cc3ccc(-c4cccc(N5CCN(C6CCCCC6)CC5)n4)c(F)c3)NC(=O)NC1=O)C2,2430.999999999998,-3.3857849588433355,0,train
COc1ccc2c(c1F)C(=O)N(C[C@@]1(C#Cc3ccc(-c4cccc(N5CCOCC5)n4)cc3)NC(=O)NC1=O)C2,1634.999999999999,-3.2135177569963047,1,train
COc1ccc2c(c1F)C(=O)N(C[C@@]1(C#Cc3ccc(-c4cccc(N5CCOCC5)n4)c(F)c3)NC(=O)NC1=O)C2,2557.000000000001,-3.407730728026336,0,train
COc1ccc2c(c1)C(=O)N(C[C@@]1(C#Cc3cccc(N4CCSCC4)n3)NC(=O)NC1=O)C2,4316.000000000001,-3.635081436010873,1,test
COc1ccc2c(c1F)C(=O)N(C[C@@]1(C#Cc3ccc(-c4cccc(N5CCSCC5)n4)cc3)NC(=O)NC1=O)C2,4154.0,-3.61846649219908,1,train
COc1ccc2c(c1F)C(=O)N(C[C@@]1(C#Cc3ccc(-c4nc(-c5cccnc5)ccc4O)cc3)NC(=O)NC1=O)C2,105.64999999999998,-2.023869501388332,0,train
COc1ccc2c(c1F)C(=O)N(C[C@@]1(C#Cc3ccc(-c4nc(-c5cccnc5)ccc4O)c(F)c3)NC(=O)NC1=O)C2,118.69999999999996,-2.074450718954591,0,train
COc1ccc2c(c1F)C(=O)N(C[C@@]1(C#Cc3ccc(-c4nc(N5CCC(=O)CC5)ccc4O)cc3)NC(=O)NC1=O)C2,123.85000000000004,-2.092896010921856,0,train
COc1ccc2c(c1F)C(=O)N(C[C@@]1(C#Cc3ccc(-c4nc(-c5cnn(C)c5)ccc4OC(=O)C(C)(C)C)c(F)c3)NC(=O)NC1=O)C2,68.44999999999999,-1.8353734524700087,0,train
COc1ccc2c(c1)C(=O)N(C[C@@]1(C#Cc3ccc(-c4ncccc4OC(=O)C(C)(C)C)cc3)NC(=O)NC1=O)C2,341.55000000000007,-2.533454289670824,0,train
COc1ccc2c(c1F)C(=O)N(C[C@@]1(C#Cc3ccc(-c4ncccc4O)cc3)NC(=O)NC1=O)C2,96.0,-1.9822712330395684,1,train
COc1ccc2c(c1)C(=O)N(C[C@@]1(C#Cc3ccc(-c4cnccc4C)nc3)NC(=O)NC1=O)C2,2392.0000000000005,-3.3787611753163733,1,train
COc1ccc2c(c1)C(=O)N(C[C@@]1(C#Cc3ccc(-c4cnccc4OC)nc3)NC(=O)NC1=O)C2,5376.999999999998,-3.730540036477119,1,train
COc1ccc2c(c1)C(=O)N(C[C@@]1(C#Cc3ccc(C4(CNS(C)(=O)=O)NC(=O)NC4=O)cc3)NC(=O)NC1=O)C2,176.00000000000006,-2.24551266781415,0,train
COc1ccc2c(c1)C(=O)N(C[C@@]1(C#Cc3ccc(-n4cnc(CCNC(C)=O)c4)cc3)NC(=O)NC1=O)C2,453.0,-2.656098202012832,0,train
COc1ccc2c(c1)C(=O)N(C[C@@]1(C#Cc3ccc(-n4cnc(CCNC(C)=O)c4)nc3)NC(=O)NC1=O)C2,523.9999999999998,-2.7193312869837265,0,train
COc1ccc2c(c1)C(=O)N(C[C@@]1(C#Cc3ccc(C4=NCCN4)c(C)c3)NC(=O)NC1=O)C2,504.00000000000017,-2.702430536445525,0,test
COc1ccc2c(c1)C(=O)N(C[C@@]1(C#Cc3ccc(N4CCNC4=O)cc3)NC(=O)NC1=O)C2,1618.0,-3.208978517276253,1,train
COc1ccc2c(c1)C(=O)N(C[C@@]1(C#Cc3ccc(-n4ccnc4)cc3)NC(=O)NC1=O)C2,785.9999999999999,-2.895422546039408,0,train
COc1ccc2c(c1)C(=O)N(C[C@@]1(C#Cc3ccc(-n4cncn4)cc3)NC(=O)NC1=O)C2,1140.0000000000002,-3.0569048513364727,1,train
COc1ccc2c(c1)C(=O)N(C[C@@]1(C#Cc3ccc(-c4cccc(C)c4O)nc3)NC(=O)NC1=O)C2,3504.999999999999,-3.5446880223026773,1,train
COc1ccc2c(c1)C(=O)N(C[C@@]1(C#Cc3ccc(-c4ccc(C)[nH]c4=O)nc3)NC(=O)NC1=O)C2,766.0000000000003,-2.884228769632604,1,train
COc1ccc2c(c1F)C(=O)N(C[C@@]1(C#Cc3ccc(C4(C)NC(=O)NC4=O)c(F)c3)NC(=O)NC1=O)C2,148.00000000000003,-2.170261715394957,0,test
COc1ccc2c(c1)C(=O)N(C[C@@]1(C#Cc3ccc(-c4c(N)n[nH]c4C)cc3)NC(=O)NC1=O)C2,487.99999999999983,-2.6884198220027105,1,train
COc1ccc2c(c1F)C(=O)N(C[C@@]1(C#Cc3ccc4c(c3)C3(CC4)NC(=O)NC3=O)NC(=O)NC1=O)C2,367.0,-2.5646660642520893,0,train
COc1ccc2c(c1)C(=O)N(C[C@@]1(C#Cc3ccc(Nc4c(NCCN5CCOCC5)c(=O)c4=O)cc3)NC(=O)NC1=O)C2,168.99999999999997,-2.227886704613673,0,test
COc1ccc2c(c1)C(=O)N(C[C@@]1(C#Cc3ccc(Nc4c(NCCN(C)C)c(=O)c4=O)cc3)NC(=O)NC1=O)C2,160.99999999999994,-2.206825876031849,0,train
COc1ccc2c(c1)C(=O)N(C[C@@]1(C#Cc3ccc(Nc4c(N)c(=O)c4=O)cc3)NC(=O)NC1=O)C2,306.0000000000001,-2.48572142648158,0,test
COc1ccc2c(c1F)C(=O)N(C[C@@]1(C#Cc3ccc(C(N=O)N4CCNC[C@@H]4C)c(F)c3)NC(=O)NC1=O)C2,42.00000000000001,-1.6232492903979006,0,train
COc1ccc2c(c1F)C(=O)N(C[C@@]1(C#Cc3cncc(F)c3)NC(=O)NC1=O)C2,305.00000000000006,-2.484299839346786,0,train
CCN1CCN(C(N=O)c2ccc(C#C[C@]3(CN4Cc5ccc(OC)c(F)c5C4=O)NC(=O)NC3=O)cc2F)[C@@H](C)C1,68.99999999999999,-1.8388490907372552,0,test
COc1ccc2c(c1F)C(=O)N(C[C@@]1(C#Cc3cc(F)cnc3Cl)NC(=O)NC1=O)C2,935.0,-2.9708116108725178,1,train
COc1ccc2c(c1F)C(=O)N(C[C@@]1(C#Cc3ccc(C4(C#N)CCN(C)CC4)cc3)NC(=O)NC1=O)C2,669.0000000000002,-2.8254261177678237,1,train
COc1ccc2c(c1F)C(=O)N(C[C@@]1(C#Cc3ccc(C4(C(N)=O)CCN(C)CC4)cc3)NC(=O)NC1=O)C2,152.00000000000003,-2.1818435879447726,0,test
COc1ccc2c(c1)C(=O)N(C[C@@]1(C#Cc3ccc(-c4ccc(F)cc4O)nc3)NC(=O)NC1=O)C2,9458.999999999996,-3.975845225467567,1,train
COc1ccc2c(c1F)C(=O)N(C[C@@]1(C#Cc3ccc(N4C(=O)NC5(CC5)C4=O)c(F)c3)NC(=O)NC1=O)C2,148.00000000000003,-2.170261715394957,0,train
CCN1CCN(C(=O)C2CC(=O)N(c3ccc(C#C[C@]4(CN5Cc6ccc(OC)cc6C5=O)NC(=O)NC4=O)cc3)C2)CC1,940.0000000000002,-2.9731278535996988,0,train
COc1ccc2c(c1)C(=O)N(C[C@@]1(C#Cc3nc(-c4n[nH]c(=O)n4C4CCN(C)CC4)ccc3OC)NC(=O)NC1=O)C2,2189.0000000000005,-3.340245761567932,0,train
CCN1CCN(C(=O)C2CCC(=O)N2c2ccc(C#C[C@]3(CN4Cc5ccc(OC)cc5C4=O)NC(=O)NC3=O)cc2)CC1,113.00000000000006,-2.05307844348342,1,train
COc1ccc2c(c1)C(=O)N(C[C@@]1(C#Cc3ccc(N4C(=O)CCC4C(=O)NC4CC4)cc3)NC(=O)NC1=O)C2,127.0,-2.103803720955957,0,train
CCN1CCN(C(=O)C2CCC(=O)N2c2ccc(C#C[C@]3(CN4Cc5ccc(OC)c(F)c5C4=O)NC(=O)NC3=O)cc2)CC1,152.00000000000003,-2.1818435879447726,0,test
COc1ccc2c(c1F)C(=O)N(C[C@@]1(C#Cc3ccc(N4C(=O)CCC4C(=O)NC4CC4)cc3)NC(=O)NC1=O)C2,277.99999999999994,-2.444044795918076,0,train
COc1ccc2c(c1)C(=O)N(C[C@@]1(C#Cc3ccc(N4C(=O)CCC4C(=O)N4CCN(C)CC4)cc3)NC(=O)NC1=O)C2,416.0,-2.6190933306267428,0,train
COc1ccc2c(c1)C(=O)N(C[C@@]1(C#Cc3ccc(N4C(=O)CCC4(C(=O)O)C(C)(C)O)nc3)NC(=O)NC1=O)C2,578.0,-2.761927838420529,0,train
COc1ccc2c(c1F)C(=O)N(C[C@@]1(C#Cc3cncc(NC(=O)C4CCN(C)CC4)c3)NC(=O)NC1=O)C2,85.99999999999999,-1.934498451243568,1,test
COc1ccc2c(c1)C(=O)N(C[C@@]1(C#Cc3cncc(NC(=O)C4CCN(C)CC4)c3)NC(=O)NC1=O)C2,298.99999999999994,-2.4756711883244296,0,train
COc1ccc2c(c1)C(=O)N(C[C@@]1(C#Cc3ccc(NC(=O)C4CCN(C)CC4)cc3)NC(=O)NC1=O)C2,77.99999999999999,-1.8920946026904804,1,train
COc1ccc2c(c1)C(=O)N(C[C@@]1(C#Cc3nc(C(=O)N4CCN(C)CC4)ccc3OC)NC(=O)NC1=O)C2,2961.0000000000005,-3.471438407389299,1,train
CCN1CCN(C(=O)c2ccc(OC)c(C#C[C@]3(CN4Cc5ccc(OC)cc5C4=O)NC(=O)NC3=O)n2)CC1,622.0000000000001,-2.7937903846908188,0,train
CCNc1nnc(-c2ccc(OC)c(C#C[C@]3(CN4Cc5ccc(OC)cc5C4=O)NC(=O)NC3=O)n2)o1,898.9999999999999,-2.9537596917332287,0,train
COc1ccc2c(c1)C(=O)N(C[C@@]1(C#Cc3ccc(-n4cn[nH]c4=O)cc3)NC(=O)NC1=O)C2,538.0000000000002,-2.7307822756663893,0,train
COc1ccc2c(c1)C(=O)N(C[C@@]1(C#Cc3ccc(-n4c(C)n[nH]c4=O)cc3)NC(=O)NC1=O)C2,243.0,-2.385606273598312,1,train
COc1ccc2c(c1)C(=O)N(C[C@@]1(C#Cc3ccc(-n4c(-c5cccnc5)n[nH]c4=O)cc3)NC(=O)NC1=O)C2,257.99999999999994,-2.41161970596323,0,test
CCN1CCN(C(=O)C2CCC(=O)N2c2ccc(OC)c(C#C[C@]3(CN4Cc5ccc(OC)cc5C4=O)NC(=O)NC3=O)n2)CC1,3363.000000000001,-3.526726867314636,1,train
COc1ccc2c(c1)C(=O)N(C[C@@]1(C#Cc3ccccc3C=O)NC(=O)NC1=O)C2,935.9999999999995,-2.971275848738105,1,train
COc1ccc2c(c1)C(=O)N(C[C@@]1(C#Cc3ccc(-c4nnc(N)o4)cc3)NC(=O)NC1=O)C2,244.0000000000001,-2.3873898263387296,0,train
CCNc1nnc(-c2ccc(C#C[C@]3(CN4Cc5ccc(OC)cc5C4=O)NC(=O)NC3=O)cc2)o1,269.00000000000006,-2.429752280002408,0,train
COc1ccc2c(c1)C(=O)N(C[C@@]1(C#Cc3nc(N)ccc3O)NC(=O)NC1=O)C2,807.9999999999997,-2.907411360774586,1,train
COc1ccc2c(c1)C(=O)N(C[C@@]1(C#Cc3nc(-c4cccc(O)c4)ccc3OC)NC(=O)NC1=O)C2,9905.999999999998,-3.995898323646437,0,test
CCN1CCN(/C(=N/O)c2cnc(C#C[C@]3(CN4Cc5ccc(OC)cc5C4=O)NC(=O)NC3=O)c(OC)c2)CC1,204.0,-2.3096301674258988,0,train
COc1ccc2c(c1)C(=O)N(C[C@@]1(C#Cc3ncc(C(N=O)N4CCN(c5cnccn5)CC4)cc3OC)NC(=O)NC1=O)C2,515.0000000000002,-2.711807229041191,0,train
COc1ccc2c(c1)C(=O)N(C[C@@]1(C#Cc3nc(N4C(=O)CC[C@H]4CO)ccc3OC)NC(=O)NC1=O)C2,1541.9999999999995,-3.188084373714938,0,train
COc1ccc2c(c1)C(=O)N(C[C@@]1(C#Cc3nc(N4C(=O)CCC4C)ccc3OC)NC(=O)NC1=O)C2,9537.199999999995,-3.979420890109074,0,train
COCCN1CCN(c2ccc(OC)c(C#C[C@]3(CN4Cc5ccc(OC)cc5C4=O)NC(=O)NC3=O)n2)CC1,5710.399999999997,-3.756666530611585,0,train
COc1ccc(N2CCC2=O)nc1C#C[C@]1(CN2Cc3ccc(OC)c(F)c3C2=O)NC(=O)NC1=O,1170.9999999999995,-3.068556895072363,0,train
COc1ccc2c(c1)C(=O)N(C[C@@]1(C#Cc3ccc(N4CCCCC4)nc3)NC(=O)NC1=O)C2,514.0000000000001,-2.710963118995276,0,train
COc1ccc2c(c1)C(=O)N(C[C@@]1(C#Cc3nc(-c4cnc(N(C)C)nc4)ccc3OC)NC(=O)NC1=O)C2,10000.999999999998,-4.000043427276863,0,train
COc1ccc2c(c1)C(=O)N(C[C@@]1(C#Cc3nc(-c4ccc(N5CCNCC5)nc4)ccc3OC)NC(=O)NC1=O)C2,2048.9999999999995,-3.311541958401195,1,train
COc1ccc2c(c1)C(=O)N(C[C@@]1(C#Cc3nc(-c4ccc(S(=O)(=O)NC5CC5)cc4)ccc3OC)NC(=O)NC1=O)C2,7042.999999999999,-3.8477576883923312,0,train
COc1ccc2c(c1)C(=O)N(C[C@@]1(C#Cc3nc(-c4cncc(C#N)c4)ccc3OC)NC(=O)NC1=O)C2,1790.000000000001,-3.2528530309798933,0,train
COc1ccc2c(c1)C(=O)N(C[C@@]1(C#Cc3ccc(N(c4cccnc4)C4CCNCC4)nc3)NC(=O)NC1=O)C2,430.0000000000001,-2.633468455579586,0,train
COc1ccc2c(c1)C(=O)N(C[C@@]1(C#Cc3ccc(C(c4ccc[nH]4)c4ccc[nH]4)cc3)NC(=O)NC1=O)C2,1199.0000000000002,-3.0788191830988487,0,train
COc1ccc2c(c1)C(=O)N(C[C@@]1(C#Cc3ccc(CCN)cc3)NC(=O)NC1=O)C2,219.00000000000009,-2.3404441148401185,1,train
COc1ccc2c(c1)C(=O)N(C[C@@]1(C#Cc3ccc(N4CCNCC4)cc3)NC(=O)NC1=O)C2,204.99999999999997,-2.311753861055754,1,train
COc1ccc2c(c1)C(=O)N(C[C@@]1(C#Cc3ncc(NCc4nccc(=O)[nH]4)cc3OC)NC(=O)NC1=O)C2,632.0000000000002,-2.800717078282385,0,test
COc1ccc2c(c1)C(=O)N(C[C@@]1(C#Cc3nc(N4CCN(c5ccncc5)CC4)ccc3OC)NC(=O)NC1=O)C2,7270.999999999996,-3.861594144643865,1,train
COc1ccc2c(c1)C(=O)N(C[C@@]1(C#Cc3cncc(-c4ccc(N)nc4)c3)NC(=O)NC1=O)C2,513.5000000000001,-2.710540447933297,1,train
COc1ccc2c(c1)C(=O)N(C[C@@]1(C#Cc3cncc(-c4cn[nH]c4)c3)NC(=O)NC1=O)C2,259.9999999999999,-2.4149733479708178,1,train
COc1ccc2c(c1)C(=O)N(C[C@@]1(C#Cc3cncc(-c4ccc(C(N)=O)cc4)c3)NC(=O)NC1=O)C2,360.99999999999983,-2.5575072019056577,0,test
COc1ccc2c(c1)C(=O)N(C[C@@]1(C#Cc3cnc(N)nc3N)NC(=O)NC1=O)C2,1597.0000000000002,-3.203304916138483,0,train
COc1ccc2c(c1)C(=O)N(C[C@@]1(C#Cc3cnc(N4CCC(=O)CC4)nc3N)NC(=O)NC1=O)C2,1008.0000000000005,-3.0034605321095067,0,train
COc1ccc2c(c1)C(=O)N(C[C@@]1(C#Cc3ccc(N4CCC(=O)CC4)nc3)NC(=O)NC1=O)C2,1001.0000000000005,-3.000434077479319,1,train
COc1ccc2c(c1)C(=O)N(C[C@@]1(C#Cc3cncc(-c4ccc(C(N)=O)o4)c3)NC(=O)NC1=O)C2,776.1000000000001,-2.889917683436206,0,train
COc1ccc2c(c1F)C(=O)N(C[C@@]1(C#Cc3ccc4c(c3)CCC43NC(=O)NC3=O)NC(=O)NC1=O)C2,186.00000000000009,-2.2695129442179165,0,test
COc1ccc2c(c1)C(=O)N(C[C@@]1(C#Cc3ccc(C4(CN5Cc6cc(O)ccc6C5=O)NC(=O)NC4=O)cc3)NC(=O)NC1=O)C2,418.99999999999983,-2.622214022966295,0,train
COc1ccc2c(c1)C(=O)N(C[C@@]1(C#Cc3ccc([C@@]4(CN5Cc6ccc(OC)cc6C5=O)NC(=O)NC4=O)cc3)NC(=O)NC1=O)C2,849.0000000000002,-2.928907690243953,0,train
COc1ccc2c(c1)C(=O)N(C[C@@]1(C#Cc3cnc4ccccc4c3CO)NC(=O)NC1=O)C2,8897.0,-3.949243590568265,0,train
COc1ccc2c(c1)C(=O)N(C[C@@]1(C#Cc3cc(C(N)=O)ccc3C)NC(=O)NC1=O)C2,417.00000000000006,-2.6201360549737576,0,train
COc1ccc2c(c1)C(=O)N(C[C@@]1(C#Cc3ccc(CCNC(=O)C(F)(F)F)s3)NC(=O)NC1=O)C2,930.0000000000002,-2.9684829485539352,0,train
COc1ccc2c(c1)C(=O)N(C[C@@]1(C#Cc3ccc(C4=NCCN4)cc3)NC(=O)NC1=O)C2,226.9999999999999,-2.3560258571931225,1,train
COc1ccc2c(c1)C(=O)N(C[C@@]1(C#Cc3ccc(-c4nnc[nH]4)cc3OC)NC(=O)NC1=O)C2,131.00000000000006,-2.1172712956557644,1,train
COc1ccc2c(c1)C(=O)N(C[C@@]1(C#Cc3ccc(C(=O)NO)cc3OC)NC(=O)NC1=O)C2,146.00000000000003,-2.164352855784437,1,train
COc1ccc2c(c1)C(=O)N(C[C@@]1(C#Cc3ccc(-n4ccnc4)cc3OC)NC(=O)NC1=O)C2,785.9999999999999,-2.895422546039408,0,train
COc1ccc2c(c1)C(=O)N(C[C@@]1(C#Cc3cc(Br)ccc3O)NC(=O)NC1=O)C2,10000.999999999998,-4.000043427276863,1,train
COc1ccc2c(c1)C(=O)N(C[C@@]1(C#Cc3ccc(OC)nc3OC)NC(=O)NC1=O)C2,1001.0000000000005,-3.000434077479319,0,test
COc1ccc2c(c1)C(=O)N(C[C@@]1(C#Cc3cnc(C)[nH]c3=O)NC(=O)NC1=O)C2,1130.000000000001,-3.05307844348342,0,train
COc1ccc2c(c1)C(=O)N(C[C@@]1(C#Cc3c(C)ncc(C(=O)O)c3O)NC(=O)NC1=O)C2,699.0000000000001,-2.844477175745681,0,train
COc1ccc2c(c1)C(=O)N(C[C@@]1(C#Cc3cncc(-c4csc(N)n4)c3)NC(=O)NC1=O)C2,810.9999999999999,-2.909020854211156,0,test
COc1ccc2c(c1)C(=O)N(C[C@@]1(C#Cc3ccc(-c4cc[nH]n4)nc3)NC(=O)NC1=O)C2,231.00000000000009,-2.3636119798921444,1,test
COc1ccc2c(c1)C(=O)N(C[C@@]1(C#Cc3cncc(-c4cc[nH]n4)c3)NC(=O)NC1=O)C2,678.0,-2.831229693867064,0,test
COc1ccc2c(c1)C(=O)N(C[C@@]1(C#Cc3ccc4c(N)n[nH]c4c3)NC(=O)NC1=O)C2,309.60000000000014,-2.490800952010855,0,train
COc1ccc2c(c1)C(=O)N(C[C@@]1(C#Cc3ccc4[nH]nc(N)c4c3)NC(=O)NC1=O)C2,520.0999999999998,-2.716086853774832,0,train
CCN1CCN(c2n[nH]c3ccc(C#C[C@]4(CN5Cc6ccc(OC)cc6C5=O)NC(=O)NC4=O)cc23)CC1,421.75,-2.6250550912611628,0,test
CCN1CCN(c2n[nH]c3cc(C#C[C@]4(CN5Cc6ccc(OC)cc6C5=O)NC(=O)NC4=O)ccc23)CC1,187.95,-2.274042330049831,0,test
COc1ccc2c(c1)C(=O)N(C[C@@]1(C#Cc3cncc(NS(C)(=O)=O)c3)NC(=O)NC1=O)C2,386.00000000000017,-2.586587304671755,0,train
COc1ccc2c(c1)C(=O)N(C[C@@]1(C#Cc3cncc(NS(=O)(=O)C(C)C)c3)NC(=O)NC1=O)C2,1001.0000000000005,-3.000434077479319,0,train
COc1ccc2c(c1)C(=O)N(C[C@@]1(C#Cc3cncc(NC(C)=O)c3)NC(=O)NC1=O)C2,443.99999999999983,-2.64738297011462,0,train
CCOC(=O)Nc1cncc(C#C[C@]2(CN3Cc4ccc(OC)cc4C3=O)NC(=O)NC2=O)c1,1230.0000000000005,-3.089905111439398,0,train
COc1ccc2c(c1)C(=O)N(C[C@@]1(C#Cc3c[nH]c4nc(=O)oc-4c3)NC(=O)NC1=O)C2,574.0000000000001,-2.7589118923979736,0,train
COc1ccc2c(c1)C(=O)N(C[C@@]1(C#Cc3ccc(C(N=O)c4ccc(F)cc4)cc3)NC(=O)NC1=O)C2,954.0,-2.979548374704095,1,train
COc1ccc2c(c1)C(=O)N(C[C@@]1(C#Cc3ccc(C(N=O)C4CCN(C)CC4)cc3)NC(=O)NC1=O)C2,40.000000000000014,-1.6020599913279625,1,train
COc1ccc2c(c1Cl)C(=O)N(CC1(C#Cc3cccnc3)NC(=O)NC1=O)C2,1001.0000000000005,-3.000434077479319,0,train
COc1ccc2c(c1)C(=O)N(C[C@@]1(C#Cc3cc(Cl)cnc3N)NC(=O)NC1=O)C2,10000.999999999998,-4.000043427276863,1,train
COc1ccc2c(c1)C(=O)N(C[C@@]1(C#Cc3ccc(F)c(C(O)(O)C(F)(F)F)c3)NC(=O)NC1=O)C2,1177.9999999999998,-3.0711452904510828,0,train
COc1ccc2c(c1)C(=O)N(C[C@@]1(C#Cc3ccc(C(O)(O)C(F)(F)F)cc3)NC(=O)NC1=O)C2,257.80000000000007,-2.4112829130173843,0,train
COc1ccc2c(c1)C(=O)N(C[C@@]1(C#Cc3ccc(-c4noc(C)n4)cc3)NC(=O)NC1=O)C2,2429.9999999999995,-3.385606273598312,1,train
COc1ccc2c(c1)C(=O)N(C[C@@]1(C#Cc3cncc(-c4noc(C(N)=O)n4)c3)NC(=O)NC1=O)C2,712.8999999999996,-2.853028614712989,0,test
COc1ccc2c(c1)C(=O)N(C[C@]1(C#Cc3cnc(N)c(C(=O)O)c3)NC(=O)NC1=O)C2,1001.0000000000005,-3.000434077479319,0,train
COc1ccc2c(c1)C(=O)N(C[C@@]1(C#Cc3cnc(N)c(C(=O)NS(C)(=O)=O)c3)NC(=O)NC1=O)C2,10000.999999999998,-4.000043427276863,0,train
COc1ccc2c(c1)C(=O)N(C[C@]1(C#Cc3ccc(C(=O)O)s3)NC(=O)NC1=O)C2,10000.999999999998,-4.000043427276863,1,train
COc1ccc2c(c1)C(=O)N(C[C@@]1(C#Cc3ccc(C4(C5CCC5)NC(=O)NC4=O)cc3)NC(=O)NC1=O)C2,382.00000000000017,-2.582063362911709,0,train
COc1ccc2c(c1)C(=O)N(C[C@@]1(C#Cc3ccc(C4(C)NC(=O)NC4=O)s3)NC(=O)NC1=O)C2,208.0,-2.318063334962761,0,train
COc1ccc2c(c1)C(=O)N(C[C@@]1(C#Cc3csc(C4(C)NC(=O)NC4=O)c3)NC(=O)NC1=O)C2,530.9999999999999,-2.725094521081469,0,test
COc1ccc2c(c1)C(=O)N(C[C@@]1(C#Cc3ccc4oc(C5(C)NC(=O)NC5=O)cc4c3)NC(=O)NC1=O)C2,292.00000000000006,-2.4653828514484184,0,train
COc1ccc2c(c1)C(=O)N(C[C@@]1(C#Cc3ccc4oc(C5(C)NC(=O)NC5=O)c(C)c4c3)NC(=O)NC1=O)C2,545.0000000000001,-2.7363965022766426,0,train
CCN1CCN(C(N=O)c2ccc(C#C[C@]3(CN4Cc5ccc(OC)cc5C4=O)NC(=O)NC3=O)cc2)CC1,20.000000000000004,-1.3010299956639813,1,train
COc1ccc2c(c1)C(=O)N(C[C@@]1(C#Cc3ccc(C(N=O)N4CCSCC4)cc3)NC(=O)NC1=O)C2,153.00000000000003,-2.184691430817599,1,train
COc1ccc2c(c1)C(=O)N(C[C@@]1(C#Cc3ccc(/C(=N/O)N4CCCN(C)CC4)cc3)NC(=O)NC1=O)C2,45.00000000000001,-1.6532125137753435,1,test
COc1ccc2c(c1)C(=O)N(C[C@@]1(C#Cc3ccc(/C(=N/O)N4CCC4)cc3)NC(=O)NC1=O)C2,186.00000000000009,-2.2695129442179165,0,train
COc1ccc2c(c1)C(=O)N(C[C@@]1(C#Cc3cccc(C(N=O)N4CCN(C)CC4)c3)NC(=O)NC1=O)C2,220.99999999999997,-2.3443922736851106,0,train
COc1ccc2c(c1)C(=O)N(C[C@@]1(C#Cc3cccc(C(N=O)N4CCOCC4)c3)NC(=O)NC1=O)C2,274.0,-2.437750562820388,0,train
COc1ccc2c(c1)C(=O)N(C[C@@]1(C#Cc3ccc(C(N=O)N4CCN(C5CC5)CC4)cc3)NC(=O)NC1=O)C2,92.0,-1.9637878273455556,1,train
CCN1CCN(C(N=O)c2cncc(C#C[C@]3(CN4Cc5ccc(OC)cc5C4=O)NC(=O)NC3=O)c2)CC1,435.0000000000001,-2.638489256954637,1,test
COc1ccc2c(c1)C(=O)N(C[C@@]1(C#Cc3cncc(C(N=O)N4CCCN(C)CC4)c3)NC(=O)NC1=O)C2,1322.0,-3.1212314551496214,1,train
CCCCN1CCN(/C(=N/O)c2ccc(C#C[C@]3(CN4Cc5ccc(OC)cc5C4=O)NC(=O)NC3=O)cc2)CC1,74.00000000000001,-1.869231719730976,1,train
COc1ccc2c(c1)C(=O)N(C[C@@]1(C#Cc3ccc(C(N=O)N4CCN(C5CCCCC5)CC4)cc3)NC(=O)NC1=O)C2,76.0,-1.8808135922807916,1,test
COc1ccc2c(c1)C(=O)N(C[C@@]1(C#Cc3ccc(C(N=O)N4CCN(C5CCCCCC5)CC4)cc3)NC(=O)NC1=O)C2,150.99999999999994,-2.1789769472931693,0,train
COc1ccc2c(c1)C(=O)N(C[C@@]1(C#Cc3ccc(C(N=O)N4CCN(c5ccccc5)CC4)cc3)NC(=O)NC1=O)C2,277.99999999999994,-2.444044795918076,1,train
COc1ccc2c(c1)C(=O)N(C[C@@]1(C#Cc3ccc4c(c3)C(C)Oc3cccnc3-4)NC(=O)NC1=O)C2,3545.9999999999995,-3.549738731264899,0,train
CCN1CCN(C(CO)c2ccc(C#C[C@]3(CN4Cc5ccc(OC)cc5C4=O)NC(=O)NC3=O)cc2)CC1,504.00000000000017,-2.702430536445525,1,test
COc1ccc2c(c1)C(=O)N(C[C@@]1(C#Cc3ccc(/C(=N/O)N4CCCN(C(C)C)CC4)cc3)NC(=O)NC1=O)C2,47.00000000000001,-1.6720978579357175,1,train
CO/N=C(\c1ccc(C#C[C@]2(CN3Cc4ccc(OC)cc4C3=O)NC(=O)NC2=O)cc1)N1CCOCC1,1236.9999999999998,-3.092369699629121,0,test
CCN1CCN(Cc2ccc(C#C[C@]3(CN4Cc5ccc(OC)cc5C4=O)NC(=O)NC3=O)cc2)CC1,237.99999999999997,-2.376576957056512,1,train
COc1ccc2c(c1)C(=O)N(C[C@@]1(C#Cc3ccc(-c4ncccc4O)cc3)NC(=O)NC1=O)C2,117.0,-2.0681858617461617,1,train
COc1ccc2c(c1)C(=O)N(C[C@@]1(C#Cc3ccc(C/N=N/c4ccccc4)cc3)NC(=O)NC1=O)C2,1223.999999999999,-3.087781417809542,0,test
CCN1CCN(c2ccc(O)c(-c3ccc(C#C[C@]4(CN5Cc6ccc(OC)cc6C5=O)NC(=O)NC4=O)cc3)n2)CC1,72.39999999999999,-1.8597385661971468,1,train
COc1ccc2c(c1)C(=O)N(C[C@@]1(C#Cc3ccc(C(N=O)N4CCOCC4)cc3)NC(=O)NC1=O)C2,100.0,-2.0,1,train
COc1ccc2c(c1)C(=O)N(C[C@@]1(C#Cc3ccc(C(N=O)N4CCCC4)cc3)NC(=O)NC1=O)C2,640.9999999999998,-2.806858029518817,1,train
COc1ccc2c(c1)C(=O)N(C[C@@]1(C#Cc3ccc(C(N=O)N4CCN(C)CC4)cc3)NC(=O)NC1=O)C2,64.99999999999999,-1.8129133566428557,1,test
COc1ccc2c(c1)C(=O)N(C[C@@]1(C#Cc3ccc(C(N=O)N4CCC(=O)CC4)cc3)NC(=O)NC1=O)C2,85.99999999999999,-1.934498451243568,1,train
COc1ccc2c(c1)C(=O)N(C[C@@]1(C#Cc3ccc(C(N=O)N4CCCCC4)cc3)NC(=O)NC1=O)C2,154.0,-2.187520720836463,1,train
COc1ccc2c(c1)C(=O)N(C[C@@]1(C#Cc3ccc(C(N=O)N4CCN(C)CC4)s3)NC(=O)NC1=O)C2,220.0,-2.342422680822206,0,train
COc1ccc2c(c1)C(=O)N(C[C@@]1(C#Cc3ccc(C(N=O)N4CCOCC4)s3)NC(=O)NC1=O)C2,571.0000000000001,-2.756636108245848,1,train
COc1ccc2c(c1)C(=O)N(C[C@@]1(C#Cc3ccc(C(N=O)N4CCN(C)CC4)nc3)NC(=O)NC1=O)C2,86.99999999999999,-1.9395192526186185,1,train
CCN1CCN(C(N=O)c2ccc(C#C[C@]3(CN4Cc5ccc(OC)cc5C4=O)NC(=O)NC3=O)cn2)CC1,86.99999999999999,-1.9395192526186185,1,test
COc1ccc2c(c1)C(=O)N(C[C@@]1(C#Cc3ccc(C4(C)NC(=O)NC4=O)cc3C)NC(=O)NC1=O)C2,490.0000000000002,-2.690196080028514,0,train
COc1ccc2c(c1)C(=O)N(C[C@@]1(C#Cc3ccc(C4(C)NC(=O)NC4=S)cc3)NC(=O)NC1=O)C2,397.99999999999983,-2.599883072073688,0,train
COc1ccc2c(c1)C(=O)N(C[C@@]1(C#Cc3ccc([C@H]4CCC(=O)N4)cc3)NC(=O)NC1=O)C2,736.0,-2.866877814337499,0,train
COc1ccc2c(c1)C(=O)N(C[C@@]1(C#Cc3ccc(C4(C(N)=O)CC4)cc3)NC(=O)NC1=O)C2,226.9999999999999,-2.3560258571931225,1,train
CNC(=O)C1(c2ccc(C#C[C@]3(CN4Cc5ccc(OC)cc5C4=O)NC(=O)NC3=O)cc2)CC1,443.0,-2.646403726223069,0,train
COc1ccc2c(c1)C(=O)N(C[C@@]1(C#Cc3ccc(C(C)(C)C(N)=O)cc3)NC(=O)NC1=O)C2,516.9999999999999,-2.7134905430939424,0,test
COc1ccc2c(c1)C(=O)N(C[C@@]1(C#Cc3cccnc3-c3cnn(C)c3)NC(=O)NC1=O)C2,2223.0,-3.3469394626989906,0,train
COc1ccc2c(c1)C(=O)N(C[C@@]1(C#Cc3cccnc3-c3c(C)nn(C)c3C)NC(=O)NC1=O)C2,2535.0,-3.403977963669355,0,train
C#C[C@]1(CN2Cc3ccc(OC)c(F)c3C2=O)NC(=O)NC1=O,841.0,-2.924795995797912,0,train
COc1ccc2c(c1)C(=O)N(C[C@@]1(C#Cc3cccnc3-c3cn[nH]c3)NC(=O)NC1=O)C2,927.0000000000005,-2.967079734144497,0,train
COc1ccc2c(c1F)C(=O)N(C[C@@]1(C#Cc3cccnc3)NC(=O)NC1=O)C2,134.00000000000003,-2.127104798364808,1,train
COc1ccc2c(c1)C(=O)N(C[C@@]1(C#Cc3ccc(-c4c(C)nn(C)c4C)nc3)NC(=O)NC1=O)C2,9028.000000000004,-3.9555915504057246,1,test
COc1ccc2c(c1)C(=O)N(C[C@@]1(C#Cc3ccc(-c4cnn(C)c4)nc3)NC(=O)NC1=O)C2,1026.0,-3.011147360775797,0,train
COc1ccc2c(c1)C(=O)N(C[C@@]1(C#Cc3cccnc3-c3cccnc3)NC(=O)NC1=O)C2,2113.0,-3.3248994970523134,0,train
COC(=O)C(c1ccc(C#C[C@]2(CN3Cc4ccc(OC)cc4C3=O)NC(=O)NC2=O)cc1)N1CCCNCC1,566.0,-2.7528164311882715,0,test
COc1ccc2c(c1)C(=O)N(C[C@@]1(C#Cc3ccc(C(C(N)=O)N4CCCNCC4)cc3)NC(=O)NC1=O)C2,301.99999999999994,-2.4800069429571505,0,train
COc1ccc2c(c1)C(=O)N(C[C@@]1(C#Cc3ccc(C(C(=O)O)N4CCCNCC4)cc3)NC(=O)NC1=O)C2,588.0,-2.7693773260761385,1,test
COc1ccc2c(c1F)C(=O)N(C[C@@]1(C#Cc3cccnc3C)NC(=O)NC1=O)C2,193.00000000000009,-2.285557309007774,1,train
COc1ccc2c(c1F)C(=O)N(C[C@@]1(C#Cc3ccc(C)nc3)NC(=O)NC1=O)C2,395.9999999999999,-2.597695185925512,1,test
COc1ccc2c(c1)C(=O)N(C[C@@]1(C#Cc3ccc(/N=C(\N)NC#N)cc3)NC(=O)NC1=O)C2,150.00000000000003,-2.1760912590556813,0,train
CCN1CCC(C(=O)OC)(c2ccc(C#C[C@]3(CN4Cc5ccc(OC)cc5C4=O)NC(=O)NC3=O)cc2)CC1,288.0000000000001,-2.459392487759231,1,train
COc1ccc2c(c1)C(=O)N(C[C@@]1(C#Cc3ccc(-c4ccccc4O)nc3)NC(=O)NC1=O)C2,2090.000000000001,-3.3201462861110542,1,test
CCN1CCC(C(=O)O)(c2ccc(C#C[C@]3(CN4Cc5ccc(OC)cc5C4=O)NC(=O)NC3=O)cc2)CC1,239.80000000000007,-2.37984917876283,1,train
CCC1(c2ccc(C#CC3(CN4Cc5ccc(OC)cc5C4=O)NC(=O)NC3=O)cc2)NC(=O)NC1=O,225.0000000000001,-2.3521825181113627,0,train
COc1ccc2c(c1)C(=O)N(C[C@@]1(C#Cc3ccc(C4(C)NC(=O)NC4=O)nc3)NC(=O)NC1=O)C2,544.0,-2.73559889969818,0,train
COc1ccc2c(c1)C(=O)N(C[C@@]1(C#Cc3ccc(CC4(C)NC(=O)NC4=O)cc3)NC(=O)NC1=O)C2,1001.0000000000005,-3.000434077479319,0,train
COc1ccc2c(c1)C(=O)N(C[C@@]1(C#Cc3ccc(C4(C)NC(=O)NC4=O)c(F)c3)NC(=O)NC1=O)C2,243.0,-2.385606273598312,0,test
COc1ccc2c(c1)C(=O)N(C[C@@]1(C#Cc3ccc(CC(N)=O)cc3)NC(=O)NC1=O)C2,138.99999999999997,-2.143014800254095,1,test
COC(=O)Cc1ccc(C#C[C@]2(CN3Cc4ccc(OC)cc4C3=O)NC(=O)NC2=O)cc1,378.99999999999983,-2.578639209968072,0,train
COc1ccc2c(c1)C(=O)N(CC1(C#Cc3cccnc3N3CCN(C)CC3)NC(=O)NC1=O)C2,1230.9999999999995,-3.090258052931316,0,train
COc1ccc2c(c1)C(=O)N(CC1(C#Cc3cccnc3NCCN(C)C)NC(=O)NC1=O)C2,1996.0,-3.3001605369513523,0,train
COc1ccc2c(c1)C(=O)N(C[C@@]1(C#Cc3cccnc3N3CCOCC3)NC(=O)NC1=O)C2,633.0000000000002,-2.801403710017355,0,test
COc1ccc2c(c1)C(=O)N(C[C@@]1(C#Cc3ccc(NCCN(C)C)nc3)NC(=O)NC1=O)C2,418.99999999999983,-2.622214022966295,0,train
COc1ccc2c(c1)C(=O)N(C[C@@]1(C#Cc3cccnc3-c3cncnc3)NC(=O)NC1=O)C2,1593.0000000000002,-3.202215775801132,0,train
COc1ccc2c(c1)C(=O)N(C[C@@]1(C#Cc3cccnc3-c3ccncc3)NC(=O)NC1=O)C2,2264.9999999999995,-3.3550682063488506,0,train
COc1ccc2c(c1)C(=O)N(C[C@@]1(C#Cc3ccc(-c4cn[nH]c4)nc3)NC(=O)NC1=O)C2,371.99999999999983,-2.5705429398818973,1,train
COc1ccc2c(c1)C(=O)N(C[C@@]1(C#Cc3ccc(C(N=O)N4CCNC[C@@H]4C)cc3)NC(=O)NC1=O)C2,83.99999999999999,-1.9242792860618816,0,test
COc1ccc2c(c1)C(=O)N(C[C@@]1(C#Cc3ccc(C(N=O)N4[C@H](C)CNC[C@@H]4C)cc3)NC(=O)NC1=O)C2,326.99999999999994,-2.514547752660286,0,train
COc1ccc2c(c1)C(=O)N(C[C@@]1(C#Cc3ccc(N4CCCCC4=O)cc3)NC(=O)NC1=O)C2,1394.000000000001,-3.144262773761991,1,train
COc1ccc2c(c1)C(=O)N(C[C@@]1(C#Cc3ccc(-c4cn[nH]c4N)cc3)NC(=O)NC1=O)C2,236.00000000000009,-2.3729120029701067,1,train
COc1ccc2c(c1)C(=O)N(CC1(C#Cc3ccc(/N=C(\NC#N)NC4CC4)cc3)NC(=O)NC1=O)C2,268.00000000000006,-2.428134794028789,0,train
COc1ccc2c(c1)C(=O)N(CC1(C#Cc3cnc(N4CCC5(CC4)NC(=O)NC5=O)nc3N)NC(=O)NC1=O)C2,557.0,-2.745855195173729,0,test
COc1ccc2c(c1)C(=O)N(C[C@@]1(C#Cc3ccc(N4CCC5(CC4)NC(=O)NC5=O)nc3)NC(=O)NC1=O)C2,347.70000000000016,-2.5412046906832586,0,train
COc1ccc2c(c1)C(=O)N(C[C@@]1(C#Cc3ccc4c(c3)CCCC43NC(=O)NC3=O)NC(=O)NC1=O)C2,136.99999999999997,-2.1367205671564067,0,test
CCN1CCN(C(N=O)c2ccc(C#C[C@]3(CN4CCc5cc(OC)ccc5C4=O)NC(=O)NC3=O)cc2)CC1,334.99999999999994,-2.525044807036845,1,train
COc1ccc2c(c1)CCN(C[C@@]1(C#Cc3ccc(/C(=N/O)N4CCCN(C)CC4)cc3)NC(=O)NC1=O)C2=O,639.0000000000001,-2.8055008581584,1,test
COc1ccc2c(c1)C(=O)N(C[C@@]1(C#Cc3cccnc3)NC(=O)NC1=O)CC2,10000.999999999998,-4.000043427276863,1,train
CCCCCCCCCCCCCCO[C@H]1[C@@H](OC)O[C@H](C[N+](C)(C)C2CCCC2)[C@@H](O)[C@@H]1OCCCCCCCCCCCCCC,6000.000000000003,-3.778151250383644,0,test
COC1C(COC(=O)CCC(=O)OC[C@H](NC(=O)OCC2c3ccccc3-c3ccccc32)C(=O)O)OC(O)[C@H](OCc2ccccc2)[C@H]1OCc1ccccc1,46000.00000000003,-4.662757831681574,0,train
CCCCCCCCCCCCCCO[C@H]1C(O)O[C@H](COC(=O)CCC(=O)OC[C@H](NC(=O)OCC2c3ccccc3-c3ccccc32)C(=O)O)C(OC)[C@@H]1OCCCCCCCCCCCCCC,3000.0000000000014,-3.4771212547196626,0,train
CCCCCCCCCCCCCCO[C@@H]1[C@@H](OCCCCCCCCCCCCCC)[C@@H](OC)O[C@H](COC(=O)CCC(=O)OC[C@H](NC(=O)OCC2c3ccccc3-c3ccccc32)C(=O)O)[C@H]1OC,500.0,-2.6989700043360187,0,test
CCn1c(=O)c2cnc3c(OC)cccc3c2n(C2CCCC2)c1=O,179.99999999999997,-2.255272505103306,1,train
CCn1c(=O)c2cnc3c(OC)cccc3c2n(-c2ccc(OC)c(OC)c2)c1=O,14200.000000000007,-4.152288344383057,0,train
COc1cccc2c1ncc1c(=O)n(C(C)C)c(=O)n(C3CCCC3)c12,270.00000000000006,-2.431363764158988,0,train
COc1cccc2c1ncc1c(=O)n(-c3cccs3)c(=O)n(C3CCCC3)c12,410.0,-2.6127838567197355,1,train
CCCn1c(=O)n(CC)c(=O)c2cnc3c(OC)cccc3c21,679.9999999999998,-2.832508912706236,0,train
CCCCn1c(=O)n(CC)c(=O)c2cnc3c(OC)cccc3c21,389.9999999999999,-2.591064607026499,0,train
CCn1c(=O)c2cnc3c(OC)cccc3c2n(CC(C)C)c1=O,1099.9999999999998,-3.041392685158225,1,train
CCn1c(=O)c2cnc3c(OC)cc(Cl)cc3c2n(C2CCCC2)c1=O,3500.0000000000005,-3.544068044350276,1,train
CCn1c(=O)c2cnc3c(OC)cc(F)cc3c2n(C2CCCC2)c1=O,919.9999999999995,-2.963787827345555,0,train
CCn1c(=O)c2cnc3c(Cl)cccc3c2n(C2CCCC2)c1=O,2499.9999999999995,-3.397940008672037,1,train
CCCc1cccc2c1ncc1c(=O)n(CC)c(=O)n(C3CCCC3)c12,2599.999999999998,-3.4149733479708178,0,train
CCn1c(=O)c2cnc3c(C(C)C)cccc3c2n(C2CCCC2)c1=O,20000.000000000004,-4.301029995663981,1,train
CCn1c(=O)c2cnc3c(OC(F)(F)F)cccc3c2n(C2CCCC2)c1=O,3600.0,-3.5563025007672877,0,test
CCn1c(=O)c2cnc3c(OC)cccc3c2n(C(C)C)c1=O,20000.000000000004,-4.301029995663981,1,train
CCC(C)n1c(=O)c2cnc3c(OC)cccc3c2n(C2CCCC2)c1=O,449.99999999999983,-2.6532125137753435,0,test
COc1cccc2c1ncc1c(=O)n(-c3ccccc3)c(=O)n(C3CCCC3)c12,1300.0000000000005,-3.113943352306837,1,train
CCn1c(=O)c2cnc3c(C)cccc3c2n(C2CCCC2)c1=O,500.0,-2.6989700043360187,1,train
CCn1c(=O)c2cnc3c(OC)cccc3c2n(C2CCC(C)CC2)c1=O,200.00000000000003,-2.3010299956639813,0,train
CCOC(=O)Cn1c(=O)c2cnc3c(OC)cccc3c2n(C2CCCC2)c1=O,1000.0,-3.0,0,train
CCn1c(=O)c2cnc3c(OC)cccc3c2n(CCCF)c1=O,899.9999999999998,-2.9542425094393248,1,test
COc1cccc2c1ncc1c(=O)n(C)c(=O)n(C3CCCC3)c12,1400.0000000000005,-3.146128035678238,0,test
COc1cccc2c1ncc1c(=O)n(-c3cc(C)cs3)c(=O)n(C3CCCC3)c12,30.0,-1.4771212547196624,1,train
COc1cccc2c1ncc1c(=O)n(-c3cccc(C)c3)c(=O)n(C3CCCC3)c12,6.0,-0.7781512503836436,1,train
COc1cccc2c1ncc1c(=O)n(-c3ccc(C)cc3)c(=O)n(C3CCCC3)c12,162.99999999999994,-2.2121876044039577,1,train
COc1cccc2c1ncc1c(=O)n(-c3cccc(Cl)c3)c(=O)n(C3CCC(C)CC3)c12,4.0,-0.6020599913279624,0,train
COc1cccc2c1ncc1c(=O)n(-c3cccc(Cl)c3)c(=O)n(C3CCCC3)c12,9.0,-0.9542425094393248,1,train
CCc1cccc(-n2c(=O)c3cnc4c(OC)cccc4c3n(C3CCCC3)c2=O)c1,6.0,-0.7781512503836436,1,test
COc1cccc2c1ncc1c(=O)n(-c3cccc(C)c3)c(=O)n(C3CCC(C)CC3)c12,1.0,-0.0,1,test
CCCCn1c(=O)n(-c2cccc(C)c2)c(=O)c2cnc3c(OC)cccc3c21,1.0,-0.0,0,train
COc1cccc2c1ncc1c(=O)n(-c3ccc4c(c3)OCO4)c(=O)n(C3CCCC3)c12,2.0,-0.3010299956639812,1,train
COc1cccc2c1ncc1c(=O)n(-c3cccc(Cl)c3)c(=O)n(C3CCC(F)(F)CC3)c12,2.0,-0.3010299956639812,0,train
COc1cccc2c1ncc1c(=O)n(-c3cccc(Cl)c3)c(=O)n(C3CCN(C(=O)OC(C)(C)C)CC3)c12,1.0,-0.0,0,test
COc1cccc2c1ncc1c(=O)n(-c3cccc(Cl)c3)c(=O)n(C3CCNCC3)c12,5.000000000000001,-0.6989700043360189,1,train
COc1cccc2c1ncc1c(=O)n(-c3cccc(Cl)c3)c(=O)n(C3CCN(C(C)=O)CC3)c12,2.0,-0.3010299956639812,0,train
COc1cccc2c1ncc1c(=O)n(-c3cccc(Cl)c3)c(=O)n(C3CCN(C(=O)c4ccccc4)CC3)c12,1.0,-0.0,0,train
COc1cccc2c1ncc1c(=O)n(-c3cccc(Cl)c3)c(=O)n(C3CCN(S(C)(=O)=O)CC3)c12,2.4,-0.380211241711606,0,train
COc1cccc2c1ncc1c(=O)n(-c3cccc(Cl)c3)c(=O)n(C3CCN(S(=O)(=O)C(C)C)CC3)c12,0.4,0.3979400086720376,0,train
COc1cccc2c1ncc1c(=O)n(-c3cccc(Cl)c3)c(=O)n(C3CCN(S(=O)(=O)N(C)C)CC3)c12,0.4,0.3979400086720376,0,test
COc1cccc2c1ncc1c(=O)n(-c3cccc(Cl)c3)c(=O)n(C3CCN(S(=O)(=O)c4ccccc4)CC3)c12,1.0,-0.0,0,test
COc1cccc2c1ncc1c(=O)n(-c3cccc(Cl)c3)c(=O)n(C3CCN(S(=O)(=O)C4CCS(=O)(=O)C4)CC3)c12,0.4,0.3979400086720376,0,train
CCNC(=O)N1CCC(n2c(=O)n(-c3cccc(Cl)c3)c(=O)c3cnc4c(OC)cccc4c32)CC1,0.6,0.2218487496163563,1,test
COc1cccc2c1ncc1c(=O)n(-c3cccc(Cl)c3)c(=O)n(C3CCN(C(=O)NC(C)C)CC3)c12,0.2999999999999999,0.5228787452803376,0,train
COc1cccc2c1ncc1c(=O)n(-c3ccccc3Cl)c(=O)n(C3CCC(C)CC3)c12,20.000000000000004,-1.3010299956639813,1,train
COc1cccc2c1ncc1c(=O)n(-c3ccc(Cl)cc3)c(=O)n(C3CCC(C)CC3)c12,0.9,0.0457574905606751,1,train
COc1cccc2c1ncc1c(=O)n(-c3cccc(Cl)c3)c(=O)n(C3CCC(C(=O)O)CC3)c12,1.0,-0.0,0,train
COc1cccc2c1ncc1c(=O)n(-c3cccc(Cl)c3)c(=O)n(C3CCCCC3)c12,4.0,-0.6020599913279624,1,train
COc1cccc2c1ncc1c(=O)n(-c3ccc4c(c3)OCO4)c(=O)n(C3CCN(C(=O)OC(C)(C)C)CC3)c12,1.0,-0.0,0,train
COc1cccc2c1ncc1c(=O)n(-c3ccc4c(c3)OCO4)c(=O)n(C3CCNCC3)c12,449.99999999999983,-2.6532125137753435,1,train
COc1cccc2c1ncc1c(=O)n(-c3ccc4c(c3)OCO4)c(=O)n(C3CCN(S(C)(=O)=O)CC3)c12,7.999999999999999,-0.9030899869919436,0,train
COc1cccc2c1ncc1c(=O)n(-c3cccc(C#N)c3)c(=O)n(C3CCCC3)c12,123.00000000000004,-2.089905111439398,1,test
COc1cccc2c1ncc1c(=O)n(-c3cccc(SC)c3)c(=O)n(C3CCCC3)c12,74.00000000000001,-1.869231719730976,1,train
COc1cccc2c1ncc1c(=O)n(-c3cccc(S(C)(=O)=O)c3)c(=O)n(C3CCCC3)c12,280.0000000000001,-2.4471580313422194,0,train
COc1cccc2c1ncc1c(=O)n(-c3ccc4c(c3)OCCO4)c(=O)n(C3CCCC3)c12,239.99999999999997,-2.380211241711606,1,train
COC(=O)N1CCC(n2c(=O)n(-c3cccc(Cl)c3)c(=O)c3cnc4c(OC)cccc4c32)CC1,49999.99999999999,-4.698970004336019,1,test
COc1cccc2c1ncc1c(=O)n(-c3cccc(Cl)c3)c(=O)n(CC3CCN(S(C)(=O)=O)CC3)c12,2.0,-0.3010299956639812,0,train
COc1cccc2c1ncc1c(=O)n(-c3cccc(Cl)c3)c(=O)n(C3CCC(NS(C)(=O)=O)CC3)c12,6.0,-0.7781512503836436,0,train
COc1c(O)cc2c(c1O)[C@@H]1O[C@H](CO)[C@@H](O)[C@H](O)[C@H]1OC2=O,12499.999999999996,-4.096910013008056,0,train
O=C1/C(=C/c2ccncc2)Cc2ccccc21,5750.000000000001,-3.759667844689631,0,train
CS(=O)(=O)c1ccc(-c2ccc3ncc(S(=O)(=O)N4CCN(Cc5ccccc5)CC4)n3n2)cc1,12000.000000000007,-4.079181246047625,0,train
O=S(=O)(c1cnc2ccc(-c3cccnc3)nn12)N1CCN(c2ccccn2)CC1,11000.000000000007,-4.041392685158225,0,train
O=S(=O)(c1cnc2ccc(-c3cncc(F)c3)nn12)N1CCN(c2ccccn2)CC1,28000.00000000001,-4.447158031342219,0,train
O=S(=O)(c1cnc2ccc(-c3cncc(C(F)(F)F)c3)nn12)N1CCN(c2ccccn2)CC1,11000.000000000007,-4.041392685158225,0,train
Nc1ncc(-c2ccc3ncc(S(=O)(=O)N4CCN(c5ccccn5)CC4)n3n2)cc1C(F)(F)F,11000.000000000007,-4.041392685158225,0,train
CS(=O)(=O)c1ccc(-c2ccc3ncc(S(=O)(=O)N4CCN(c5ccccn5)CC4)n3n2)cc1,12000.000000000007,-4.079181246047625,0,train
N#CC1(c2ccccc2)CCN(S(=O)(=O)c2cnc3ccc(-c4cccnc4)nn23)CC1,7000.000000000002,-3.845098040014257,0,test
N#CC1(c2ccccc2)CCN(S(=O)(=O)c2cnc3ccc(-c4cncc(C(F)(F)F)c4)nn23)CC1,20000.000000000004,-4.301029995663981,0,train
CS(=O)(=O)c1ccc(-c2ccc3ncc(S(=O)(=O)N4CCC(C#N)(c5ccccc5)CC4)n3n2)cc1,8000.000000000004,-3.903089986991944,0,train
COc1ccc(-c2ccc3ncc(S(=O)(=O)N4CCC(C#N)(c5ccccc5)CC4)n3n2)cc1OC,500.0,-2.6989700043360187,0,train
COc1cccc(CNS(=O)(=O)c2cnc3ccc(-c4cccnc4)nn23)c1,300.0000000000001,-2.4771212547196626,1,train
COc1cccc(CNS(=O)(=O)c2cnc3ccc(-c4cncc(F)c4)nn23)c1,6000.000000000003,-3.778151250383644,1,train
COc1cccc(CNS(=O)(=O)c2cnc3ccc(-c4ccc(S(C)(=O)=O)cc4)nn23)c1,28000.00000000001,-4.447158031342219,0,train
O=S(=O)(NCC1CCCO1)c1cnc2ccc(-c3cccnc3)nn12,4000.000000000001,-3.6020599913279625,0,test
O=S(=O)(NCC1CCCO1)c1cnc2ccc(-c3cncc(F)c3)nn12,4000.000000000001,-3.6020599913279625,0,train
COc1ccc(-c2ccc3ncc(S(=O)(=O)NCC4CCCO4)n3n2)cn1,6000.000000000003,-3.778151250383644,0,train
COc1ccc(-c2ccc3ncc(S(=O)(=O)NCC4CCCO4)n3n2)cc1,4000.000000000001,-3.6020599913279625,0,train
O=S(=O)(c1cnc2ccc(-c3cccnc3)nn12)N1CCN(Cc2ccccc2)CC1,18000.000000000015,-4.2552725051033065,0,train
CCN1CCN(S(=O)(=O)c2cnc3ccc(-c4ccc(S(C)(=O)=O)cc4)nn23)CC1,15000.000000000004,-4.176091259055681,0,test
CCN1CCN(S(=O)(=O)c2cnc3ccc(-c4ccc(OC)cc4)nn23)CC1,20000.000000000004,-4.301029995663981,0,train
CCN1CCN(S(=O)(=O)c2cnc3ccc(-c4ccc(OC)nc4)nn23)CC1,20000.000000000004,-4.301029995663981,0,test
CCN1CCN(S(=O)(=O)c2cnc3ccc(-c4cncc(C(F)(F)F)c4)nn23)CC1,8999.999999999998,-3.9542425094393248,0,train
CCN1CCN(S(=O)(=O)c2cnc3ccc(-c4cccnc4)nn23)CC1,15000.000000000004,-4.176091259055681,0,train
Nc1ncc(-c2ccc3ncc(S(N)(=O)=O)n3n2)cc1C(F)(F)F,4000.000000000001,-3.6020599913279625,0,train
N#CC1(c2ccccc2)CCN(S(=O)(=O)c2cnc3ccc(Cl)nn23)CC1,24999.999999999996,-4.3979400086720375,0,train
O=S(=O)(c1cnc2ccc(Cl)nn12)N1CCN(Cc2ccccc2)CC1,30000.00000000001,-4.477121254719663,0,train
O=S(=O)(c1cnc2ccc(Cl)nn12)N1CCN(c2ccccc2)CC1,30000.00000000001,-4.477121254719663,0,test
O=S(=O)(NCC1CCCO1)c1cnc2ccc(Cl)nn12,30000.00000000001,-4.477121254719663,0,test
NS(=O)(=O)c1cnc2ccc(Cl)nn12,28000.00000000001,-4.447158031342219,0,train
Cc1nc(Nc2nnc(-c3ccccc3)s2)c(C)c(C)c1O,290.0,-2.462397997898956,0,train
Nc1ccc(O)c(C(=O)O)c1,20000.000000000004,-4.301029995663981,0,test
Cc1nc(Nc2cnc3ccccc3c2)c(C)c(C)c1O,540.0000000000001,-2.7323937598229686,0,train
Cc1nc(Nc2ccc(Cl)nc2)c(C)c(C)c1O,360.0,-2.5563025007672877,0,train
O=C1C[C@H](Nc2ncnc3[nH]cnc23)CN1Cc1ccccc1,109.00000000000004,-2.037426497940624,0,train
Cc1ccc(C)c(Nc2ccnc3ccc(-c4ccc(C#N)nc4)cc23)c1,428.00000000000017,-2.631443769013172,0,train
CC(C)(O)c1ncc(-c2ccc3ncc(Cl)c(NCc4ccccc4)c3c2)cn1,82.0,-1.9138138523837167,0,train
C[C@H](Nc1c(Cl)cnc2ccc(-c3cnc(C(C)(C)O)nc3)cc12)c1ccccc1,943.0000000000005,-2.9745116927373285,1,test
CC(Nc1c(Cl)cnc2ccc(-c3cnc(C(C)(C)O)nc3)cc12)c1ccccn1,264.0000000000001,-2.4216039268698317,0,train
C[C@@H](Nc1c(Cl)cnc2ccc(-c3cnc(C(C)(C)O)nc3)cc12)c1cc(C#N)ccc1F,48.50000000000001,-1.6857417386022635,0,train
C[C@@H](Nc1c(Cl)cnc2ccc(-c3cnc(C(C)(C)O)nc3)cc12)c1cc(N)ccc1F,38.99999999999999,-1.591064607026499,1,test
C[C@@H](Nc1ccnc2ccc(-c3cnc(C(C)(C)O)nc3)cc12)c1cc(N2CCCC2)ccc1F,15125.000000000016,-4.179695383324507,0,train
C[C@@H](Nc1c(Cl)cnc2ccc(-c3ccc(C(C)(C)O)cc3)cc12)c1ccccc1F,56.00000000000001,-1.7481880270062005,1,train
CC(Nc1c(Cl)cnc2c(Cl)cc(-c3cnc(C(C)(C)O)nc3)cc12)c1ccccc1F,106.00000000000004,-2.0253058652647704,0,train
CC(Nc1c(Cl)cnc2cc(F)c(-c3cnc(C(C)(C)O)nc3)cc12)c1ccccc1F,56.00000000000001,-1.7481880270062005,0,test
CC(Nc1c(Cl)cnc2cnc(-c3cnc(C(C)(C)O)nc3)cc12)c1ccccc1F,400.0000000000001,-2.6020599913279625,0,test
CC(Nc1c(Cl)cnc2ncc(-c3cnc(C(C)(C)O)nc3)cc12)c1ccccc1F,207.00000000000003,-2.315970345456918,0,train
Cc1nc2cc(F)c(-c3cnc(C(C)(C)O)nc3)nc2c(N[C@H](C)c2cc(C#N)ccc2F)c1Cl,27.333333333333325,-1.436692597664054,0,train
Cc1ccc(C)c(Cn2c(C(O)c3ccncc3)nc3ccc(-c4cnn(C)c4)cc32)c1,202.00000000000009,-2.305351369446624,0,train
Cc1ccc(C)c(Nc2c(Cl)cnc3ccc(-c4cnc(C(C)(C)O)nc4)cc23)c1,105.00000000000004,-2.0211892990699383,0,test
Cc1ccc(C)c(Nc2c(C)cnc3ccc(-c4cnc(C(C)(C)O)nc4)cc23)c1,107.0,-2.0293837776852097,0,train
C[C@@H](Nc1c(Cl)cnc2ccc(-c3cnc(N4CCN(CC(=O)O)CC4)nc3)cc12)c1ccccc1F,115.00000000000004,-2.060697840353612,0,train
c1ccc(-c2cccc3ccncc23)cc1,25299.999999999975,-4.4031205211758175,0,train
N#CCc1ccc(-c2cccc3ccncc23)cc1,7959.999999999997,-3.900913067737669,0,train
c1ccc(-c2cccc3ccncc23)c(OCCc2ccc(-c3cccc4ccncc34)cc2)c1,1350.0,-3.130333768495006,0,test
CN1CCN(Cc2ccc(-c3c[nH]c4ccncc34)c(OCCc3ccc(-c4cccc5ccncc45)cc3)c2)CC1,29.0,-1.462397997898956,0,train
c1ccc(Cn2cnc3ccccc32)cc1,203999.9999999998,-5.309630167425898,0,train
CC1(C)C(=O)c2ccccc2N1Cc1ccccc1OC(F)F,5300.000000000001,-3.724275869600789,0,train
C[C@@H]1CN(c2ncc(-c3ccc4c(c3)N(Cc3ccccc3OC(F)F)C(C)(C)C4=O)cn2)CCN1C(=O)CO,189.00000000000009,-2.2764618041732443,0,test
C[C@@H]1CN(c2ncc(-c3ccc4c(c3)N(Cc3cccnc3C#N)C(C)(C)C4=O)cn2)CCN1C(=O)CO,162.99999999999994,-2.2121876044039577,0,train
CC1(C)C(=O)c2ccc(-c3cnc(N4CCN5C(=O)NC[C@@H]5C4)nc3)cc2N1Cc1cccnc1C#N,70.99999999999999,-1.8512583487190752,0,train
Cc1c(-c2ccc(NC(=O)c3c(F)cccc3F)cc2)cccc1-c1nn(C)c(=O)o1,694.4999999999998,-2.841672250073634,0,test
