smiles,exp_mean [nM],y,cliff_mol,split
COc1ccccc1N1CCN(C(=O)/C=C/c2noc(-c3cc(Cl)c(O)cc3O)c2-c2ccc(O)cc2)CC1,1126.0000000000002,-3.0515383905153275,0,train
OC1(C(F)(F)F)c2ccccc2-c2ncccc21,2208.000000000001,-3.343999069057161,0,train
Cc1cccc2c1-c1ccccc1C2(O)C(F)(F)F,2285.9999999999995,-3.359076226059263,1,train
Cc1ccc2c(c1)C(O)(C(F)(F)F)c1ccccc1-2,1567.000000000001,-3.1950689964685903,1,test
OC1(C(F)(F)F)c2ccccc2-c2ccc(F)cc21,2291.9999999999995,-3.3602146132953523,0,test
OC1(C(F)(F)F)c2ccccc2-c2ccc(Cl)cc21,1169.0000000000002,-3.06781451116184,1,train
OC1(C(F)(F)F)c2ccccc2-c2c(Cl)cccc21,2294.0,-3.360593413565249,0,train
OC1(C(F)(F)F)c2ccccc2-c2ccc(Br)cc21,1435.0,-3.156851901070011,1,train
OC1(C(F)(F)F)c2ccccc2-c2cccc(Cl)c21,45643.000000000015,-4.659374181772188,1,train
OC1(C(F)(F)F)c2ccccc2-c2cc(Cl)ccc21,20040.00000000001,-4.301897717195208,1,train
Cc1ccc2c(c1)-c1ccccc1C2(O)C(F)(F)F,30793.000000000004,-4.48845200199112,1,train
OC1(C(F)(F)F)c2ccccc2-c2c(F)cccc21,6791.999999999998,-3.831997677235896,0,train
OC1(C(F)(F)F)c2ccccc2-c2cc(F)ccc21,5494.999999999998,-3.739967696759509,0,train
OC1(C(F)(F)F)c2ccccc2-c2cccc(F)c21,15876.000000000002,-4.200741090235126,0,train
OC1(C(F)(F)F)c2cc(Cl)ccc2-c2ccc(Cl)cc21,56573.99999999996,-4.752616886120886,0,train
Cc1cccc2c1-c1ncccc1C2(O)C(F)(F)F,16312.000000000007,-4.212507212770084,1,train
Cc1ccc2c(c1)C(O)(C(F)(F)F)c1cccnc1-2,19303.000000000004,-4.285624810675952,1,train
Cc1ccc2c(c1)C(O)(C(F)(F)F)c1cccc(C)c1-2,13870.999999999998,-4.142107771731307,0,train
Cc1cc(C)c2c(c1)C(O)(C(F)(F)F)c1ccccc1-2,457.0000000000002,-2.6599162000698504,0,train
Nc1cccc2c1-c1ccccc1C2(O)C(F)(F)F,3496.999999999998,-3.543695632309245,1,train
OC1(C(F)(F)F)c2ccccc2-c2c(Cl)cc(Cl)cc21,301.99999999999994,-2.4800069429571505,0,train
CC(=O)Nc1ccc2c(c1)C(O)(C(F)(F)F)c1ccccc1-2,16691.00000000001,-4.222482357138912,1,train
COC(=O)c1ccc2c(c1)C(O)(C(F)(F)F)c1ccccc1-2,571.0000000000001,-2.756636108245848,1,test
CCc1cccc2c1-c1ccccc1C2(O)C(F)(F)F,30863.000000000025,-4.48943813884058,1,train
Nc1ccc2c(c1)-c1ccccc1C2(O)C(F)(F)F,17596.000000000004,-4.245413953304825,0,train
COC(=O)c1cccc2c1-c1ccccc1C2(O)C(F)(F)F,847.9999999999998,-2.9283958522567137,1,train
CC(=O)Nc1ccc2c(c1)-c1ccccc1C2(O)C(F)(F)F,2814.9999999999995,-3.449478399187365,1,train
NC(=O)c1ccc2c(c1)C(O)(C(F)(F)F)c1ccccc1-2,5739.000000000002,-3.7588362247469584,1,train
CNC(=O)c1ccc2c(c1)C(O)(C(F)(F)F)c1ccccc1-2,8609.0,-3.934952707817858,1,train
CN(C)C(=O)c1ccc2c(c1)C(O)(C(F)(F)F)c1ccccc1-2,1353.0,-3.131297796597623,1,train
NC(=O)c1cccc2c1-c1ccccc1C2(O)C(F)(F)F,1814.0,-3.2586372827240764,1,train
CNC(=O)c1cccc2c1-c1ccccc1C2(O)C(F)(F)F,33180.99999999998,-4.520889470535162,1,train
OC1(C(F)(F)F)c2ccccc2-c2ncc(Cl)cc21,625.9999999999999,-2.7965743332104296,1,train
COc1ccc2c(c1)C(O)(C(F)(F)F)c1ccccc1-2,3959.000000000001,-3.5975855017522047,0,train
Oc1ccc2c(c1)C(O)(C(F)(F)F)c1ccccc1-2,12021.999999999993,-4.079976723632598,1,train
CCc1ccc2c(c1)C(O)(C(F)(F)F)c1ccccc1-2,4521.999999999998,-3.6553305580093407,0,train
COC(=O)c1ccc2c(c1)-c1ccccc1C2(O)C(F)(F)F,2469.000000000001,-3.3925210899319325,1,train
O=C(O)c1ccc2c(c1)-c1ccccc1C2(O)C(F)(F)F,68593.00000000006,-4.83627979768213,1,test
NC(=O)c1ccc2c(c1)-c1ccccc1C2(O)C(F)(F)F,5563.999999999999,-3.7453871213200087,1,train
CNC(=O)c1ccc2c(c1)-c1ccccc1C2(O)C(F)(F)F,3919.999999999999,-3.593286067020457,1,train
COC(=O)c1cc(C)c2c(c1)C(O)(C(F)(F)F)c1ccccc1-2,247.00000000000003,-2.392696953259666,1,train
COc1cccc2c1-c1ccccc1C2(O)C(F)(F)F,6486.0,-3.811976944336954,1,train
COc1ccc2c(c1)-c1ccccc1C2(O)C(F)(F)F,4909.000000000002,-3.6909930320998696,0,train
CCOC(=O)c1cccc2c1-c1ccccc1C2(O)C(F)(F)F,639.0000000000001,-2.8055008581584,1,train
N#Cc1cccc2c1-c1ccccc1C2(O)C(F)(F)F,1786.9999999999995,-3.252124552505644,1,train
COC(=O)c1cc(C(=O)OC)c2c(c1)C(O)(C(F)(F)F)c1ccccc1-2,100.0,-2.0,0,test
CCN(C)C(=O)c1ccc2c(c1)C(O)(C(F)(F)F)c1ccccc1-2,2590.0000000000005,-3.413299764081252,0,train
O=C(c1ccc2c(c1)C(O)(C(F)(F)F)c1ccccc1-2)N1CCCCC1,4009.999999999999,-3.603144372620182,1,train
O=C(c1ccc2c(c1)C(O)(C(F)(F)F)c1ccccc1-2)N1CCCC1,566.9999999999998,-2.7535830588929064,1,train
CCN(CC)C(=O)c1ccc2c(c1)C(O)(C(F)(F)F)c1ccccc1-2,21913.00000000001,-4.340701838731677,1,train
Nc1ccc2c(c1)C(O)(C(F)(F)F)c1ccccc1-2,19786.000000000007,-4.296358004741391,1,train
CN(C(=O)c1ccc2c(c1)C(O)(C(F)(F)F)c1ccccc1-2)C1CCC1,5620.999999999999,-3.7498135852929377,0,train
O=C(c1ccc2c(c1)C(O)(C(F)(F)F)c1ccccc1-2)N1CCC1,194.99999999999991,-2.290034611362518,1,train
CCCOC(=O)c1cccc2c1-c1ccccc1C2(O)C(F)(F)F,771.9999999999997,-2.887617300335736,1,train
CC(C)OC(=O)c1cccc2c1-c1ccccc1C2(O)C(F)(F)F,2037.000000000001,-3.3089910290001643,1,train
Oc1ccc2c(c1)-c1ccccc1C2(O)C(F)(F)F,15728.0,-4.19667350048806,0,train
Oc1cccc2c1-c1ccccc1C2(O)C(F)(F)F,8484.0,-3.928600659844524,0,train
OC1(C(F)(F)F)c2ccccc2-c2c(C(F)(F)F)cccc21,17962.999999999993,-4.254378869894893,0,train
CCOc1cccc2c1-c1ccccc1C2(O)C(F)(F)F,66305.00000000006,-4.821546279393206,1,test
CCOc1ccc2c(c1)-c1ccccc1C2(O)C(F)(F)F,4198.999999999998,-3.62314587463794,1,test
CC(=O)c1cccc2c1-c1ccccc1C2(O)C(F)(F)F,624.0000000000002,-2.795184589682424,1,train
OCc1ccc2c(c1)C(O)(C(F)(F)F)c1ccccc1-2,16014.999999999996,-4.20452694299984,1,train
CCCc1ccc2c(c1)C(O)(C(F)(F)F)c1ccccc1-2,2213.0000000000005,-3.344981413927258,1,train
CC(C)c1ccc2c(c1)C(O)(C(F)(F)F)c1ccccc1-2,10220.000000000004,-4.009450895798694,1,train
CCNC(=O)c1ccc2c(c1)-c1ccccc1C2(O)C(F)(F)F,4423.999999999998,-3.6458151182966416,1,train
CC(C)NC(=O)c1ccc2c(c1)-c1ccccc1C2(O)C(F)(F)F,4813.999999999999,-3.682506085939011,0,test
OCc1cccc2c1-c1ccccc1C2(O)C(F)(F)F,3317.0000000000005,-3.5207454715194824,1,train
COCc1ccc2c(c1)C(O)(C(F)(F)F)c1ccccc1-2,6782.999999999998,-3.831421817065022,1,train
CC(=O)c1ccc2c(c1)C(O)(C(F)(F)F)c1ccccc1-2,1753.999999999999,-3.244029589030021,0,test
CC1CCCN1C(=O)c1ccc2c(c1)C(O)(C(F)(F)F)c1ccccc1-2,2497.000000000001,-3.397418542351348,0,train
O=C(c1ccc2c(c1)C(O)(C(F)(F)F)c1ccccc1-2)N1CC1,1358.0000000000002,-3.132899769944483,1,train
O=C(c1ccc2c(c1)C(O)(C(F)(F)F)c1ccccc1-2)N1CC(O)C1,695.9999999999998,-2.842609239610562,0,train
CN(C)c1ccc2c(c1)C(O)(C(F)(F)F)c1ccccc1-2,8245.0,-3.9161906599805376,1,train
CCC(=O)c1cccc2c1-c1ccccc1C2(O)C(F)(F)F,2761.999999999999,-3.4412236742426123,1,train
COCc1cccc2c1-c1ccccc1C2(O)C(F)(F)F,67348.00000000004,-4.8283247032236565,1,train
O=C(c1cccc2c1-c1ccccc1C2(O)C(F)(F)F)C1CC1,1141.0,-3.0572856444182146,0,train
CN(C)c1cccc2c1-c1ccccc1C2(O)C(F)(F)F,42066.00000000004,-4.623931217495533,1,train
CNc1cccc2c1-c1ccccc1C2(O)C(F)(F)F,23098.999999999996,-4.36359317885827,1,test
COC1CN(C(=O)c2ccc3c(c2)C(O)(C(F)(F)F)c2ccccc2-3)C1,377.9999999999998,-2.577491799837225,1,test
O=C(c1ccc2c(c1)C(O)(C(F)(F)F)c1ccccc1-2)N1CC(CO)C1,669.0000000000002,-2.8254261177678237,0,train
CC1CN(C(=O)c2ccc3c(c2)C(O)(C(F)(F)F)c2ccccc2-3)C1,2526.0000000000014,-3.402433346219312,0,train
CCOc1ccc2c(c1)C(O)(C(F)(F)F)c1ccccc1-2,2147.0000000000005,-3.331832044436249,1,test
CC1CCN1C(=O)c1ccc2c(c1)C(O)(C(F)(F)F)c1ccccc1-2,474.00000000000017,-2.675778341674085,1,train
OC1(C(F)(F)F)c2ccccc2-c2c(-c3cnco3)cccc21,405.00000000000017,-2.6074550232146687,0,test
CC(C)C(=O)c1cccc2c1-c1ccccc1C2(O)C(F)(F)F,29507.0,-4.469925056681388,1,train
O=C(c1cc(Cl)c2c(c1)C(O)(C(F)(F)F)c1ccccc1-2)N1CCC1,48.99999999999999,-1.6901960800285136,1,train
CNc1ccc2c(c1)C(O)(C(F)(F)F)c1ccccc1-2,7831.000000000001,-3.893817223967463,1,train
CC(=O)N(C)c1ccc2c(c1)C(O)(C(F)(F)F)c1ccccc1-2,6568.000000000002,-3.817433144111385,1,test
OC1(C(F)(F)F)c2ccccc2-c2ccc(-c3ccccc3)cc21,849.0000000000002,-2.928907690243953,0,train
O=C(c1ccccc1)c1ccc2c(c1)C(O)(C(F)(F)F)c1ccccc1-2,2422.999999999999,-3.384353414137506,1,train
O=C(c1ccc2c(c1)C(O)(C(F)(F)F)c1ccccc1-2)c1cccs1,717.9999999999997,-2.8561244442423,0,train
CCC(=O)Nc1ccc2c(c1)-c1ccccc1C2(O)C(F)(F)F,6147.999999999997,-3.7887338588277073,1,train
CC(C)C(=O)Nc1ccc2c(c1)-c1ccccc1C2(O)C(F)(F)F,10296.000000000002,-4.01266853389633,0,train
OC1(C(F)(F)F)c2ccccc2-c2ccc(-c3cccnc3)cc21,323.00000000000006,-2.509202522331103,1,test
OC1(C(F)(F)F)c2ccccc2-c2ccc(-c3ccncc3)cc21,150.99999999999994,-2.1789769472931693,1,train
CCOC1CN(C(=O)c2ccc3c(c2)C(O)(C(F)(F)F)c2ccccc2-3)C1,278.9999999999999,-2.4456042032735974,1,train
CCCOC1CN(C(=O)c2ccc3c(c2)C(O)(C(F)(F)F)c2ccccc2-3)C1,259.00000000000006,-2.413299764081252,1,train
COCCOC1CN(C(=O)c2ccc3c(c2)C(O)(C(F)(F)F)c2ccccc2-3)C1,460.99999999999983,-2.663700925389648,1,train
O=C(O)COC1CN(C(=O)c2ccc3c(c2)C(O)(C(F)(F)F)c2ccccc2-3)C1,2612.9999999999995,-3.417139409727325,1,train
O=C(c1ccc2c(c1)C(O)(C(F)(F)F)c1ccccc1-2)N1CC(OCCO)C1,462.0000000000002,-2.6646419755561257,1,test
O=C(c1ccc2c(c1)C(O)(C(F)(F)F)c1ccccc1-2)C1CCCC1,1317.0000000000002,-3.119585774961784,1,test
CC(C)Oc1ccc2c(c1)C(O)(C(F)(F)F)c1ccccc1-2,2488.000000000001,-3.3958503760187813,1,train
OC1(C(F)(F)F)c2ccccc2-c2ccc(-c3ccccn3)cc21,1230.0000000000005,-3.089905111439398,0,train
OC1(C(F)(F)F)c2ccccc2-c2c(Br)cccc21,1112.9999999999998,-3.046495164334708,1,train
O=C(c1cc(Br)c2c(c1)C(O)(C(F)(F)F)c1ccccc1-2)N1CCC1,50.99999999999999,-1.7075701760979365,1,train
COC(=O)COC1CN(C(=O)c2ccc3c(c2)C(O)(C(F)(F)F)c2ccccc2-3)C1,417.00000000000006,-2.6201360549737576,1,train
NC(=O)COC1CN(C(=O)c2ccc3c(c2)C(O)(C(F)(F)F)c2ccccc2-3)C1,601.0000000000001,-2.77887447200274,0,train
CNC(=O)COC1CN(C(=O)c2ccc3c(c2)C(O)(C(F)(F)F)c2ccccc2-3)C1,909.0,-2.9585638832219674,0,train
CN(C)C(=O)COC1CN(C(=O)c2ccc3c(c2)C(O)(C(F)(F)F)c2ccccc2-3)C1,839.0000000000003,-2.9237619608287004,1,train
O=C(c1ccc2c(c1)C(O)(C(F)(F)F)c1ccccc1-2)C1CCC1,1005.0000000000002,-3.002166061756508,1,train
COC(=O)C1CN(C(=O)c2ccc3c(c2)C(O)(C(F)(F)F)c2ccccc2-3)C1,173.99999999999991,-2.2405492482825995,1,train
O=C(O)C1CN(C(=O)c2ccc3c(c2)C(O)(C(F)(F)F)c2ccccc2-3)C1,3675.999999999998,-3.565375502714073,1,train
CC(=O)c1cc(C(=O)N2CCC2)cc2c1-c1ccccc1C2(O)C(F)(F)F,48.99999999999999,-1.6901960800285136,0,train
NC(=O)C1CN(C(=O)c2ccc3c(c2)C(O)(C(F)(F)F)c2ccccc2-3)C1,877.0000000000003,-2.9429995933660407,0,train
CNC(=O)C1CN(C(=O)c2ccc3c(c2)C(O)(C(F)(F)F)c2ccccc2-3)C1,736.0,-2.866877814337499,0,train
CN(C)C(=O)C1CN(C(=O)c2ccc3c(c2)C(O)(C(F)(F)F)c2ccccc2-3)C1,226.9999999999999,-2.3560258571931225,1,train
OC1(C(F)(F)F)c2ccccc2-c2ccc(OC3CCC3)cc21,2394.9999999999995,-3.379305517750582,0,train
OC1(C(F)(F)F)c2ccccc2-c2ccc(-c3cccc(F)c3)cc21,863.9999999999998,-2.936513742478893,0,test
OC1(C(F)(F)F)c2ccccc2-c2ccc(-c3cccc(Cl)c3)cc21,693.9999999999999,-2.841359470454855,0,train
CN(C)C1CN(C(=O)c2ccc3c(c2)C(O)(C(F)(F)F)c2ccccc2-3)C1,2497.999999999998,-3.3975924340381165,1,train
Cc1cccc(-c2ccc3c(c2)C(O)(C(F)(F)F)c2ccccc2-3)c1,1007.0,-3.003029470553618,0,train
OC1(C(F)(F)F)c2ccccc2-c2c(-c3nnco3)cccc21,2402.0,-3.3805730030668872,1,train
N#Cc1cc(C(=O)N2CCC2)cc2c1-c1ccccc1C2(O)C(F)(F)F,77.0,-1.8864907251724816,0,train
Cc1noc(-c2cccc3c2-c2ccccc2C3(O)C(F)(F)F)n1,543.0000000000002,-2.734799829588847,1,test
OC1(C(F)(F)F)c2ccccc2-c2ccc(-c3cccs3)cc21,1121.9999999999995,-3.0499928569201424,0,train
OC1(C(F)(F)F)c2ccccc2-c2ccc(-c3ccsc3)cc21,1382.0000000000005,-3.14050804303818,0,train
OC1(C(F)(F)F)c2ccccc2-c2c(-c3cccnc3)cccc21,212.99999999999997,-2.3283796034387376,1,train
O=C1CCCN1c1ccc2c(c1)C(O)(C(F)(F)F)c1ccccc1-2,1729.000000000001,-3.2377949932739227,1,train
OC1(C(F)(F)F)c2ccccc2-c2ccc(N3CCCCC3)cc21,8449.999999999996,-3.926856708949692,1,train
OC1(C(F)(F)F)c2ccccc2-c2ccc(-c3ccccc3F)cc21,1220.0000000000005,-3.0863598306747484,0,train
OC1(C(F)(F)F)c2ccccc2-c2ccc(-c3ccccc3Cl)cc21,6837.999999999999,-3.834929096460576,1,train
Cc1ccccc1-c1ccc2c(c1)C(O)(C(F)(F)F)c1ccccc1-2,5213.0,-3.717087724927019,0,train
Cc1cc(C(=O)N2CC(OCCO)C2)cc2c1-c1ccccc1C2(O)C(F)(F)F,54.000000000000014,-1.7323937598229686,0,train
Cc1cc(C(=O)N2CC(C(=O)N(C)C)C2)cc2c1-c1ccccc1C2(O)C(F)(F)F,36.0,-1.5563025007672873,0,train
COC(=O)c1cccc(-c2ccc3c(c2)C(O)(C(F)(F)F)c2ccccc2-3)c1,309.0,-2.4899584794248346,0,train
O=C(O)c1cccc(-c2ccc3c(c2)C(O)(C(F)(F)F)c2ccccc2-3)c1,805.0000000000005,-2.9057958803678687,0,test
NC(=O)c1cccc(-c2ccc3c(c2)C(O)(C(F)(F)F)c2ccccc2-3)c1,463.9999999999998,-2.6665179805548807,0,train
CNC(=O)c1cccc(-c2ccc3c(c2)C(O)(C(F)(F)F)c2ccccc2-3)c1,358.00000000000017,-2.5538830266438746,0,test
CN(C)C(=O)c1cccc(-c2ccc3c(c2)C(O)(C(F)(F)F)c2ccccc2-3)c1,220.99999999999997,-2.3443922736851106,0,train
OC1(C(F)(F)F)c2ccccc2-c2c(Cl)cc(-c3ccccc3)cc21,317.99999999999994,-2.502427119984433,0,test
OC1(C(F)(F)F)c2ccccc2-c2ccc(N3CCCC3)cc21,2538.000000000001,-3.404491617758686,1,train
OC1(C(F)(F)F)c2ccccc2-c2ccc(N3CCOCC3)cc21,2113.0,-3.3248994970523134,1,train
CN1CCN(c2ccc3c(c2)C(O)(C(F)(F)F)c2ccccc2-3)CC1,2885.9999999999995,-3.460296326757476,0,train
CC(C)(C)OC(=O)N1CCN(c2ccc3c(c2)C(O)(C(F)(F)F)c2ccccc2-3)CC1,232.00000000000009,-2.3654879848909,0,test
OC1(C(F)(F)F)c2ccccc2-c2ccc(N3CCNCC3)cc21,2747.0,-3.438858659420562,1,test
CC(=O)N1CCN(c2ccc3c(c2)C(O)(C(F)(F)F)c2ccccc2-3)CC1,957.0,-2.980911937776844,0,train
OC1(C(F)(F)F)c2ccccc2-c2ccc(Nc3ccccc3)cc21,5899.0,-3.770778396169148,1,train
COC(=O)C1CCCN1C(=O)c1ccc2c(c1)C(O)(C(F)(F)F)c1ccccc1-2,1947.0000000000005,-3.289365951520032,0,train
OC1(C(F)(F)F)c2ccccc2-c2ccc(C3CCCCC3)cc21,7362.0,-3.866995813110648,1,train
COc1ccccc1-c1ccc2c(c1)C(O)(C(F)(F)F)c1ccccc1-2,6735.000000000003,-3.8283376000590046,0,test
OC1(C(F)(F)F)c2ccccc2-c2ccc(-c3ccc(F)cc3)cc21,950.9999999999998,-2.978180516937414,0,test
COc1ccc(-c2ccc3c(c2)C(O)(C(F)(F)F)c2ccccc2-3)cc1,778.9999999999998,-2.8915374576725643,0,train
NC(=O)c1cc(C(=O)N2CCC2)cc2c1-c1ccccc1C2(O)C(F)(F)F,66.00000000000001,-1.8195439355418688,0,train
CCOC(=O)c1ccc(-c2ccc3c(c2)C(O)(C(F)(F)F)c2ccccc2-3)cc1,516.9999999999999,-2.7134905430939424,0,train
NC(=O)C1CCCN1C(=O)c1ccc2c(c1)C(O)(C(F)(F)F)c1ccccc1-2,8012.999999999997,-3.903795142741035,1,train
CNC(=O)C1CCCN1C(=O)c1ccc2c(c1)C(O)(C(F)(F)F)c1ccccc1-2,9189.000000000002,-3.963268251526235,1,train
OC1(C(F)(F)F)c2ccccc2-c2ccc(-c3ccc(Cl)cc3)cc21,1340.0000000000002,-3.127104798364808,0,train
Cc1ccc(-c2ccc3c(c2)C(O)(C(F)(F)F)c2ccccc2-3)cc1,1514.0,-3.180125875164054,1,train
OC1(C(F)(F)F)c2ccccc2-c2c(Cl)cc(-c3ccncc3)cc21,53.000000000000014,-1.7242758696007892,0,train
CN(c1ccccc1)c1ccc2c(c1)C(O)(C(F)(F)F)c1ccccc1-2,5906.0,-3.77129344262906,1,train
OC1(C(F)(F)F)c2ccccc2-c2ccc(Oc3ccccc3)cc21,2477.9999999999995,-3.394101302040045,1,train
O=C(O)c1ccc(-c2ccc3c(c2)C(O)(C(F)(F)F)c2ccccc2-3)cc1,383.0000000000001,-2.583198773968623,1,train
OCc1ccccc1-c1ccc2c(c1)C(O)(C(F)(F)F)c1ccccc1-2,6000.000000000003,-3.778151250383644,0,test
CNC(=O)c1ccc(-c2ccc3c(c2)C(O)(C(F)(F)F)c2ccccc2-3)cc1,215.9999999999999,-2.3344537511509307,1,test
CN(C)C(=O)c1ccc(-c2ccc3c(c2)C(O)(C(F)(F)F)c2ccccc2-3)cc1,181.99999999999997,-2.2600713879850747,1,train
Nc1ccc(-c2ccc3c(c2)C(O)(C(F)(F)F)c2ccccc2-3)cc1,559.9999999999998,-2.7481880270062,0,train
OCc1ccc(-c2ccc3c(c2)C(O)(C(F)(F)F)c2ccccc2-3)cc1,368.0,-2.5658478186735176,0,train
O=C(c1ccc2c(c1)C(O)(C(F)(F)F)c1ccccc1-2)N1CCCC1CO,5485.000000000001,-3.73917663191073,1,test
Cc1cnc2c(c1)C(O)(C(F)(F)F)c1ccccc1-2,474.9999999999998,-2.6766936096248664,1,train
CC(=O)Nc1ccc(-c2ccc3c(c2)C(O)(C(F)(F)F)c2ccccc2-3)cc1,298.00000000000006,-2.4742162640762557,0,train
Cc1cc(-c2ccc3c(c2)C(O)(C(F)(F)F)c2ccccc2-3)ccn1,126.0,-2.100370545117563,1,train
NC(=O)c1ccc(-c2ccc3c(c2)C(O)(C(F)(F)F)c2ccccc2-3)cc1,181.99999999999997,-2.2600713879850747,1,test
CCN(CC)C(=O)C1CN(C(=O)c2ccc3c(c2)C(O)(C(F)(F)F)c2ccccc2-3)C1,236.00000000000009,-2.3729120029701067,0,train
O=C(c1ccc2c(c1)C(O)(C(F)(F)F)c1ccccc1-2)N1CC(C(=O)N2CCCC2)C1,161.99999999999994,-2.2095150145426308,1,train
O=C(c1ccc2c(c1)C(O)(C(F)(F)F)c1ccccc1-2)N1CC(C(=O)N2CCCCC2)C1,247.00000000000003,-2.392696953259666,1,train
O=C(c1ccc2c(c1)C(O)(C(F)(F)F)c1ccccc1-2)N1CC(C(=O)N2CCC(O)CC2)C1,423.0,-2.6263403673750423,0,train
Oc1ccc(-c2ccc3c(c2)C(O)(C(F)(F)F)c2ccccc2-3)cc1,707.0000000000002,-2.8494194137969,0,train
COC(=O)C1CCN(C(=O)c2ccc3c(c2)C(O)(C(F)(F)F)c2ccccc2-3)C1,2239.9999999999995,-3.3502480183341627,1,train
CCC(=O)N1CCN(c2ccc3c(c2)C(O)(C(F)(F)F)c2ccccc2-3)CC1,997.9999999999998,-2.999130541287371,0,train
CC(C)C(=O)N1CCN(c2ccc3c(c2)C(O)(C(F)(F)F)c2ccccc2-3)CC1,676.9999999999999,-2.830588668685144,0,test
CC(C)(C)C(=O)N1CCN(c2ccc3c(c2)C(O)(C(F)(F)F)c2ccccc2-3)CC1,280.99999999999994,-2.44870631990508,0,train
COC(=O)N1CCN(c2ccc3c(c2)C(O)(C(F)(F)F)c2ccccc2-3)CC1,1326.9999999999995,-3.122870922864436,0,train
CCOC(=O)N1CCN(c2ccc3c(c2)C(O)(C(F)(F)F)c2ccccc2-3)CC1,1012.0000000000005,-3.0051805125037805,0,test
CC(C)OC(=O)N1CCN(c2ccc3c(c2)C(O)(C(F)(F)F)c2ccccc2-3)CC1,684.9999999999998,-2.835690571492425,0,train
O=C(c1cnc2c(c1)C(O)(C(F)(F)F)c1ccccc1-2)N1CCC1,173.00000000000003,-2.2380461031287955,1,train
N#Cc1cccc(-c2ccc3c(c2)C(O)(C(F)(F)F)c2ccccc2-3)c1,344.9999999999999,-2.537819095073274,0,train
O=C(c1ccc2c(c1)C(O)(C(F)(F)F)c1ccccc1-2)N1CCC(O)C1,4599.0,-3.6626634095740376,1,train
CN(C)C1CCN(C(=O)c2ccc3c(c2)C(O)(C(F)(F)F)c2ccccc2-3)C1,2564.9999999999995,-3.409087369447835,1,train
O=C(O)C1CCN(C(=O)c2ccc3c(c2)C(O)(C(F)(F)F)c2ccccc2-3)C1,5329.0,-3.726645720240912,1,train
COC(=O)C1CCN(c2ccc3c(c2)C(O)(C(F)(F)F)c2ccccc2-3)CC1,1836.9999999999995,-3.264109156305808,0,train
COC(=O)c1cccc2c1-c1cc(F)ccc1C2(O)C(F)(F)F,487.99999999999983,-2.6884198220027105,1,train
O=C(O)C1CCN(c2ccc3c(c2)C(O)(C(F)(F)F)c2ccccc2-3)CC1,5391.0,-3.731669331828636,1,train
CCOC(=O)C1CCN(c2ccc3c(c2)C(O)(C(F)(F)F)c2ccccc2-3)CC1,2326.999999999999,-3.36679638328673,0,train
N#Cc1ccc(-c2ccc3c(c2)C(O)(C(F)(F)F)c2ccccc2-3)cc1,214.00000000000009,-2.330413773349191,0,train
O=C(c1ccc2c(c1)C(O)(C(F)(F)F)c1ccccc1-2)N1CCC(CO)C1,619.0000000000002,-2.791690649020118,0,train
NC(=O)C1CCN(C(=O)c2ccc3c(c2)C(O)(C(F)(F)F)c2ccccc2-3)C1,1142.0000000000005,-3.0576661039098294,0,train
CNC(=O)C1CCN(C(=O)c2ccc3c(c2)C(O)(C(F)(F)F)c2ccccc2-3)C1,1047.9999999999998,-3.020361282647708,0,train
CNC1CCN(C(=O)c2ccc3c(c2)C(O)(C(F)(F)F)c2ccccc2-3)C1,2192.000000000001,-3.340840549812332,0,train
CN(C)C(=O)C1CCN(C(=O)c2ccc3c(c2)C(O)(C(F)(F)F)c2ccccc2-3)C1,552.0000000000001,-2.741939077729199,0,train
NC(=O)C1CCN(c2ccc3c(c2)C(O)(C(F)(F)F)c2ccccc2-3)CC1,3712.0,-3.5696079675468244,1,train
CNC(=O)C1CCN(c2ccc3c(c2)C(O)(C(F)(F)F)c2ccccc2-3)CC1,3607.000000000001,-3.5571461423183632,1,train
CN(C)C(=O)C1CCN(c2ccc3c(c2)C(O)(C(F)(F)F)c2ccccc2-3)CC1,1988.0,-3.2984163800612945,1,test
CCOC(=O)c1ccc(-c2cc(Cl)c3c(c2)C(O)(C(F)(F)F)c2ccccc2-3)cc1,141.99999999999994,-2.1522883443830563,0,train
O=C(O)c1ccc(-c2cc(Cl)c3c(c2)C(O)(C(F)(F)F)c2ccccc2-3)cc1,58.00000000000001,-1.7634279935629371,0,train
COc1nc2c(cc1C(=O)N1CCC1)C(O)(C(F)(F)F)c1ccccc1-2,802.9999999999998,-2.904715545278681,0,test
COC(=O)c1ccc(-c2ccc3c(c2)C(O)(C(F)(F)F)c2ccccc2-3)cc1Cl,355.0000000000001,-2.550228353055094,0,test
CN(C)C(=O)Oc1ccc2c(c1)C(O)(C(F)(F)F)c1ccccc1-2,1998.9999999999989,-3.3008127941181167,1,train
O=C(O)c1ccc(-c2ccc3c(c2)C(O)(C(F)(F)F)c2ccccc2-3)cc1Cl,252.00000000000009,-2.401400540781544,0,train
NC(=O)c1ccc(-c2ccc3c(c2)C(O)(C(F)(F)F)c2ccccc2-3)cc1Cl,178.00000000000003,-2.250420002308894,0,train
CNC(=O)c1ccc(-c2ccc3c(c2)C(O)(C(F)(F)F)c2ccccc2-3)cc1Cl,149.0,-2.173186268412274,0,train
CN(C)C(=O)c1ccc(-c2ccc3c(c2)C(O)(C(F)(F)F)c2ccccc2-3)cc1Cl,98.0,-1.9912260756924949,0,test
O=C(c1cc(-c2cccnc2)c2c(c1)C(O)(C(F)(F)F)c1ccccc1-2)N1CCC1,85.99999999999999,-1.934498451243568,0,train
OC1(C(F)(F)F)c2ccccc2-c2c(-c3cccnc3)cc(Cl)cc21,75.00000000000001,-1.8750612633917,0,train
OC1(C(F)(F)F)c2ccccc2-c2ccc(C3CC3)cc21,2929.0000000000005,-3.4667193716815987,1,train
OC1(C(F)(F)F)c2ccccc2-c2ccc(-c3cnco3)cc21,189.99999999999997,-2.278753600952829,1,test
CC(=O)N(C)C1CCN(C(=O)c2ccc3c(c2)C(O)(C(F)(F)F)c2ccccc2-3)C1,808.9999999999999,-2.907948521612272,0,train
Cc1noc(-c2ccc3c(c2)C(O)(C(F)(F)F)c2ccccc2-3)n1,547.0000000000001,-2.737987326333431,0,train
C/C=C/c1ccc2c(c1)C(O)(C(F)(F)F)c1ccccc1-2,1019.0,-3.0081741840064264,1,train
CCCCOc1ccc2c(c1)C(O)(C(F)(F)F)c1ccccc1-2,718.9999999999998,-2.8567288903828825,1,test
Cn1nnc(-c2cccc3c2-c2ccccc2C3(O)C(F)(F)F)n1,1609.000000000001,-3.2065560440990297,1,train
OC1(C(F)(F)F)c2ccccc2-c2ccc(/C=C/c3ccccc3)cc21,1272.9999999999998,-3.1048284036536558,0,train
OC1(C(F)(F)F)c2ccccc2-c2ccc(OCC3CCCCC3)cc21,1947.0000000000005,-3.289365951520032,0,train
OC1(C(F)(F)F)c2ccccc2-c2ccc(OCC3CCCC3)cc21,1130.9999999999998,-3.053462604925455,0,train
OC1(C(F)(F)F)c2ccccc2-c2ccc(OCC3CCC3)cc21,1078.0000000000002,-3.03261876085072,0,train
OC1(C(F)(F)F)c2ccccc2-c2ccc(OCC3CC3)cc21,1002.9999999999994,-3.001300933020418,0,test
CCOC(=O)CCCOc1ccc2c(c1)C(O)(C(F)(F)F)c1ccccc1-2,566.9999999999998,-2.7535830588929064,1,train
O=C(O)CCCOc1ccc2c(c1)C(O)(C(F)(F)F)c1ccccc1-2,2625.0000000000005,-3.419129307741976,1,train
OC1(C(F)(F)F)c2ccccc2-c2ccc(OC3CCCC3)cc21,1385.9999999999998,-3.141763230275788,0,train
OC1(C(F)(F)F)c2ccccc2-c2ccc(OC3CCCCC3)cc21,2812.9999999999995,-3.449169732165201,0,train
OC1(C(F)(F)F)c2ccccc2-c2ccc(OCc3cccs3)cc21,1403.9999999999998,-3.1473671077937864,0,test
OC1(C(F)(F)F)c2ccccc2-c2ccc(OCc3ccccc3)cc21,1364.9999999999998,-3.1351326513767748,0,test
Cn1cc(-c2cccc3c2-c2ccccc2C3(O)C(F)(F)F)cn1,133.0,-2.123851640967086,1,test
CC(C)COc1ccc2c(c1)C(O)(C(F)(F)F)c1ccccc1-2,1169.0000000000002,-3.06781451116184,1,train
CCCOc1ccc2c(c1)C(O)(C(F)(F)F)c1ccccc1-2,1258.000000000001,-3.0996806411092503,1,train
OC1(C(F)(F)F)c2ccccc2-c2ccc(-c3cc(Cl)cc(Cl)c3)cc21,1556.0000000000005,-3.1920095926536702,0,train
Cc1nnc(-c2cccc3c2-c2ccccc2C3(O)C(F)(F)F)o1,1196.9999999999998,-3.0780941504064105,0,train
CC1CCN(c2ccc3c(c2)C(O)(C(F)(F)F)c2ccccc2-3)C1,1338.000000000001,-3.1264561134318045,1,test
OCCCCOc1ccc2c(c1)C(O)(C(F)(F)F)c1ccccc1-2,533.0000000000001,-2.7267272090265724,1,train
CC(C)(C)C(=O)N1CCN(c2cc(Cl)c3c(c2)C(O)(C(F)(F)F)c2ccccc2-3)CC1,56.00000000000001,-1.7481880270062005,0,test
OC1(C(F)(F)F)c2ccccc2-c2c(Br)cc(Cl)cc21,341.9999999999999,-2.534026106056135,0,test
Cc1ccc(-c2cccc3c2-c2ccccc2C3(O)C(F)(F)F)cn1,395.9999999999999,-2.597695185925512,1,train
Cc1nc(-c2cccc3c2-c2ccccc2C3(O)C(F)(F)F)no1,7487.0,-3.874307833128039,1,train
Cc1ncc(-c2cccc3c2-c2ccccc2C3(O)C(F)(F)F)o1,277.99999999999994,-2.444044795918076,1,train
CC(C)CCOc1ccc2c(c1)C(O)(C(F)(F)F)c1ccccc1-2,1013.0,-3.0056094453602804,1,test
OC1(C(F)(F)F)c2ccccc2-c2c(-c3cn[nH]c3)cccc21,124.99999999999994,-2.096910013008056,1,test
CCCCCOc1ccc2c(c1)C(O)(C(F)(F)F)c1ccccc1-2,862.0,-2.9355072658247128,1,train
CC(C)(C)COc1ccc2c(c1)C(O)(C(F)(F)F)c1ccccc1-2,1849.000000000001,-3.2669369111591733,0,train
NC(=O)CCCOc1ccc2c(c1)C(O)(C(F)(F)F)c1ccccc1-2,1514.0,-3.180125875164054,0,train
CNC(=O)CCCOc1ccc2c(c1)C(O)(C(F)(F)F)c1ccccc1-2,1000.0,-3.0,0,train
CN(C)C(=O)CCCOc1ccc2c(c1)C(O)(C(F)(F)F)c1ccccc1-2,225.99999999999991,-2.3541084391474008,0,train
CCOC(=O)CCCCOc1ccc2c(c1)C(O)(C(F)(F)F)c1ccccc1-2,571.0000000000001,-2.756636108245848,0,train
OCCCOc1ccc2c(c1)C(O)(C(F)(F)F)c1ccccc1-2,1167.999999999999,-3.0674428427763805,1,train
CC(C)(C)C(=O)N1CCN(c2cc(-c3cccnc3)c3c(c2)C(O)(C(F)(F)F)c2ccccc2-3)CC1,20.000000000000004,-1.3010299956639813,0,train
Cn1cc(-c2cc(Cl)cc3c2-c2ccccc2C3(O)C(F)(F)F)cn1,17.0,-1.230448921378274,0,train
NC(=O)COc1ccc2c(c1)C(O)(C(F)(F)F)c1ccccc1-2,634.9999999999998,-2.8027737252919755,1,test
CNC(=O)COc1ccc2c(c1)C(O)(C(F)(F)F)c1ccccc1-2,640.9999999999998,-2.806858029518817,1,test
CN(C)C(=O)COc1ccc2c(c1)C(O)(C(F)(F)F)c1ccccc1-2,792.9999999999997,-2.899273187317604,1,test
O=C(O)CCOc1ccc2c(c1)C(O)(C(F)(F)F)c1ccccc1-2,5826.000000000001,-3.765370480291649,1,train
OCCOc1ccc2c(c1)C(O)(C(F)(F)F)c1ccccc1-2,2571.0000000000005,-3.4101020766428607,1,train
CC1CCCN1c1ccc2c(c1)C(O)(C(F)(F)F)c1ccccc1-2,4946.999999999998,-3.694341910364181,1,train
CCCCCCOc1ccc2c(c1)C(O)(C(F)(F)F)c1ccccc1-2,710.0000000000003,-2.8512583487190755,1,train
O=C(O)CCCCOc1ccc2c(c1)C(O)(C(F)(F)F)c1ccccc1-2,861.0000000000005,-2.935003151453655,0,train
OCCCCCOc1ccc2c(c1)C(O)(C(F)(F)F)c1ccccc1-2,179.99999999999997,-2.255272505103306,1,train
CN(CCO)C(=O)c1ccc2c(c1)C(O)(C(F)(F)F)c1ccccc1-2,3034.0,-3.482015576450712,0,train
OCCCCCCOc1ccc2c(c1)C(O)(C(F)(F)F)c1ccccc1-2,176.99999999999991,-2.2479732663618064,1,train
CN(C)C(=O)CCCCOc1ccc2c(c1)C(O)(C(F)(F)F)c1ccccc1-2,235.0,-2.3710678622717363,0,train
OC1(C(F)(F)F)c2ccccc2-c2c(-c3cncnc3)cccc21,114.00000000000004,-2.0569048513364727,1,train
NC(=O)CCOc1ccc2c(c1)C(O)(C(F)(F)F)c1ccccc1-2,1585.9999999999995,-3.200303182981585,1,train
CNC(=O)CCOc1ccc2c(c1)C(O)(C(F)(F)F)c1ccccc1-2,1167.0000000000005,-3.0670708560453703,1,train
CN(C)C(=O)CCOc1ccc2c(c1)C(O)(C(F)(F)F)c1ccccc1-2,755.0000000000003,-2.8779469516291885,0,test
COC(=O)C1CCN1C(=O)c1ccc2c(c1)C(O)(C(F)(F)F)c1ccccc1-2,723.0000000000002,-2.859138297294531,1,train
CNC(=O)CCCCOc1ccc2c(c1)C(O)(C(F)(F)F)c1ccccc1-2,562.0,-2.749736315569061,0,train
NC(=O)CCCCOc1ccc2c(c1)C(O)(C(F)(F)F)c1ccccc1-2,453.0,-2.656098202012832,1,train
CCCN(C)C(=O)c1ccc2c(c1)C(O)(C(F)(F)F)c1ccccc1-2,3197.9999999999995,-3.504878459410216,0,train
CCCCN(C)C(=O)c1ccc2c(c1)C(O)(C(F)(F)F)c1ccccc1-2,2666.000000000001,-3.4258601450778405,0,train
O=C(NCCCO)c1ccc2c(c1)C(O)(C(F)(F)F)c1ccccc1-2,7151.000000000002,-3.8543667780408697,1,train
O=C(NCCCCO)c1ccc2c(c1)C(O)(C(F)(F)F)c1ccccc1-2,1823.9999999999995,-3.2610248339923973,1,train
CCNC(=O)c1ccc2c(c1)C(O)(C(F)(F)F)c1ccccc1-2,6370.999999999997,-3.804207605082041,1,train
CCCNC(=O)c1ccc2c(c1)C(O)(C(F)(F)F)c1ccccc1-2,4480.0,-3.651278013998144,0,train
OC1(C(F)(F)F)c2ccccc2-c2ccc(Cc3ccccc3)cc21,2313.0,-3.36417563277062,1,test
O=C(O)CCCCCOc1ccc2c(c1)C(O)(C(F)(F)F)c1ccccc1-2,553.0000000000001,-2.7427251313046983,1,train
CN(CCCCO)C(=O)c1ccc2c(c1)C(O)(C(F)(F)F)c1ccccc1-2,3085.999999999999,-3.4893959217271293,0,test
NCCOc1ccc2c(c1)C(O)(C(F)(F)F)c1ccccc1-2,8764.999999999996,-3.9427519204298136,1,test
CNCCOc1ccc2c(c1)C(O)(C(F)(F)F)c1ccccc1-2,5384.999999999998,-3.731185707634,1,train
CN(C)CCOc1ccc2c(c1)C(O)(C(F)(F)F)c1ccccc1-2,2503.000000000001,-3.398460849608224,1,train
CC(C)(C)OC(=O)NCCOc1ccc2c(c1)C(O)(C(F)(F)F)c1ccccc1-2,362.00000000000006,-2.558708570533166,0,train
CN(CCOc1ccc2c(c1)C(O)(C(F)(F)F)c1ccccc1-2)C(=O)OC(C)(C)C,203.00000000000003,-2.307496037913213,0,train
CC(=O)NCCOc1ccc2c(c1)C(O)(C(F)(F)F)c1ccccc1-2,1080.0000000000005,-3.03342375548695,1,train
CC(=O)N(C)CCOc1ccc2c(c1)C(O)(C(F)(F)F)c1ccccc1-2,302.99999999999983,-2.481442628502305,1,train
CN(CCCO)C(=O)c1ccc2c(c1)C(O)(C(F)(F)F)c1ccccc1-2,2940.999999999998,-3.468495024507069,0,train
O=C(c1cc(Cl)c2c(c1)C(O)(C(F)(F)F)c1ccccc1-2)N1CC(OCCO)C1,77.99999999999999,-1.8920946026904804,0,train
CN(C)C(=O)C1CN(C(=O)c2cc(Cl)c3c(c2)C(O)(C(F)(F)F)c2ccccc2-3)C1,66.00000000000001,-1.8195439355418688,1,test
O=C(c1cc(Cl)c2c(c1)C(O)(C(F)(F)F)c1ccccc1-2)N1CC(CO)C1,124.99999999999994,-2.096910013008056,0,train
NCCCOc1ccc2c(c1)C(O)(C(F)(F)F)c1ccccc1-2,1414.9999999999998,-3.150756439860309,1,train
CNCCCOc1ccc2c(c1)C(O)(C(F)(F)F)c1ccccc1-2,911.9999999999995,-2.959994838328416,1,train
CN(C)CCCOc1ccc2c(c1)C(O)(C(F)(F)F)c1ccccc1-2,923.9999999999995,-2.9656719712201065,0,train
CC(=O)N(C)CCCOc1ccc2c(c1)C(O)(C(F)(F)F)c1ccccc1-2,674.0,-2.82865989653532,1,train
OC1(C(F)(F)F)c2ccccc2-c2c(-c3cncnc3)cc(Cl)cc21,79.99999999999999,-1.9030899869919435,0,train
O=C(c1ccc2c(c1)C(O)(C(F)(F)F)c1ccccc1-2)N1CC(C(=O)N2CCC(O)C2)C1,498.99999999999983,-2.6981005456233897,0,train
O=C(c1cc(Cl)c2c(c1)C(O)(C(F)(F)F)c1ccccc1-2)N1CC(O)C1,176.99999999999991,-2.2479732663618064,1,train
CC(=O)NCCCOc1ccc2c(c1)C(O)(C(F)(F)F)c1ccccc1-2,1594.0,-3.202488317060093,1,train
CC(C)(C)OC(=O)c1ccc(-c2cc(-c3cccnc3)c3c(c2)C(O)(C(F)(F)F)c2ccccc2-3)cc1,78.99999999999999,-1.8976270912904412,0,train
O=C(O)c1ccc(-c2cc(-c3cccnc3)c3c(c2)C(O)(C(F)(F)F)c2ccccc2-3)cc1,47.00000000000001,-1.6720978579357175,0,train
COC(=O)c1cc(-c2cnn(C)c2)c2c(c1)C(O)(C(F)(F)F)c1ccccc1-2,53.000000000000014,-1.7242758696007892,0,train
Cn1cc(-c2cc(C(=O)NCCCCO)cc3c2-c2ccccc2C3(O)C(F)(F)F)cn1,120.99999999999991,-2.08278537031645,0,train
CN(CCO)C(=O)c1cc(-c2cnn(C)c2)c2c(c1)C(O)(C(F)(F)F)c1ccccc1-2,200.00000000000003,-2.3010299956639813,0,train
CCn1cc(-c2cccc3c2-c2ccccc2C3(O)C(F)(F)F)cn1,88.00000000000001,-1.944482672150169,1,test
CN(CCOc1ccc2c(c1)C(O)(C(F)(F)F)c1ccccc1-2)C(=O)CO,633.9999999999997,-2.8020892578817325,0,test
NC(=O)COC1CN(C(=O)c2cc(Cl)c3c(c2)C(O)(C(F)(F)F)c2ccccc2-3)C1,126.0,-2.100370545117563,0,test
Cc1cc(C(=O)N2CC(O)C2)cc2c1-c1ccccc1C2(O)C(F)(F)F,152.00000000000003,-2.1818435879447726,0,train
Cc1cc(C(=O)N2CC(CO)C2)cc2c1-c1ccccc1C2(O)C(F)(F)F,168.0,-2.225309281725863,0,train
Cc1cc(C(=O)N2CC(OCC(N)=O)C2)cc2c1-c1ccccc1C2(O)C(F)(F)F,109.00000000000004,-2.037426497940624,0,train
COC(=O)Cc1ccc2c(c1)C(O)(C(F)(F)F)c1ccccc1-2,7398.0,-3.8691143269793753,1,train
CN(C)C(=O)c1cc(-c2cnn(C)c2)c2c(c1)C(O)(C(F)(F)F)c1ccccc1-2,70.99999999999999,-1.8512583487190752,0,train
Cn1cc(-c2cc(C(=O)N3CCC3)cc3c2-c2ccccc2C3(O)C(F)(F)F)cn1,40.000000000000014,-1.6020599913279625,0,test
Cn1cc(-c2cc(C(=O)N3CCCC3)cc3c2-c2ccccc2C3(O)C(F)(F)F)cn1,53.000000000000014,-1.7242758696007892,0,train
COC(=O)COc1ccc2c(c1)C(O)(C(F)(F)F)c1ccccc1-2,1938.9999999999989,-3.287577809078705,0,test
O=C1CCCN1CCOc1ccc2c(c1)C(O)(C(F)(F)F)c1ccccc1-2,187.00000000000003,-2.271841606536499,0,train
O=C(COc1ccc2c(c1)C(O)(C(F)(F)F)c1ccccc1-2)N1CCCC1,548.0,-2.738780558484369,1,train
O=C(COc1ccc2c(c1)C(O)(C(F)(F)F)c1ccccc1-2)N1CCCCC1,435.99999999999983,-2.639486489268586,1,test
O=C(COc1ccc2c(c1)C(O)(C(F)(F)F)c1ccccc1-2)N1CCOCC1,1076.9999999999998,-3.032215703297981,0,train
NC(=O)COc1cc(-c2cncnc2)c2c(c1)C(O)(C(F)(F)F)c1ccccc1-2,47.00000000000001,-1.6720978579357175,0,train
COC(=O)c1cc(-c2cncnc2)c2c(c1)C(O)(C(F)(F)F)c1ccccc1-2,178.00000000000003,-2.250420002308894,0,train
O=C(COc1ccc2c(c1)C(O)(C(F)(F)F)c1ccccc1-2)NCCO,1326.9999999999995,-3.122870922864436,0,train
CN(CCO)C(=O)COc1ccc2c(c1)C(O)(C(F)(F)F)c1ccccc1-2,2170.0000000000005,-3.3364597338485296,1,train
CN(C)C(=O)c1cc(-c2cncnc2)c2c(c1)C(O)(C(F)(F)F)c1ccccc1-2,179.99999999999997,-2.255272505103306,0,train
O=C(c1cc(-c2cncnc2)c2c(c1)C(O)(C(F)(F)F)c1ccccc1-2)N1CCC1,81.0,-1.9084850188786495,0,train
O=C(c1cc(-c2cncnc2)c2c(c1)C(O)(C(F)(F)F)c1ccccc1-2)N1CCCC1,114.00000000000004,-2.0569048513364727,0,test
O=C(NCCCCO)c1cc(-c2cncnc2)c2c(c1)C(O)(C(F)(F)F)c1ccccc1-2,616.9999999999998,-2.7902851640332416,1,test
CN(CCO)C(=O)c1cc(-c2cncnc2)c2c(c1)C(O)(C(F)(F)F)c1ccccc1-2,563.9999999999999,-2.751279103983342,1,train
Cn1cc(-c2cc(C(=O)N3CC(O)C3)cc3c2-c2ccccc2C3(O)C(F)(F)F)cn1,48.99999999999999,-1.6901960800285136,0,test
Cn1cc(-c2cc(C(=O)N3CC(CO)C3)cc3c2-c2ccccc2C3(O)C(F)(F)F)cn1,48.99999999999999,-1.6901960800285136,0,train
Cn1cc(-c2cc(C(=O)N3CC(OCCO)C3)cc3c2-c2ccccc2C3(O)C(F)(F)F)cn1,49.99999999999999,-1.6989700043360187,0,train
Cn1cc(-c2cc(C(=O)N3CCC(O)C3)cc3c2-c2ccccc2C3(O)C(F)(F)F)cn1,85.00000000000003,-1.9294189257142929,0,train
Cn1cc(-c2ccc3c(c2)C(O)(C(F)(F)F)c2ccccc2-3)cn1,189.00000000000009,-2.2764618041732443,0,train
COc1cnc2c(c1)C(O)(C(F)(F)F)c1ccccc1-2,702.9999999999998,-2.846955325019824,1,train
CC(=O)N(CCO)CCOc1ccc2c(c1)C(O)(C(F)(F)F)c1ccccc1-2,350.99999999999983,-2.545307116465824,1,test
CC(=O)N(C)CC(C)Oc1ccc2c(c1)C(O)(C(F)(F)F)c1ccccc1-2,1490.0,-3.173186268412274,1,train
CC(=O)N(C)C(C)COc1ccc2c(c1)C(O)(C(F)(F)F)c1ccccc1-2,495.00000000000017,-2.694605198933569,1,train
O=C(O)CCCCOc1cc(Cl)c2c(c1)C(O)(C(F)(F)F)c1ccccc1-2,219.00000000000009,-2.3404441148401185,1,train
NC(=O)COc1cc(Cl)c2c(c1)C(O)(C(F)(F)F)c1ccccc1-2,234.00000000000009,-2.369215857410143,0,train
CC(C)Cn1cc(-c2cccc3c2-c2ccccc2C3(O)C(F)(F)F)cn1,89.0,-1.9493900066449128,0,train
OCCCCCOc1cc(Cl)c2c(c1)C(O)(C(F)(F)F)c1ccccc1-2,63.0,-1.7993405494535817,0,train
CC(=O)N(C)CCOc1cc(Cl)c2c(c1)C(O)(C(F)(F)F)c1ccccc1-2,63.0,-1.7993405494535817,1,train
O=C(COc1ccc2c(c1)C(O)(C(F)(F)F)c1ccccc1-2)N1CCC1,484.99999999999983,-2.6857417386022635,1,train
Cn1cc(-c2cc(C(=O)N3CCC(CO)C3)cc3c2-c2ccccc2C3(O)C(F)(F)F)cn1,58.00000000000001,-1.7634279935629371,0,train
O=C1CCCN1CCCOc1ccc2c(c1)C(O)(C(F)(F)F)c1ccccc1-2,699.0000000000001,-2.844477175745681,1,train
O=C(COc1ccc2c(c1)C(O)(C(F)(F)F)c1ccccc1-2)N1CCC(O)CC1,626.9999999999999,-2.7972675408307164,1,train
O=C(COc1ccc2c(c1)C(O)(C(F)(F)F)c1ccccc1-2)N1CCC(CO)CC1,423.99999999999983,-2.6273658565927325,1,test
CC(=O)N(C)CCOc1cnc2c(c1)C(O)(C(F)(F)F)c1ccccc1-2,119.00000000000009,-2.075546961392531,1,test
CN(CCOc1cnc2c(c1)C(O)(C(F)(F)F)c1ccccc1-2)C(=O)CO,149.0,-2.173186268412274,1,train
O=C(COc1ccc2c(c1)C(O)(C(F)(F)F)c1ccccc1-2)N(CCO)CCO,7077.000000000003,-3.849849195605258,1,train
O=C1CCCCN1CCCOc1ccc2c(c1)C(O)(C(F)(F)F)c1ccccc1-2,554.0000000000002,-2.74350976472843,0,train
O=C(O)CCCOc1cc(Br)c2c(c1)C(O)(C(F)(F)F)c1ccccc1-2,194.99999999999991,-2.290034611362518,1,test
OCCc1ccc2c(c1)C(O)(C(F)(F)F)c1ccccc1-2,6377.000000000001,-3.804616416987255,1,train
OCCCCCOc1cc(-c2cncnc2)c2c(c1)C(O)(C(F)(F)F)c1ccccc1-2,25.000000000000007,-1.3979400086720375,1,train
Cn1cc(-c2cc(OCCCCCO)cc3c2-c2ccccc2C3(O)C(F)(F)F)cn1,31.0,-1.4913616938342726,0,train
CN(CCOc1cc(Cl)c2c(c1)C(O)(C(F)(F)F)c1ccccc1-2)S(C)(=O)=O,64.99999999999999,-1.8129133566428557,0,train
CN(CCOc1cc(Cl)c2c(c1)C(O)(C(F)(F)F)c1ccccc1-2)C(=O)CO,67.0,-1.8260748027008264,0,train
NC(=O)CCCOc1cc(Cl)c2c(c1)C(O)(C(F)(F)F)c1ccccc1-2,154.0,-2.187520720836463,0,train
OCCn1cc(-c2cccc3c2-c2ccccc2C3(O)C(F)(F)F)cn1,66.00000000000001,-1.8195439355418688,0,train
Cn1cc(-c2cc(OCCN3CCCC3=O)cc3c2-c2ccccc2C3(O)C(F)(F)F)cn1,22.0,-1.3424226808222062,0,train
CC(Oc1ccc2c(c1)C(O)(C(F)(F)F)c1ccccc1-2)C(=O)O,1230.0000000000005,-3.089905111439398,0,train
Cn1cc(-c2cc(C(=O)N3CC3)cc3c2-c2ccccc2C3(O)C(F)(F)F)cn1,32.00000000000001,-1.505149978319906,0,train
CC(=O)NCc1ccc2c(c1)C(O)(C(F)(F)F)c1ccccc1-2,9190.000000000002,-3.963315511386112,1,test
O=C1CCCCN1CCOc1ccc2c(c1)C(O)(C(F)(F)F)c1ccccc1-2,103.99999999999996,-2.0170333392987803,1,train
CC(=O)N(C)Cc1ccc2c(c1)C(O)(C(F)(F)F)c1ccccc1-2,6065.000000000001,-3.782830805202592,1,test
O=C1CCC(COc2ccc3c(c2)C(O)(C(F)(F)F)c2ccccc2-3)N1CCCO,232.99999999999997,-2.367355921026019,0,train
CC(=O)N(C)CCOc1cc(-c2cncnc2)c2c(c1)C(O)(C(F)(F)F)c1ccccc1-2,23.0,-1.3617278360175928,0,train
CC(=O)N(C)CCOc1cc(-c2cnn(C)c2)c2c(c1)C(O)(C(F)(F)F)c1ccccc1-2,21.0,-1.3222192947339193,0,train
CN(CCOc1cc(-c2cncnc2)c2c(c1)C(O)(C(F)(F)F)c1ccccc1-2)C(=O)CO,23.0,-1.3617278360175928,0,train
CN(CCOc1cc(-c2cnn(C)c2)c2c(c1)C(O)(C(F)(F)F)c1ccccc1-2)C(=O)CO,21.0,-1.3222192947339193,0,train
Cn1cc(-c2cc(OCCCCO)cc3c2-c2ccccc2C3(O)C(F)(F)F)cn1,23.999999999999996,-1.380211241711606,0,train
CN(C)C(=O)CCCOc1cc(-c2cnn(C)c2)c2c(c1)C(O)(C(F)(F)F)c1ccccc1-2,20.000000000000004,-1.3010299956639813,0,test
OCCCCOc1cc(-c2cncnc2)c2c(c1)C(O)(C(F)(F)F)c1ccccc1-2,25.000000000000007,-1.3979400086720375,1,train
CN(C)C(=O)CCCOc1cc(-c2cncnc2)c2c(c1)C(O)(C(F)(F)F)c1ccccc1-2,19.0,-1.2787536009528289,1,test
O=C1CCCN1CCOc1cnc2c(c1)C(O)(C(F)(F)F)c1ccccc1-2,63.99999999999999,-1.806179973983887,1,test
COCOCCN1C(=O)CCC1COc1ccc2c(c1)C(O)(C(F)(F)F)c1ccccc1-2,249.99999999999997,-2.397940008672037,0,train
O=C1CCC(COc2ccc3c(c2)C(O)(C(F)(F)F)c2ccccc2-3)N1CCO,247.00000000000003,-2.392696953259666,0,train
NC(=O)COc1cnc2c(c1)C(O)(C(F)(F)F)c1ccccc1-2,560.9999999999997,-2.748962861256161,1,train
CC(=O)NCCOc1cc(-c2cnn(C)c2)c2c(c1)C(O)(C(F)(F)F)c1ccccc1-2,38.99999999999999,-1.591064607026499,0,train
OCCCn1cc(-c2cccc3c2-c2ccccc2C3(O)C(F)(F)F)cn1,64.99999999999999,-1.8129133566428557,0,train
O=C(COc1cc(Br)c2c(c1)C(O)(C(F)(F)F)c1ccccc1-2)N1CCC1,60.0,-1.7781512503836436,0,train
CNC(=O)COc1cc(Br)c2c(c1)C(O)(C(F)(F)F)c1ccccc1-2,111.99999999999996,-2.049218022670181,0,test
Cn1cc(-c2cc(OCC(=O)N3CC(CO)C3)cc3c2-c2ccccc2C3(O)C(F)(F)F)cn1,26.500000000000004,-1.423245873936808,0,train
Cn1cc(-c2cc(OCC(=O)N3CCC(CO)CC3)cc3c2-c2ccccc2C3(O)C(F)(F)F)cn1,32.00000000000001,-1.505149978319906,0,train
Cn1cc(-c2cc(OCC(=O)N3CCC3)cc3c2-c2ccccc2C3(O)C(F)(F)F)cn1,36.0,-1.5563025007672873,0,train
CNC(=O)COc1cc(-c2cnn(C)c2)c2c(c1)C(O)(C(F)(F)F)c1ccccc1-2,40.000000000000014,-1.6020599913279625,0,train
CC(=O)N(CCOc1ccc2c(c1)C(O)(C(F)(F)F)c1ccccc1-2)CCC(=O)O,1151.9999999999995,-3.061452479087193,0,train
CN(CCOc1ccc2c(c1)C(O)(C(F)(F)F)c1ccccc1-2)CC(=O)O,3934.000000000001,-3.594834355583318,1,train
O=C1CCC(CO)N1CCOc1ccc2c(c1)C(O)(C(F)(F)F)c1ccccc1-2,442.0,-2.645422269349092,0,test
Cn1cc(-c2cc(OCCCO)cc3c2-c2ccccc2C3(O)C(F)(F)F)cn1,28.0,-1.4471580313422192,0,train
Cn1cc(-c2cc(OCCC(=O)O)cc3c2-c2ccccc2C3(O)C(F)(F)F)cn1,63.99999999999999,-1.806179973983887,0,train
CN(C)C(=O)CCOc1cc(-c2cnn(C)c2)c2c(c1)C(O)(C(F)(F)F)c1ccccc1-2,26.0,-1.414973347970818,0,train
Cn1cc(-c2cc(OCCO)cc3c2-c2ccccc2C3(O)C(F)(F)F)cn1,45.00000000000001,-1.6532125137753435,0,train
CN(C)C(=O)COc1cc(-c2cnn(C)c2)c2c(c1)C(O)(C(F)(F)F)c1ccccc1-2,30.0,-1.4771212547196624,0,test
COc1cc(-c2cnn(CCO)c2)c2c(c1)C(O)(C(F)(F)F)c1ccccc1-2,38.99999999999999,-1.591064607026499,0,train
O=C1OCCN1CCOc1ccc2c(c1)C(O)(C(F)(F)F)c1ccccc1-2,185.0,-2.2671717284030137,1,train
OCCn1cc(-c2cc(Cl)cc3c2-c2ccccc2C3(O)C(F)(F)F)cn1,30.0,-1.4771212547196624,0,test
O=C(c1cc(-c2cnn(CCO)c2)c2c(c1)C(O)(C(F)(F)F)c1ccccc1-2)N1CCC1,30.0,-1.4771212547196624,0,train
CN(CC(=O)O)C(=O)COc1ccc2c(c1)C(O)(C(F)(F)F)c1ccccc1-2,5979.000000000003,-3.7766285534201502,0,train
COc1cc(-c2cnn(C)c2)c2c(c1)C(O)(C(F)(F)F)c1ccccc1-2,47.00000000000001,-1.6720978579357175,0,test
Cn1cc(-c2cc(OCCNC(=O)CCC(=O)C(F)(F)F)cc3c2-c2ccccc2C3(O)C(F)(F)F)cn1,42.00000000000001,-1.6232492903979006,0,train
CC(C)n1cc(-c2cccc3c2-c2ccccc2C3(O)C(F)(F)F)cn1,61.000000000000014,-1.7853298350107671,0,test
OC1(C(F)(F)F)c2ccccc2-c2c(-c3cnn(Cc4ccccc4)c3)cccc21,55.00000000000001,-1.740362689494244,0,train
Cn1cc(-c2cc(OCC(N)=O)cc3c2-c2ccccc2C3(O)C(F)(F)F)cn1,17.999999999999996,-1.255272505103306,0,train
O=S1(=O)CCCN1CCOc1ccc2c(c1)C(O)(C(F)(F)F)c1ccccc1-2,326.99999999999994,-2.514547752660286,0,train
O=C1NCCN1CCOc1ccc2c(c1)C(O)(C(F)(F)F)c1ccccc1-2,193.00000000000009,-2.285557309007774,0,train
O=C1OCCCN1CCOc1ccc2c(c1)C(O)(C(F)(F)F)c1ccccc1-2,168.0,-2.225309281725863,1,test
CN(CCOc1cc(-c2cnn(C)c2)c2c(c1)C(O)(C(F)(F)F)c1ccccc1-2)C(=O)C(C)(C)C,26.0,-1.414973347970818,0,test
Cn1cc(-c2cc(OCC(=O)N3CC(O)C3)cc3c2-c2ccccc2C3(O)C(F)(F)F)cn1,20.000000000000004,-1.3010299956639813,0,test
NC(=O)COc1cc(-c2cnn(CCO)c2)c2c(c1)C(O)(C(F)(F)F)c1ccccc1-2,17.999999999999996,-1.255272505103306,0,train
O=C(O)CCCOc1cc(Cl)c2c(c1)C(O)(C(F)(F)F)c1ccccc1-2,433.0000000000001,-2.6364878963533656,0,train
O=C(O)CCCOc1cc(-c2cnn(CCO)c2)c2c(c1)C(O)(C(F)(F)F)c1ccccc1-2,40.000000000000014,-1.6020599913279625,0,train
O=C(O)Cn1cc(-c2cccc3c2-c2ccccc2C3(O)C(F)(F)F)cn1,542.0000000000002,-2.733999286538387,1,train
O=C1CCCN1CCOc1cc(-c2cnn(CCO)c2)c2c(c1)C(O)(C(F)(F)F)c1ccccc1-2,23.999999999999996,-1.380211241711606,0,train
O=C(O)CCn1cc(-c2cccc3c2-c2ccccc2C3(O)C(F)(F)F)cn1,117.0,-2.0681858617461617,0,train
NC(=O)CCn1cc(-c2cccc3c2-c2ccccc2C3(O)C(F)(F)F)cn1,55.00000000000001,-1.740362689494244,0,test
CNC(=O)CCn1cc(-c2cccc3c2-c2ccccc2C3(O)C(F)(F)F)cn1,63.99999999999999,-1.806179973983887,0,train
CN(C)C(=O)CCn1cc(-c2cccc3c2-c2ccccc2C3(O)C(F)(F)F)cn1,52.00000000000001,-1.7160033436347992,0,train
CN(CCOc1cc(-c2cnn(C)c2)c2c(c1)C(O)(C(F)(F)F)c1ccccc1-2)C(=O)C(C)(C)CO,22.0,-1.3424226808222062,0,train
O=C1COCCN1CCOc1ccc2c(c1)C(O)(C(F)(F)F)c1ccccc1-2,223.0,-2.3483048630481607,0,train
O=C1CCCN1CCOc1cc(-c2cn[nH]c2)c2c(c1)C(O)(C(F)(F)F)c1ccccc1-2,20.000000000000004,-1.3010299956639813,0,train
NC(=O)Cn1cc(-c2cccc3c2-c2ccccc2C3(O)C(F)(F)F)cn1,38.99999999999999,-1.591064607026499,1,train
CNC(=O)Cn1cc(-c2cccc3c2-c2ccccc2C3(O)C(F)(F)F)cn1,44.0,-1.6434526764861874,1,train
CN(C)C(=O)Cn1cc(-c2cccc3c2-c2ccccc2C3(O)C(F)(F)F)cn1,119.00000000000009,-2.075546961392531,0,train
O=C(COc1cc(-c2cnn(CCO)c2)c2c(c1)C(O)(C(F)(F)F)c1ccccc1-2)N1CCC1,23.0,-1.3617278360175928,0,train
O=C(COc1cc(-c2cnn(CCO)c2)c2c(c1)C(O)(C(F)(F)F)c1ccccc1-2)N1CC(O)C1,31.0,-1.4913616938342726,0,train
O=C(O)CCCOc1cc(-c2cn[nH]c2)c2c(c1)C(O)(C(F)(F)F)c1ccccc1-2,47.00000000000001,-1.6720978579357175,0,test
CN(CCOc1cc(-c2cnn(C)c2)c2c(c1)C(O)(C(F)(F)F)c1ccccc1-2)C(=O)C(C)(C)O,32.00000000000001,-1.505149978319906,0,train
NC(=O)c1cc(OCCN2CCCC2=O)cc2c1-c1ccccc1C2(O)C(F)(F)F,47.99999999999999,-1.6812412373755872,0,test
NC(=O)COc1cc(-c2cn[nH]c2)c2c(c1)C(O)(C(F)(F)F)c1ccccc1-2,45.00000000000001,-1.6532125137753435,0,train
NC(=O)Cn1cc(-c2cc(Cl)cc3c2-c2ccccc2C3(O)C(F)(F)F)cn1,30.0,-1.4771212547196624,0,test
Cc1cc(-c2cnn(CC(N)=O)c2)c2c(c1)C(O)(C(F)(F)F)c1ccccc1-2,21.0,-1.3222192947339193,0,train
NC(=O)Cn1cc(-c2cc(OCCC34CC5CC(CC(C5)C3)C4)cc3c2-c2ccccc2C3(O)C(F)(F)F)cn1,47.99999999999999,-1.6812412373755872,0,train
OCCn1cc(-c2cc(OCCC34CC5CC(CC(C5)C3)C4)cc3c2-c2ccccc2C3(O)C(F)(F)F)cn1,50.99999999999999,-1.7075701760979365,0,train
CCNC(=O)Cn1cc(-c2cccc3c2-c2ccccc2C3(O)C(F)(F)F)cn1,56.00000000000001,-1.7481880270062005,0,train
CNC(=O)Cn1cc(-c2cc(Cl)cc3c2-c2ccccc2C3(O)C(F)(F)F)cn1,32.00000000000001,-1.505149978319906,0,train
CC(C)NC(=O)Cn1cc(-c2cccc3c2-c2ccccc2C3(O)C(F)(F)F)cn1,58.00000000000001,-1.7634279935629371,0,train
O=C(O)Cn1cc(-c2cc(Cl)c3c(c2)C(O)(C(F)(F)F)c2ccccc2-3)cn1,109.99999999999996,-2.041392685158225,0,train
O=C(O)CCn1cc(-c2cc(Cl)c3c(c2)C(O)(C(F)(F)F)c2ccccc2-3)cn1,57.00000000000001,-1.7558748556724917,0,train
Cn1cc(-c2cc(C(N)=O)c3c(c2)C(O)(C(F)(F)F)c2ccccc2-3)cn1,54.000000000000014,-1.7323937598229686,1,train
NC(=O)CCn1cc(-c2cc(Cl)c3c(c2)C(O)(C(F)(F)F)c2ccccc2-3)cn1,36.0,-1.5563025007672873,0,train
OC1(C(F)(F)F)c2ccccc2-c2c(-c3cnn(C45CC6CC(CC(C6)C4)C5)c3)cccc21,61.000000000000014,-1.7853298350107671,0,train
CC(C)(C)n1cc(-c2cccc3c2-c2ccccc2C3(O)C(F)(F)F)cn1,47.99999999999999,-1.6812412373755872,0,train
CC(C)(C)Cn1cc(-c2cccc3c2-c2ccccc2C3(O)C(F)(F)F)cn1,86.99999999999999,-1.9395192526186185,0,train
CC(=O)NCCn1cc(-c2cccc3c2-c2ccccc2C3(O)C(F)(F)F)cn1,78.99999999999999,-1.8976270912904412,0,test
CC(C)n1cc(-c2cc(C(N)=O)c3c(c2)C(O)(C(F)(F)F)c2ccccc2-3)cn1,48.99999999999999,-1.6901960800285136,0,test
CC(=O)N(C)CCn1cc(-c2cccc3c2-c2ccccc2C3(O)C(F)(F)F)cn1,197.0,-2.294466226161593,0,train
NC(=O)c1cc(-c2cnn(CCO)c2)cc2c1-c1ccccc1C2(O)C(F)(F)F,54.000000000000014,-1.7323937598229686,1,train
O=C(O)CCCn1cc(-c2cc(F)cc3c2-c2ccccc2C3(O)C(F)(F)F)cn1,35.0,-1.5440680443502757,1,train
Cc1cc(-c2cnn(CCC(=O)O)c2)c2c(c1)C(O)(C(F)(F)F)c1ccccc1-2,26.0,-1.414973347970818,0,train
Cc1cc(-c2cnn(CCCC(=O)O)c2)c2c(c1)C(O)(C(F)(F)F)c1ccccc1-2,27.000000000000004,-1.4313637641589874,0,train
Cn1cc(-c2cc(OCCC34CC5CC(CC(O)(C5)C3)C4)cc3c2-c2ccccc2C3(O)C(F)(F)F)cn1,16.0,-1.2041199826559248,0,test
OCCn1cc(-c2cc(OCCC34CC5CC(CC(O)(C5)C3)C4)cc3c2-c2ccccc2C3(O)C(F)(F)F)cn1,15.000000000000004,-1.1760912590556811,0,train
O=C(O)CCn1cc(-c2cc(F)cc3c2-c2ccccc2C3(O)C(F)(F)F)cn1,36.0,-1.5563025007672873,1,train
OC1(Cn2cc(-c3cc(F)cc4c3-c3ccccc3C4(O)C(F)(F)F)cn2)CCCCC1,22.0,-1.3424226808222062,0,train
OCC1(n2cc(-c3cc(F)cc4c3-c3ccccc3C4(O)C(F)(F)F)cn2)CCCCC1,17.0,-1.230448921378274,0,train
Cc1cc(-c2cnn(C3(CO)CCCC3)c2)c2c(c1)C(O)(C(F)(F)F)c1ccccc1-2,15.000000000000004,-1.1760912590556811,0,train
OC12CC3CC(C1)CC(Cn1cc(-c4cccc5c4-c4ccccc4C5(O)C(F)(F)F)cn1)(C3)C2,62.0,-1.792391689498254,0,train
OCC1(n2cc(-c3cc(F)cc4c3-c3ccccc3C4(O)C(F)(F)F)cn2)CCCC1,16.0,-1.2041199826559248,0,train
O=C(O)C1(n2cc(-c3cc(F)cc4c3-c3ccccc3C4(O)C(F)(F)F)cn2)CCCC1,27.000000000000004,-1.4313637641589874,0,test
Cc1cc(-c2cnn(CC(=O)O)c2)c2c(c1)C(O)(C(F)(F)F)c1ccccc1-2,68.99999999999999,-1.8388490907372552,0,train
O=C(O)Cn1cc(-c2cc(F)cc3c2-c2ccccc2C3(O)C(F)(F)F)cn1,109.00000000000004,-2.037426497940624,0,train
Cn1cc(-c2cc(OCCCCC(=O)O)cc3c2-c2ccccc2C3(O)C(F)(F)F)cn1,17.0,-1.230448921378274,0,test
CC(C)n1cc(-c2cc(OCCCC(=O)O)cc3c2-c2ccccc2C3(O)C(F)(F)F)cn1,17.999999999999996,-1.255272505103306,0,test
CCn1cc(-c2cc(OCCCC(=O)O)cc3c2-c2ccccc2C3(O)C(F)(F)F)cn1,20.000000000000004,-1.3010299956639813,0,train
O=C(c1cc(CO)c2c(c1)C(O)(C(F)(F)F)c1ccccc1-2)N1CCC1,53.000000000000014,-1.7242758696007892,1,train
Cn1cc(-c2cc(CO)cc3c2-c2ccccc2C3(O)C(F)(F)F)cn1,77.0,-1.8864907251724816,0,train
Cn1cc(-c2cc(N3CCC(C(=O)O)CC3)cc3c2-c2ccccc2C3(O)C(F)(F)F)cn1,81.0,-1.9084850188786495,0,test
OC1(C(F)(F)F)c2ccccc2-c2ccc(-n3cccn3)cc21,969.9999999999998,-2.9867717342662448,0,train
O=C(O)CCCOc1cc(-c2cccnc2)c2c(c1)C(O)(C(F)(F)F)c1ccccc1-2,49.99999999999999,-1.6989700043360187,1,train
Cn1cc(-c2cnc3c(c2)C(O)(C(F)(F)F)c2ccccc2-3)cn1,59.00000000000001,-1.7708520116421442,1,train
OCCn1cc(-c2cnc3c(c2)C(O)(C(F)(F)F)c2ccccc2-3)cn1,63.0,-1.7993405494535817,1,train
Cn1cc(-c2cc(O)cc3c2-c2ccccc2C3(O)C(F)(F)F)cn1,105.00000000000004,-2.0211892990699383,0,test
O=C(O)CCn1cc(-c2cnc3c(c2)C(O)(C(F)(F)F)c2ccccc2-3)cn1,83.00000000000001,-1.919078092376074,0,train
Cn1cc(-c2cc(N3CCOCC3)cc3c2-c2ccccc2C3(O)C(F)(F)F)cn1,44.0,-1.6434526764861874,0,train
Cn1cc(-c2cc(CO)c3c(c2)C(O)(C(F)(F)F)c2ccccc2-3)cn1,109.99999999999996,-2.041392685158225,0,train
Cn1cc(-c2cc(OCC(O)CO)cc3c2-c2ccccc2C3(O)C(F)(F)F)cn1,49.99999999999999,-1.6989700043360187,0,train
O=C(c1cc(CO)c2c(c1)C(O)(C(F)(F)F)c1ccccc1-2)N1CCCC1,109.00000000000004,-2.037426497940624,1,train
Cn1cc(-c2cc(OCCCc3nnn[nH]3)cc3c2-c2ccccc2C3(O)C(F)(F)F)cn1,17.999999999999996,-1.255272505103306,0,train
Cc1cc(-c2cnn(C(C)(C)C(=O)O)c2)c2c(c1)C(O)(C(F)(F)F)c1ccccc1-2,52.00000000000001,-1.7160033436347992,1,train
Cc1cc(-c2cnn(CC(C)(C)C(=O)O)c2)c2c(c1)C(O)(C(F)(F)F)c1ccccc1-2,36.0,-1.5563025007672873,0,train
Cc1cc(-c2cnn(C(C)(C)CC(=O)O)c2)c2c(c1)C(O)(C(F)(F)F)c1ccccc1-2,30.0,-1.4771212547196624,0,train
CC(CCOc1cc(-c2cnn(C)c2)c2c(c1)C(O)(C(F)(F)F)c1ccccc1-2)C(=O)O,23.0,-1.3617278360175928,0,train
C#Cc1cc(-c2cnn(C)c2)cc2c1-c1ccccc1C2(O)C(F)(F)F,77.99999999999999,-1.8920946026904804,0,test
Cn1cc(-c2cc(-c3cnn(C)c3)c3c(c2)C(O)(C(F)(F)F)c2ccccc2-3)cn1,19.0,-1.2787536009528289,0,train
OCCn1cc(-c2cc(-c3cnn(CCO)c3)c3c(c2)C(O)(C(F)(F)F)c2ccccc2-3)cn1,21.0,-1.3222192947339193,0,train
CCOc1cc(-c2cnn(CCC(=O)O)c2)c2c(c1)C(O)(C(F)(F)F)c1ccccc1-2,19.0,-1.2787536009528289,0,train
CCOc1cc(-c2cnn(CCCC(=O)O)c2)c2c(c1)C(O)(C(F)(F)F)c1ccccc1-2,21.0,-1.3222192947339193,0,train
O=C1CCCN1CCOc1cc(CO)c2c(c1)C(O)(C(F)(F)F)c1ccccc1-2,63.99999999999999,-1.806179973983887,1,test
Cc1cc(-c2cnn(CCO)c2)cc2c1-c1ccccc1C2(O)C(F)(F)F,77.0,-1.8864907251724816,0,test
CC(=O)c1cc(-c2cnn(CCO)c2)cc2c1-c1ccccc1C2(O)C(F)(F)F,26.0,-1.414973347970818,1,train
CC(O)c1cc(-c2cnn(CCO)c2)cc2c1-c1ccccc1C2(O)C(F)(F)F,512.9999999999999,-2.710117365111816,1,train
CCn1cc(-c2cc(C(C)=O)c3c(c2)C(O)(C(F)(F)F)c2ccccc2-3)cn1,21.0,-1.3222192947339193,1,test
COc1cc(-c2cnn(CCC(=O)O)c2)c2c(c1)C(O)(C(F)(F)F)c1ccccc1-2,29.0,-1.462397997898956,0,train
COc1cc(-c2cnn(CCCC(=O)O)c2)c2c(c1)C(O)(C(F)(F)F)c1ccccc1-2,25.000000000000007,-1.3979400086720375,0,train
OCCn1cc(-c2ccc3c(c2)C(O)(C(F)(F)F)c2cccc(CO)c2-3)cn1,5922.000000000001,-3.772468403053281,1,train
CC(=O)c1cc(-c2cnn(CCC(=O)O)c2)cc2c1-c1ccccc1C2(O)C(F)(F)F,47.99999999999999,-1.6812412373755872,0,train
OCC(CO)n1cc(-c2cc(F)cc3c2-c2ccccc2C3(O)C(F)(F)F)cn1,22.0,-1.3424226808222062,1,train
CC(=O)c1cc(-c2cnn(C)c2)cc2c1-c1ccccc1C2(O)C(F)(F)F,40.99999999999999,-1.6127838567197357,1,test
CC(O)c1cc(-c2cnn(C)c2)cc2c1-c1ccccc1C2(O)C(F)(F)F,652.9999999999999,-2.814913181275074,1,train
CC(=O)c1cc(OCCN2CCCC2=O)cc2c1-c1ccccc1C2(O)C(F)(F)F,33.0,-1.5185139398778875,0,train
Cn1cc(-c2cc(C#CCO)c3c(c2)C(O)(C(F)(F)F)c2ccccc2-3)cn1,228.00000000000009,-2.357934847000454,1,train
Cc1cc(-c2cnn(C(CO)CO)c2)c2c(c1)C(O)(C(F)(F)F)c1ccccc1-2,19.0,-1.2787536009528289,1,train
Cc1cc(-c2cnn(CCCCC(=O)O)c2)c2c(c1)C(O)(C(F)(F)F)c1ccccc1-2,28.0,-1.4471580313422192,0,train
CC(C)(Cn1cc(-c2cc(F)cc3c2-c2ccccc2C3(O)C(F)(F)F)cn1)C(=O)O,45.00000000000001,-1.6532125137753435,0,train
CC(C)(CC(=O)O)n1cc(-c2cc(F)cc3c2-c2ccccc2C3(O)C(F)(F)F)cn1,40.99999999999999,-1.6127838567197357,0,train
OCCCCOc1cc(CO)c2c(c1)C(O)(C(F)(F)F)c1ccccc1-2,329.0000000000001,-2.5171958979499744,0,train
NC(=O)c1cc(OCCN2CCCOC2=O)cc2c1-c1ccccc1C2(O)C(F)(F)F,47.00000000000001,-1.6720978579357175,0,train
O=C(O)CCCOc1cc(-c2cnco2)c2c(c1)C(O)(C(F)(F)F)c1ccccc1-2,76.0,-1.8808135922807916,0,train
COc1cc(-c2cnn(C(C)(C)CC(=O)O)c2)c2c(c1)C(O)(C(F)(F)F)c1ccccc1-2,37.0,-1.568201724066995,0,test
OCCn1cc(-c2cc(CO)c3c(c2)C(O)(C(F)(F)F)c2ccccc2-3)cn1,105.00000000000004,-2.0211892990699383,0,test
CCn1cc(-c2cc(CO)c3c(c2)C(O)(C(F)(F)F)c2ccccc2-3)cn1,50.5,-1.7032913781186614,0,train
COc1cc(-c2cnn(CC(C)(C)C(=O)O)c2)c2c(c1)C(O)(C(F)(F)F)c1ccccc1-2,33.0,-1.5185139398778875,0,train
OCCn1cc(-c2cc(CO)cc3c2-c2ccccc2C3(O)C(F)(F)F)cn1,64.99999999999999,-1.8129133566428557,0,train
CC(C)n1cc(-c2cc(CO)c3c(c2)C(O)(C(F)(F)F)c2ccccc2-3)cn1,64.99999999999999,-1.8129133566428557,0,test
Cn1cc(-c2cc(OCC(CO)CO)cc3c2-c2ccccc2C3(O)C(F)(F)F)cn1,33.0,-1.5185139398778875,0,train
O=C(O)CCCn1cc(-c2cc(CO)cc3c2-c2ccccc2C3(O)C(F)(F)F)cn1,133.0,-2.123851640967086,0,train
OCCCCOc1cc(-c2cnn(CCO)c2)c2c(c1)C(O)(C(F)(F)F)c1ccccc1-2,13.999999999999998,-1.146128035678238,0,train
COc1cc(C(N)=O)c2c(c1)C(O)(C(F)(F)F)c1ccccc1-2,674.0,-2.82865989653532,0,train
Cn1cc(-c2cc(OC(CO)CO)cc3c2-c2ccccc2C3(O)C(F)(F)F)cn1,58.00000000000001,-1.7634279935629371,0,train
CC(C)Cc1cc(-c2cnn(CCO)c2)c2c(c1)C(O)(C(F)(F)F)c1ccccc1-2,62.0,-1.792391689498254,0,train
C#Cc1cc(C(N)=O)c2c(c1)C(O)(C(F)(F)F)c1ccccc1-2,194.99999999999991,-2.290034611362518,0,train
CCc1cc(C(N)=O)c2c(c1)C(O)(C(F)(F)F)c1ccccc1-2,559.9999999999998,-2.7481880270062,0,train
CC[Si](CC)(CC)CCc1cc(C(N)=O)c2c(c1)C(O)(C(F)(F)F)c1ccccc1-2,100.0,-2.0,0,train
OCc1cc(Cl)cc2c1-c1ccccc1C2(O)C(F)(F)F,515.0000000000002,-2.711807229041191,0,test
NC(=O)c1cc(Cl)cc2c1-c1ccccc1C2(O)C(F)(F)F,238.99999999999991,-2.378397900948137,0,test
CC(C)(C)n1cc(-c2cc(CO)c3c(c2)C(O)(C(F)(F)F)c2ccccc2-3)cn1,127.0,-2.103803720955957,0,train
CC(C)(C)n1cc(-c2cc(C(N)=O)c3c(c2)C(O)(C(F)(F)F)c2ccccc2-3)cn1,63.0,-1.7993405494535817,0,train
NC(=O)c1cc(OCCO)cc2c1-c1ccccc1C2(O)C(F)(F)F,731.9999999999999,-2.864511081058392,0,train
C#Cc1cc(CO)c2c(c1)C(O)(C(F)(F)F)c1ccccc1-2,509.9999999999999,-2.7075701760979363,0,train
Cn1cc(-c2cc(CCO)c3c(c2)C(O)(C(F)(F)F)c2ccccc2-3)cn1,184.0,-2.2648178230095364,0,train
O=C(c1cc(CO)c2c(c1)C(O)(C(F)(F)F)c1ccccc1-2)N1CC(O)C1,130.00000000000006,-2.113943352306837,1,train
CC(C)Cn1cc(-c2cc(C(N)=O)c3c(c2)C(O)(C(F)(F)F)c2ccccc2-3)cn1,37.0,-1.568201724066995,0,train
CC(C)Cn1cc(-c2cc(CO)c3c(c2)C(O)(C(F)(F)F)c2ccccc2-3)cn1,37.0,-1.568201724066995,0,test
CC(C)(C)Cn1cc(-c2cc(CO)c3c(c2)C(O)(C(F)(F)F)c2ccccc2-3)cn1,26.500000000000004,-1.423245873936808,0,train
C/C=C/c1cc(-c2cnn(C(CO)CO)c2)c2c(c1)C(O)(C(F)(F)F)c1ccccc1-2,25.000000000000007,-1.3979400086720375,0,train
CCCc1cc(-c2cnn(C(CO)CO)c2)c2c(c1)C(O)(C(F)(F)F)c1ccccc1-2,36.0,-1.5563025007672873,0,train
CCc1cc(-c2cnn(C(CO)CO)c2)c2c(c1)C(O)(C(F)(F)F)c1ccccc1-2,37.0,-1.568201724066995,0,train
CC(C)c1cc(-c2cnn(C(CO)CO)c2)c2c(c1)C(O)(C(F)(F)F)c1ccccc1-2,55.00000000000001,-1.740362689494244,0,test
NC(=O)c1cc(CCCN2CCCC2=O)cc2c1-c1ccccc1C2(O)C(F)(F)F,73.0,-1.863322860120456,0,train
O=C1CCCN1CCCc1cc(CO)c2c(c1)C(O)(C(F)(F)F)c1ccccc1-2,171.99999999999991,-2.2355284469075487,0,test
NC(=O)c1cc(-c2cncnc2)cc2c1-c1ccccc1C2(O)C(F)(F)F,70.99999999999999,-1.8512583487190752,0,train
CC(C)(O)Cn1cc(-c2cc(CO)c3c(c2)C(O)(C(F)(F)F)c2ccccc2-3)cn1,59.00000000000001,-1.7708520116421442,0,test
NC(=O)c1cc(-c2cnn(CC3CCCCC3)c2)cc2c1-c1ccccc1C2(O)C(F)(F)F,24.500000000000007,-1.3891660843645326,0,train
Cc1cc(-c2cnn(CC(CO)CO)c2)c2c(c1)C(O)(C(F)(F)F)c1ccccc1-2,17.999999999999996,-1.255272505103306,0,train
CC(C)=Cc1cc(-c2cnn(C(CO)CO)c2)c2c(c1)C(O)(C(F)(F)F)c1ccccc1-2,15.000000000000004,-1.1760912590556811,0,train
CC(C)(C)CCc1cc(-c2cnn(C(CO)CO)c2)c2c(c1)C(O)(C(F)(F)F)c1ccccc1-2,22.0,-1.3424226808222062,0,train
OCc1cc(-c2cnn(CC3CCCCC3)c2)cc2c1-c1ccccc1C2(O)C(F)(F)F,17.0,-1.230448921378274,0,train
N#Cc1ccc2c(c1)C(O)(C(F)(F)F)c1ccccc1-2,1442.9999999999995,-3.159266331093494,1,train
CC(CO)(CO)n1cc(-c2cc(F)cc3c2-c2ccccc2C3(O)C(F)(F)F)cn1,22.0,-1.3424226808222062,0,train
CC(C)(O)Cn1cc(-c2cc(F)cc3c2-c2ccccc2C3(O)C(F)(F)F)cn1,30.0,-1.4771212547196624,0,test
OCC(CO)c1ncc(-c2cc(F)cc3c2-c2ccccc2C3(O)C(F)(F)F)o1,78.99999999999999,-1.8976270912904412,0,train
OCC(CO)c1noc(-c2cc(F)cc3c2-c2ccccc2C3(O)C(F)(F)F)n1,337.99999999999994,-2.5289167002776547,1,train
CC(C)(O)C(C)(C)n1cc(-c2cc(F)cc3c2-c2ccccc2C3(O)C(F)(F)F)cn1,50.99999999999999,-1.7075701760979365,0,train
Cc1cc(-c2cnn(CCCc3nn[nH]n3)c2)c2c(c1)C(O)(C(F)(F)F)c1ccccc1-2,30.0,-1.4771212547196624,0,train
CC(CO)(CO)n1cc(-c2cccc3c2-c2ccccc2C3(O)C(F)(F)F)cn1,30.0,-1.4771212547196624,0,train
OCC(CO)(CO)n1cc(-c2cc(F)cc3c2-c2ccccc2C3(O)C(F)(F)F)cn1,20.000000000000004,-1.3010299956639813,0,test
OCC(CO)(CO)n1cc(-c2cccc3c2-c2ccccc2C3(O)C(F)(F)F)cn1,31.0,-1.4913616938342726,1,train
Cc1cc(-c2cnn(C(CO)(CO)CO)c2)c2c(c1)C(O)(C(F)(F)F)c1ccccc1-2,19.0,-1.2787536009528289,0,train
CC(C)(O)CCOc1cc(-c2cnn(C(C)(C)C(N)=O)c2)c2c(c1)[C@@](O)(C(F)(F)F)c1ccccc1-2,4.75,-0.6766936096248666,0,train
CC(C)(O)CCCOc1cc(-c2cnn(C(C)(C)C(N)=O)c2)c2c(c1)[C@@](O)(C(F)(F)F)c1ccccc1-2,4.2,-0.6232492903979004,0,train
Cn1cc(-c2cc(OCC(C)(C)O)cc3c2-c2ccccc2[C@]3(O)C(F)(F)F)cn1,7.4,-0.8692317197309762,0,test
CC(C)(O)COc1cc(-c2cnn(CCO)c2)c2c(c1)[C@@](O)(C(F)(F)F)c1ccccc1-2,6.7,-0.8260748027008264,0,train
CC(C)(C(N)=O)n1cc(-c2cc(F)cc3c2-c2ccccc2[C@]3(O)C(F)(F)F)cn1,5.1000000000000005,-0.7075701760979364,1,train
O=S(=O)(c1ccc(O)cc1O)N1Cc2ccc(O)cc2C1,570.0000000000001,-2.7558748556724915,0,train
Nc1ccc2c(c1)CN(S(=O)(=O)c1ccc(O)cc1O)C2,1177.0,-3.070776462843434,0,train
O=S(=O)(c1ccc(O)cc1O)N1Cc2ccc(NC3CCN(Cc4ccccc4)CC3)cc2C1,416.0,-2.6190933306267428,0,train
O=S(=O)(c1ccc(O)cc1O)N1Cc2ccc(NC3CCNCC3)cc2C1,194.99999999999991,-2.290034611362518,1,train
O=S(=O)(c1ccc(O)cc1O)N1Cc2ccc(NC3CCCCC3)cc2C1,1196.0,-3.077731179652392,0,test
O=S(=O)(c1ccc(O)cc1O)N1Cc2ccc(N3CCCCC3)cc2C1,4371.000000000002,-3.6405808064896528,1,train
O=S(=O)(c1ccc(O)cc1O)N1Cc2ccc(N3CCNCC3)cc2C1,1346.0000000000005,-3.1290450598879582,0,train
O=C(O)CC(=O)N1CCC(Nc2ccc3c(c2)CN(S(=O)(=O)c2ccc(O)cc2O)C3)CC1,1657.0000000000005,-3.219322508419337,0,train
O=C(O)CCCCC(=O)N1CCC(Nc2ccc3c(c2)CN(S(=O)(=O)c2ccc(O)cc2O)C3)CC1,1609.999999999999,-3.206825876031849,0,test
O=C(O)CCCCCCCC(=O)N1CCC(Nc2ccc3c(c2)CN(S(=O)(=O)c2ccc(O)cc2O)C3)CC1,629.0000000000002,-2.798650645445269,0,train
O=C(C1C[C@@H](O)C(O)[C@H](O)C1)N1CCC(Nc2ccc3c(c2)CN(S(=O)(=O)c2ccc(O)cc2O)C3)CC1,431.99999999999983,-2.635483746814912,0,train
C[C@H](O)[C@H](N)C(=O)N1CCC(Nc2ccc3c(c2)CN(S(=O)(=O)c2ccc(O)cc2O)C3)CC1,91.0,-1.9590413923210936,0,train
N[C@@H](CO)C(=O)N1CCC(Nc2ccc3c(c2)CN(S(=O)(=O)c2ccc(O)cc2O)C3)CC1,68.00000000000001,-1.8325089127062364,0,test
NC(=O)CC[C@H](N)C(=O)N1CCC(Nc2ccc3c(c2)CN(S(=O)(=O)c2ccc(O)cc2O)C3)CC1,72.00000000000001,-1.8573324964312683,1,train
NCCCC[C@H](N)C(=O)N1CCC(Nc2ccc3c(c2)CN(S(=O)(=O)c2ccc(O)cc2O)C3)CC1,580.0000000000001,-2.7634279935629373,0,train
O=C(O)c1ccccc1C(=O)N1CCC(Nc2ccc3c(c2)CN(S(=O)(=O)c2ccc(O)cc2O)C3)CC1,565.0000000000002,-2.7520484478194387,0,test
O=S(=O)(c1ccc(O)cc1O)N1Cc2ccc(NC3CCN(CC(O)CO)CC3)cc2C1,154.0,-2.187520720836463,0,train
NC(=O)C[C@H](N)C(=O)N1CC(Nc2ccc3c(c2)CN(S(=O)(=O)c2ccc(O)cc2O)C3)C1,64.99999999999999,-1.8129133566428557,1,train
NC(=O)C[C@H](N)C(=O)N1CCN(c2ccc3c(c2)CN(S(=O)(=O)c2ccc(O)cc2O)C3)CC1,766.9999999999995,-2.8847953639489807,1,test
NC(=O)C[C@H](N)C(=O)N1CCCN(c2ccc3c(c2)CN(S(=O)(=O)c2ccc(O)cc2O)C3)CC1,1514.0,-3.180125875164054,1,train
NC(=O)C[C@H](N)C(=O)NCCCNc1ccc2c(c1)CN(S(=O)(=O)c1ccc(O)cc1O)C2,67.0,-1.8260748027008264,0,train
NC(=O)C[C@H](N)C(=O)NCCNc1ccc2c(c1)CN(S(=O)(=O)c1ccc(O)cc1O)C2,357.0,-2.552668216112193,0,train
COc1ccc(N(C)C(=O)c2ccc(O)cc2O)cc1,2230.0,-3.3483048630481607,0,train
CN(C)C(=O)c1ccc(N(C)C(=O)c2ccc(O)cc2O)cc1,350.0,-2.544068044350276,0,train
CCNC(=O)CN(C(=O)c1ccc(O)cc1O)c1ccc(OC)cc1,4460.000000000001,-3.649334858712142,0,train
CCN(CC)CCN(C(=O)c1ccc(O)cc1O)c1ccc(OC)cc1,2779.9999999999995,-3.444044795918076,0,test
COc1ccc(-c2c(C)c3ccc(OCCN4CCN(CCO)CC4)cc3oc2=O)cc1OC,5199.999999999998,-3.716003343634799,0,train
O=c1c(-c2ccc(Br)cc2)coc2cc(OCCN3CCN(CCO)CC3)ccc12,10900.000000000004,-4.037426497940624,0,train
CN(C)CCCn1ccnc1[C@H]1CCCN(C(=O)c2ccc3cc[nH]c3c2)C1,2499.9999999999995,-3.397940008672037,0,train
O=C(NCc1ccccc1-n1cccn1)c1cc(-c2ccccc2O)n[nH]1,2599.999999999998,-3.4149733479708178,0,test
OCCOc1ccc(CN2CCN(Cc3ccc(F)c(F)c3)[C@@H](CCO)C2)cc1,1500.0000000000005,-3.1760912590556813,0,train
CC(=O)Nc1ccc(CN(C(=O)c2ccc(O)cc2O)c2ccc(C(=O)O)cc2)cc1,7219.999999999997,-3.858537197569639,1,train
CC(=O)Nc1ccc(CN(C(=O)c2ccc(O)cc2O)c2ccc(C(=O)NC3CC3)cc2)cc1,1959.9999999999995,-3.292256071356476,0,train
CNC(=O)c1ccc(N(Cc2ccc(NC(C)=O)cc2)C(=O)c2ccc(O)cc2O)cc1,8590.000000000002,-3.9339931638312415,0,train
CC(=O)Nc1ccc(CN(C(=O)c2ccc(O)cc2O)c2ccc(C(=O)NCCO)cc2)cc1,9910.0,-3.9960736544852753,1,test
CC(=O)Nc1ccc(CN(C(=O)c2ccc(O)cc2O)c2ccc(C(=O)N(C)C)cc2)cc1,502.9999999999999,-2.7015679850559278,1,train
CC(=O)Nc1ccc(CN(C(=O)c2ccc(O)cc2O)c2ccc(C(=O)N3CCCCC3)cc2)cc1,1619.999999999999,-3.2095150145426308,0,test
CC(=O)Nc1ccc(CN(C(=O)c2ccc(O)cc2O)c2ccc(C(=O)N3CCOCC3)cc2)cc1,2660.0000000000005,-3.424881636631067,0,train
CC(=O)Nc1ccc(CN(C(=O)c2ccc(O)cc2O)c2ccc(C(=O)N3CCCC3)cc2)cc1,1659.9999999999995,-3.220108088040055,0,train
CN(C)C(=O)c1ccc(N(Cc2ccccc2)C(=O)c2ccc(O)cc2O)cc1,205.99999999999997,-2.3138672203691533,1,train
CN(C)C(=O)c1ccc(N(Cc2ccc(F)cc2)C(=O)c2ccc(O)cc2O)cc1,113.00000000000006,-2.05307844348342,1,test
CN(C)C(=O)c1ccc(N(Cc2ccc(F)cc2)C(=O)c2ccc(O)cc2)cc1,2040.0,-3.3096301674258988,1,train
CN(C)C(=O)c1ccc(N(Cc2ccc(Cl)cc2)C(=O)c2ccc(O)cc2O)cc1,126.0,-2.100370545117563,1,train
CN(C)C(=O)c1ccc(N(Cc2ccc(C(F)(F)F)cc2)C(=O)c2ccc(O)cc2O)cc1,140.00000000000006,-2.146128035678238,0,train
CN(C)C(=O)c1ccc(N(Cc2ccc([N+](=O)[O-])cc2)C(=O)c2ccc(O)cc2O)cc1,109.99999999999996,-2.041392685158225,0,test
CN(C)C(=O)c1ccc(N(Cc2ccc(C#N)cc2)C(=O)c2ccc(O)cc2O)cc1,301.99999999999994,-2.4800069429571505,1,test
CN(C)C(=O)c1ccc(N(Cc2ccc3ccccc3c2)C(=O)c2ccc(O)cc2O)cc1,373.00000000000017,-2.571708831808688,0,train
CN(C)C(=O)c1ccc(N(CC(C)(C)C)C(=O)c2ccc(O)cc2O)cc1,771.9999999999997,-2.887617300335736,0,test
CN(C)C(=O)c1ccc(N(CC2CCCCC2)C(=O)c2ccc(O)cc2O)cc1,184.0,-2.2648178230095364,0,train
Cc1ccc(CN(C(=O)c2ccc(O)cc2O)c2ccc(C(=O)N(C)C)cc2)o1,252.00000000000009,-2.401400540781544,1,train
CN(C)C(=O)c1ccc(N(Cc2ccc(Cl)o2)C(=O)c2ccc(O)cc2O)cc1,193.00000000000009,-2.285557309007774,1,train
CN(C)C(=O)c1ccc(N(Cc2ccc(I)o2)C(=O)c2ccc(O)cc2O)cc1,98.0,-1.9912260756924949,1,train
CN(C)C(=O)c1ccc(N(Cc2ccc(Br)s2)C(=O)c2ccc(O)cc2O)cc1,17.999999999999996,-1.255272505103306,1,train
CN(C)C(=O)c1ccc(N(Cc2ccc(C#N)s2)C(=O)c2ccc(O)cc2O)cc1,95.0,-1.977723605288848,1,train
CN(C)C(=O)c1ccc(N(Cc2cnc(Br)s2)C(=O)c2ccc(O)cc2O)cc1,132.00000000000006,-2.12057393120585,1,train
CN(C)C(=O)c1ccc(N(Cc2ncc(Br)s2)C(=O)c2ccc(O)cc2O)cc1,63.99999999999999,-1.806179973983887,0,train
CN(C)C(=O)c1ccc(N(Cc2cc(Br)cs2)C(=O)c2ccc(O)cc2O)cc1,7.999999999999999,-0.9030899869919436,1,train
Cc1cccc(NC(=O)CSc2n[nH]c(-c3ccccc3O)n2)c1C,3800.0,-3.57978359661681,0,test
CC(C)CNS(=O)(=O)c1ccc(OCC(=O)N(Cc2ccccc2)Cc2ccccc2)cc1,5900.000000000001,-3.770852011642144,0,train
C[C@H]1CCc2c(sc3nc(SCCN4CCCC4)n(N)c(=O)c23)C1,10500.000000000004,-4.021189299069938,0,train
CN(C)C(=O)c1ccc(S(=O)(=O)c2ccc(NC(=O)[C@@](C)(O)C(F)(F)F)c(Cl)c2)cc1,79.99999999999999,-1.9030899869919435,0,train
C[C@@H]1CN(C(=O)[C@](C)(O)C(F)(F)F)[C@@H](C)CN1C(=O)c1ccc(C#N)cc1,7.799999999999999,-0.8920946026904804,0,test
CC(C)c1ccc(COc2ccc(CC(=O)NCCN)cc2Cl)cc1,2000.0,-3.3010299956639813,0,test
O=C1Cc2ccccc2N1,957999.9999999992,-5.981365509078544,0,train
COC(=O)c1ccc(O)cc1O,191999.99999999985,-5.283301228703549,0,train
CCc1cccc2c1NC(=O)C2(C)C,11000.000000000007,-4.041392685158225,1,train
CC1(C)C(=O)Nc2c(C3CC3)cccc21,4900.000000000002,-3.690196080028514,0,test
CNc1cccc2c1NC(=O)C2(C)C,590.0,-2.770852011642144,1,train
c1cnc2[nH]c3c(C4CC4)cccc3c2c1,3500.0000000000005,-3.544068044350276,0,train
Cc1cnc2[nH]c3c(C4CC4)cccc3c2c1,2000.0,-3.3010299956639813,0,train
Cc1cnc2[nH]c3c(C4CC4)cccc3c2n1,710.0000000000003,-2.8512583487190755,0,train
CCCc1[nH]c2nc(C)ncc2c1Cl,1799.9999999999998,-3.255272505103306,0,train
CCCc1[nH]c2nc(C)ncc2c1Br,2199.9999999999995,-3.342422680822206,0,train
CCCc1[nH]c2nc(C)ncc2c1C,14700.000000000013,-4.167317334748176,0,train
CCCc1[nH]c2nc(C)nc(Cl)c2c1C,9899.999999999996,-3.9956351945975497,0,test
CNC(=O)c1[nH]c2nc(C)nc(Cl)c2c1C,42800.00000000002,-4.631443769013172,0,test
C/C=C/c1[nH]c2nc(C)nc(Cl)c2c1Cl,1500.0000000000005,-3.1760912590556813,0,test
Cc1ncc2c(n1)[nH]c1c(C3CC3)cccc12,710.0000000000003,-2.8512583487190755,0,train
Cc1ccc2c(n1)[nH]c1c(C3CC3)cccc12,2030.0000000000005,-3.307496037913213,0,train
CNC(=O)c1cc2c(nc1C)[nH]c1c(C3CC3)cccc12,5509.999999999999,-3.741151598851785,1,train
COC(=O)c1cc2c(nc1C)[nH]c1c(C3CC3)cccc12,209.99999999999991,-2.322219294733919,1,train
Cc1nc2[nH]c3c(C4CC4)cccc3c2cc1-c1ccccc1,5330.000000000002,-3.726727209026573,0,test
Cc1nc2[nH]c3c(C4CC4)cccc3c2cc1-c1ccccn1,1509.999999999999,-3.1789769472931693,0,train
Cc1nnc(-c2cc3c(nc2C)[nH]c2c(C4CC4)cccc23)o1,490.0000000000002,-2.690196080028514,0,train
CCc1nnc(-c2cc3c(nc2C)[nH]c2c(C4CC4)cccc23)s1,1490.0,-3.173186268412274,1,train
CCc1nnc(-c2cc3c(nc2C)[nH]c2c(C4CC4)cccc23)o1,189.99999999999997,-2.278753600952829,0,train
Cc1nc2[nH]c3c(C4CC4)cccc3c2cc1-c1nnc(C(C)C)o1,130.00000000000006,-2.113943352306837,0,test
CCCc1nnc(-c2cc3c(nc2C)[nH]c2c(C4CC4)cccc23)o1,91.0,-1.9590413923210936,1,test
Cc1nc2[nH]c3c(C4CC4)cccc3c2cc1-c1nnc(CC(C)C)o1,56.00000000000001,-1.7481880270062005,0,train
Cc1nc2[nH]c3c(C4CC4)cccc3c2cc1-c1nnc(C(C)C(C)C)o1,86.99999999999999,-1.9395192526186185,0,train
Cc1cnc(Cl)nc1-c1ccc(N(Cc2ccccc2)C(=O)c2ccc(O)cc2O)cc1,35.0,-1.5440680443502757,0,train
Cc1nc2[nH]c3c(C4CC4)cccc3c2cc1-c1nnc(C(NC(=O)CCc2ccccc2)C(C)C)o1,4.2,-0.6232492903979004,0,train
Cc1nc2[nH]c3c(C4CC4)cccc3c2cc1-c1nnc(C(CC(=O)NCc2ccccc2)C(C)C)o1,6.0,-0.7781512503836436,0,train
Cc1nc2[nH]c3c(C4CC4)cccc3c2cc1-c1nnc([C@@H](CC(=O)N[C@H](C)c2ccccc2)C(C)C)o1,17.1,-1.2329961103921538,0,test
Cc1nc(N2CCCC2)c2c(n1)[nH]c1c(C3CC3)cccc12,2410.0,-3.3820170425748683,0,test
CCC1CCCN1c1nc(C)nc2[nH]c3c(C4CC4)cccc3c12,757.9999999999998,-2.8796692056320534,0,train
Cc1nc(N2C[C@H](c3ccccc3)C[C@H]2CO)c2c(n1)[nH]c1c(C3CC3)cccc12,1010.0,-3.004321373782642,1,train
Cc1nc(N2C[C@H](Cc3ccccc3)C[C@H]2CO)c2c(n1)[nH]c1c(C3CC3)cccc12,73.0,-1.863322860120456,1,train
Cc1nc(N2C[C@](CO)(Cc3ccccc3)C[C@H]2CO)c2c(n1)[nH]c1c(C3CC3)cccc12,14.6,-1.1643528557844371,1,train
Cc1nc(N2C[C@@](Cc3ccccc3)(C(N)=O)C[C@H]2CO)c2c(n1)[nH]c1c(C3CC3)cccc12,4.500000000000001,-0.6532125137753437,0,train
CC[C@@H]1C[C@H](c2ccc(C(=O)O)[nH]2)CN1c1nc(C)nc2[nH]c3c(C4CC4)cccc3c12,9.2,-0.9637878273455552,0,train
Cc1nc(N2C[C@@H](c3ccc(C(=O)O)[nH]3)C[C@H]2CO)c2c(n1)[nH]c1c(C3CC3)cccc12,5.1000000000000005,-0.7075701760979364,0,train
Cc1nc(N2C[C@@H](c3ccc(C(N)=O)[nH]3)C[C@H]2CO)c2c(n1)[nH]c1c(C3CC3)cccc12,5.500000000000001,-0.7403626894942439,0,train
