smiles,exp_mean [nM],y,cliff_mol,split
COc1cc2c3[nH]c4ccccc4c3c3c(c2c2c1ccn2C)C(=O)NC3=O,35.0,-1.5440680443502757,0,train
COc1cnc2oc3ccc(O)cc3c2c1-c1ccccc1,80000.00000000003,-4.903089986991944,0,test
CC(C)c1c(O)ccc2cnc(Nc3ccccc3)nc12,549.9999999999998,-2.740362689494244,0,train
COc1ccc2cnc(Nc3ccccc3)nc2c1C1CCCC1,650.0000000000002,-2.812913356642856,0,train
COc1ccc2cnc(Nc3ccc(N4CCCCC4)cc3)nc2c1C(C)C,3099.9999999999995,-3.4913616938342726,0,train
COc1ccc2cnc(Nc3ccc(N4CCNCC4)cc3)nc2c1C1CCCC1,250.59499999999989,-2.3989724014782725,0,train
COc1ccc2cnc(Nc3ccc(N4CCNCC4)c(F)c3)nc2c1C1CCCC1,300.0000000000001,-2.4771212547196626,0,train
Oc1ccc2cnc(Nc3ccc(N4CCOCC4)cc3)nc2c1C1CCCC1,634.9999999999998,-2.8027737252919755,0,train
COc1ccc2cnc(Nc3ccc(N4CCC(N)C4)cc3)nc2c1C1CCCC1,774.9999999999998,-2.88930170250631,0,train
Oc1ccc2oc3ncc(Br)c(-c4ccccc4)c3c2c1,3199.999999999999,-3.505149978319906,0,train
COc1ccc2cnc(Nc3ccc(N4CCN(C(C)=O)CC4)cc3)nc2c1C1CCCC1,265.00000000000006,-2.423245873936808,0,train
COc1ccc2cnc(Nc3ccc(N4CCNCC4)cc3)nc2c1C(C)C,1199.9999999999995,-3.0791812460476247,0,train
COc1ccc2cnc(Nc3ccc(N4CCNCC4)c(F)c3)nc2c1C(C)C,655.0000000000002,-2.816241299991783,0,train
COc1ccc2cnc(Nc3ccc(N4CCN(C(=O)CN)CC4)cc3)nc2c1C1CCCC1,449.99999999999983,-2.6532125137753435,0,test
COc1ccc2cnc(Nc3ccc(N4CCN(C(C)=O)CC4)cc3)nc2c1C(C)C,899.9999999999998,-2.9542425094393248,0,train
COc1ccc2cnc(Nc3ccc(N4CCN(C(=O)CN)CC4)cc3)nc2c1C(C)C,1099.9999999999998,-3.041392685158225,0,train
COc1ccc2cnc(Nc3ccc(N4CCOCC4)cc3)nc2c1C1CCCC1,650.0000000000002,-2.812913356642856,0,train
COc1ccc2cnc(Nc3ccccc3)nc2c1C(C)C,1080.0000000000005,-3.03342375548695,0,train
Oc1ccc2cnc(Nc3ccc(N4CCNCC4)cc3)nc2c1C1CCCC1,321.795,-2.507579291816213,0,train
Oc1ccc2cnc(Nc3ccc(N4CCNCC4)c(F)c3)nc2c1C1CCCC1,270.00000000000006,-2.431363764158988,0,train
CC(C)C(=O)Nc1ncc(C(C)C)s1,317.99999999999994,-2.502427119984433,0,test
CC(C)c1cnc(NC(=O)c2ccccc2)s1,1020.0,-3.008600171761917,0,test
CC(C)c1cnc(NC(=O)Oc2ccccc2)s1,980.0000000000006,-2.991226075692495,0,train
CC(C)c1cnc(NC(=O)C(=O)c2ccccc2)s1,9770.0,-3.989894563718773,0,train
CC(C)c1cnc(NC(=O)Nc2ccccc2)s1,265.00000000000006,-2.423245873936808,1,train
CCc1cnc(NC(=O)Cc2ccccc2)s1,412.0,-2.6148972160331345,0,train
O=C(Cc1ccccc1)Nc1ncc(C2CCC2)s1,74.00000000000001,-1.869231719730976,1,train
O=C(Cc1ccccc1)Nc1ncc(C2CCCC2)s1,154.99999999999997,-2.1903316981702914,1,train
O=C(Cc1ccccc1)Nc1ncc(C2CCCCC2)s1,997.0000000000005,-2.998695158311656,1,train
O=C(Cc1ccccc1)Nc1ncc(C2=CCCC2)s1,6509.999999999996,-3.813580988568192,1,train
CCCCCc1cnc(NC(=O)Cc2ccccc2)s1,4119.999999999999,-3.6148972160331354,0,train
O=C(Cc1ccccc1)Nc1ncc(-c2ccccc2)s1,2000.0,-3.3010299956639813,1,train
CC(=O)c1cnc(NC(=O)Cc2ccccc2)s1,4599.999999999998,-3.662757831681574,1,train
CSc1cnc(NC(=O)Cc2ccccc2)s1,105.00000000000004,-2.0211892990699383,0,train
O=C(Cc1ccccc1)Nc1ncc(Br)s1,480.0,-2.681241237375587,0,train
CN(C)c1cnc(NC(=O)Cc2ccccc2)s1,4810.000000000002,-3.682145076373832,1,train
O=C(Cc1ccc2[nH]cnc2c1)Nc1ncc(C2CCC2)s1,33.0,-1.5185139398778875,0,train
O=C(Cc1ccc2ncccc2c1)Nc1ncc(C2CCC2)s1,26.0,-1.414973347970818,0,train
Cc1nc2ccc(CC(=O)Nc3ncc(C4CCC4)s3)cc2s1,16.0,-1.2041199826559248,0,train
O=C(Cc1cccc2cnccc12)Nc1ncc(C2CCC2)s1,70.00000000000001,-1.845098040014257,0,train
O=C(Cc1c[nH]c2ccccc12)Nc1ncc(C2CCC2)s1,40.000000000000014,-1.6020599913279625,1,train
Cc1cc2ncn(CC(=O)Nc3ncc(C4CCC4)s3)c2cc1C,26.0,-1.414973347970818,0,train
O=C(Cn1ccc2ccccc21)Nc1ncc(C2CCC2)s1,100.0,-2.0,0,train
O=C(Nc1ccccc1)Nc1ncc(C2CCC2)s1,290.0,-2.462397997898956,1,test
O=C(Nc1ccc2ncccc2c1)Nc1ncc(C2CCC2)s1,167.0,-2.2227164711475837,0,test
O=C(Nc1ccc2cnccc2c1)Nc1ncc(C2CCC2)s1,167.0,-2.2227164711475837,0,train
O=C(Nc1ncc(C2CCC2)s1)Nc1cccc2ncccc12,43.000000000000014,-1.6334684555795866,1,train
O=C(Nc1ncc(C2CCC2)s1)Nc1cccc2cnccc12,96.0,-1.9822712330395684,0,train
O=C(Nc1ncc(C2CCC2)s1)Nc1cccc2ccncc12,55.00000000000001,-1.740362689494244,1,train
O=C(Nc1ncc(C2CCC2)s1)Nc1cccc2c[nH]nc12,650.0000000000002,-2.812913356642856,1,train
O=C(Nc1ncc(C2CCC2)s1)Nc1cccc2[nH]nnc12,106.00000000000004,-2.0253058652647704,0,train
CC(C)(C)c1cc2c(N/N=C/c3ccc4c(c3)CNCC4)ncnc2s1,492.4679759019003,-2.6923779945467627,0,train
CC(C)(C)c1cc2c(N/N=C/c3ccc(CO)cc3)ncnc2s1,763.6906230540574,-2.882917458167243,1,train
CN(CCO)Cc1ccc(/C=N/Nc2ncnc3sc(C(C)(C)C)cc23)cc1,729.4716612836687,-2.86300842496534,0,train
CC(C)(C)c1cc2c(N/N=C/c3ccc(C(=O)O)cc3)ncnc2s1,1100.342799102798,-3.041528005672839,0,train
CC(C)(C)c1cc2c(N/N=C/c3ccc4c(c3)CNC4)ncnc2s1,1479.4624998933075,-3.1701039615238176,0,train
CN(C)Cc1ccc(/C=N/Nc2ncnc3sc(C(C)(C)C)cc23)cc1,1632.5553300210588,-3.212867909160358,0,train
CC(C)(C)c1cc2c(N/N=C/c3ccc4c(c3)CCNC4)ncnc2s1,1750.997247651201,-3.243285463427344,0,test
CNCc1ccc(/C=N/Nc2ncnc3sc(C(C)(C)C)cc23)cc1,1923.64814212365,-3.2841256373958543,0,train
CN1Cc2ccc(/C=N/Nc3ncnc4sc(C(C)(C)C)cc34)cc2C1,2735.933199455,-3.4371054894434563,0,train
CN(C)Cc1cccc(/C=N/Nc2ncnc3sc(C(C)(C)C)cc23)c1,2993.0181050386086,-3.4761093439349398,0,train
CN(C)S(=O)(=O)c1ccc(/C=N/Nc2ncnc3sc(C(C)(C)C)cc23)cc1,2921.735798448124,-3.465640941761268,0,train
CN(C)Cc1cccc(/C=N/Nc2ncnc3sc(C(C)(C)C)cc23)n1,3799.082792868576,-3.579678758175453,0,test
CC(C)(C)c1cc2c(N/N=C/c3ccc(CN)cc3)ncnc2s1,4713.257214229321,-3.673321140941972,0,test
CC(C)N1Cc2ccc(/C=N/Nc3ncnc4sc(C(C)(C)C)cc34)cc2C1,7622.725886777107,-3.882110302821253,0,test
CC(C)(C)c1cc2c(N/N=C/c3ccc(O)cc3)ncnc2s1,33698.399326032,-4.527609272373371,1,train
CC(=O)N1CCC(Nc2ncc3c(n2)-c2c(c(C(N)=O)nn2C)CC3)CC1,7.0,-0.8450980400142568,0,train
Cn1nc(C(N)=O)c2c1-c1nc(NC3CCN(C(=O)c4ccccc4)CC3)ncc1CC2,16.0,-1.2041199826559248,0,test
CNC(=O)c1nn(C)c2c1CCc1cnc(NC3CCN(C(=O)C4CCN(S(C)(=O)=O)CC4)CC3)nc1-2,7.999999999999999,-0.9030899869919436,0,test
CC(C)(C)C(=O)N1Cc2c(NC(=O)c3cc(F)cc(F)c3)n[nH]c2C1(C)C,89.99999999999997,-1.9542425094393248,0,test
CC(C)CC(=O)Nc1n[nH]c2c1CN(C(=O)C1CCN(C)CC1)C2(C)C,7.999999999999999,-0.9030899869919436,0,train
O=C1Nc2ccc([N+](=O)[O-])cc2/C1=C1/Nc2ccc(O)cc2/C1=N/O,1.91,-0.2810333672477275,1,train
O=C1Nc2ccc(Cl)cc2/C1=C1/Nc2ccc(O)cc2/C1=N/O,5.269999999999999,-0.7218106152125465,1,train
O=C1Nc2ccc(F)cc2/C1=C1/Nc2ccc(O)cc2/C1=N/O,2.25,-0.3521825181113625,1,train
O=C1Nc2ccc(OC(F)(F)F)cc2/C1=C1/Nc2ccc(O)cc2/C1=N/O,8.319999999999999,-0.920123326290724,1,train
O=C1Nc2ccc([N+](=O)[O-])cc2/C1=C1/Nc2ccc(Cl)cc2/C1=N/O,23.5,-1.3710678622717365,1,train
O=C1Nc2ccc(Cl)cc2/C1=C1/Nc2ccc(Cl)cc2/C1=N/O,11.099999999999998,-1.0453229787866574,1,train
O=C1Nc2ccc(F)cc2/C1=C1/Nc2ccc(Cl)cc2/C1=N/O,10.1,-1.0043213737826426,1,train
O=C1Nc2ccc(OC(F)(F)F)cc2/C1=C1/Nc2ccc(Cl)cc2/C1=N/O,76.19999999999999,-1.8819549713396004,0,train
O=C1Nc2ccc([N+](=O)[O-])cc2/C1=C1/Nc2ccc(F)cc2/C1=N/O,1.71,-0.2329961103921538,1,train
O=C1Nc2ccc(Cl)cc2/C1=C1/Nc2ccc(F)cc2/C1=N/O,8.01,-0.9036325160842376,1,train
O=C1Nc2ccc(F)cc2/C1=C1/Nc2ccc(F)cc2/C1=N/O,1.83,-0.2624510897304294,1,test
O=C1Nc2ccc(OC(F)(F)F)cc2/C1=C1/Nc2ccc(F)cc2/C1=N/O,60.29999999999998,-1.7803173121401512,1,train
Cc1ccc2c(c1)C(=N/O)/C(=C1/C(=O)Nc3ccc([N+](=O)[O-])cc31)N2,8.68,-0.9385197251764918,1,train
COc1ccc2c(c1)C(=N/O)/C(=C1/C(=O)Nc3ccc([N+](=O)[O-])cc31)N2,2950.0,-3.469822015978163,1,train
COc1ccc2c(c1)C(=N/O)/C(=C1/C(=O)Nc3ccc(F)cc31)N2,4119.999999999999,-3.6148972160331354,0,train
COc1ccc2c(c1)C(=N/O)/C(=C1/C(=O)Nc3ccc(OC(F)(F)F)cc31)N2,8620.0,-3.9355072658247128,0,train
O=Nc1c(-c2c(O)[nH]c3ccc([N+](=O)[O-])cc23)[nH]c2ccccc12,7.35,-0.8662873390841949,0,train
COc1ccc(N2CCN(C)CC2)cc1Nc1ncc2c(n1)-c1c(c(C(N)=O)nn1C)CC2,346.9999999999999,-2.5403294747908736,0,train
Cn1cncc1CNC(=O)c1ccc2cc(-c3n[nH]cc3-c3ccccc3)[nH]c2c1,630.0,-2.7993405494535817,0,test
Cn1nccc1CNC(=O)c1ccc2cc(-c3n[nH]cc3-c3ccccc3)[nH]c2c1,160.00000000000009,-2.204119982655925,0,train
Cc1oncc1CNC(=O)c1ccc2cc(-c3n[nH]cc3-c3ccccc3)[nH]c2c1,400.0000000000001,-2.6020599913279625,0,train
CC(C)CN(C)C(=O)c1ccc2cc(-c3n[nH]cc3-c3ccccc3)[nH]c2c1,3160.0000000000005,-3.499687082618404,0,train
Cn1cncc1CNC(=O)c1ccc2cc(-c3cc(Cc4ccccc4)[nH]n3)[nH]c2c1,31599.99999999997,-4.4996870826184034,0,train
Cn1nccc1CNC(=O)c1ccc2cc(-c3cc(Cc4ccccc4)[nH]n3)[nH]c2c1,12599.999999999987,-4.1003705451175625,0,train
CC[C@H](CO)Nc1nc(NCc2ccccc2)c2[nH]nc(C(C)C)c2n1,40.000000000000014,-1.6020599913279625,1,train
Cc1cc(Nc2nc(N[C@@H](C)c3ccc(F)cn3)c(C#N)cc2F)n[nH]1,173.99999999999991,-2.2405492482825995,0,train
CNC(=O)c1ncc(C#Cc2cc(C(=O)Nc3ccc(CN4CCN(CCO)CC4)c(C(F)(F)F)c3)ccc2C)n1C,6.4,-0.8061799739838872,0,train
Nn1c(S)nnc1Cc1c(NC(=O)CCl)sc2c1CCCC2,52.00000000000001,-1.7160033436347992,0,train
N#CCSc1nnc(Cc2c(NC(=O)CCl)sc3c2CCCC3)n1NC(=O)c1ccc(Cl)cc1,1136.0,-3.055378331375,0,train
CC(=O)Nn1c(Cc2c(NC(=O)CCl)sc3c2CCCC3)nnc1SCC#N,1318.9999999999998,-3.120244795546365,0,train
NNC(=O)CSc1nnc(Cc2c(NC(=O)CCl)sc3c2CCCC3)n1NC(=O)c1ccc(Cl)cc1,798.9999999999997,-2.902546779313991,0,train
CC(=O)Nc1sc2c(c1Cc1nnc(SCC(=O)NN)n1NC(=O)c1ccc(Cl)cc1)CCCC2,587.0,-2.7686381012476144,0,train
NNC(=O)CSc1nnc(Cc2c(NC(=O)CCl)sc3c2CCCC3)n1NC(=O)c1ccccc1,487.00000000000017,-2.6875289612146345,0,test
CC(=O)Nn1c(Cc2c(NC(=O)CCl)sc3c2CCCC3)nnc1SCC(=O)NN,5986.0,-3.7771367125041726,0,train
O=C(CSc1nnc(Cc2c(NC(=O)CCl)sc3c2CCCC3)n1NC(=O)c1ccc(Cl)cc1)N/N=C/c1ccccc1,47.99999999999999,-1.6812412373755872,1,test
O=C(CSc1nnc(Cc2c(NC(=O)CCl)sc3c2CCCC3)n1NC(=O)c1ccccc1)N/N=C/c1ccccc1,559.9999999999998,-2.7481880270062,1,train
CC(C)c1cnn2c(NCc3ccccc3)cc(N[C@@H](CO)[C@H](O)CO)nc12,3.0,-0.4771212547196624,0,train
CN[C@@H]1C[C@H]2O[C@@](C)([C@@H]1OC)n1c3ccccc3c3c4c(c5c6ccccc6n2c5c31)C(=O)NC4,1.6549999999999998,-0.2187979981117375,0,train
CC[C@H](CO)Nc1nc(NCc2ccccn2)c2ncn(C(C)C)c2n1,60.0,-1.7781512503836436,0,train
CC[C@H](CO)Nc1nc(NCc2cccnc2)c2ncn(C(C)C)c2n1,170.00000000000006,-2.230448921378274,0,train
CC[C@H](CO)Nc1nc(NCc2ccncc2)c2ncn(C(C)C)c2n1,480.0,-2.681241237375587,1,train
CC[C@@H](Nc1nc(NCc2ccccc2)c2ncn(C(C)C)c2n1)C(=O)O,1300.0000000000005,-3.113943352306837,0,train
COc1cc[nH]c1/C=C1\C(=O)Nc2ccccc21,5355.000000000001,-3.7287594751678745,0,train
COc1cc[nH]c1/C=C1\C(=O)Nc2ccc(F)cc21,846.9999999999997,-2.9278834103307068,0,train
COc1ccc2c(c1)/C(=C/c1[nH]ccc1OC)C(=O)N2,208.9999999999999,-2.320146286111054,0,train
COc1cc[nH]c1/C=C1\C(=O)Nc2ccc([N+](=O)[O-])cc21,38.99999999999999,-1.591064607026499,0,test
COc1cc[nH]c1/C=C1\C(=O)Nc2ccc([N+](=O)[O-])c(-n3ccnc3)c21,1748.000000000001,-3.2425414282983844,0,test
COc1cc[nH]c1/C=C1\C(=O)Nc2ccc([N+](=O)[O-])c(N3CCNC(C(N)=O)C3)c21,28.0,-1.4471580313422192,1,train
COc1cc[nH]c1/C=C1\C(=O)Nc2ccc([N+](=O)[O-])c(N3CCCC(C(N)=O)C3)c21,6.0,-0.7781512503836436,0,train
COc1cc[nH]c1/C=C1\C(=O)Nc2ccc([N+](=O)[O-])c(N3CC[C@H](C(N)=O)C3)c21,5.000000000000001,-0.6989700043360189,0,train
COc1cc[nH]c1/C=C1\C(=O)Nc2ccc([N+](=O)[O-])c(N3CCCC(O)C3)c21,2.0,-0.3010299956639812,1,test
COc1cc[nH]c1/C=C1\C(=O)Nc2ccc([N+](=O)[O-])c(N3CCC(O)CC3)c21,4.0,-0.6020599913279624,0,test
COc1cc[nH]c1/C=C1\C(=O)Nc2ccc([N+](=O)[O-])c(N3CCCC(CO)C3)c21,2.0,-0.3010299956639812,1,test
COc1cc[nH]c1/C=C1\C(=O)Nc2ccc([N+](=O)[O-])c(N[C@H]3CC[C@H](O)CC3)c21,6.0,-0.7781512503836436,0,train
COc1cc[nH]c1/C=C1\C(=O)Nc2ccc([N+](=O)[O-])c(N[C@H]3CC[C@H](O)C3)c21,5.000000000000001,-0.6989700043360189,0,train
COc1cc[nH]c1/C=C1\C(=O)Nc2ccc([N+](=O)[O-])c(N[C@H]3CC[C@H](N)C3)c21,5.000000000000001,-0.6989700043360189,0,train
COc1cc[nH]c1/C=C1\C(=O)Nc2ccc([N+](=O)[O-])c(NC3CCNCC3)c21,5.000000000000001,-0.6989700043360189,0,test
COc1cc[nH]c1/C=C1\C(=O)Nc2ccc([N+](=O)[O-])c(N3CCC(N)CC3)c21,5.000000000000001,-0.6989700043360189,0,train
COc1cc[nH]c1/C=C1\C(=O)Nc2ccc([N+](=O)[O-])c(N3CC[C@@H](N)C3)c21,3.0,-0.4771212547196624,0,train
COc1cc[nH]c1/C=C1\C(=O)Nc2ccc([N+](=O)[O-])c(N3CC[C@@H](NC=O)C3)c21,3.0,-0.4771212547196624,0,train
O=C(Nc1ccccc1N1CCNCC1)c1csc(-c2ccc3c(c2)CCO3)n1,209.99999999999991,-2.322219294733919,0,train
Fc1ccc(NCc2cn(-c3ccccc3)nc2-c2ccc(Cl)cc2)cc1,980.0000000000006,-2.991226075692495,0,train
Clc1ccc(NCc2cn(-c3ccccc3)nc2-c2ccc(Cl)cc2)cc1,1180.0000000000002,-3.071882007306125,0,test
Clc1ccc(-c2nn(-c3ccccc3)cc2CNc2ccc(Br)cc2)cc1,1850.0,-3.2671717284030137,0,train
Cc1ccc(NCc2cn(-c3ccccc3)nc2-c2ccc(Cl)cc2)cc1,2080.0,-3.318063334962761,0,train
Fc1ccc(NCc2cn(-c3ccccc3)nc2-c2ccc(Br)cc2)cc1,2360.000000000001,-3.3729120029701067,0,train
Clc1ccc(NCc2cn(-c3ccccc3)nc2-c2ccc(Br)cc2)cc1,2560.0,-3.4082399653118496,0,train
Brc1ccc(NCc2cn(-c3ccccc3)nc2-c2ccc(Br)cc2)cc1,2779.9999999999995,-3.444044795918076,0,train
Cc1ccc(NCc2cn(-c3ccccc3)nc2-c2ccc(Br)cc2)cc1,3019.999999999999,-3.4800069429571505,0,train
Cc1ccc(-c2nn(-c3ccccc3)cc2CNc2ccc(F)cc2)cc1,3600.0,-3.5563025007672877,0,test
Cc1ccc(-c2nn(-c3ccccc3)cc2CNc2ccc(Cl)cc2)cc1,3890.0,-3.589949601325708,0,test
Cc1ccc(-c2nn(-c3ccccc3)cc2CNc2ccc(Br)cc2)cc1,4149.999999999998,-3.618048096712093,0,train
Cc1ccc(NCc2cn(-c3ccccc3)nc2-c2ccc(C)cc2)cc1,4550.000000000002,-3.6580113966571126,0,train
COc1ccc(-c2nn(-c3ccccc3)cc2CNc2ccc(F)cc2)cc1,4019.999999999998,-3.60422605308447,0,test
COc1ccc(-c2nn(-c3ccccc3)cc2CNc2ccc(Cl)cc2)cc1,4280.000000000002,-3.631443769013172,0,train
COc1ccc(-c2nn(-c3ccccc3)cc2CNc2ccc(Br)cc2)cc1,4960.000000000002,-3.6954816764901977,0,train
COc1ccc(-c2nn(-c3ccccc3)cc2CNc2ccc(C)cc2)cc1,5060.000000000002,-3.7041505168397992,0,train
NS(=O)(=O)c1cc(-c2nc3ccccc3s2)cs1,4499.999999999998,-3.653212513775344,0,train
NS(=O)(=O)c1cc(-c2nc3ccc(F)cc3s2)cs1,717.9999999999997,-2.8561244442423,0,train
NS(=O)(=O)c1cc(-c2nc3ccc(Cl)cc3s2)cs1,861.0000000000005,-2.935003151453655,0,train
Cc1ccc2nc(-c3csc(S(N)(=O)=O)c3)sc2c1,2256.0,-3.3533390953113047,0,train
NS(=O)(=O)c1cc(-c2nc3ccc([N+](=O)[O-])cc3s2)cs1,4524.0,-3.6555225962534177,0,test
O=S(=O)(Nc1nccs1)c1cc(-c2nc3ccccc3s2)cs1,5484.0,-3.739097446117475,0,train
O=S(=O)(NCc1ccccn1)c1cc(-c2nc3ccccc3s2)cs1,6720.000000000002,-3.827369273053825,0,train
NS(=O)(=O)c1cc(-c2nc3ccc(F)c(Cl)c3s2)cs1,492.0000000000003,-2.691965102767361,0,test
NC1=NC(=O)/C(=C2\CCNC(=O)c3[nH]c(Br)cc32)N1,40.000000000000014,-1.6020599913279625,0,train
CC(C)n1cnc2c(NC(=N)N)nc(NC3CC3)nc21,500.0,-2.6989700043360187,0,train
CC(C)n1cnc2c(NC(=N)N)nc(NCCCCCCO)nc21,1600.000000000001,-3.204119982655925,0,test
CC(C)n1cnc2c(NC(=N)N)nc(NCCCO)nc21,179.99999999999997,-2.255272505103306,0,test
CC(C)n1cnc2c(NC(=N)N)nc(NCCO)nc21,820.0,-2.9138138523837167,0,train
CCn1cnc2c(N)nc(N)nc21,7899.999999999999,-3.8976270912904414,0,train
CC(C)n1cnc2c(N)nc(N)nc21,22200.00000000001,-4.346352974450639,0,train
[N-]=[N+]=NCCn1cnc2c(NC(=N)N)nc(N)nc21,74900.00000000003,-4.874481817699467,0,train
CCn1cnc2c(NC(=N)N)nc(N)nc21,1700.000000000001,-3.230448921378274,0,train
CC(C)Cn1cnc2c(NC(=N)N)nc(N)nc21,66499.99999999999,-4.8228216453031045,1,train
CC(C)n1cnc2c(NC(=N)N)nc(N)nc21,1300.0000000000005,-3.113943352306837,1,train
CCCn1cnc2c(NC(=N)N)nc(N)nc21,10700.000000000002,-4.02938377768521,0,train
Cn1cnc2c(NC(=N)N)nc(N)nc21,6799.999999999997,-3.832508912706236,0,train
CC[C@H](CO)Nc1nc(NCc2cc(F)ccc2O)c2ncn(C(C)C)c2n1,19.0,-1.2787536009528289,0,train
CC[C@@H](Nc1nc(NCc2cc(F)ccc2O)c2ncn(C(C)C)c2n1)C(C)O,11.800000000000002,-1.0718820073061257,0,train
CC(C)n1cnc2c(NCc3cc(Cl)ccc3O)nc(N[C@@H](C)C(C)(C)O)nc21,24.3,-1.385606273598312,0,train
CC[C@@H](Nc1nc(NCc2cc(Cl)ccc2O)c2ncn(C(C)C)c2n1)C(C)O,13.099999999999998,-1.1172712956557642,0,train
CC(C)n1cnc2c(NCc3cc(Cl)ccc3O)nc(NCC(C)(C)O)nc21,19.0,-1.2787536009528289,0,train
CC[C@H](CO)Nc1nc(NCc2cc(Cl)ccc2O)c2ncn(C(C)C)c2n1,9.4,-0.9731278535996988,0,train
CC(C)n1cnc2c(NCc3cc(Cl)ccc3O)nc(NC3CCC(N)CC3)nc21,25.000000000000007,-1.3979400086720375,0,train
CC(C)n1cnc2c(NCc3cc(Cl)ccc3O)nc(NC3CCC(O)CC3)nc21,61.000000000000014,-1.7853298350107671,0,test
COc1cccc(CNc2nc(N3CCNCC3)nc3c2ncn3C(C)C)c1O,630.0,-2.7993405494535817,0,train
CC[C@H](CO)Nc1nc(NCc2cccc(OC)c2OC)c2ncn(C(C)C)c2n1,31.0,-1.4913616938342726,0,train
COc1ccc(CNc2nc(N3CCN(C)CC3)nc3c2ncn3C(C)C)cc1,890.0,-2.949390006644913,0,train
COc1ccc(CNc2nc(N3CCNCC3)nc3c2ncn3C(C)C)cc1,890.0,-2.949390006644913,0,train
CC(C)n1cnc2c(NCc3ccc(O)cc3)nc(N3CCNCC3)nc21,339.99999999999983,-2.531478917042255,0,train
CC(C)CNc1nc(NCc2ccccc2O)c2ncn(C(C)C)c2n1,220.0,-2.342422680822206,1,train
CC(C)n1cnc2c(NCc3ccccc3O)nc(NCCC(C)(C)O)nc21,259.9999999999999,-2.4149733479708178,1,train
CC(C)[C@H](Nc1nc(NCc2ccccc2N)c2ncn(C(C)C)c2n1)C(C)(C)O,70.00000000000001,-1.845098040014257,0,train
CC(C)n1cnc2c(NCc3ccccc3N)nc(NCCC(C)(C)O)nc21,789.9999999999999,-2.8976270912904414,1,test
CC(C)n1cnc2c(NCc3ccccc3N)nc(NCC(C)(C)O)nc21,20.000000000000004,-1.3010299956639813,1,train
CC[C@H](CO)Nc1nc(NCc2ccc(N)cc2)c2ncn(C(C)C)c2n1,20.000000000000004,-1.3010299956639813,1,train
CC[C@H](CO)Nc1nc(NCc2ccccc2O)c2ncn(C(C)C)c2n1,49.99999999999999,-1.6989700043360187,0,train
Nc1ccccc1CNc1nc(NC2CCC(N)CC2)nc2c1ncn2C1CCCC1,17.999999999999996,-1.255272505103306,0,train
NC1CCC(Nc2nc(NCc3cc(Cl)ccc3O)c3ncn(C4CCCC4)c3n2)CC1,7.999999999999999,-0.9030899869919436,0,test
NC1CCC(Nc2nc(NCc3ccc(-c4ccccc4O)nc3)c3ncn(C4CCCC4)c3n2)CC1,7.1,-0.8512583487190752,0,train
NC1CCC(Nc2nc(NCc3ccc(-c4ccccc4O)cc3)c3ncn(C4CCCC4)c3n2)CC1,68.00000000000001,-1.8325089127062364,1,test
CC(C)(O)CNc1nc(NCc2ccc(-c3ccco3)nc2)c2ncn(C3CCCC3)c2n1,119.99999999999996,-2.0791812460476247,0,train
OC1CCC(Nc2nc(NCc3ccc(-c4ccco4)nc3)c3ncn(C4CCCC4)c3n2)CC1,23.0,-1.3617278360175928,0,train
NC1CCC(Nc2nc(NCc3ccc(-c4ccsc4)nc3)c3ncn(C4CCCC4)c3n2)CC1,17.999999999999996,-1.255272505103306,0,test
NC1CCC(Nc2nc(NCc3ccc(-c4cccs4)nc3)c3ncn(C4CCCC4)c3n2)CC1,4.0,-0.6020599913279624,1,train
NC1CCC(Nc2nc(NCc3ccc(-c4ccoc4)nc3)c3ncn(C4CCCC4)c3n2)CC1,7.999999999999999,-0.9030899869919436,0,train
NC1CCC(Nc2nc(NCc3ccc(-c4ccco4)nc3)c3ncn(C4CCCC4)c3n2)CC1,10.0,-1.0,0,train
NC1CCC(Nc2nc(NCc3ccc(-c4cccc(F)c4)nc3)c3ncn(C4CCCC4)c3n2)CC1,13.999999999999998,-1.146128035678238,0,train
COc1ccccc1-c1ccc(CNc2nc(NC3CCC(N)CC3)nc3c2ncn3C2CCCC2)cn1,34.0,-1.5314789170422551,0,train
Nc1ccccc1-c1ccc(CNc2nc(NC3CCC(N)CC3)nc3c2ncn3C2CCCC2)cn1,10.0,-1.0,0,train
NC1CCC(Nc2nc(NCc3ccc(-c4ccccc4)nc3)c3ncn(C4CCCC4)c3n2)CC1,31.0,-1.4913616938342726,0,train
CC(C)(O)CNc1nc(NCc2ccc(-c3ccco3)cc2)c2ncn(C3CCCC3)c2n1,477.9999999999999,-2.6794278966121188,0,train
NC1CCC(Nc2nc(NCc3ccc(-n4cccn4)cc3)c3ncn(C4CCCC4)c3n2)CC1,12.000000000000002,-1.0791812460476249,0,train
NC1CCC(Nc2nc(NCc3ccc(-c4ccsc4)cc3)c3ncn(C4CCCC4)c3n2)CC1,13.999999999999998,-1.146128035678238,0,train
NC1CCC(Nc2nc(NCc3ccc(-c4cccs4)cc3)c3ncn(C4CCCC4)c3n2)CC1,20.000000000000004,-1.3010299956639813,0,train
NC1CCC(Nc2nc(NCc3ccc(-c4ccoc4)cc3)c3ncn(C4CCCC4)c3n2)CC1,12.999999999999998,-1.1139433523068367,0,train
NC1CCC(Nc2nc(NCc3ccc(-c4ccco4)cc3)c3ncn(C4CCCC4)c3n2)CC1,11.400000000000004,-1.0569048513364727,0,train
NC1CCC(Nc2nc(NCc3ccc(-c4cccc(F)c4)cc3)c3ncn(C4CCCC4)c3n2)CC1,33.5,-1.5250448070368452,0,train
COc1ccccc1-c1ccc(CNc2nc(NC3CCC(N)CC3)nc3c2ncn3C2CCCC2)cc1,33.0,-1.5185139398778875,0,train
Nc1ccccc1-c1ccc(CNc2nc(NC3CCC(N)CC3)nc3c2ncn3C2CCCC2)cc1,20.5,-1.3117538610557542,0,test
NC1CCC(Nc2nc(NCc3ccc(-c4ccccc4)cc3)c3ncn(C4CCCC4)c3n2)CC1,26.0,-1.414973347970818,0,train
N[C@H]1CC[C@H](Nc2nc(NCc3ccccc3)c3ncn(C4CCCC4)c3n2)CC1,47.99999999999999,-1.6812412373755872,1,train
CC[C@H](CO)Nc1nc(NCc2ccc(-c3ccccn3)cc2)c2ncn(C3CCCC3)c2n1,40.70000000000001,-1.60959440922522,0,test
O=C([C@H]1CC[C@H](Nc2nccc(-n3nnc4ccccc43)n2)CC1)N1CCOCC1,2000.0,-3.3010299956639813,0,train
CC(=O)N[C@H]1CC[C@H](Nc2nccc(-n3nnc4ccccc43)n2)CC1,570.0000000000001,-2.7558748556724915,0,train
CN(C)S(=O)(=O)N[C@H]1CC[C@H](Nc2nccc(-n3nnc4ccccc43)n2)CC1,1700.000000000001,-3.230448921378274,0,train
N[C@H]1CC[C@H](Nc2nccc(-n3nnc4ccccc43)n2)CC1,360.0,-2.5563025007672877,0,train
O[C@H]1CC[C@H](Nc2nccc(-n3nnc4ccccc43)n2)CC1,430.0000000000001,-2.633468455579586,0,train
c1ccc2c(c1)nnn2-c1ccnc(NC2CCCCC2)n1,2700.0000000000005,-3.431363764158988,1,test
CS(=O)(=O)N[C@H]1CC[C@H](Nc2nccc(-n3nnc4ccccc43)n2)CC1,300.0000000000001,-2.4771212547196626,0,train
Fc1cnc2[nH]cc(-c3nnc(N[C@@H](c4cccnc4F)C4CC4)o3)c2c1,670.0,-2.8260748027008264,0,train
Fc1ccc2c(-c3nnc(N[C@@H](c4cccnc4F)C4CC4)o3)c[nH]c2n1,4000.000000000001,-3.6020599913279625,0,train
Fc1ccccc1[C@H](Nc1nnc(-c2c[nH]c3ncncc23)o1)C1CC1,750.0000000000001,-2.8750612633917,0,test
Fc1cnccc1[C@H](Nc1nnc(-c2c[nH]c3ncccc23)o1)C1CC1,1899.9999999999995,-3.278753600952829,0,test
Fc1ncccc1[C@H](Nc1nnc(-c2c[nH]c3ncccc23)o1)C1CC1,490.0000000000002,-2.690196080028514,0,train
Fc1ccccc1[C@H](Nc1nnc(-c2c[nH]c3ncccc23)o1)C1CC1,239.99999999999997,-2.380211241711606,0,train
c1ccc([C@H](Nc2nnc(-c3c[nH]c4ncccc34)o2)C2CC2)cc1,1600.000000000001,-3.204119982655925,0,train
CC(C)[C@@H](Nc1nnc(-c2c[nH]c3ncccc23)o1)c1ccccc1,1199.9999999999995,-3.0791812460476247,0,train
CC[C@@H](Nc1nnc(-c2c[nH]c3ncccc23)o1)c1ccccc1,1700.000000000001,-3.230448921378274,0,test
CC(C)(Nc1nnc(-c2c[nH]c3ncccc23)o1)c1ccccc1,7.0,-0.8450980400142568,0,train
c1cnc2[nH]cc(-c3nnc(NCc4ccncc4)o3)c2c1,350.0,-2.544068044350276,0,train
c1cncc(CNc2nnc(-c3c[nH]c4ncccc34)o2)c1,610.0000000000001,-2.785329835010767,0,test
c1ccc(CNc2nnc(-c3c[nH]c4ncccc34)o2)nc1,2499.9999999999995,-3.397940008672037,1,train
Fc1ccc(CNc2nnc(-c3c[nH]c4ncccc34)o2)cc1,98.0,-1.9912260756924949,1,train
Fc1cccc(CNc2nnc(-c3c[nH]c4ncccc34)o2)c1,61.000000000000014,-1.7853298350107671,1,train
Fc1ccccc1CNc1nnc(-c2c[nH]c3ncccc23)o1,580.0000000000001,-2.7634279935629373,0,train
c1ccc(CNc2nnc(-c3c[nH]c4ncccc34)o2)cc1,150.00000000000003,-2.1760912590556813,1,test
O=C1Cc2cc(-c3nnc(NCc4ccccc4)o3)ccc2N1,32999.99999999997,-4.518513939877887,0,train
O=c1[nH]c2ccc(-c3nnc(NCc4ccccc4)o3)cc2o1,46999.99999999996,-4.672097857935717,0,train
Nc1n[nH]c2ccc(-c3nnc(NCc4ccccc4)o3)cc12,230.00000000000009,-2.361727836017593,0,train
c1ccc(CNc2nnc(-c3ccc4[nH]ncc4c3)o2)cc1,170.00000000000006,-2.230448921378274,0,test
c1ccc(CNc2nnc(-c3nc4ccncc4s3)o2)cc1,19000.0,-4.278753600952829,1,test
Fc1cc2cc(-c3nnc(NCc4ccccc4)o3)ccc2cn1,6799.999999999997,-3.832508912706236,0,train
c1ccc(CNc2nnc(-c3ccc4cnccc4c3)o2)cc1,350.0,-2.544068044350276,1,train
O=C(Nc1cc(CN[C@H]2Cc3ccc(Cl)cc3C2)[nH]n1)Nc1cccc2c1C1CCCN1C2=O,440.0,-2.6434526764861874,0,train
CC(C)(C)c1cnc(CSc2cnc(NC(=O)C3CCNCC3)s2)o1,47.99999999999999,-1.6812412373755872,0,train
Cc1nn(C)c2nnc(Nc3ccc(S(=O)(=O)NCCN)cc3)nc12,34899.999999999985,-4.54282542695918,0,train
O=C(O)c1ccc2c(c1)nc(Nc1cccc(Cl)c1)c1ccncc12,1799.9999999999998,-3.255272505103306,0,train
NC(=O)c1sc(-c2ccncc2)nc1-c1ccccc1,34200.00000000002,-4.534026106056135,0,train
O=C(NCc1ccccc1)c1sc(-c2ccncc2)nc1O,52099.99999999997,-4.716837723299524,0,train
O=C1Nc2ccccc2Nc2nc(-c3ccncc3)sc21,1199.9999999999995,-3.0791812460476247,0,train
COc1nc(-c2ccncc2)sc1C(N)=O,5710.000000000001,-3.756636108245848,0,train
NC(=O)c1sc(-c2ccncc2)nc1-c1ccc(Cl)cc1Cl,700.0000000000001,-2.845098040014257,0,train
NC(=O)c1sc(-c2ccnc(N)n2)nc1-c1ccccc1C(F)(F)F,34899.999999999985,-4.54282542695918,0,train
NC(=O)c1sc(-c2ccnc(N)n2)nc1-c1cc(F)ccc1F,34799.999999999985,-4.541579243946581,0,train
NC(=O)c1sc(-c2ccnc(N)n2)nc1-c1ccc(Cl)cc1Cl,1819.9999999999995,-3.2600713879850747,0,test
Cc1ccc(-c2nc(-c3ccnc(N)n3)sc2C(N)=O)c(Cl)c1,7029.999999999998,-3.846955325019824,0,test
COc1ccc(-c2nc(-c3ccnc(N)n3)sc2C(N)=O)c(Cl)c1,10600.000000000004,-4.02530586526477,0,test
CN(C)c1nc(-c2ccnc(N)n2)sc1C(N)=O,18200.00000000001,-4.260071387985075,0,test
CC(=O)n1nc(N)c(/N=N/c2ccc(O)cc2)c1N,42800.00000000002,-4.631443769013172,0,test
Nc1nn(C(=O)c2ccc([N+](=O)[O-])cc2)c(N)c1/N=N/c1ccc(O)cc1,15000.000000000004,-4.176091259055681,0,train
Cn1nc(N)c(/N=N/c2ccncc2)c1N,16800.00000000002,-4.225309281725863,0,train
Nc1n[nH]c(N)c1/N=N/c1cc[n+]([O-])cc1,17399.99999999999,-4.2405492482826,0,train
Nc1n[nH]c(N)c1/N=N/c1ccncc1,549.9999999999998,-2.740362689494244,0,train
Nc1n[nH]c(N)c1/N=N/c1ccc(O)cc1,20000.000000000004,-4.301029995663981,0,train
CCOc1ccc(S(=O)(=O)N2CCCNCC2)cc1-c1nnc2c(n1)c(C)nn2C,44299.99999999999,-4.6464037262230695,0,train
O=Nc1c(-c2c(O)[nH]c3ccccc23)[nH]c2ccccc12,700.0000000000001,-2.845098040014257,0,train
O=C1Nc2ccc(F)cc2/C1=C1/Nc2cc(F)c(F)cc2/C1=N\O,2700.0000000000005,-3.431363764158988,1,train
O=C1Nc2ccc([N+](=O)[O-])cc2/C1=C1/Nc2cc(F)c(F)cc2/C1=N\O,1000.0,-3.0,1,train
O=C1Nc2ccc(Cl)cc2/C1=C1/Nc2cc(F)c(F)cc2/C1=N\O,6399.999999999998,-3.806179973983887,1,train
COc1ccc2c(c1)/C(=C1/Nc3cc(F)c(F)cc3/C1=N\O)C(=O)N2,1099.9999999999998,-3.041392685158225,0,train
O=C1Nc2ccc(OC(F)(F)F)cc2/C1=C1/Nc2cc(F)c(F)cc2/C1=N\O,4100.0,-3.612783856719736,1,test
COc1ccc2c(c1)/C(=C1/Nc3cc(F)c(F)cc3/C1=N\OCCO)C(=O)N2,400.0000000000001,-2.6020599913279625,0,test
C#CCNc1nc(Nc2ccccc2)ncc1Br,100.0,-2.0,0,train
C[C@H](CO)Nc1nc(Nc2ccc([S+](N)O)cc2)ncc1Br,4.0,-0.6020599913279624,0,train
C[C@@H](O)[C@@H](C)Nc1nc(Nc2ccc([S+](N)O)cc2)ncc1Br,10.0,-1.0,0,test
C[C@@H](O)[C@@H](C)Oc1nc(Nc2ccc([S+](N)O)cc2)ncc1Br,9.0,-0.9542425094393248,0,train
CC[S@@](=N)(=O)c1ccc(Nc2ncc(Br)c(N[C@H](C)[C@@H](C)O)n2)cc1,2.0,-0.3010299956639812,0,train
CC(C)(C)c1cc2c(N/N=C/c3nccs3)ncnc2s1,200.00000000000003,-2.3010299956639813,0,train
CC(N)c1csc(/C=N/Nc2ncnc3sc(C(C)(C)C)cc23)n1,829.9999999999997,-2.9190780923760737,0,test
CC(N)c1csc(/C=N/Nc2ncnc3sc(C(C)C(C)C)cc23)n1,880.0000000000001,-2.9444826721501687,0,train
O=C(CNc1cccc(Cl)c1)Nc1nc2ccc3[nH]ncc3c2s1,170.99999999999991,-2.2329961103921536,0,train
O=C(CNc1cccc(O)c1)Nc1nc2ccc3[nH]ncc3c2s1,82.0,-1.9138138523837167,0,train
O=C(CNc1cccc(F)c1)Nc1nc2ccc3[nH]ncc3c2s1,199.00000000000009,-2.298853076409707,0,train
COc1cc(NCC(=O)Nc2nc3ccc4[nH]ncc4c3s2)ccc1Cl,334.99999999999994,-2.525044807036845,0,train
O=C(CNc1ccc(Cl)c(O)c1)Nc1nc2ccc3[nH]ncc3c2s1,26.0,-1.414973347970818,0,train
O=C(CNc1ccc(Cl)cc1)Nc1nc2ccc3[nH]ncc3c2s1,40.000000000000014,-1.6020599913279625,1,train
Nc1cccc(NCC(=O)Nc2nc3ccc4[nH]ncc4c3s2)c1,192.00000000000003,-2.2833012287035497,0,train
O=C(CNc1ccc2[nH]ncc2c1)Nc1nc2ccc3[nH]ncc3c2s1,417.00000000000006,-2.6201360549737576,1,test
CS(=O)(=O)Nc1cccc(NCC(=O)Nc2nc3ccc4[nH]ncc4c3s2)c1,224.0,-2.3502480183341627,0,train
O=C(CNc1ccc2cn[nH]c2c1)Nc1nc2ccc3[nH]ncc3c2s1,40.000000000000014,-1.6020599913279625,1,train
CC(=O)Nc1cc(NCC(=O)Nc2nc3ccc4[nH]ncc4c3s2)ccc1Cl,37.0,-1.568201724066995,0,test
Cc1cc2[nH]ncc2c2sc(NC(=O)CNc3ccccc3)nc12,189.99999999999997,-2.278753600952829,0,train
CC(Nc1cccc(O)c1)C(=O)Nc1nc2ccc3[nH]ncc3c2s1,30.0,-1.4771212547196624,1,train
CC(Nc1ccc(Cl)cc1)C(=O)Nc1nc2ccc3[nH]ncc3c2s1,49.99999999999999,-1.6989700043360187,0,train
CC(C)CC(Nc1cccc(O)c1)C(=O)Nc1nc2ccc3[nH]ncc3c2s1,365.9999999999999,-2.5634810853944106,1,train
CC(=O)Nc1cc(NC(C(=O)Nc2nc3c(C(F)(F)F)cc4[nH]ncc4c3s2)c2ccccc2)ccc1Cl,171.99999999999991,-2.2355284469075487,0,test
CCC(=O)Nc1cc(NC(C(=O)Nc2nc3c(C(F)(F)F)cc4[nH]ncc4c3s2)c2ccccc2)ccc1Cl,371.99999999999983,-2.5705429398818973,0,train
CC(C)(Nc1cccc(O)c1)C(=O)Nc1nc2ccc3[nH]ncc3c2s1,33.0,-1.5185139398778875,1,train
CC(C)(Nc1ccc(Cl)cc1)C(=O)Nc1nc2ccc3[nH]ncc3c2s1,45.00000000000001,-1.6532125137753435,0,train
Cc1ccc(NC(C)(C)C(=O)Nc2nc3ccc4[nH]ncc4c3s2)cc1,143.00000000000003,-2.155336037465062,0,train
COc1ccc(NC(C)(C)C(=O)Nc2nc3ccc4[nH]ncc4c3s2)cc1,339.99999999999983,-2.531478917042255,0,test
CC(C)(Nc1cccc(F)c1)C(=O)Nc1nc2ccc3[nH]ncc3c2s1,434.0000000000001,-2.637489729512511,1,train
CCOC(=O)c1cc(NC(C)(C)C(=O)Nc2nc3ccc4[nH]ncc4c3s2)ccc1Cl,160.00000000000009,-2.204119982655925,0,train
CC(C)OC(=O)c1cc(NC(C)(C)C(=O)Nc2nc3ccc4[nH]ncc4c3s2)ccc1Cl,259.9999999999999,-2.4149733479708178,0,train
COC(=O)Nc1cc(NC(C)(C)C(=O)Nc2nc3ccc4[nH]ncc4c3s2)ccc1Cl,435.0000000000001,-2.638489256954637,1,train
CC(=O)Nc1cc(NC(C)(C)C(=O)Nc2nc3c(C(F)(F)F)cc4[nH]ncc4c3s2)ccc1Cl,50.99999999999999,-1.7075701760979365,0,train
CNC(=O)c1cc(NC(C)(C)C(=O)Nc2nc3c(C(F)(F)F)cc4[nH]ncc4c3s2)ccc1Cl,44.0,-1.6434526764861874,0,test
CCC(=O)Nc1cc(NC(C)(C)C(=O)Nc2nc3c(C(F)(F)F)cc4[nH]ncc4c3s2)ccc1Cl,389.9999999999999,-2.591064607026499,1,test
CCNC(=O)c1cc(NC(C)(C)C(=O)Nc2nc3c(C(F)(F)F)cc4[nH]ncc4c3s2)ccc1F,107.0,-2.0293837776852097,0,train
CCNC(=O)c1cc(NC(C)(C)C(=O)Nc2nc3c(C(F)(F)F)cc4[nH]ncc4c3s2)ccc1Cl,37.0,-1.568201724066995,1,train
CC(C)(Nc1ccc(F)c(F)c1)C(=O)Nc1nc2c(C(F)(F)F)cc3[nH]ncc3c2s1,334.99999999999994,-2.525044807036845,1,train
CC(C)(Nc1ccc(F)cc1)C(=O)Nc1nc2c(C(F)(F)F)cc3[nH]ncc3c2s1,301.99999999999994,-2.4800069429571505,1,train
CC(C)(Nc1ccc(Cl)c(C(=O)NC2CC2)c1)C(=O)Nc1nc2c(C(F)(F)F)cc3[nH]ncc3c2s1,131.00000000000006,-2.1172712956557644,1,train
CCC(=O)Nc1cc(NC(C)(C)C(=O)Nc2nc3c(C(F)(F)F)cc4[nH]ncc4c3s2)ccc1F,294.0,-2.4683473304121573,0,test
CC(C)(Nc1cccc(NS(C)(=O)=O)c1)C(=O)Nc1nc2c(C(F)(F)F)cc3[nH]ncc3c2s1,170.99999999999991,-2.2329961103921536,1,train
CC(C)(Nc1ccc(Cl)c(NC(=O)C2CC2)c1)C(=O)Nc1nc2c(C(F)(F)F)cc3[nH]ncc3c2s1,154.0,-2.187520720836463,0,train
CC(=O)Nc1cc(NC(C)(C)C(=O)Nc2nc3c(C(F)(F)F)cc4[nH]ncc4c3s2)ccc1F,93.0,-1.968482948553935,0,test
CC(C)(Nc1cccc(S(N)(=O)=O)c1)C(=O)Nc1nc2c(C(F)(F)F)cc3[nH]ncc3c2s1,15.000000000000004,-1.1760912590556811,1,test
CC(C)(Nc1ccc2[nH]c(=O)[nH]c2c1)C(=O)Nc1nc2c(C(F)(F)F)cc3[nH]ncc3c2s1,342.9999999999999,-2.5352941200427703,0,train
CC(C)(Nc1ccc(Cl)c(NS(C)(=O)=O)c1)C(=O)Nc1nc2c(C(F)(F)F)cc3[nH]ncc3c2s1,44.0,-1.6434526764861874,0,train
CC(C)(Nc1ccc(Cl)c(C(=O)NCC(N)=O)c1)C(=O)Nc1nc2c(C(F)(F)F)cc3[nH]ncc3c2s1,2.4,-0.380211241711606,1,train
CC(C)(Nc1cccc(C(=O)NCC(=O)OCCO)c1)C(=O)Nc1nc2c(C(F)(F)F)cc3[nH]ncc3c2s1,274.0,-2.437750562820388,0,train
CC(C)(Nc1ccc(Cl)cc1C(=O)NCC(N)=O)C(=O)Nc1nc2c(C(F)(F)F)cc3[nH]ncc3c2s1,449.00000000000006,-2.6522463410033232,1,train
CC(C)(Nc1ccc(Cl)c(NC(=O)OCCO)c1)C(=O)Nc1nc2c(C(F)(F)F)cc3[nH]ncc3c2s1,225.0000000000001,-2.3521825181113627,1,train
CNC(=O)Nc1cc(NC(C)(C)C(=O)Nc2nc3c(C(F)(F)F)cc4[nH]ncc4c3s2)ccc1Cl,160.00000000000009,-2.204119982655925,0,train
CC(C)(Nc1ccc(Cl)c(O)c1)C(=O)Nc1nc2c(C(F)(F)F)cc3[nH]ncc3c2s1,23.0,-1.3617278360175928,1,train
CC(C)(Nc1ccc(Cl)nc1)C(=O)Nc1nc2c(C(F)(F)F)cc3[nH]ncc3c2s1,346.9999999999999,-2.5403294747908736,1,test
CC(C)(Nc1ccc(Cl)c(C(=O)NOCc2ccccc2)c1)C(=O)Nc1nc2c(C(F)(F)F)cc3[nH]ncc3c2s1,300.0000000000001,-2.4771212547196626,0,train
CC(C)(Nc1ccc(Cl)c(OCC(O)CO)c1)C(=O)Nc1nc2c(C(F)(F)F)cc3[nH]ncc3c2s1,20.000000000000004,-1.3010299956639813,1,test
CON(C)C(=O)c1cc(Cl)ccc1NC(C)(C)C(=O)Nc1nc2c(C(F)(F)F)cc3[nH]ncc3c2s1,391.0,-2.5921767573958667,0,test
CC(C)(Nc1cccc(C(=O)NCCC(N)=O)c1)C(=O)Nc1nc2c(C(F)(F)F)cc3[nH]ncc3c2s1,30.0,-1.4771212547196624,1,train
CC(C)(Nc1ccc(Cl)c(C(=O)NCCCS(N)(=O)=O)c1)C(=O)Nc1nc2c(C(F)(F)F)cc3[nH]ncc3c2s1,76.0,-1.8808135922807916,1,train
O=C(CNc1ccccc1)Nc1nc2ccc3[nH]ncc3c2s1,412.0,-2.6148972160331345,1,train
O=C(CNc1ccc(F)cc1)Nc1nc2ccc3[nH]ncc3c2s1,204.99999999999997,-2.311753861055754,0,train
CC(=O)Nc1cccc(NCC(=O)Nc2nc3ccc4[nH]ncc4c3s2)c1,55.00000000000001,-1.740362689494244,0,train
NC(=O)CC(Nc1cccc(O)c1)C(=O)Nc1nc2ccc3[nH]ncc3c2s1,56.00000000000001,-1.7481880270062005,0,train
COc1cccc(NC(CC(N)=O)C(=O)Nc2nc3ccc4[nH]ncc4c3s2)c1,319.9999999999999,-2.505149978319906,0,train
O=C(Nc1nc2ccc3[nH]ncc3c2s1)C1CCCN1c1ccc(Cl)cc1,100.0,-2.0,0,train
O=C(Nc1nc2ccc3[nH]ncc3c2s1)C1(Nc2ccc(Cl)cc2)CCC1,83.00000000000001,-1.919078092376074,0,train
O=C(Nc1nc2ccc3[nH]ncc3c2s1)C1(Nc2ccc(Cl)cc2)CCCC1,154.0,-2.187520720836463,0,train
O=C(Nc1nc2ccc3[nH]ncc3c2s1)C1(Nc2ccc(Cl)cc2)CCCCC1,245.00000000000009,-2.3891660843645326,1,train
O=C(Nc1nc2ccc3[nH]ncc3c2s1)C1(Nc2ccc(Cl)cc2)CC1,19.0,-1.2787536009528289,1,test
CCOC(=O)c1cc(NC2(C(=O)Nc3nc4ccc5[nH]ncc5c4s3)CC2)ccc1Cl,116.00000000000004,-2.0644579892269186,0,train
CC(=O)Nc1cc(NC2(C(=O)Nc3nc4ccc5[nH]ncc5c4s3)CC2)ccc1F,63.99999999999999,-1.806179973983887,0,train
CCC(=O)Nc1cc(NC2(C(=O)Nc3nc4ccc5[nH]ncc5c4s3)CC2)ccc1F,109.99999999999996,-2.041392685158225,0,test
O=C(Nc1nc2ccc3[nH]ncc3c2s1)C1(Nc2cccc(O)c2)CC1,56.00000000000001,-1.7481880270062005,0,train
CC(C)OC(=O)c1cc(NC2(C(=O)Nc3nc4ccc5[nH]ncc5c4s3)CC2)ccc1Cl,140.99999999999991,-2.14921911265538,0,train
CNC(=O)c1cc(NC2(C(=O)Nc3nc4ccc5[nH]ncc5c4s3)CC2)ccc1Cl,38.99999999999999,-1.591064607026499,0,train
Cc1cc2[nH]ncc2c2sc(NC(=O)C3(Nc4ccc(Cl)cc4)CC3)nc12,128.0,-2.1072099696478683,0,test
CC(=O)Nc1cc(NC(C)(C)C(=O)Nc2nc3ccc4[nH]ncc4c3s2)ccc1Cl,28.0,-1.4471580313422192,1,train
CCC(=O)Nc1cc(NC(C)(C)C(=O)Nc2nc3ccc4[nH]ncc4c3s2)ccc1Cl,85.99999999999999,-1.934498451243568,0,train
CC(=O)Nc1cc(NC(C(=O)Nc2nc3ccc4[nH]ncc4c3s2)c2ccccc2)ccc1Cl,277.00000000000006,-2.4424797690644486,0,train
O=C(Nc1nc2ccc3[nH]ncc3c2s1)C(CO)Nc1ccc(Cl)cc1,20.000000000000004,-1.3010299956639813,0,train
COC(=O)c1cccc(NCC(=O)Nc2nc3ccc4[nH]ncc4c3s2)c1,338.99999999999994,-2.530199698203082,0,train
CC(C)(Nc1ccc(Cl)c(C(N)=O)c1)C(=O)Nc1nc2c(C(F)(F)F)cc3[nH]ncc3c2s1,52.00000000000001,-1.7160033436347992,1,test
CC(C)(Nc1ccc(Cl)c(C(=O)O)c1)C(=O)Nc1nc2c(C(F)(F)F)cc3[nH]ncc3c2s1,295.0,-2.469822015978163,1,train
CNC(=O)c1cc(NC(C)(C)C(=O)Nc2nc3c(C(F)(F)F)cc4[nH]ncc4c3s2)ccc1F,40.000000000000014,-1.6020599913279625,0,train
CC(C)(Nc1ccc(F)c(C(N)=O)c1)C(=O)Nc1nc2c(C(F)(F)F)cc3[nH]ncc3c2s1,37.0,-1.568201724066995,0,test
CC(C)(Nc1ccc(Cl)c(C(=O)NCCC(=O)O)c1)C(=O)Nc1nc2c(C(F)(F)F)cc3[nH]ncc3c2s1,168.0,-2.225309281725863,1,train
CC(C)(Nc1cccc(C(=O)NCCCC(=O)O)c1)C(=O)Nc1nc2c(C(F)(F)F)cc3[nH]ncc3c2s1,428.00000000000017,-2.631443769013172,1,train
CC(C)(Nc1ccc(Cl)c(C(=O)NCCCC(=O)O)c1)C(=O)Nc1nc2c(C(F)(F)F)cc3[nH]ncc3c2s1,249.0,-2.3961993470957363,1,train
CC(C)(Nc1ccc(Cl)c(C(=O)NCC(=O)O)c1)C(=O)Nc1nc2c(C(F)(F)F)cc3[nH]ncc3c2s1,194.0,-2.287801729930226,1,train
Fc1cnc(Nc2cccc(N3CCOCC3)c2)nc1Nc1c(F)cccc1F,5850.0,-3.767155866082181,0,test
O=C(Nc1cccc(Nc2ncc(F)c(Nc3ccc(F)cc3)n2)c1)c1ccncc1,15299.999999999987,-4.184691430817598,1,train
CN1CCC(C(=O)Nc2cccc(Nc3ncc(F)c(Nc4ccc(F)cc4)n3)c2)CC1,1240.0000000000002,-3.093421685162235,1,train
CN(C)CC(=O)Nc1cccc(Nc2ncc(F)c(Nc3ccc(F)cc3)n2)c1,1709.999999999999,-3.2329961103921536,0,train
COCC(=O)Nc1cccc(Nc2ncc(F)c(Nc3ccc(F)cc3)n2)c1,3269.999999999999,-3.514547752660286,0,train
CN1CCN(C(=O)c2cccc(Nc3ncc(F)c(Nc4ccc(F)cc4)n3)c2)CC1,22100.00000000002,-4.344392273685111,1,train
CC(=O)N1CCCN(C(=O)c2cccc(Nc3ncc(F)c(Nc4ccc(F)cc4)n3)c2)CC1,60599.99999999998,-4.782472624166286,0,train
CN(C)CCNC(=O)c1cccc(Nc2ncc(F)c(Nc3ccc(F)cc3)n2)c1,4650.000000000001,-3.667452952889954,0,train
COc1ccc(-c2nc3c(NCC4CCNCC4)c(Cl)cnc3[nH]2)cc1OC,57.00000000000001,-1.7558748556724917,0,test
COc1ccc(F)c(-c2nc3c(NCC4CCNCC4)c(Cl)cnc3[nH]2)c1,76.0,-1.8808135922807916,0,train
COc1cc(F)c(-c2nc3c(NCC4CCNCC4)c(Cl)cnc3[nH]2)cc1OC,114.00000000000004,-2.0569048513364727,0,test
O=C1/C(=C2\Nc3ccccc3C2=O)Nc2ccccc21,1000.0,-3.0,0,test
O=C1Nc2ccc(Br)cc2/C1=C1/Nc2ccccc2C1=O,1000.0,-3.0,0,train
CCOP(=O)(OCC)C(CNc1ccc(NC(=S)NC(=O)[C@]2(C)CCC[C@]3(C)c4ccc(C(C)C)cc4CC[C@@H]23)cc1)P(=O)(OCC)OCC,17750.000000000004,-4.249198357391113,1,test
CCOP(=O)(OCC)C(CNc1ccccc1NC(=S)NC(=O)[C@]1(C)CCC[C@]2(C)c3ccc(C(C)C)cc3CC[C@@H]12)P(=O)(OCC)OCC,15269.99999999999,-4.183839037056421,1,train
CCOP(=O)(OCC)C(CNc1cccc(NC(=S)NC(=O)[C@]2(C)CCC[C@]3(C)c4ccc(C(C)C)cc4CC[C@@H]23)c1C)P(=O)(OCC)OCC,5980.0,-3.776701183988411,0,train
CCOP(=O)(OCC)C(CNc1ccc(F)cc1NC(=S)NC(=O)[C@]1(C)CCC[C@]2(C)c3ccc(C(C)C)cc3CC[C@@H]12)P(=O)(OCC)OCC,130.00000000000006,-2.113943352306837,1,train
CCOP(=O)(OCC)C(CNc1cc(C)c(C)cc1NC(=S)NC(=O)[C@]1(C)CCC[C@]2(C)c3ccc(C(C)C)cc3CC[C@@H]12)P(=O)(OCC)OCC,2560.0,-3.4082399653118496,1,train
CCOP(=O)(OCC)C(CNc1ccc(Cc2ccc(NC(=S)NC(=O)[C@]3(C)CCC[C@]4(C)c5ccc(C(C)C)cc5CC[C@@H]34)cc2)cc1)P(=O)(OCC)OCC,29539.999999999975,-4.47041049097593,1,train
CCOP(=O)(OCC)C(CNc1ccc(Oc2ccc(NC(=S)NC(=O)[C@]3(C)CCC[C@]4(C)c5ccc(C(C)C)cc5CC[C@@H]34)cc2)cc1)P(=O)(OCC)OCC,40900.00000000001,-4.611723308007342,1,train
CCOP(=O)(OCC)C(CNc1ccc(Sc2ccc(NC(=S)NC(=O)[C@]3(C)CCC[C@]4(C)c5ccc(C(C)C)cc5CC[C@@H]34)cc2)cc1)P(=O)(OCC)OCC,1010.0,-3.004321373782642,1,train
CCOP(=O)(OCC)C(CNc1ccc(S(=O)(=O)c2ccc(NC(=S)NC(=O)[C@]3(C)CCC[C@]4(C)c5ccc(C(C)C)cc5CC[C@@H]34)cc2)cc1)P(=O)(OCC)OCC,650.0000000000002,-2.812913356642856,1,train
CC(C)c1ccc2c(c1)CC[C@H]1[C@](C)(C(=O)O)CCC[C@]21C,36289.99999999996,-4.559786968200556,0,train
c1cnc2[nH]c(-c3cnnn3CCCc3c[nH]c4ncccc34)cc2c1,1997.6300000000003,-3.300515051538237,0,test
CC(C)[C@H](CO)Nc1nc(NCc2ccc(Cl)cc2)c2ncn(C(C)C)c2n1,34.67,-1.5399538416563967,0,train
O=c1ccc2cnc(Nc3ccc(N4CCCCC4)cc3)nc2n1C1CCCC1,245.4700000000001,-2.3899984226073334,0,train
CN1CCN(c2ccc(Nc3ncc4ccc(=O)n(C5CCCC5)c4n3)cc2)CC1,38.9,-1.5899496013257075,0,train
Cc1nc2ccccn2c1-c1ccnc(Nc2ccc(OCC(O)CN(C)C)cc2)n1,32.36000000000001,-1.5100085129402347,0,train
CC(=O)Nc1nccc(-c2c(C)nc3ccccn23)n1,2884.0300000000016,-3.4599997736502672,0,train
Cc1nc2ccccn2c1-c1ccnc(NC(=O)C(F)(F)F)n1,95499.25999999997,-4.980000006356922,0,train
Cc1nc(C)c(-c2ccnc(Nc3ccc(N4CCN(C)CC4)cc3)n2)s1,1023.2899999999994,-3.0099987300480606,0,train
CN(C)CC(O)COc1ccc(Nc2cc(Nc3ccccc3Cl)ncn2)cc1,95499.25999999997,-4.980000006356922,0,train
Cc1ccc(F)c(Nc2ccnc(Nc3ccc(S(N)(=O)=O)cc3)n2)c1,6.026,-0.7800291273373383,0,train
Cc1nc(C)c(-c2ccnc(N)n2)s1,6456.540000000002,-3.809999845941527,0,train
c1ccc(Nc2ncc(-c3ccnc(OC4CCCCC4)n3)s2)nc1,14.129999999999995,-1.1501421618485586,0,train
COc1ccc(-c2[nH]nc3c2C(=O)c2c(NC(=O)C(C)C)cccc2-3)cc1,1412.54,-3.150000754922137,0,train
Nc1ccc(CC(=O)Nc2cccc3c2C(=O)c2c-3n[nH]c2-c2ccc(O)cc2)cc1,38.02000000000001,-1.5800121125294244,0,train
NC(=O)C(=O)NNC(=O)Nc1cccc2c1C(=O)c1c-2n[nH]c1-c1ccc(O)cc1,19.05,-1.2798949800116382,0,train
O=C(NNC(=O)c1ccccc1O)Nc1cccc2c1C(=O)c1c-2n[nH]c1-c1ccc(O)cc1,8.913,-0.9500239065233264,0,train
COc1ccc2c3c4c(c5c(ccc6ccn(C)c65)c3n(CCCN3CCC(O)CC3)c2c1)C(=O)NC4=O,2089.3,-3.320000804264728,0,train
Cn1ccc2ccc3c4[nH]c5c(CCN6CCCCC6)cccc5c4c4c(c3c21)C(=O)NC4=O,1071.5199999999995,-3.030000281592104,0,train
COC(=O)C1CCN(CCc2cccc3c2[nH]c2c4ccc5ccn(C)c5c4c4c(c32)C(=O)NC4=O)CC1,977.24,-2.9900012350346614,0,test
Cn1ccc2ccc3c4[nH]c5cccc(Br)c5c4c4c(c3c21)C(=O)NC4=O,2884.0300000000016,-3.4599997736502672,0,test
Oc1ccc2ccc3[nH]c4c(-c5ccccc5)cccc4c3c2c1,97723.72000000004,-4.989999990687018,0,train
CNc1nc(C)c(-c2ccnc(Nc3ccc(N4CCNCC4)cc3)n2)s1,218.77999999999992,-2.340007617996673,0,train
Cc1nc2ccccn2c1-c1ccnc(NC(=O)Nc2ccccc2)n1,10000.0,-4.0,0,train
Cc1nc2ccccn2c1-c1ccnc(Nc2ccccc2)n1,36.31000000000001,-1.5600262489128924,0,train
Cc1ccc2[nH]c3c4ccc5ccn(C)c5c4c4c(c3c2c1)C(=O)NC4=O,1071.5199999999995,-3.030000281592104,0,test
c1ccc(-c2cn(CCc3c[nH]c4ncccc34)nn2)cc1,100000.0,-5.0,0,train
O=C(Cn1cc(-c2ccccc2)nn1)c1c[nH]c2ncccc12,100000.0,-5.0,0,test
O=S(=O)(c1ccccc1)n1c(-c2cn(CCc3c[nH]c4ncccc34)nn2)cc2cccnc21,25118.86,-4.399999925393822,0,train
O=S(=O)(c1ccccc1)n1cc(Cn2cc(-c3cc4cccnc4[nH]3)nn2)c2cccnc21,25118.86,-4.399999925393822,0,train
CC(C)c1cnn2c(NCc3ccccc3)cc(NCCCCCCN)nc12,1799.9999999999998,-3.255272505103306,0,train
CCc1cnn2c(NCc3ccc[n+]([O-])c3)cc(N3CCCC[C@H]3CCO)nc12,2.75,-0.4393326938302626,0,train
CC(C)c1n[nH]c2c(NCc3ccc(-c4ccccn4)cc3)nc(NCc3ccc(-c4ccccn4)cc3)nc12,1449.9999999999998,-3.161368002234975,0,train
COc1ccc(CNc2nc(NCc3ccc(-c4ccccn4)cc3)c3[nH]nc(C(C)C)c3n2)cc1,1483.000000000001,-3.1711411510283822,1,train
CC(C)c1n[nH]c2c(NCc3ccc(-c4ccccn4)cc3)nc(N3CCN(CCO)CC3)nc12,132.00000000000006,-2.12057393120585,0,train
CC(C)c1n[nH]c2c(NCc3ccc(-c4ccccn4)cc3)nc(N[C@H]3CC[C@H](N)CC3)nc12,96.0,-1.9822712330395684,0,train
CC(C)c1n[nH]c2c(NCc3ccc(-c4ccccn4)cc3)nc(NCCN(C)C)nc12,467.0000000000001,-2.6693168805661123,1,train
CC(C)c1n[nH]c2c(NCc3ccc(-c4ccccn4)cc3)nc(N3CCNCC3)nc12,49.99999999999999,-1.6989700043360187,1,train
CC(C)c1n[nH]c2c(NCc3ccc(-c4ccccn4)cc3)nc(NCC(N)CO)nc12,50.99999999999999,-1.7075701760979365,1,train
CC(C)c1n[nH]c2c(NCc3ccc(-c4ccccn4)cc3)nc(N[C@@H]3CCCC[C@H]3N)nc12,46.0,-1.662757831681574,0,train
CC(C)c1n[nH]c2c(NCc3ccc(-c4ccccn4)cc3)nc(NCCN)nc12,17.999999999999996,-1.255272505103306,1,train
CC(C)c1n[nH]c2c(NCc3ccc(-c4ccccn4)cc3)nc(N3CCCCC3CCO)nc12,23.999999999999996,-1.380211241711606,0,train
CC(C)c1n[nH]c2c(NCc3ccc(-c4ccccn4)cc3)nc(N3CCSCC3)nc12,61.000000000000014,-1.7853298350107671,1,train
CC(C)c1n[nH]c2c(NCc3ccc(-c4ccccn4)cc3)nc(N3CCOCC3)nc12,17.999999999999996,-1.255272505103306,1,train
CC(C)c1n[nH]c2c(NCc3ccc(-c4ccccn4)cc3)nc(NCC(O)CO)nc12,12.000000000000002,-1.0791812460476249,1,train
CCC(CO)Nc1nc(NCc2ccc(-c3ccccn3)cc2)c2[nH]nc(C(C)C)c2n1,54.000000000000014,-1.7323937598229686,0,train
CC(C)c1n[nH]c2c(NCc3ccc(-c4ccccn4)cc3)nc(NCC(C)(C)O)nc12,9.0,-0.9542425094393248,1,train
CC(O)CNc1nc(NCc2ccc(-c3ccccn3)cc2)c2[nH]nc(C(C)C)c2n1,21.0,-1.3222192947339193,0,test
CC(C)c1n[nH]c2c(NCc3ccc(-c4ccccn4)cc3)nc(NCCO)nc12,31.0,-1.4913616938342726,1,train
CC(C)c1n[nH]c2c(NCc3ccc(-c4ccccn4)cc3)nc(S(C)(=O)=O)nc12,70.00000000000001,-1.845098040014257,1,test
CSc1nc(NCc2ccc(-c3ccccn3)cc2)c2[nH]nc(C(C)C)c2n1,47.99999999999999,-1.6812412373755872,1,train
CC(C)c1n[nH]c2c(NCc3ccc(-c4ccccn4)cc3)ncnc12,197.0,-2.294466226161593,0,test
CC[C@H](CO)Nc1nc(NCc2ccc(-c3ccccn3)cc2)c2ncn(C(C)C)c2n1,62.0,-1.792391689498254,0,train
Cc1nn(-c2ccccc2)c2nc(CCl)n(C)c(=O)c12,14900.0,-4.173186268412274,0,train
Cc1nn(-c2ccccc2)c2nc(CCl)n(CC#N)c(=O)c12,19400.00000000002,-4.2878017299302265,0,train
COCc1nc2c(c(C)nn2-c2ccccc2)c(=O)[nH]1,56000.00000000004,-4.748188027006201,0,train
COCc1nc2c(c(C)nn2-c2ccccc2)c(=O)n1CC#N,40700.00000000003,-4.60959440922522,0,test
Cc1nn(-c2ccccc2)c2nc(CNc3ccccc3)[nH]c(=O)c12,1400.0000000000005,-3.146128035678238,0,test
Cc1ccc(NCc2nc3c(c(C)nn3-c3ccccc3)c(=O)[nH]2)cc1,4599.999999999998,-3.662757831681574,0,train
Cc1nn(-c2ccccc2)c2nc(CNc3ccc(O)cc3)[nH]c(=O)c12,2000.0,-3.3010299956639813,0,train
Cc1nn(-c2ccccc2)c2nc(CNc3ccc(C(=O)O)cc3)[nH]c(=O)c12,12399.999999999987,-4.093421685162235,0,train
Cc1nn(-c2ccccc2)c2nc(CNc3ccc(O)cc3)n(C)c(=O)c12,19500.00000000001,-4.290034611362518,0,train
Cc1nn(-c2ccccc2)c2nc(CNc3ccccc3)n(CC#N)c(=O)c12,18100.0,-4.2576785748691846,0,test
Cc1nn(-c2ccccc2)c2nc(CNc3ccc(O)cc3)n(CC#N)c(=O)c12,9799.999999999996,-3.991226075692495,0,train
COCCN1CCN(Cc2ccc(-c3n[nH]c4c3C(=O)c3c(NC(=O)NN5CCOCC5)cccc3-4)cc2)CC1,2.0,-0.3010299956639812,0,test
O=C1CC/C=C\COc2cccc(c2)-c2ccnc(n2)Nc2cccc(c2)N1,2599.999999999998,-3.4149733479708178,1,test
COc1cc(F)ccc1-c1ncnc(Nc2cccc(CS(=O)(=NC#N)C3CC3)c2)n1,300.0000000000001,-2.4771212547196626,0,train
CS(=N)(=O)Cc1cccc(Nc2ncnc(-c3ccc(F)cc3OCc3cccc(F)c3)n2)c1,259.9999999999999,-2.4149733479708178,0,train
CS(=O)(=O)Cc1cccc(Nc2ncnc(-c3ccc(F)cc3OCc3cccc(C(F)(F)F)c3)n2)c1,1300.0000000000005,-3.113943352306837,0,train
CS(=O)(=O)Cc1cccc(Nc2ncnc(-c3ccc(F)cc3OCc3ccnc(F)c3)n2)c1,75.00000000000001,-1.8750612633917,0,test
CS(=O)(=O)Cc1cccc(Nc2ncnc(-c3ccc(F)cc3OCc3ccccc3)n2)c1,89.0,-1.9493900066449128,0,test
Cc1nc2ccccc2n1-c1cc(Nc2ccc(OCCN(C)C)cn2)ncn1,4609.999999999998,-3.663700925389648,0,train
Cc1ccc2ncn(-c3cc(Nc4ccc(OCCN(C)C)cn4)ncn3)c2c1,120.99999999999991,-2.08278537031645,0,train
CN(C)CCOc1ccc(Nc2cc(-n3cnc4ncccc43)ncn2)nc1,160.99999999999994,-2.206825876031849,1,test
CN(C)CCOc1ccc(Nc2cc(-n3cnc4cccnc43)ncn2)nc1,1600.000000000001,-3.204119982655925,1,train
CN(C)CCOc1ccc(Nc2cc(-n3ccc4ccccc43)ncn2)nc1,4430.0,-3.6464037262230695,1,train
CN(C)CCOc1ccc(Nc2cc(-n3ncc4ccccc43)ncn2)nc1,29800.000000000004,-4.474216264076255,1,test
CN(C)CCOc1ccc(Nc2cc(-n3ccnc3)ncn2)nc1,7100.000000000003,-3.851258348719076,0,train
Cc1c(Nc2ccc(OCCN(C)C)cn2)ncnc1-n1cnc2ccccc21,65799.99999999997,-4.818225893613955,0,train
CN(C)CCCOc1ccc(Nc2cc(-n3cnc4ccccc43)ncn2)nc1,368.0,-2.5658478186735176,1,train
CN(C)CCOc1ccc(Nc2cc(-n3cnc4ccccc43)ncn2)cc1,20000.000000000004,-4.301029995663981,1,train
OCCc1ccc(Nc2cc(-n3cnc4ccccc43)ncn2)cc1,1140.0000000000002,-3.0569048513364727,0,test
c1ccc(Nc2cc(-n3cnc4ccccc43)ncn2)nc1,59.00000000000001,-1.7708520116421442,1,train
CN(C)CCCc1ccc(Nc2cc(-n3cnc4ccccc43)ncn2)nc1,689.9999999999999,-2.838849090737255,1,train
c1ccc2c(c1)ncn2-c1cc(Nc2ccc(OCCN3CCOCC3)cn2)ncn1,554.0000000000002,-2.74350976472843,1,train
c1ccc2c(c1)ncn2-c1cc(Nc2ccc(OCCN3CCCCC3)cn2)ncn1,358.00000000000017,-2.5538830266438746,0,test
CN1CCC(Oc2ccc(Nc3cc(-n4cnc5ccccc54)ncn3)nc2)CC1,1240.0000000000002,-3.093421685162235,0,train
CN1CCN(c2ccc(Nc3cc(-n4cnc5ccccc54)ncn3)nc2)CC1,642.9999999999998,-2.808210972924222,0,train
C[C@H]1CN(C)CCN1c1ccc(Nc2cc(-n3cnc4ccccc43)ncn2)nc1,835.9999999999998,-2.9222062774390163,0,test
CN(C)C1CCN(c2ccc(Nc3cc(-n4cnc5ccccc54)ncn3)nc2)CC1,776.0000000000001,-2.8898617212581885,0,train
CN1CCC[C@H]1COc1ccc(Nc2cc(-n3cnc4ncccc43)ncn2)nc1,146.00000000000003,-2.164352855784437,0,train
c1cnc2ncn(-c3cc(Nc4ccc(OCCN5CCCCC5)cn4)ncn3)c2c1,55.00000000000001,-1.740362689494244,1,test
N#CCCc1cc(-c2ccc(-c3cc(NCc4cccnc4)n4ncc(Br)c4n3)cc2)ccc1C(N)=O,53.000000000000014,-1.7242758696007892,1,train
N#CCCc1cc(-c2ccc(-c3cc(NCc4cccnc4)n4nccc4n3)cc2)ccc1C(N)=O,5450.000000000002,-3.7363965022766426,1,train
NC(=O)c1ccc(-c2ccc(-c3cc(NCc4cccnc4)n4ncc(Br)c4n3)cc2)c(O)c1,15.000000000000004,-1.1760912590556811,0,test
NC(=O)c1ccc(-c2ccc(-c3cc(NCc4cccnc4)n4ncc(Br)c4n3)cc2)cc1O,52.00000000000001,-1.7160033436347992,1,train
CCc1cnn2c(NCc3cccnc3)cc(-c3ccc(-c4ccc(C(N)=O)c(O)c4)cc3)nc12,31.0,-1.4913616938342726,0,train
NC(=O)c1ccc(-c2ccc(-c3cc(NCc4cccnc4)n4nccc4n3)cc2)cc1O,2670.000000000001,-3.4265112613645754,1,train
COc1cc(-c2ccc(-c3cc(NCc4cccnc4)n4nccc4n3)cc2)ccc1C(N)=O,5530.000000000001,-3.7427251313046974,0,train
CN(C)C(=O)c1ccc(-c2ccc(-c3cc(NCc4cccnc4)n4ncc(Br)c4n3)cc2)cc1,63.99999999999999,-1.806179973983887,1,test
CN(C)C(=O)c1ccc(-c2ccc(-c3cc(NCc4cccnc4)n4nccc4n3)cc2)cc1,1970.0,-3.294466226161593,1,train
NC(=O)c1ccc(-c2ccc(-c3cc(NCc4cccnc4)n4ncc(Br)c4n3)cc2)cc1,37.0,-1.568201724066995,1,train
CCc1cnn2c(NCc3cccnc3)cc(-c3ccc(-c4ccc(C(N)=O)cc4)cc3)nc12,17.999999999999996,-1.255272505103306,0,train
NC(=O)c1ccc(-c2ccc(-c3cc(NCc4cccnc4)n4nccc4n3)cc2)cc1,3940.000000000001,-3.595496221825574,1,train
OCc1ccc(-c2ccc(-c3cc(NCc4cccnc4)n4ncc(Br)c4n3)cc2)cc1,45.00000000000001,-1.6532125137753435,1,train
CCc1cnn2c(NCc3cccnc3)cc(-c3ccc(-c4ccc(CO)cc4)cc3)nc12,130.00000000000006,-2.113943352306837,0,train
OCc1ccc(-c2ccc(-c3cc(NCc4cccnc4)n4nccc4n3)cc2)cc1,6109.999999999997,-3.786041210242554,1,train
Nc1ccc(-c2ccc(-c3cc(NCc4cccnc4)n4ncc(Br)c4n3)cc2)cc1,140.00000000000006,-2.146128035678238,1,train
Nc1ccc(-c2ccc(-c3cc(NCc4cccnc4)n4nccc4n3)cc2)cc1,4910.000000000002,-3.6910814921229687,1,test
Oc1ccc(-c2ccc(-c3cc(NCc4cccnc4)n4ncc(Br)c4n3)cc2)cc1,140.00000000000006,-2.146128035678238,1,train
Oc1ccc(-c2ccc(-c3cc(NCc4cccnc4)n4nccc4n3)cc2)cc1,3860.000000000002,-3.586587304671755,1,train
Brc1cnn2c(NCc3cccnc3)cc(-c3ccc(-c4ccccc4)cc3)nc12,490.0000000000002,-2.690196080028514,0,train
c1ccc(-c2ccc(-c3cc(NCc4cccnc4)n4nccc4n3)cc2)cc1,12580.000000000007,-4.09968064110925,1,train
O=C1Nc2ccccc2/C1=C1/Nc2ccccc2/C1=N\OCC(O)CO,209.99999999999991,-2.322219294733919,0,train
O=C1Nc2ccccc2/C1=C1/Nc2ccccc2/C1=N\OCCC(O)CO,230.00000000000009,-2.361727836017593,0,train
O=C1Nc2ccccc2/C1=C1/Nc2ccccc2/C1=N\OCCO[C@@H]1O[C@H](CO)[C@@H](O)[C@H](O)[C@H]1O,1700.000000000001,-3.230448921378274,0,train
COc1ccc2c(c1)/C(=C1\Nc3ccccc3\C1=N/OCCO[C@@H]1O[C@H](CO)[C@@H](O)[C@H](O)[C@H]1O)C(=O)N2,89.99999999999997,-1.9542425094393248,1,train
COc1ccc2c(c1)/C(=C1/Nc3ccccc3/C1=N\OCC(O)CO)C(=O)N2,43.000000000000014,-1.6334684555795866,0,train
Cc1ccc2c(c1)/C(=C1/Nc3ccccc3/C1=N\OCCO[C@@H]1O[C@H](CO)[C@@H](O)[C@H](O)[C@H]1O)C(=O)N2,919.9999999999995,-2.963787827345555,1,train
COc1ccc2c(c1)/C(=C1/Nc3ccccc3/C1=N\O)C(=O)N2,54.000000000000014,-1.7323937598229686,0,train
Cc1n[nH]cc1-c1cc2nc(C3CCCCC3)[nH]c(=O)c2s1,2199.9999999999995,-3.342422680822206,0,train
Cc1nc2cc(-c3c[nH]nc3C)sc2c(=O)[nH]1,989.9999999999994,-2.9956351945975497,0,train
Cc1n[nH]cc1-c1cc2nc(-c3ccccc3)[nH]c(=O)c2s1,410.0,-2.6127838567197355,1,train
Cc1n[nH]cc1-c1cc2nc(N3CCOCC3)[nH]c(=O)c2s1,1099.9999999999998,-3.041392685158225,0,train
CCOCc1nc2cc(-c3c[nH]nc3C)sc2c(=O)[nH]1,3600.0,-3.5563025007672877,0,train
Cc1n[nH]cc1-c1cc2nc(Cn3cccc3)[nH]c(=O)c2s1,809.9999999999995,-2.908485018878649,0,train
Cc1n[nH]cc1-c1cc2nc(CC3CCCC3)[nH]c(=O)c2s1,559.9999999999998,-2.7481880270062,0,train
Cc1n[nH]cc1-c1cc2nc(C(c3ccccc3)N3CCCC3)[nH]c(=O)c2s1,3500.0000000000005,-3.544068044350276,0,train
Cc1n[nH]cc1-c1cc2nc(CN3CC[C@H](F)C3)[nH]c(=O)c2s1,4499.999999999998,-3.653212513775344,0,train
Cc1ccc(C(=O)NC2CCN(c3nc(C)cc(Nc4ccc(F)cc4)n3)CC2)cc1,288.2000000000001,-2.4596939764779706,0,train
COc1ccc(C(=O)NC2CCN(c3nc(C)cc(Nc4ccc(F)cc4)n3)CC2)cc1,54.2,-1.7339992865383869,0,train
Cc1cccc(C(=O)NC2CCN(c3nc(C)cc(Nc4ccc(F)cc4)n3)CC2)c1,379.50000000000017,-2.5792117802314998,0,train
Cc1cc(Nc2ccc(F)cc2)nc(N2CCC(NC(=O)c3cccc(Cl)c3)CC2)n1,286.9000000000001,-2.4577305482459986,0,test
Cc1cc(Nc2ccc(F)cc2)nc(N2CCC(NC(=O)c3ccccc3F)CC2)n1,204.69999999999987,-2.3111178426625054,0,train
Cc1cc(Nc2ccc(F)cc2)nc(N2CCC(NC(=O)c3ccc(F)cc3)CC2)n1,153.09999999999994,-2.184975190698261,0,test
COc1ccc(Nc2ccnc(N3CCC(NC(=O)c4ccc(C)cc4)CC3)n2)cc1,378.2000000000001,-2.577721524509021,0,train
COc1ccc(Nc2ccnc(N3CCC(NC(=O)c4ccc(OC)cc4)CC3)n2)cc1,276.5,-2.441695135640717,0,train
COc1ccc(Nc2ccnc(N3CCC(NC(=O)c4cccc(C)c4)CC3)n2)cc1,473.6,-2.6754116937148638,0,train
COc1ccc(Nc2ccnc(N3CCC(NC(=O)c4cccc(Cl)c4)CC3)n2)cc1,313.49999999999994,-2.496237545166735,0,train
COc1ccc(Nc2ccnc(N3CCC(NC(=O)c4ccccc4F)CC3)n2)cc1,279.60000000000014,-2.446537167073644,0,train
COc1ccc(Nc2ccnc(N3CCC(NC(=O)c4ccc(F)cc4)CC3)n2)cc1,405.00000000000017,-2.6074550232146687,0,train
Cc1ccc(C(=O)NC2CCN(c3nccc(Nc4ccc(F)cc4)n3)CC2)cc1,276.5,-2.441695135640717,0,train
COc1ccc(C(=O)NC2CCN(c3nccc(Nc4ccc(F)cc4)n3)CC2)cc1,45.8,-1.6608654780038692,1,train
Cc1cccc(C(=O)NC2CCN(c3nccc(Nc4ccc(F)cc4)n3)CC2)c1,386.5,-2.587149498254344,0,test
O=C(NC1CCN(c2nccc(Nc3ccc(F)cc3)n2)CC1)c1cccc(Cl)c1,206.1999999999999,-2.314288660947497,0,train
O=C(NC1CCN(c2nccc(Nc3ccc(F)cc3)n2)CC1)c1ccccc1F,240.9,-2.3818367999983434,0,train
O=C(NC1CCN(c2nccc(Nc3ccc(F)cc3)n2)CC1)c1ccc(F)cc1,151.1,-2.1792644643390253,0,test
Cc1ccc(C(=O)NC2CCN(c3nccc(Nc4ccccc4C)n3)CC2)cc1,566.7000000000002,-2.753353212641496,1,train
COc1ccc(C(=O)NC2CCN(c3nccc(Nc4ccccc4C)n3)CC2)cc1,285.7999999999999,-2.4560622244549517,0,train
Cc1cccc(C(=O)NC2CCN(c3nccc(Nc4ccccc4C)n3)CC2)c1,287.5,-2.4586378490256493,0,test
Cc1ccccc1Nc1ccnc(N2CCC(NC(=O)c3cccc(Cl)c3)CC2)n1,500.69999999999993,-2.699577591398909,0,test
Cc1ccccc1Nc1ccnc(N2CCC(NC(=O)c3ccccc3F)CC2)n1,398.6999999999999,-2.6006462356623943,0,train
Cc1ccccc1Nc1ccnc(N2CCC(NC(=O)c3ccc(F)cc3)CC2)n1,458.5000000000002,-2.66133934000604,0,train
CC1(CC(F)(F)F)NC(=O)c2sc(-c3ccncc3)cc2N1,1199.9999999999995,-3.0791812460476247,0,train
CC(C)C1(C)NC(=O)c2sc(-c3ccncc3)cc2N1,1400.0000000000005,-3.146128035678238,0,test
CCCC1(C)NC(=O)c2sc(-c3ccncc3)cc2N1,2000.0,-3.3010299956639813,0,train
CCC1(C)NC(=O)c2sc(-c3ccncc3)cc2N1,2000.0,-3.3010299956639813,0,test
CN1c2cc(-c3ccncc3)sc2C(=O)NC1(C)C,2099.999999999999,-3.322219294733919,1,test
CC1(C)NC(=O)c2sc(-c3ccncc3)cc2N1,3199.999999999999,-3.505149978319906,0,train
CN1c2c(sc(-c3cn[nH]c3)c2Br)C(=O)NC1(C)C,26.0,-1.414973347970818,0,train
Cc1c(-c2cn[nH]c2)sc2c1N(C)C(C)(C)NC2=O,26.0,-1.414973347970818,0,train
Cc1n[nH]cc1-c1cc2c(s1)C(=O)N[C@]1(CC[C@](O)(C3CCCCC3)CC1)N2,2199.9999999999995,-3.342422680822206,0,train
Cc1n[nH]cc1-c1cc2c(s1)C(=O)N[C@]1(CC[C@](O)(c3ccc(F)cc3)CC1)N2,960.0,-2.9822712330395684,0,test
Cc1n[nH]cc1-c1cc2c(s1)C(=O)NC1(CCCCC1)N2,1300.0000000000005,-3.113943352306837,0,train
CCc1n[nH]cc1-c1cc2c(s1)C(=O)NC(C)(C)N2C,360.0,-2.5563025007672877,0,train
Cc1n[nH]c(C)c1-c1cc2c(s1)C(=O)NC(C)(C)N2C,1099.9999999999998,-3.041392685158225,0,train
Cc1n[nH]cc1-c1cc2c(s1)C(=O)NC(C)(CC(F)(F)F)N2C,419.9999999999999,-2.6232492903979003,0,train
Cc1n[nH]cc1-c1cc2c(s1)C(=O)NC(C)(C)N2C,259.9999999999999,-2.4149733479708178,0,train
CN1c2cc(-c3cn[nH]c3)sc2C(=O)NC1(C)C,160.00000000000009,-2.204119982655925,1,train
CC1(C)Nc2cc(-c3ccncc3)sc2C(=O)N1Cc1ccccc1,650.0000000000002,-2.812913356642856,0,train
O=C1NC2(CCCCCC2)Nc2cc(-c3ccncc3)sc21,2300.000000000001,-3.361727836017593,0,train
O=C1NC2(CCCCC2)Nc2cc(-c3ccncc3)sc21,2000.0,-3.3010299956639813,0,train
O=C1NC2(CCCC2)Nc2cc(-c3ccncc3)sc21,4900.000000000002,-3.690196080028514,0,test
CCn1cnc2c(Nc3cccc(Cl)c3)nc(N[C@@H]3CCCC[C@@H]3N)nc21,21.500000000000004,-1.3324384599156054,0,train
CCCCn1cnc2c(NCc3cccc(Cl)c3)nc(N[C@H]3CC[C@H](N)CC3)nc21,207.00000000000003,-2.315970345456918,0,test
CC(C)CCn1cnc2c(NCc3cccc(Cl)c3)nc(N[C@H]3CC[C@H](N)CC3)nc21,306.0000000000001,-2.48572142648158,0,train
COc1ccc(Cn2cnc3c(Nc4cccc(Cl)c4)nc(N[C@H]4CC[C@H](N)CC4)nc32)cc1,5504.000000000001,-3.740678425227455,0,train
N[C@H]1CC[C@H](Nc2nc(Nc3cccc(Cl)c3)c3ncn(Cc4ccccc4)c3n2)CC1,2830.0,-3.45178643552429,0,train
CC(C)=CCC/C(C)=C/Cn1cnc2c(Nc3cccc(Cl)c3)nc(N[C@H]3CC[C@H](N)CC3)nc21,7170.0,-3.8555191556678,0,train
COc1ccc(Nc2nc(N[C@H]3CC[C@H](N)CC3)nc3c2ncn3CCC(C)C)c(OC)c1,5966.999999999999,-3.775756037844098,0,train
CCCCn1cnc2c(Nc3cc(OC)cc(OC)c3)nc(N[C@H]3CC[C@H](N)CC3)nc21,442.0,-2.645422269349092,0,train
CCCCCCn1cnc2c(Nc3cc(OC)cc(OC)c3)nc(N[C@H]3CC[C@H](N)CC3)nc21,679.9999999999998,-2.832508912706236,0,train
N[C@H]1CC[C@H](Nc2nc(Nc3ccc(O)cc3)c3ncn(C4CCCCC4)c3n2)CC1,1441.0000000000002,-3.1586639808139894,1,test
N[C@H]1CC[C@H](Nc2nc(Nc3ccc(Cl)cc3)c3ncn(C4CCCCC4)c3n2)CC1,965.0,-2.9845273133437926,0,train
CCCCCCn1cnc2c(Nc3ccc(O)cc3)nc(N[C@H]3CC[C@H](N)CC3)nc21,484.99999999999983,-2.6857417386022635,0,test
COc1cc(Nc2nc(N[C@H]3CC[C@H](N)CC3)nc3c2ncn3CCC(C)C)cc(OC)c1,980.0000000000006,-2.991226075692495,0,train
CCCCCCn1cnc2c(Nc3cccc(Cl)c3)nc(N[C@H]3CC[C@H](N)CC3)nc21,500.0,-2.6989700043360187,0,train
CC(C)=CCn1cnc2c(Nc3cccc(Cl)c3)nc(N[C@H]3CC[C@H](N)CC3)nc21,226.9999999999999,-2.3560258571931225,0,train
CCCCn1cnc2c(Nc3ccccc3)nc(N[C@H]3CC[C@H](N)CC3)nc21,134.00000000000003,-2.127104798364808,0,test
CCCCCCn1cnc2c(Nc3ccc(Cl)cc3)nc(N[C@H]3CC[C@H](N)CC3)nc21,433.0000000000001,-2.6364878963533656,0,test
CCCCn1cnc2c(Nc3cccc(Cl)c3)nc(N[C@H]3CC[C@H](N)CC3)nc21,132.00000000000006,-2.12057393120585,0,test
CC(C)CCn1cnc2c(Nc3ccc(O)cc3)nc(N[C@H]3CC[C@H](N)CC3)nc21,490.0000000000002,-2.690196080028514,0,train
CC(C)CCn1cnc2c(Nc3ccccc3)nc(N[C@H]3CC[C@H](N)CC3)nc21,626.9999999999999,-2.7972675408307164,0,train
CC(C)CCn1cnc2c(Nc3cccc(O)c3)nc(N[C@H]3CC[C@H](N)CC3)nc21,512.9999999999999,-2.710117365111816,0,test
CC(C)CCn1cnc2c(Nc3cccc(Cl)c3)nc(N[C@H]3CC[C@H](N)CC3)nc21,275.0000000000001,-2.439332693830263,0,train
CCCCn1cnc2c(Nc3ccc(Cl)cc3)nc(N[C@H]3CC[C@H](N)CC3)nc21,117.0,-2.0681858617461617,0,test
CC(C)CCn1cnc2c(Nc3ccc(Cl)cc3)nc(N[C@H]3CC[C@H](N)CC3)nc21,318.9999999999999,-2.503790683057181,0,train
CC(C)c1n[nH]c2c(NCc3ccccc3N)nc(NC[C@@H](C)O)nc12,16.5,-1.2174839442139065,1,train
CC1=Nc2c(F)cc(-c3nc(Nc4ccc(C5CCN(C)CC5)cn4)ncc3F)cc2C12CCCC2,2320.999999999999,-3.365675140455917,0,train
Cc1nc(C)c(-c2ccnc(Nc3ccc(N(C)C)cc3)n2)s1,220.0,-2.342422680822206,0,train
Cc1nc(N)sc1-c1ccnc(Nc2ccc(N(C)C)cc2)n1,700.0000000000001,-2.845098040014257,0,train
Cc1cccc(-c2nn3c(c2-c2ccnc(Nc4ccc(S(N)(=O)=O)cc4)c2)C(C)C(C)(C)C3)n1,11000.000000000007,-4.041392685158225,0,train
CCc1cccc(-c2nn3c(c2-c2ccnc(Nc4ccc(S(N)(=O)=O)cc4)c2)C(C)C(C)(C)C3)n1,37000.0,-4.568201724066995,0,train
CCc1cccc(-c2nn3c(c2-c2ccc(O)cc2)[C@@H](C)C(C)(C)C3)n1,53000.000000000015,-4.724275869600789,0,train
CC[C@H](CO)Nc1nc(NCc2ccccc2)n2ncc(C(C)C)c2n1,34.50000000000001,-1.5378190950732742,1,train
Cc1nc2c(F)cc(-c3nc(Nc4ccc5c(n4)CCN(CCN(C)C)C5)ncc3F)cc2n1C(C)C,64.39999999999999,-1.808885867359812,0,train
O=C1N=C(NCc2cccs2)S/C1=C\c1ccc2ncccc2c1,186.00000000000009,-2.2695129442179165,0,test
O=C1Nc2ccccc2/C1=C\c1c(Cl)[nH]c2ccccc12,9400.000000000002,-3.9731278535996983,0,test
CCOC(=O)c1cnc2oc3ccc(O)cc3c2c1-c1ccccc1,14299.999999999987,-4.155336037465061,0,train
COc1ccc(CNc2nc(N(CCO)CCO)nc3c2ncn3C(C)C)cc1,176.00000000000006,-2.24551266781415,0,train
CCN(CC)C(=O)c1ccc(Nc2nc(OCC3CCCCC3)c3nc[nH]c3n2)cc1,1099.9999999999998,-3.041392685158225,0,train
O=C1Nc2ccc3ncsc3c2/C1=C/Nc1ccc(S(=O)(=O)Nc2ccccn2)cc1,3.0,-0.4771212547196624,0,test
NS(=O)(=O)c1ccc(N/N=C2\C(=O)Nc3ccc(Br)cc32)cc1,31.0,-1.4913616938342726,0,train
COc1ccc2c(c1)/C(=C/c1cnc[nH]1)C(=O)N2,26.0,-1.414973347970818,0,train
CN1CCN(c2ccc(Nc3ncc4cc(C#N)c(=O)n(C5CCCC5)c4n3)cc2)CC1,377.00000000000017,-2.576341350205793,0,train
CCN1CCN(Cc2ccc(Nc3ncc(F)c(-c4cc(F)c5nc(C)n(C(C)C)c5c4)n3)nc2)CC1,346.9999999999999,-2.5403294747908736,0,train
O=C1NC(=O)c2c1c1c3ccccc3[nH]c1c1[nH]c3ccccc3c21,533.9999999999998,-2.727541257028556,0,test
CCNc1cc(N[C@H]2CC[C@H](O)CC2)nc(Nc2ccc3c(ccn3Cc3ccccc3)c2)n1,5199.999999999998,-3.716003343634799,0,train
CCCOc1cnc(CN/C=C2\C(=O)NC(=O)c3ccc(I)cc32)cc1O,501.0000000000002,-2.699837725867246,0,train
Nc1nc(Nc2ccc(S(N)(=O)=O)cc2)nn1C(=S)Nc1c(F)cccc1F,3.0,-0.4771212547196624,0,train
CCCCOc1c(C(=O)c2c(F)cc(C)cc2F)c[nH]c2nncc1-2,7.500000000000001,-0.8750612633917001,0,train
OCCCNc1cc(-c2ccnc(Nc3cccc(Cl)c3)n2)ccn1,3.0,-0.4771212547196624,0,train
CC[C@H](CO)Nc1nc(Nc2cccc(-c3ccccn3)c2)c2ncn(C(C)C)c2n1,93.0,-1.968482948553935,0,test
O=C1Nc2cc(Br)ccc2/C1=C1/Nc2ccccc2/C1=N\O,13.999999999999998,-1.146128035678238,0,train
Nc1cc(Nc2ccc(S(N)(=O)=O)cc2)ncn1,1899.9999999999995,-3.278753600952829,0,train
Cc1nc(N)sc1-c1ccnc(Nc2cccc([N+](=O)[O-])c2)n1,10.0,-1.0,0,train
Nc1n[nH]c2nc3ccccc3nc12,5599.999999999998,-3.7481880270062,0,train
COC[C@H]1Cn2cc(-c3nc(Nc4ccnn4C)ncc3C)nc2C(=O)N1Cc1ccc(F)c(F)c1,1000.0,-3.0,0,train
Cc1n[nH]cc1-c1cc2nc([C@@H]3CCN3)[nH]c(=O)c2s1,6899.999999999998,-3.838849090737255,1,train
Cc1n[nH]cc1-c1cc2nc([C@@H]3CCCCCN3)[nH]c(=O)c2s1,2800.0000000000014,-3.4471580313422194,0,train
Cc1n[nH]cc1-c1cc2nc([C@@H]3CC4CCN3CC4)[nH]c(=O)c2s1,6300.0,-3.7993405494535817,0,train
O=C(Cc1ccc(-c2ccccc2)cc1)Nc1cc(C2CCC2)[nH]n1,23.999999999999996,-1.380211241711606,1,train
CCC(C)c1cc2c(N/N=C/c3nc(CNC)cs3)ncnc2s1,440.0,-2.6434526764861874,0,train
CNCc1csc(/C=N/Nc2ncnc3sc(C(C)C(C)C)cc23)n1,880.0000000000001,-2.9444826721501687,0,train
CC(N)c1csc(/C=N/Nc2ncnc3sc(C(C)(C)CF)cc23)n1,679.9999999999998,-2.832508912706236,0,train
Nc1nc(Nc2ccc(S(N)(=O)=O)cc2)sc1C(=O)c1cccnc1,0.9,0.0457574905606751,0,train
CCc1cnc(CSc2cnc(NC(=O)Cc3cccnc3)s2)o1,5.000000000000001,-0.6989700043360189,0,train
CN1C/C=C/CCOc2cccc(c2)-c2ccnc(n2)Nc2cccc(c2)C1,5.000000000000001,-0.6989700043360189,1,train
Nc1nc(Nc2ccc(S(N)(=O)=O)cc2)sc1C(=O)c1ccccc1[N+](=O)[O-],1.1,-0.041392685158225,0,train
C=CCNc1nc(N)c(C(=O)c2ccccc2)s1,15000.000000000004,-4.176091259055681,0,test
CCOC(=O)Sc1cnc(NC(C)=O)s1,170.00000000000006,-2.230448921378274,0,train
Nc1nc2ccc(C(=O)c3c(F)cccc3F)cn2c1C(=S)c1c(F)cccc1F,26.0,-1.414973347970818,0,test
CN1CC[C@H](c2c(O)cc(O)c3c(=O)cc(Sc4ccccc4Cl)oc23)[C@H](O)C1,2099.999999999999,-3.322219294733919,1,train
CN1CC[C@H](c2c(O)cc(O)c3c(=O)cc(Oc4ccccc4Cl)oc23)[C@H](O)C1,2109.9999999999995,-3.3242824552976926,0,train
CN1CC[C@H](c2c(O)cc(O)c3c(=O)cc(-c4ccccc4Cl)oc23)[C@H]1CO,21000.00000000001,-4.32221929473392,1,train
CN1CC[C@@H](c2c(O)cc(O)c3c(=O)cc(-c4ccc([N+](=O)[O-])cc4Cl)oc23)[C@@H]1CO,1700.000000000001,-3.230448921378274,0,test
CC(C)c1n[nH]c2c(NCc3ccc(-c4ccccn4)cc3)nc(S)nc12,557.9999999999999,-2.7466341989375787,1,test
CC(C)c1n[nH]c2c(NCc3ccc(-c4ccccn4)cc3)nc(SCC(O)CN3CCNCC3)nc12,170.99999999999991,-2.2329961103921536,0,train
CC(C)c1n[nH]c2c(NCc3ccc(-c4ccccn4)cc3)nc(SCC(O)CN3CCOCC3)nc12,156.0,-2.1931245983544616,0,test
CCC(CO)Sc1nc(NCc2ccc(-c3ccccn3)cc2)c2[nH]nc(C(C)C)c2n1,150.00000000000003,-2.1760912590556813,1,test
CSCCSc1nc(NCc2ccc(-c3ccccn3)cc2)c2[nH]nc(C(C)C)c2n1,138.0,-2.1398790864012365,1,train
CC(C)c1n[nH]c2c(NCc3ccc(-c4ccccn4)cc3)nc(SC3CCCCC3O)nc12,134.00000000000003,-2.127104798364808,1,train
CC(C)c1n[nH]c2c(NCc3ccc(-c4ccccn4)cc3)nc(SCC(O)C(F)(F)F)nc12,132.00000000000006,-2.12057393120585,0,train
C=CCSc1nc(NCc2ccc(-c3ccccn3)cc2)c2[nH]nc(C(C)C)c2n1,100.0,-2.0,1,train
CC(C)c1n[nH]c2c(NCc3ccc(-c4ccccn4)cc3)nc(SCCCN(C)C)nc12,99.0,-1.99563519459755,1,train
CC(C)c1n[nH]c2c(NCc3ccc(-c4ccccn4)cc3)nc(SCCN(C)C)nc12,77.0,-1.8864907251724816,1,train
CC(C)c1n[nH]c2c(NCc3ccc(-c4ccccn4)cc3)nc(SC(CO)C(C)C)nc12,77.0,-1.8864907251724816,1,test
COCSc1nc(NCc2ccc(-c3ccccn3)cc2)c2[nH]nc(C(C)C)c2n1,59.00000000000001,-1.7708520116421442,1,train
CC(C)c1n[nH]c2c(NCc3ccc(-c4ccccn4)cc3)nc(SC3CCCC3O)nc12,52.00000000000001,-1.7160033436347992,1,train
CC(C)c1n[nH]c2c(NCc3ccc(-c4ccccn4)cc3)nc(SC3CCCCC3N)nc12,52.00000000000001,-1.7160033436347992,1,test
CC(=O)NCCSc1nc(NCc2ccc(-c3ccccn3)cc2)c2[nH]nc(C(C)C)c2n1,40.99999999999999,-1.6127838567197357,1,train
CCC(O)CSc1nc(NCc2ccc(-c3ccccn3)cc2)c2[nH]nc(C(C)C)c2n1,38.99999999999999,-1.591064607026499,0,train
CC(C)c1n[nH]c2c(NCc3ccc(-c4ccccn4)cc3)nc(SCCn3ccnc3)nc12,32.00000000000001,-1.505149978319906,0,train
CC(C)c1n[nH]c2c(NCc3ccc(-c4ccccn4)cc3)nc(SCC(C)(C)O)nc12,30.0,-1.4771212547196624,1,test
CC(C)c1n[nH]c2c(NCc3ccc(-c4ccccn4)cc3)nc(SCCNC(=N)N)nc12,30.0,-1.4771212547196624,1,test
CC(C)c1n[nH]c2c(NCc3ccc(-c4ccccn4)cc3)nc(SCC(N)=O)nc12,27.000000000000004,-1.4313637641589874,1,train
CC(C)c1n[nH]c2c(NCc3ccc(-c4ccccn4)cc3)nc(SCCCN)nc12,22.0,-1.3424226808222062,1,train
CC(C)c1n[nH]c2c(NCc3ccc(-c4ccccn4)cc3)nc(SCCCO)nc12,21.0,-1.3222192947339193,1,train
CC(C)c1n[nH]c2c(NCc3ccc(-c4ccccn4)cc3)nc(SCC(C)(C)N)nc12,20.000000000000004,-1.3010299956639813,1,train
CC(C)c1n[nH]c2c(NCc3ccc(-c4ccccn4)cc3)nc(SCC3CNC(=O)O3)nc12,19.0,-1.2787536009528289,0,test
CC(C)c1n[nH]c2c(NCc3ccc(-c4ccccn4)cc3)nc(SCCC(N)=O)nc12,19.0,-1.2787536009528289,1,train
CC(C)c1n[nH]c2c(NCc3ccc(-c4ccccn4)cc3)nc(SCCNC(N)=O)nc12,17.999999999999996,-1.255272505103306,1,train
CNCCSc1nc(NCc2ccc(-c3ccccn3)cc2)c2[nH]nc(C(C)C)c2n1,12.999999999999998,-1.1139433523068367,1,train
CC(O)CSc1nc(NCc2ccc(-c3ccccn3)cc2)c2[nH]nc(C(C)C)c2n1,12.000000000000002,-1.0791812460476249,1,train
CC(C)c1n[nH]c2c(NCc3ccc(-c4ccccn4)cc3)nc(SCC(N)CN)nc12,12.000000000000002,-1.0791812460476249,1,train
CC(C)c1n[nH]c2c(NCc3ccc(-c4ccccn4)cc3)nc(SCC(O)CO)nc12,10.0,-1.0,1,train
CC(C)c1n[nH]c2c(NCc3ccc(-c4ccccn4)cc3)nc(SCCO)nc12,3.0,-0.4771212547196624,1,train
CC(C)c1n[nH]c2c(NCc3ccc(-c4ccccn4)cc3)nc(SC(C)C(C)O)nc12,3.0,-0.4771212547196624,1,train
CC(C)c1n[nH]c2c(NCc3ccc(-c4ccccn4)cc3)nc(SCCN)nc12,2.0,-0.3010299956639812,1,train
CC(C)c1cnn2c(NCc3ccccc3)cc(NC[C@@H]3CCNC[C@H]3O)nc12,580.0000000000001,-2.7634279935629373,0,train
CC(C)c1cnn2c(NCc3ccccc3)cc(NC[C@]3(O)CCNC[C@H]3O)nc12,2030.0000000000005,-3.307496037913213,0,train
CC(C)c1cnn2c(NCc3ccccc3)cc(NC[C@]3(CO)CCNC3)nc12,1.0,-0.0,0,train
CC(C)c1cnn2c(NCc3ccccc3)cc(NCC3CCNCC3)nc12,1520.0000000000002,-3.1818435879447726,0,train
CC(C)c1cnn2c(NCc3ccccc3)cc(NC[C@H]3CCCC[C@@H]3O)nc12,1694.9999999999995,-3.229169702539101,0,train
C=CC(=O)Nc1cccc(Nc2cc(N3CCCC[C@H]3CCO)nc3c(CC)cnn23)c1,932.0,-2.9694159123539814,0,train
CC[C@H](Nc1nc(NCc2cnc(C)cc2C)c2ncn(C(C)C)c2n1)[C@@H](C)O,5.000000000000001,-0.6989700043360189,0,train
CC(C)c1cnn2c(NCc3ccccc3N(C)C)nc(OC3CCN(C)CC3)nc12,3897.0,-3.5907304057926903,0,train
CC(C)c1cnn2c(NCc3ccccc3-n3cccn3)nc(O[C@H]3CCCNC3)nc12,6.0,-0.7781512503836436,0,train
O=C(Oc1nc(SCCc2ccccc2)nc2[nH]ncc12)c1cc2ccccc2o1,6799.999999999997,-3.832508912706236,0,train
O=[N+]([O-])c1cccc(Nc2nc(SCCc3ccccc3)nc3[nH]ncc23)c1,5099.999999999999,-3.707570176097936,0,train
CC(=O)N[C@@H]1CCC[C@H](C(=O)Nc2cc(-c3cnn4c3CC(C)(C)C4)c(Cl)cn2)C1,52.00000000000001,-1.7160033436347992,1,train
CC(=O)N[C@@H]1CCC[C@H](C(=O)Nc2cc(-c3cnn4c3CC(C)(C)C4)c(F)cn2)C1,66.00000000000001,-1.8195439355418688,0,train
CC(=O)N[C@@H]1CCC[C@H](C(=O)Nc2cc(-c3cnn4c3CCCC4)c(Cl)cn2)C1,610.0000000000001,-2.785329835010767,1,test
Nc1n[nH]c(N)c1/N=N/c1ccc(S(N)(=O)=O)cc1,41700.00000000001,-4.620136054973758,0,train
Cc1ccc(-c2cn3nc(N)c(/N=N/c4ccc(S(N)(=O)=O)cc4)c3[nH]2)cc1,20299.99999999998,-4.307496037913213,0,train
Nc1nn2c(-c3ccc(Cl)cc3)ccnc2c1/N=N/c1ccc(S(N)(=O)=O)cc1,6399.999999999998,-3.806179973983887,0,train
Nc1nn2c(-c3ccc(Br)cc3)ccnc2c1/N=N/c1ccc(S(N)(=O)=O)cc1,8000.000000000004,-3.903089986991944,0,train
Cc1ccc(-c2nc3c(/N=N/c4ccc(S(N)(=O)=O)cc4)c(N)nn3c(N)c2C#N)cc1,11599.99999999999,-4.064457989226918,0,train
COc1cc(F)ccc1-c1ncnc(Nc2cccc(CS(N)(=O)=O)c2)n1,1078.0000000000002,-3.03261876085072,0,train
COc1cc(F)ccc1-c1ncnc(Nc2cccc(CS(C)(=O)=O)c2)n1,1607.9999999999998,-3.2062860444124324,0,train
COc1cc(F)ccc1-c1ncnc(Nc2cccc(CCS(C)(=O)=O)c2)n1,557.9999999999999,-2.7466341989375787,0,train
COc1cc(F)ccc1-c1ncnc(Nc2cccc(S(C)(=O)=O)c2)n1,608.0000000000002,-2.783903579272735,0,test
CS(=N)(=N)Cc1cc2cc(c1)OCCCCOc1cc(F)ccc1-c1nc(ncc1F)N2,1240.0000000000002,-3.093421685162235,0,train
CS(=N)(=N)Cc1cc2cc(c1)OCCCCOc1c(F)cccc1-c1nc(ncc1F)N2,7519.999999999997,-3.876217840591642,0,train
Cc1cc(CS(C)(=O)=O)cc(Nc2ncc(F)c(-c3ccc(F)c4ccoc34)n2)c1,8559.999999999996,-3.932473764677153,0,test
CCS(=N)(=O)c1ccc(Nc2ncc(Br)c(O[C@H](C)[C@@H](C)O)n2)cc1,3.0,-0.4771212547196624,0,train
C[C@@H](O)[C@@H](C)Oc1nc(Nc2ccc(S(C)(=O)=O)cc2)ncc1C(F)(F)F,7.999999999999999,-0.9030899869919436,0,train
COc1cc(F)ccc1-c1nc(Nc2cc(F)cc(CS(C)(=N)=O)c2)ncc1F,3959.000000000001,-3.5975855017522047,0,train
COc1cc(F)ccc1-c1nc(Nc2cc(F)cc(CS(C)(=N)=N)c2)ncc1F,10504.0,-4.021354713081423,0,train
COc1cc(F)ccc1-c1cc(Nc2cc(C[S@@](C)(=N)=O)ccn2)ncc1F,2920.000000000001,-3.4653828514484184,0,train
Nc1nc(N[C@H]2C[C@@H]3CC[C@H]2C3)sc1C(=O)c1ccccc1[N+](=O)[O-],367.0,-2.5646660642520893,0,train
COC(=O)c1ccc(Nc2ncc3cc(C(=O)N(C)C)n(C4CCCC4)c3n2)cc1,389.9999999999999,-2.591064607026499,0,train
Cc1nn(-c2ccccn2)c2c1C(=O)CC(C)(C)C2Br,27.4,-1.437750562820388,1,train
Cc1nn(-c2nccs2)c2c1C(=O)CC(C)(C)C2Br,2.3,-0.3617278360175928,1,test
Cc1nn(-c2ccncn2)c2c1C(=O)CC(C)(C)C2Br,8.9,-0.9493900066449128,0,train
O=c1[nH]cc(-c2ccsc2)c2nccn12,8900.0,-3.949390006644913,1,train
O=c1[nH]cc(-c2cccc(O)c2)c2nccn12,4799.999999999999,-3.681241237375587,0,train
O=c1[nH]cc(-c2ccc(O)cc2Cl)c2nccn12,1500.0000000000005,-3.1760912590556813,0,train
O=c1[nH]cc(/C=C/c2ccccc2)c2nccn12,17799.999999999985,-4.250420002308894,0,test
O=c1[nH]cc(C2=CCCC2)c2nccn12,4900.000000000002,-3.690196080028514,0,test
O=c1[nH]cc(C2=CCCCC2)c2nccn12,1199.9999999999995,-3.0791812460476247,0,train
O=c1[nH]cc(C2CCCC2)c2nccn12,4000.000000000001,-3.6020599913279625,0,train
O=c1[nH]cc(C2CCCCC2)c2nccn12,660.0000000000001,-2.8195439355418688,1,train
NS(=O)(=O)c1ccc(Nc2nc(-c3cccc(-c4ccccc4)c3)c3nc[nH]c3n2)cc1,31.0,-1.4913616938342726,0,train
O=c1[nH]cc(C2CCCCC2)c2ncc(I)n12,14200.000000000007,-4.152288344383057,1,test
O=c1[nH]cc(-c2ccccc2)c2nc(Br)cn12,24400.00000000001,-4.38738982633873,0,train
O=c1[nH]cc(C2CCCCC2)c2nc(I)cn12,6500.000000000002,-3.812913356642856,0,train
O=c1[nH]cc(C2CCCCC2)c2nc(I)c(I)n12,4599.999999999998,-3.662757831681574,0,train
Cn1cc(C2CCCCC2)c2nccn2c1=O,4700.000000000001,-3.6720978579357175,0,train
O=c1n(CCO)cc(C2CCCCC2)c2nccn12,1500.0000000000005,-3.1760912590556813,0,train
CC(=O)OCCCn1cc(C2CCCCC2)c2nccn2c1=O,7699.999999999999,-3.886490725172482,0,train
O=c1n(CCCO)cc(C2CCCCC2)c2nccn12,3000.0000000000014,-3.4771212547196626,0,test
O=c1[nH]cc(-c2ccccc2)c2nccn12,6600.000000000002,-3.8195439355418688,1,train
Clc1cnc(N[C@@H]2CCCNC2)nc1-c1c[nH]c2ccccc12,200.00000000000003,-2.3010299956639813,0,train
FC(F)(F)c1cnc(N[C@H]2CCCNC2)nc1-c1n[nH]c2ccccc12,200.00000000000003,-2.3010299956639813,0,test
Clc1cnc(N[C@H]2CCCNC2)nc1-c1cnn2ccccc12,200.00000000000003,-2.3010299956639813,0,test
Fc1cccc2c(-c3nc(N[C@H]4CCCNC4)ncc3Cl)c[nH]c12,200.00000000000003,-2.3010299956639813,0,train
Cc1ccc2[nH]cc(-c3nc(N[C@H]4CCCNC4)ncc3Cl)c2c1,200.00000000000003,-2.3010299956639813,0,train
Fc1ccc2[nH]cc(-c3nc(N[C@H]4CCCNC4)ncc3Cl)c2c1,200.00000000000003,-2.3010299956639813,0,train
CCc1cnc(N[C@H]2CCCNC2)nc1-c1n[nH]c2ccccc12,200.00000000000003,-2.3010299956639813,0,train
Fc1cc2[nH]cc(-c3nc(N[C@H]4CCCNC4)ncc3Cl)c2cc1F,200.00000000000003,-2.3010299956639813,0,train
Cc1cccc2c(-c3nc(N[C@H]4CCCNC4)ncc3Cl)c[nH]c12,200.00000000000003,-2.3010299956639813,0,train
CC1NCCCC1Nc1ncc(Cl)c(-c2c[nH]c3ccccc23)n1,200.00000000000003,-2.3010299956639813,0,train
Clc1cnc(N[C@H]2CCCNC2)nc1-c1c[nH]c2ccncc12,200.00000000000003,-2.3010299956639813,0,train
Clc1cnc(N[C@H]2CCCNC2)nc1-c1c[nH]c2ncccc12,200.00000000000003,-2.3010299956639813,0,train
F[C@@H]1CCNC[C@H]1Nc1ncc(Cl)c(-c2c[nH]c3ccccc23)n1,200.00000000000003,-2.3010299956639813,0,train
Cc1cccc2c(-c3nc(N[C@H]4CCCNC4)ncc3C(F)(F)F)c[nH]c12,200.00000000000003,-2.3010299956639813,0,train
C[C@@H]1CCNC[C@@H]1Nc1ncc(Cl)c(-c2c[nH]c3ccccc23)n1,200.00000000000003,-2.3010299956639813,0,test
CC(C)n1cc(-c2nc(N[C@H]3CCCNC3)ncc2Cl)c2ccccc21,200.00000000000003,-2.3010299956639813,0,train
Brc1cnc(N[C@@H]2CCCNC2)nc1-c1c[nH]c2ccccc12,20.000000000000004,-1.3010299956639813,1,train
CN1CCC[C@H](Nc2ncc(Cl)c(-c3c[nH]c4ccccc34)n2)C1,200.00000000000003,-2.3010299956639813,0,train
CCc1cnc(N[C@H]2CCCNC2)nc1-c1c[nH]c2c(C)cccc12,200.00000000000003,-2.3010299956639813,0,train
Cc1cccc2c(-c3nc(N[C@H]4CCCNC4)ncc3F)c[nH]c12,200.00000000000003,-2.3010299956639813,0,train
CC(=O)c1cccc2c(-c3nc(N[C@H]4CCCNC4)ncc3Cl)c[nH]c12,200.00000000000003,-2.3010299956639813,0,train
CCc1cnc(N[C@H]2CCCNC2)nc1-c1n[nH]c2c(F)cccc12,200.00000000000003,-2.3010299956639813,0,test
CCc1cnc(N[C@H]2CCCNC2)nc1-c1c[nH]c2c(F)cccc12,200.00000000000003,-2.3010299956639813,0,test
Ic1cnc(N[C@H]2CCCNC2)nc1-c1c[nH]c2ccccc12,20.000000000000004,-1.3010299956639813,1,train
COCCN1CCC[C@H](Nc2ncc(Cl)c(-c3c[nH]c4ccccc34)n2)C1,200.00000000000003,-2.3010299956639813,0,train
Clc1cnc(N[C@H]2CCCNC2)nc1-c1c[nH]c2c(N3CCOCC3)cccc12,200.00000000000003,-2.3010299956639813,0,test
Fc1cc2[nH]nc(-c3nc(N[C@H]4CCCNC4)ncc3C(F)(F)F)c2cc1F,200.00000000000003,-2.3010299956639813,0,train
N#Cc1cccc2c(-c3nc(N[C@H]4CCCNC4)ncc3C(F)(F)F)c[nH]c12,20.000000000000004,-1.3010299956639813,1,train
Fc1cccc2c(-c3nc(N[C@H]4CCCNC4)ncc3Cl)n[nH]c12,200.00000000000003,-2.3010299956639813,0,train
Fc1cccc2c(-c3nc(N[C@H]4CCCNC4)ncc3C(F)(F)F)n[nH]c12,200.00000000000003,-2.3010299956639813,0,train
N#Cc1cnc(N[C@H]2CCCNC2)nc1-c1n[nH]c2ccccc12,200.00000000000003,-2.3010299956639813,0,train
O=C1CC[C@H](Nc2ncc(Cl)c(-c3c[nH]c4ccccc34)n2)CN1,20.000000000000004,-1.3010299956639813,0,train
FC(F)(F)c1cnc(N[C@H]2CCCNC2)nc1-c1c[nH]c2ccc(Cl)cc12,200.00000000000003,-2.3010299956639813,0,test
N#Cc1ccc2c(-c3nc(N[C@H]4CCCNC4)ncc3Cl)c[nH]c2c1,200.00000000000003,-2.3010299956639813,0,train
FC(F)(F)c1cnc(N[C@H]2CCCNC2)nc1-c1c[nH]c2cnc(Cl)cc12,200.00000000000003,-2.3010299956639813,0,train
Fc1cnc2[nH]cc(-c3nc(N[C@H]4CCCNC4)ncc3C(F)(F)F)c2c1,20.000000000000004,-1.3010299956639813,0,test
FC(F)(F)c1cnc(N[C@H]2CCCNC2)nc1-c1c[nH]c2c(Cl)cccc12,200.00000000000003,-2.3010299956639813,0,train
FC(F)(F)c1cnc(N[C@H]2CCCNC2)nc1-c1c[nH]c2c(-c3cn[nH]c3)cccc12,200.00000000000003,-2.3010299956639813,0,train
Cc1nn(C)cc1-c1cccc2c(-c3nc(N[C@H]4CCCNC4)ncc3C(F)(F)F)c[nH]c12,200.00000000000003,-2.3010299956639813,0,train
Cc1cn(-c2cccc3c(-c4nc(N[C@H]5CCCNC5)ncc4C(F)(F)F)c[nH]c23)cn1,200.00000000000003,-2.3010299956639813,0,train
CNC(=O)c1cccc2c(-c3nc(N[C@H]4CCCNC4)ncc3C(F)(F)F)c[nH]c12,200.00000000000003,-2.3010299956639813,0,test
Cc1[nH]ncc1-c1cccc2c(-c3nc(N[C@@H]4CCCNC4)ncc3C(F)(F)F)c[nH]c12,200.00000000000003,-2.3010299956639813,0,train
CN1CCN(c2cccc3c(-c4nc(N[C@H]5CCCNC5)ncc4C(F)(F)F)c[nH]c23)C1=O,200.00000000000003,-2.3010299956639813,0,train
CCOP(C)(=O)c1cccc2c(-c3nc(N[C@H]4CCCNC4)ncc3C(F)(F)F)c[nH]c12,200.00000000000003,-2.3010299956639813,0,train
FC(F)(F)c1cnc(N[C@H]2CCCNC2)nc1-c1c[nH]c2c(-c3ccnnc3)cccc12,20.000000000000004,-1.3010299956639813,0,train
Cn1cc(-c2ccc3c(-c4nc(N[C@H]5CCCNC5)ncc4C(F)(F)F)c[nH]c3c2)cn1,200.00000000000003,-2.3010299956639813,0,train
CCOP(=O)(OCC)c1ccc2[nH]cc(-c3nc(N[C@H]4CCCNC4)ncc3C(F)(F)F)c2c1,200.00000000000003,-2.3010299956639813,0,train
Fc1cc2[nH]cc(-c3nc(N[C@H]4CCCNC4)ncc3C(F)(F)F)c2cc1F,20.000000000000004,-1.3010299956639813,0,train
CNC(=O)c1ccc2c(-c3nc(N[C@H]4CCCNC4)ncc3C(F)(F)F)c[nH]c2c1,200.00000000000003,-2.3010299956639813,0,train
FC(F)(F)c1cnc(N[C@H]2CCCNC2)nc1-c1c[nH]c2cc(-c3cn[nH]c3)ccc12,200.00000000000003,-2.3010299956639813,0,train
CC(C)(O)CCc1cccc2c(-c3nc(N[C@H]4CCCNC4)ncc3C(F)(F)F)c[nH]c12,200.00000000000003,-2.3010299956639813,0,train
C#Cc1cnc(N[C@H]2CCCNC2)nc1-c1c[nH]c2ccccc12,200.00000000000003,-2.3010299956639813,0,train
O=S1(=O)CCN(c2cccc3c(-c4nc(N[C@H]5CCCNC5)ncc4Cl)c[nH]c23)CC1,200.00000000000003,-2.3010299956639813,0,train
N#Cc1cc2[nH]cc(-c3nc(N[C@H]4CCCNC4)ncc3C(F)(F)F)c2cc1F,200.00000000000003,-2.3010299956639813,0,train
OC1CC=C(c2cccc3c(-c4nc(N[C@H]5CCCNC5)ncc4C(F)(F)F)c[nH]c23)CC1,200.00000000000003,-2.3010299956639813,0,train
CNS(=O)(=O)c1ccc2c(-c3nc(N[C@H]4CCCNC4)ncc3C(F)(F)F)c[nH]c2c1,200.00000000000003,-2.3010299956639813,0,test
C[C@H]1CNC[C@@H](Nc2ncc(Cl)c(-c3c[nH]c4ccccc34)n2)C1,200.00000000000003,-2.3010299956639813,0,train
FC(F)(F)c1cnc(N[C@H]2CCCNC2)nc1-c1c[nH]c2cc(-c3ncc[nH]3)ccc12,200.00000000000003,-2.3010299956639813,0,train
O[C@H]1CNC[C@@H](Nc2ncc(C(F)(F)F)c(-c3c[nH]c4ccccc34)n2)C1,200.00000000000003,-2.3010299956639813,0,train
FC(F)(F)c1cnc(N[C@H]2CCC3(CC3)NC2)nc1-c1c[nH]c2ccccc12,200.00000000000003,-2.3010299956639813,0,train
CC(C)(O)Cn1cc(-c2ccc3c(-c4nc(N[C@H]5CCCNC5)ncc4C(F)(F)F)c[nH]c3c2)cn1,200.00000000000003,-2.3010299956639813,0,train
FC(F)(F)c1cnc(N[C@H]2CNCc3ccccc32)nc1-c1c[nH]c2ccccc12,200.00000000000003,-2.3010299956639813,0,train
C=Cc1cnc(N[C@H]2CCCNC2)nc1-c1c[nH]c2ccccc12,200.00000000000003,-2.3010299956639813,0,test
CS(=O)(=O)Cc1ccc2c(-c3nc(N[C@H]4CCCNC4)ncc3C(F)(F)F)c[nH]c2c1,200.00000000000003,-2.3010299956639813,0,train
FC(F)(F)c1cnc(NC2C3CCC2NC3)nc1-c1c[nH]c2ccccc12,200.00000000000003,-2.3010299956639813,0,train
FC(F)(F)c1cnc(N[C@H]2CCCNC2)nc1-c1c[nH]c2cc(-c3cccnc3)ccc12,200.00000000000003,-2.3010299956639813,0,train
FC(F)(F)c1cnc(N[C@H]2CCCNC2)nc1-c1c[nH]c2cc(-c3ccncc3)ccc12,200.00000000000003,-2.3010299956639813,0,test
Cn1cc(-c2ccc3c(-c4nc(N[C@H]5CCCNC5)ncc4C(F)(F)F)c[nH]c3c2)cc1C#N,200.00000000000003,-2.3010299956639813,0,train
Cc1nn(C)cc1-c1ccc2c(-c3nc(N[C@H]4CCCNC4)ncc3C(F)(F)F)c[nH]c2c1,200.00000000000003,-2.3010299956639813,0,train
Cc1c(-c2ccc3c(-c4nc(N[C@H]5CCCNC5)ncc4C(F)(F)F)c[nH]c3c2)cnn1C,200.00000000000003,-2.3010299956639813,0,train
O=C([C@H]1CC[C@H](Nc2ncc(C(F)(F)F)c(-c3c[nH]c4ccccc34)n2)CN1)N1CCCC1,200.00000000000003,-2.3010299956639813,0,train
Cc1n[nH]cc1-c1ccc2[nH]cc(-c3nc(N[C@H]4CCCNC4)ncc3C(F)(F)F)c2c1,200.00000000000003,-2.3010299956639813,0,train
FC(F)(F)c1cnc(N[C@H]2CCCNC2)nc1-c1c[nH]c2ccc(-c3ccnnc3)cc12,200.00000000000003,-2.3010299956639813,0,train
N#Cc1cc(-c2ccc3c(-c4nc(N[C@H]5CCCNC5)ncc4C(F)(F)F)c[nH]c3c2)c[nH]1,200.00000000000003,-2.3010299956639813,0,train
Cc1nc(-c2ccc3c(-c4nc(N[C@H]5CCCNC5)ncc4C(F)(F)F)c[nH]c3c2)n[nH]1,200.00000000000003,-2.3010299956639813,0,test
FC1(F)CNC[C@@H](Nc2ncc(C(F)(F)F)c(-c3c[nH]c4ccccc34)n2)C1,200.00000000000003,-2.3010299956639813,0,train
CC(C)[C@@H]1CC[C@H](Nc2nccc(-c3c[nH]c4ccccc34)n2)CN1,200.00000000000003,-2.3010299956639813,0,train
FC(F)(F)c1cnc(N[C@H]2CCC3(CCCCC3)NC2)nc1-c1c[nH]c2ccccc12,200.00000000000003,-2.3010299956639813,0,test
CCCCCc1ccc2c(-c3nc(N[C@H]4CCCNC4)ncc3C(F)(F)F)c[nH]c2c1,200.00000000000003,-2.3010299956639813,0,train
O=C([C@H]1CC[C@H](Nc2ncc(C(F)(F)F)c(-c3c[nH]c4ccccc34)n2)CN1)N1CC[C@H](O)C1,200.00000000000003,-2.3010299956639813,0,train
Cc1nc(-c2ccc3c(-c4nc(N[C@H]5CCCNC5)ncc4C(F)(F)F)c[nH]c3c2)nn1C,200.00000000000003,-2.3010299956639813,0,train
FC(F)(F)c1cnc(N[C@H]2CCCNC2)nc1-c1c[nH]c2cc(-n3ccnc3)ccc12,200.00000000000003,-2.3010299956639813,0,train
N#Cc1ccc2c(-c3nc(N[C@H]4CCCNC4)ncc3C(F)(F)F)c[nH]c2n1,200.00000000000003,-2.3010299956639813,0,train
N#Cc1ccc2c(-c3nc(N[C@H]4CCCNC4)ncc3C(F)(F)F)c[nH]c2c1C#N,200.00000000000003,-2.3010299956639813,0,train
CCC(=O)N[C@@H]1CNC[C@H](Nc2ccc(C(F)(F)F)c(-c3c[nH]c4c(S(C)(=O)=O)cccc34)c2)C1,200.00000000000003,-2.3010299956639813,0,train
N#Cc1ccc2c(-c3nc(N[C@@H]4CCCNC4)ncc3C(F)(F)F)c[nH]c2c1-c1ccnnc1,200.00000000000003,-2.3010299956639813,0,train
CCc1cnc(N[C@@H]2CCCNC2)nc1-c1n[nH]c2ncccc12,200.00000000000003,-2.3010299956639813,0,train
CS(=O)(=O)c1cccn2c([C@H]3CNC[C@@H](Nc4ncc(C(F)(F)F)c(-c5c[nH]c6ccccc56)n4)C3)nnc12,200.00000000000003,-2.3010299956639813,0,train
CCc1cnc(N[C@H]2CCCNC2)nc1-c1c[nH]c2c(S(C)(=O)=O)cccc12,200.00000000000003,-2.3010299956639813,0,train
CSc1cnc(N[C@H]2CCCNC2)nc1-c1c[nH]c2cc(C#N)ccc12,200.00000000000003,-2.3010299956639813,0,train
CCS(=O)(=O)c1ccc2c(-c3nc(N[C@H]4CCCNC4)ncc3C(F)(F)F)c[nH]c2c1,200.00000000000003,-2.3010299956639813,0,train
CCc1cnc(N[C@H]2CCCNC2)nc1-c1n[nH]c2cc(C#N)ccc12,200.00000000000003,-2.3010299956639813,0,test
CCc1cnc(N[C@H]2CCCNC2)nc1-c1n[nH]c2nc(C#N)ccc12,200.00000000000003,-2.3010299956639813,0,train
O=C(c1ccc2c(-c3nc(N[C@H]4CCCNC4)ncc3C(F)(F)F)c[nH]c2c1)N1CCCC1,200.00000000000003,-2.3010299956639813,0,train
CO[C@@H]1CCN(C(=O)c2ccc3c(-c4nc(N[C@H]5CCCNC5)ncc4C(F)(F)F)c[nH]c3c2)C1,200.00000000000003,-2.3010299956639813,0,train
CC1(O)CCN(C(=O)c2ccc3c(-c4nc(N[C@H]5CCCNC5)ncc4C(F)(F)F)c[nH]c3c2)CC1,200.00000000000003,-2.3010299956639813,0,train
CCN1CCC[C@H](Nc2ncc(C(F)(F)F)c(-c3c[nH]c4cc(C#N)ccc34)n2)C1,200.00000000000003,-2.3010299956639813,0,test
CCS(=O)(=O)c1cccc2c(-c3nc(N[C@H]4CCCNC4)ncc3C(F)(F)F)c[nH]c12,200.00000000000003,-2.3010299956639813,0,train
FC(F)n1ccc(-c2ccc3c(-c4nc(N[C@H]5CCCNC5)ncc4C(F)(F)F)c[nH]c3c2)n1,200.00000000000003,-2.3010299956639813,0,train
FC(F)n1cc(-c2ccc3c(-c4nc(N[C@H]5CCCNC5)ncc4C(F)(F)F)c[nH]c3c2)cn1,200.00000000000003,-2.3010299956639813,0,train
FC(F)(F)c1cnc(N[C@H]2CCCNC2)nc1-c1c[nH]c2cc(-c3cc[nH]n3)ccc12,200.00000000000003,-2.3010299956639813,0,train
CS(=O)(=O)c1c(C#N)ccc2c(-c3nc(N[C@H]4CCCNC4)ncc3Cl)c[nH]c12,200.00000000000003,-2.3010299956639813,0,train
CNC(=O)c1ccc2c(-c3nc(N[C@H]4CCCNC4)ncc3C(F)(F)F)c[nH]c2n1,200.00000000000003,-2.3010299956639813,0,train
CCN1CCC[C@H](Nc2ncc(C(F)(F)F)c(-c3c[nH]c4cc(S(C)(=O)=O)ccc34)n2)C1,200.00000000000003,-2.3010299956639813,0,test
O=C1CCN(C(=O)c2ccc3c(-c4nc(N[C@H]5CCCNC5)ncc4C(F)(F)F)c[nH]c3c2)C1,200.00000000000003,-2.3010299956639813,0,train
Cn1ccc(-c2ccc3c(-c4nc(N[C@H]5CCCNC5)ncc4C(F)(F)F)c[nH]c3c2)n1,200.00000000000003,-2.3010299956639813,0,train
FC(F)(F)Sc1cnc(N[C@H]2CCCNC2)nc1-c1c[nH]c2ccccc12,200.00000000000003,-2.3010299956639813,0,test
O=C(O)c1ccc2c(-c3nc(N[C@H]4CCCNC4)ncc3C(F)(F)F)c[nH]c2c1,200.00000000000003,-2.3010299956639813,0,test
Oc1ncccc1-c1ccc2c(-c3nc(N[C@H]4CCCNC4)ncc3C(F)(F)F)c[nH]c2c1,200.00000000000003,-2.3010299956639813,0,train
Cc1c(-c2ccc3c(-c4nc(N[C@H]5CCCNC5)ncc4C(F)(F)F)c[nH]c3c2)c[nH]c(=O)c1C#N,200.00000000000003,-2.3010299956639813,0,train
FC(F)(F)c1cnc(N[C@H]2CCCNC2)nc1-c1c[nH]c2cc(-c3ccc4[nH]cnc4c3)ccc12,200.00000000000003,-2.3010299956639813,0,test
NC(=O)c1cccc(-c2ccc3c(-c4nc(N[C@H]5CCCNC5)ncc4C(F)(F)F)c[nH]c3c2)c1,200.00000000000003,-2.3010299956639813,0,test
OCc1cccc(-c2ccc3c(-c4nc(N[C@H]5CCCNC5)ncc4C(F)(F)F)c[nH]c3c2)n1,200.00000000000003,-2.3010299956639813,0,train
OCc1cncc(-c2ccc3c(-c4nc(N[C@H]5CCCNC5)ncc4C(F)(F)F)c[nH]c3c2)c1,200.00000000000003,-2.3010299956639813,0,train
OCc1ncccc1-c1ccc2c(-c3nc(N[C@H]4CCCNC4)ncc3C(F)(F)F)c[nH]c2c1,200.00000000000003,-2.3010299956639813,0,train
FC(F)(F)c1cnc(N[C@H]2CCCNC2)nc1-c1c[nH]c2cc(-c3cnccn3)ccc12,200.00000000000003,-2.3010299956639813,0,train
FC(F)(F)c1cnc(N[C@H]2CCCNC2)nc1-c1c[nH]c2cc(-c3nccs3)ccc12,200.00000000000003,-2.3010299956639813,0,train
O=C1CCc2ccc(-c3ccc4c(-c5nc(N[C@H]6CCCNC6)ncc5C(F)(F)F)c[nH]c4c3)cc2N1,200.00000000000003,-2.3010299956639813,0,train
Fc1cncc(-c2ccc3c(-c4nc(N[C@H]5CCCNC5)ncc4C(F)(F)F)c[nH]c3c2)c1,200.00000000000003,-2.3010299956639813,0,train
Cc1ccncc1-c1ccc2c(-c3nc(N[C@H]4CCCNC4)ncc3C(F)(F)F)c[nH]c2c1,200.00000000000003,-2.3010299956639813,0,train
CC(=O)NCc1cccc(-c2ccc3c(-c4nc(N[C@H]5CCCNC5)ncc4C(F)(F)F)c[nH]c3c2)c1,200.00000000000003,-2.3010299956639813,0,test
O=C(c1cccc(-c2ccc3c(-c4nc(N[C@H]5CCCNC5)ncc4C(F)(F)F)c[nH]c3c2)c1)N1CCCC1,200.00000000000003,-2.3010299956639813,0,train
FC(F)(F)c1cnc(N[C@H]2CCCNC2)nc1-c1c[nH]c2cc(-c3ccc4ncsc4c3)ccc12,200.00000000000003,-2.3010299956639813,0,test
FC(F)(F)c1cnc(N[C@H]2CCCNC2)nc1-c1c[nH]c2cc(-c3cccc4cnccc34)ccc12,200.00000000000003,-2.3010299956639813,0,train
CC(C)S(=O)(=O)c1ccc2c(-c3nc(N[C@H]4CCCNC4)ncc3C(F)(F)F)c[nH]c2c1,200.00000000000003,-2.3010299956639813,0,train
N#Cc1ccc2c(-c3nc(N[C@@H]4CNCC[C@H]4F)ncc3C(F)(F)F)c[nH]c2c1,200.00000000000003,-2.3010299956639813,0,test
CN(C)S(=O)(=O)c1ccc2c(-c3nc(N[C@H]4CCCNC4)ncc3C(F)(F)F)c[nH]c2c1,200.00000000000003,-2.3010299956639813,0,train
CC(=O)c1ccc2c(-c3nc(N[C@H]4CCCNC4)ncc3C(F)(F)F)c[nH]c2c1,200.00000000000003,-2.3010299956639813,0,train
O=S(=O)(CF)c1ccc2c(-c3nc(N[C@H]4CCCNC4)ncc3C(F)(F)F)c[nH]c2c1,200.00000000000003,-2.3010299956639813,0,train
CN1CCC[C@H](Nc2ncc(C(F)(F)F)c(-c3c[nH]c4cc(S(=O)(=O)N5CCC(C)(O)C5)ccc34)n2)C1,200.00000000000003,-2.3010299956639813,0,train
CN(C)S(=O)(=O)c1cccc2c(-c3nc(N[C@H]4CCCNC4)ncc3C(F)(F)F)c[nH]c12,200.00000000000003,-2.3010299956639813,0,test
C[C@@H]1CCNC[C@H]1Nc1ncc(C(F)(F)F)c(-c2c[nH]c3ccccc23)n1,200.00000000000003,-2.3010299956639813,0,train
FC(F)Sc1ccc2c(-c3nc(N[C@H]4CCCNC4)ncc3C(F)(F)F)c[nH]c2c1,200.00000000000003,-2.3010299956639813,0,test
O=S(=O)(c1ccc2c(-c3nc(N[C@H]4CCCNC4)ncc3C(F)(F)F)c[nH]c2c1)C(F)F,200.00000000000003,-2.3010299956639813,0,train
CC1(C)CNC[C@@H](Nc2ncc(C(F)(F)F)c(-c3c[nH]c4cc(S(C)(=O)=O)ccc34)n2)C1,200.00000000000003,-2.3010299956639813,0,train
O[S+](c1ccc2c(-c3nc(N[C@H]4CCCNC4)ncc3C(F)(F)F)c[nH]c2c1)C(F)F,200.00000000000003,-2.3010299956639813,0,test
CC1(C)CNC[C@@H](Nc2ncc(Cl)c(-c3c[nH]c4c(S(C)(=O)=O)c(C#N)ccc34)n2)C1,200.00000000000003,-2.3010299956639813,0,train
FC(F)(F)c1cnc(N[C@@H]2CNC[C@H](c3nnc4ccccn34)C2)nc1-c1c[nH]c2ccccc12,200.00000000000003,-2.3010299956639813,0,train
COc1cc(F)ccc1-c1nc(Nc2ccc3c(N4CCOCC4)c(C(C)=O)c(=O)oc3c2)ncc1F,1009.0000000000006,-3.0038911662369108,0,train
Fc1cc2[nH]ncc2c2c3c(c(-c4c[nH]nc4C(F)(F)F)nc12)CCCC3,33.0,-1.5185139398778875,0,test
Fc1cc2[nH]ncc2c2c3c(c(-c4cn[nH]c4)nc12)CCCC3,55.00000000000001,-1.740362689494244,0,train
Fc1cc2[nH]ncc2c2c3c(c(-c4c[nH]nc4C(F)(F)F)nc12)C1CCC3C1,31.0,-1.4913616938342726,0,train
OCc1n[nH]c2ccc3nc(-c4c[nH]nc4C(F)(F)F)c4c(c3c12)CCCC4,102.0,-2.008600171761917,0,train
Cc1n[nH]c2ccc3nc(-c4c[nH]nc4C(F)(F)F)c4c(c3c12)CCCC4,257.99999999999994,-2.41161970596323,0,train
Cc1n[nH]c2cc(F)c3nc(-c4c[nH]nc4C(F)(F)F)c4c(c3c12)CCCC4,181.99999999999997,-2.2600713879850747,0,train
CCc1cnc(N[C@H]2CCCNC2)nc1-c1c[nH]c2ccccc12,922.9999999999998,-2.965201701025912,1,train
N#Cc1ccc2c(-c3nc(N[C@H]4CCCNC4)ncc3C(F)(F)F)c[nH]c2c1,346.9999999999999,-2.5403294747908736,1,test
CCc1cnc(N[C@H]2CCCNC2)nc1-c1c[nH]c2c(S(C)(=O)=O)c(C#N)ccc12,1637.999999999999,-3.2143138974243994,0,train
CC1(C)CNC[C@@H](Nc2ncc(C(F)(F)F)c(-c3c[nH]c4c(P(C)(C)=O)c(C#N)ccc34)n2)C1,770.9999999999997,-2.8870543780509568,0,train
CC1(C)CC[C@H](Nc2ncc(C(F)(F)F)c(-c3c[nH]c4c(P(C)(C)=O)c(C#N)ccc34)n2)CN1,5523.999999999999,-3.7422536699065936,0,test
CN1Cc2cnc(Nc3ccc(S(N)(=O)=O)cc3)nc2C(C)(C)C1=O,160.99999999999994,-2.206825876031849,0,train
CC1(C)Cc2cnc(Nc3ccc(S(N)(=O)=O)cc3)nc2N(C2CCCC2)C1=O,5.000000000000001,-0.6989700043360189,0,test
NS(=O)(=O)c1ccc(Nc2ncc3c(n2)N(C2CCCC2)C(=O)C32CC2)cc1,4.0,-0.6020599913279624,1,train
CS(=O)(=O)N1CCC(Nc2ncc3c(n2)N(C2CCCC2)C(=O)C32CC2)CC1,102.0,-2.008600171761917,1,train
CCC1(C)C(=O)N(C2CCCC2)c2nc(NC3CCN(S(C)(=O)=O)CC3)ncc21,557.0,-2.745855195173729,0,train
CS(=O)(=O)N1CCC(Nc2ncc3c(n2)N(C2CCCC2)C(=O)C32CCC2)CC1,236.00000000000009,-2.3729120029701067,1,train
CC1(C)C(=O)N(C2CCCC2)c2nc(NC3CCN(S(C)(=O)=O)CC3)ncc21,86.99999999999999,-1.9395192526186185,0,test
CS(=O)(=O)N1CCC(Nc2ncc3c(n2)N(C2CCCCC2)C(=O)C32CC2)CC1,82.0,-1.9138138523837167,1,train
CS(=O)(=O)N1CCC(Nc2ncc3c(n2)N(c2ccccc2)C(=O)C32CC2)CC1,1605.000000000001,-3.205475036740891,1,test
CS(=O)(=O)N1CCC(Nc2ncc3c(n2)N(C2CCOCC2)C(=O)C32CC2)CC1,2203.000000000001,-3.343014497150768,1,train
C[C@H]1CCC[C@@H]1N1C(=O)C2(CC2)c2cnc(NC3CCN(S(C)(=O)=O)CC3)nc21,7.0,-0.8450980400142568,0,train
CC[C@@H](C(F)F)N1C(=O)C2(CC2)c2cnc(NC3CCN(S(C)(=O)=O)CC3)nc21,23.0,-1.3617278360175928,0,train
CS(=O)(=O)N1CCC(Nc2ncc3c(n2)N(CC(F)F)C(=O)C32CC2)CC1,874.9999999999999,-2.942008053022313,0,train
Cn1cc(S(=O)(=O)N2CCC(Nc3ncc4c(n3)N(C3CCCC3)C(=O)C43CC3)CC2)cn1,17.0,-1.230448921378274,0,train
CNS(=O)(=O)c1ccc(Nc2ncc3c(n2)N([C@H]2CCC[C@@H]2C)C(=O)C32CC2)cc1,0.33,0.4814860601221125,0,test
C[C@@H]1CCC[C@H]1N1C(=O)C2(CC2)c2cnc(Nc3ccc(S(=O)(=O)NCCO)cc3)nc21,1.8,-0.255272505103306,0,train
C[C@@H]1CCC[C@H]1N1C(=O)C2(CC2)c2cnc(Nc3ccc(S(=O)(=O)N[C@@H]4CCCN(C)C4)cc3)nc21,0.32,0.494850021680094,0,train
CNS(=O)(=O)c1ccc(Nc2ncc3c(n2)N([C@@H](C)C2CC2)C(=O)C32CC2)cc1,1.6,-0.2041199826559248,0,test
CNS(=O)(=O)c1ccc(Nc2ncc3c(n2)N(c2cc(F)ccc2Cl)C(=O)C32CC2)cc1,0.62,0.2076083105017461,0,train
CNS(=O)(=O)c1ccc(Nc2ncc3c(n2)N([C@@H]2CCC[C@@]2(C)O)C(=O)C32CC2)cc1,1.2,-0.0791812460476248,0,train
CNS(=O)(=O)c1ccc(Nc2ncc3c(n2)N([C@@H]2CCC[C@@H](O)C2)C(=O)C32CC2)cc1,0.25,0.6020599913279624,0,train
Cn1cc(S(=O)(=O)N2CCC(Nc3ncc4c(n3)N([C@@H]3CCC[C@@H](O)C3)C(=O)C43CC3)CC2)cn1,2.0,-0.3010299956639812,0,test
Cc1nn(C)cc1-c1ccnc(Nc2ccc(S(=O)(=O)N3CCOCC3)cc2)n1,431.0,-2.6344772701607315,0,train
Cc1nn2cnc3[nH]ccc3c2c1C1CCCCC1,2800.0000000000014,-3.4471580313422194,0,train
CC(C)c1[nH]nc2c(NCc3ccc(-n4cccn4)cc3)nc(S)nc12,256.0,-2.4082399653118496,1,test
CSc1nc(NCc2ccc(-n3cccn3)cc2)c2n[nH]c(C(C)C)c2n1,23.999999999999996,-1.380211241711606,1,train
CC(C)c1[nH]nc2c(NCc3ccc(-n4cccn4)cc3)nc(S(C)(=O)=O)nc12,53.000000000000014,-1.7242758696007892,1,test
CC(O)CNc1nc(NCc2ccc(-n3cccn3)cc2)c2n[nH]c(C(C)C)c2n1,37.0,-1.568201724066995,0,train
CC(C)c1[nH]nc2c(NCc3ccc(-n4cccn4)cc3)nc(SCCO)nc12,5.000000000000001,-0.6989700043360189,1,train
CC(O)CSc1nc(NCc2ccc(-n3cccn3)cc2)c2n[nH]c(C(C)C)c2n1,6.0,-0.7781512503836436,0,train
CCC(O)CSc1nc(NCc2ccc(-n3cccn3)cc2)c2n[nH]c(C(C)C)c2n1,25.000000000000007,-1.3979400086720375,0,train
CC(C)c1[nH]nc2c(NCc3ccc(-n4cccn4)cc3)nc(SCC(C)(C)O)nc12,7.999999999999999,-0.9030899869919436,0,train
CC(C)c1[nH]nc2c(NCc3ccc(-n4cccn4)cc3)nc(SCC(O)CO)nc12,5.000000000000001,-0.6989700043360189,1,train
CC(C)c1[nH]nc2c(NCc3ccc(-n4cccn4)cc3)nc(SCCN)nc12,2.0,-0.3010299956639812,1,test
CC(C)c1[nH]nc2c(NCc3ccc(-n4cccn4)cc3)nc(SCCN(C)C)nc12,43.000000000000014,-1.6334684555795866,1,train
CC(C)c1[nH]nc2c(NCc3ccc(-n4cccn4)cc3)nc(SCCCN(C)C)nc12,75.00000000000001,-1.8750612633917,1,test
CC(C)c1[nH]nc2c(NCc3ccc(-n4cccn4)cc3)nc(SCC(C)(C)N)nc12,10.999999999999996,-1.041392685158225,0,test
CC(C)c1[nH]nc2c(NCc3ccc(-n4cccn4)cc3)nc(SCC(O)CN)nc12,6.0,-0.7781512503836436,1,train
CC(C)c1[nH]nc2c(NCc3ccc(-n4cccn4)cc3)nc(SCC(N)CN)nc12,19.0,-1.2787536009528289,0,train
CC(C)c1n[nH]c2c(NCc3ccc(-n4ccnc4)cc3)nc(S)nc12,2301.9999999999995,-3.362105319293773,1,train
CC(C)c1n[nH]c2c(NCc3ccc(-n4ccnc4)cc3)nc(SCCO)nc12,12.000000000000002,-1.0791812460476249,1,train
CC(C)c1n[nH]c2c(NCc3ccc(-n4ccnc4)cc3)nc(SCCN)nc12,4.0,-0.6020599913279624,1,train
CC(C)c1n[nH]c2c(NCc3ccc(-c4c[nH]cn4)cc3)nc(S)nc12,463.9999999999998,-2.6665179805548807,1,train
CC(C)c1n[nH]c2c(NCc3ccc(-c4c[nH]cn4)cc3)nc(SCCO)nc12,5.000000000000001,-0.6989700043360189,1,train
CC(C)c1n[nH]c2c(NCc3ccc(-c4cnccn4)cc3)nc(S)nc12,978.0000000000002,-2.990338854787601,1,train
CC(C)c1n[nH]c2c(NCc3ccc(-c4cnccn4)cc3)nc(SCCO)nc12,6.0,-0.7781512503836436,1,train
CC(C)c1n[nH]c2c(NCc3ccc(-c4cnccn4)cc3)nc(SCCN)nc12,4.0,-0.6020599913279624,1,test
NCCSc1nc(NCc2ccc(-n3cccn3)cc2)c2[nH]nc(C3CCC3)c2n1,4.0,-0.6020599913279624,0,train
NCCSc1nc(NCc2ccc(-c3ccccn3)cc2)c2[nH]nc(C3CCC3)c2n1,5.000000000000001,-0.6989700043360189,1,train
OCCSc1nc(NCc2ccc(-c3ccccn3)cc2)c2[nH]nc(C3CCC3)c2n1,9.0,-0.9542425094393248,1,train
NCCSc1nc(NCc2ccc(-c3ccccn3)cc2)c2[nH]nc(C3CCCC3)c2n1,12.000000000000002,-1.0791812460476249,0,train
CCN1CCN(c2ccc(Nc3ncc4nc(C(C)=O)c(=O)n(C5CCCC5)c4n3)cc2)CC1,7944.0,-3.900039235487325,0,test
