smiles,exp_mean [nM],y,cliff_mol,split
Cc1cccc2c3c(ccc12)C1=C(C(=O)C3=O)[C@@H](C)CO1,3199.999999999999,-3.505149978319906,0,train
COC1CC(=O)c2c(C=O)cc(C)cc21,24999.999999999996,-4.3979400086720375,0,test
CC(C)=CCC/C(C)=C/Cc1c(O)ccc2cc(-c3cc(O)cc(O)c3CC=C(C)C)oc12,2170.0000000000005,-3.3364597338485296,0,train
CC(C)=CCC/C(C)=C/Cc1c(O)cc(O)cc1-c1cc2ccc(O)cc2o1,2619.999999999998,-3.418301291319745,0,train
CC(C)=CCC/C(C)=C\CC/C(C)=C\Cc1c(O)cc(O)cc1-c1cc2ccc(O)cc2o1,3050.0000000000005,-3.484299839346786,0,train
CC(C)=CCc1c(O)cc(C(=O)[C@H]2[C@@H](c3c(O)ccc(C(=O)/C=C/c4ccc(O)cc4O)c3O)C=C(C)C[C@@H]2c2ccc(O)cc2O)cc1O,3139.999999999999,-3.496929648073215,0,train
CC(C)=CCc1c(O)cc(C(=O)[C@H]2[C@@H](c3c(O)ccc(C(=O)/C=C/c4ccc(O)cc4)c3O)C=C(C)C[C@@H]2c2ccc(O)cc2O)cc1O,3509.999999999998,-3.545307116465824,0,train
CC(C)=CCc1c(O)ccc(C(=O)[C@@H]2C[C@@H](c3ccc(O)cc3)C(C)=C[C@H]2c2c(O)ccc(C(=O)/C=C/c3ccc(O)cc3O)c2O)c1O,4239.999999999998,-3.627365856592733,0,train
CC(C)=CCc1c(O)cc(C(=O)[C@H]2[C@@H](c3c(O)ccc(C(=O)/C=C/c4ccc(O)cc4)c3O)C=C(C)C[C@@H]2c2ccc(O)cc2)cc1O,7840.0,-3.8943160626844384,0,test
COc1c(O)cc2oc(-c3cc(O)cc(O)c3)cc2c1CC(=O)C(C)C,9279.999999999996,-3.967547976218862,0,train
CC1(C)Oc2cc3oc(-c4cc(O)cc(O)c4)cc3cc2C[C@H]1O,10600.000000000004,-4.02530586526477,0,test
C[C@@]12C=C(c3c(O)cc(-c4cc5ccc(O)cc5o4)cc3O)C[C@@H](C1)c1ccc(O)cc1O2,15399.999999999984,-4.187520720836463,0,train
CC1=C[C@H]2c3c(O)cc(-c4cc5ccc(O)cc5o4)cc3O[C@@]3(c4ccc(O)cc4O)Oc4cc(O)ccc4[C@H](C1)[C@@H]23,28599.999999999975,-4.456366033129043,0,train
CO[C@H]1/C=C\C=C(/C)C(=O)NC2=CC(=O)C(NCCN(C)C)=C(C[C@@H](C)C[C@H](OC)[C@H](O)[C@@H](C)/C=C(\C)[C@@H]1OC(N)=O)C2=O,79.25000000000001,-1.8989992708897887,0,train
COc1cc(O)cc2c1/C(=C\c1ccc(O)cc1)C(=O)O2,930.0000000000002,-2.9684829485539352,0,train
CC(=O)OC(C)(C)/C=C/C(=O)[C@](C)(O)[C@H]1[C@H](O)C[C@@]2(C)[C@@H]3CC=C4[C@H](C[C@H](O)C(=O)C4(C)C)[C@]3(C)C(=O)C[C@]12C,309.99999999999994,-2.4913616938342726,0,train
COc1cc(/C=C/c2ccc(OC)c(O)c2)oc(=O)c1,1039.9999999999998,-3.0170333392987803,0,train
CC1=CC(=O)CC(C)(C)[C@@]1(O)/C=C/[C@@H](C)O,26200.00000000001,-4.418301291319746,0,train
C[C@H](CO)CC[C@H]1O[C@H]2C[C@H]3[C@@H]4CC[C@@H]5C[C@@H](OCc6ccccc6)CC[C@]5(C)[C@H]4CC[C@]3(C)[C@H]2[C@@H]1C,10049.999999999993,-4.002166061756507,0,train
C[C@H](CO)CC[C@H]1O[C@H]2C[C@H]3[C@@H]4CC[C@@H]5C[C@@H](OCc6ccc(F)cc6)CC[C@]5(C)[C@H]4CC[C@]3(C)[C@H]2[C@@H]1C,11729.99999999999,-4.069298012115529,0,train
C[C@@H](CC[C@H]1O[C@H]2C[C@H]3[C@@H]4CC[C@@H]5C[C@@H](OCc6ccccc6)CC[C@]5(C)[C@H]4CC[C@]3(C)[C@H]2[C@@H]1C)CN(C)C,28300.000000000025,-4.451786435524291,0,train
CCN(CC)C[C@@H](C)CC[C@H]1O[C@H]2C[C@H]3[C@@H]4CC[C@@H]5C[C@@H](OCc6ccccc6)CC[C@]5(C)[C@H]4CC[C@]3(C)[C@H]2[C@@H]1C,28230.00000000001,-4.45071087814692,0,train
C[C@@H](CC[C@H]1O[C@H]2C[C@H]3[C@@H]4CC[C@@H]5C[C@@H](OCc6ccccc6)CC[C@]5(C)[C@H]4CC[C@]3(C)[C@H]2[C@@H]1C)CN1CCCC1,26750.0,-4.427323786357247,0,train
C[C@@H](CC[C@H]1O[C@H]2C[C@H]3[C@@H]4CC[C@@H]5C[C@@H](OCc6ccccc6)CC[C@]5(C)[C@H]4CC[C@]3(C)[C@H]2[C@@H]1C)CN1CCN(C)CC1,70770.00000000003,-4.849849195605258,0,train
C[C@@H](CC[C@H]1O[C@H]2C[C@H]3[C@@H]4CC[C@@H]5C[C@@H](OCc6ccc(F)cc6)CC[C@]5(C)[C@H]4CC[C@]3(C)[C@H]2[C@@H]1C)CN1CCCC1,12869.999999999998,-4.109578546904387,0,train
C[C@@H](CC[C@H]1O[C@H]2C[C@H]3[C@@H]4CC[C@@H]5C[C@@H](OCc6ccc(F)cc6)CC[C@]5(C)[C@H]4CC[C@]3(C)[C@H]2[C@@H]1C)CN1CCNCC1,16770.0,-4.224533062606086,0,test
COc1ccc(CO[C@H]2CC[C@@]3(C)[C@H](CC[C@@H]4[C@@H]3CC[C@]3(C)[C@H]5[C@H](C)[C@@H](CC[C@H](C)CN(C)C)O[C@H]5C[C@@H]43)C2)cc1,23370.0,-4.368658712392227,0,train
COc1ccc(CO[C@H]2CC[C@@]3(C)[C@H](CC[C@@H]4[C@@H]3CC[C@]3(C)[C@H]5[C@H](C)[C@@H](CC[C@H](C)CN6CCCC6)O[C@H]5C[C@@H]43)C2)cc1,69939.99999999999,-4.844725627973226,0,train
COc1ccc(CO[C@H]2CC[C@@]3(C)[C@H](CC[C@@H]4[C@@H]3CC[C@]3(C)[C@H]5[C@H](C)[C@@H](CC[C@H](C)CN6CCNCC6)O[C@H]5C[C@@H]43)C2)cc1,9069.999999999996,-3.957607287060095,0,train
C[C@H]1C[C@@H]2OC(=O)[C@]3(C)CCCC(=C23)[C@]12C[C@H](c1ccoc1)OC2=O,42039.99999999996,-4.623662707356204,0,train
COC(=O)[C@@]1(C)CC(=O)C=C2C1=CC[C@@H](C)[C@]2(C)CC(=O)c1ccco1,51630.00000000003,-4.712902125047223,0,train
C[C@@H]1CCC2=C(C[C@H]3C[C@]2(C)C(=O)O3)[C@@]1(C)CC(=O)c1ccco1,45220.00000000002,-4.655330558009341,0,test
C/C(=C\COc1ccc(/C=C/C=O)cc1)CO,46449.99999999996,-4.66698571832966,0,train
CC(CO)CCOc1ccc(/C=C/C=O)cc1,69870.00000000004,-4.844290743254343,0,train
O=C1C(Cl)C(c2ccc(Cl)cc2)N1Nc1ccnc2cc(Cl)ccc12,3369.9999999999995,-3.5276299008713385,0,train
O=C1C(Cl)C(c2ccc(F)cc2)N1Nc1ccnc2cc(Cl)ccc12,1719.999999999999,-3.2355284469075487,0,test
COc1ccc(C2C(Cl)C(=O)N2Nc2ccnc3cc(Cl)ccc23)cc1,890.0,-2.949390006644913,0,train
COc1ccc(C2C(Cl)C(=O)N2Nc2ccnc3cc(Cl)ccc23)cc1OC,740.0000000000001,-2.869231719730976,0,train
COc1cc(C2C(Cl)C(=O)N2Nc2ccnc3cc(Cl)ccc23)cc(OC)c1OC,1099.9999999999998,-3.041392685158225,0,test
O=C1C(Cl)C(c2ccc(O)cc2)N1Nc1ccnc2cc(Cl)ccc12,1719.999999999999,-3.2355284469075487,0,train
O=C1C(Cl)C(c2ccc([N+](=O)[O-])cc2)N1Nc1ccnc2cc(Cl)ccc12,1369.9999999999998,-3.1367205671564067,0,train
O=C1C(Cl)C(c2cccc(Cl)c2Cl)N1Nc1ccnc2cc(Cl)ccc12,1140.0000000000002,-3.0569048513364727,0,test
O=C1C(Cl)C(c2ccc(Cl)cc2Cl)N1Nc1ccnc2cc(Cl)ccc12,890.0,-2.949390006644913,0,test
O=C1C(Cl)C(c2ccc(Cl)c(Cl)c2)N1Nc1ccnc2cc(Cl)ccc12,660.0000000000001,-2.8195439355418688,0,train
O=C1C(Cl)C(c2ccccc2Cl)N1Nc1ccnc2cc(Cl)ccc12,960.0,-2.9822712330395684,0,train
O=C1C(Cl)C(c2ccc(F)c(Br)c2)N1Nc1ccnc2cc(Cl)ccc12,1780.0000000000002,-3.250420002308894,0,train
CN(C)c1ccc(C2C(Cl)C(=O)N2Nc2ccnc3cc(Cl)ccc23)cc1,1150.0000000000002,-3.060697840353612,0,train
N#Cc1ccc(C2C(Cl)C(=O)N2Nc2ccnc3cc(Cl)ccc23)cc1,779.9999999999999,-2.8920946026904804,0,train
O=C1C(Cl)C(c2cccs2)N1Nc1ccnc2cc(Cl)ccc12,3060.000000000001,-3.48572142648158,0,train
CC(=O)O[C@H]1C(=O)[C@@]2(C)[C@H]([C@H](OC(=O)c3ccccc3)[C@]3(O)C[C@H](OC(=O)[C@H](O)[C@@H](NC(=O)c4ccccc4)c4ccccc4)C(C)=C1C3(C)C)[C@]1(OC(C)=O)CO[C@@H]1C[C@@H]2O,730.0,-2.863322860120456,0,test
Cc1nc2ccccc2n1CC(=O)NN,40499.99999999997,-4.607455023214668,0,train
CN(C)C(=O)c1cc2cnc(Nc3ccc(NC(=O)CCCCCCC(=O)NO)cc3)nc2n1C1CCCC1,1240.0000000000002,-3.093421685162235,0,train
O=C1COc2ccccc2N1Cc1cn(CCc2c[nH]c3ccccc23)nn1,70000.00000000001,-4.845098040014257,0,train
O=C1COc2ccccc2N1Cc1cn(Cc2cccc3ccccc23)nn1,15200.000000000002,-4.181843587944773,0,train
O=C1COc2ccccc2N1Cc1cn(C/C=C/c2ccccc2)nn1,38900.00000000004,-4.589949601325708,0,train
O=C1COc2ccccc2N1Cc1cn(CCc2ccccc2)nn1,65999.99999999994,-4.819543935541868,0,train
O=C1COc2ccccc2N1Cc1cn(Cc2ccc([N+](=O)[O-])cc2)nn1,29600.00000000001,-4.471291711058939,0,train
CC(C)(C)c1ccc(Cn2cc(CN3C(=O)COc4ccccc43)nn2)cc1,25600.00000000003,-4.40823996531185,0,train
O=C1COc2cccnc2N1Cc1cn(Cc2ccccc2)nn1,8700.000000000004,-3.9395192526186182,0,train
CCCC1Oc2ccccc2N(Cc2cn(Cc3ccccc3)nn2)C1=O,61800.00000000001,-4.790988475088816,0,test
CCOC(=O)c1ccc2c(c1)N(Cc1cn(Cc3ccccc3)nn1)C(=O)CO2,17100.000000000007,-4.232996110392154,0,train
O=C1COc2ccc(Cl)cc2N1Cc1cn(Cc2ccccc2)nn1,55500.000000000015,-4.744292983122676,0,train
COc1ccc2c(c1)OCC(=O)N2Cc1cn(Cc2ccccc2)nn1,9199.999999999996,-3.963787827345555,0,train
O=C1COc2cc(F)ccc2N1Cc1cn(Cc2ccccc2)nn1,899.9999999999998,-2.9542425094393248,1,train
O=C1COc2ccccc2N1Cc1cn(Cc2ccccc2)nn1,84500.00000000006,-4.926856708949693,1,train
CCOC(=O)Cn1cc(CN2C(=O)COc3ccccc32)nn1,19000.0,-4.278753600952829,0,train
N#Cc1c(N=Cc2ccc3ccccc3c2)c(C(=O)Nc2ccccc2)n2c1CCC2,10169.999999999993,-4.007320952922744,0,train
Cc1ccc(NC(=O)c2c(N=Cc3ccc4ccccc4c3)c(C#N)c3n2CCC3)cc1,8689.999999999996,-3.9390197764486654,0,train
N#Cc1c(N=Cc2ccc3ccccc3c2)c(C(=O)Nc2ccc(Cl)cc2)n2c1CCC2,12490.000000000004,-4.096562438374136,0,train
N#Cc1c(N=Cc2cccnc2)c(C(=O)Nc2ccc(Cl)cc2)n2c1CCC2,31170.0,-4.49373680227684,0,train
Cc1ccc(NC(=O)c2c(N=Cc3cccnc3)c(C#N)c3n2CCC3)cc1,34749.99999999998,-4.5409548089261325,0,train
N#Cc1c(N=Cc2cccnc2)c(C(=O)Nc2ccccc2)n2c1CCC2,25820.000000000004,-4.411956237930402,0,train
N#Cc1c(N=Cc2cccs2)c(C(=O)Nc2ccc(Cl)cc2)n2c1CCC2,11620.0,-4.065206128054312,0,test
Cc1ccc(NC(=O)c2c(N=Cc3cccs3)c(C#N)c3n2CCC3)cc1,13750.000000000004,-4.138302698166282,0,train
N#Cc1c(N=Cc2cccs2)c(C(=O)Nc2ccccc2)n2c1CCC2,18620.000000000007,-4.269979676645324,0,test
N#Cc1c(N=Cc2ccco2)c(C(=O)Nc2ccc(Cl)cc2)n2c1CCC2,27520.0,-4.439648429563474,0,train
Cc1ccc(NC(=O)c2c(N=Cc3ccco3)c(C#N)c3n2CCC3)cc1,24409.999999999985,-4.387567779417188,0,test
N#Cc1c(N=Cc2ccco2)c(C(=O)Nc2ccccc2)n2c1CCC2,12800.000000000013,-4.107209969647869,0,train
N#Cc1c(/N=C/c2ccc([N+](=O)[O-])cc2)c(C(=O)Nc2cc(Cl)cc(Cl)c2)n2c1CCC2,14039.999999999996,-4.147367107793786,0,test
COc1cc2c3c(c4cc(OC)c(OC)cc4c2cc1OC)[C@H](O)[C@@H]1CCCN1C3,166.7,-2.2219355998280053,0,train
COc1cc2c3c(c4ccc(O)cc4c2cc1OC)CN1CCCC[C@@H]1C3,2.1,-0.3222192947339193,0,train
CCCCCCC#Cc1ccc(CO[C@H]2CN[C@H](C(=O)NCc3ccccc3)C2)cc1,9699.999999999998,-3.9867717342662448,0,train
CCCCCCC#Cc1ccc(CO[C@H]2CN[C@H](C(=O)NCc3ccc(F)cc3)C2)cc1,7899.999999999999,-3.8976270912904414,0,test
CCCCCCC#Cc1ccc(CO[C@H]2CN[C@H](C(=O)NCc3ccc(OC)cc3)C2)cc1,7799.999999999999,-3.89209460269048,0,train
CCCCCCC#Cc1ccc(CO[C@H]2CN[C@H](C(=O)NCc3ccc(Cl)cc3)C2)cc1,9499.999999999996,-3.977723605288848,0,train
CCCCCCC#Cc1ccc(CO[C@H]2CN[C@H](C(=O)NCc3ccc(C(F)(F)F)cc3)C2)cc1,8500.000000000002,-3.929418925714293,0,train
CCCCCCC#Cc1ccc(CO[C@H]2CN[C@H](C(=O)NCc3cccc(F)c3)C2)cc1,9300.000000000002,-3.9684829485539352,0,train
CCCCCCC#Cc1ccc(CO[C@H]2CN[C@H](C(=O)NCc3cccc(OC)c3)C2)cc1,8500.000000000002,-3.929418925714293,0,train
CCCCCCC#Cc1ccc(CO[C@H]2CN[C@H](C(=O)NCc3cccc(Cl)c3)C2)cc1,8299.999999999996,-3.9190780923760737,0,test
CCCCCCC#Cc1ccc(CO[C@H]2CN[C@H](C(=O)NCCc3ccccc3)C2)cc1,8099.999999999995,-3.9084850188786495,0,train
CCCCCCC#Cc1ccc(CO[C@H]2CN[C@H](C(=O)NCCc3ccc(OC)cc3)C2)cc1,9099.999999999996,-3.959041392321093,0,train
CCCCCCC#Cc1ccc(CO[C@H]2CN[C@H](C(=O)NCCCc3ccccc3)C2)cc1,9699.999999999998,-3.9867717342662448,0,train
CCCCCCC#Cc1ccc(CO[C@H]2CN[C@H](C(=O)NCCc3ccccn3)C2)cc1,9699.999999999998,-3.9867717342662448,0,train
CCCCCCC#Cc1ccc(CO[C@H]2CN[C@H](C(=O)NCc3cc4ccccc4[nH]3)C2)cc1,2099.999999999999,-3.322219294733919,0,train
CCCCCCC#Cc1ccc(CO[C@H]2CN[C@H](C(=O)NCc3cn(C)c4ccccc34)C2)cc1,4799.999999999999,-3.681241237375587,0,train
CCCCCCC#Cc1ccc(CO[C@H]2CN[C@H](C(=O)NCc3nc4ccccc4[nH]3)C2)cc1,9899.999999999996,-3.9956351945975497,0,train
CCCCCCC#Cc1ccc(CO[C@H]2CN[C@H](C(=O)NC[C@@H]3CCCN3)C2)cc1,5900.000000000001,-3.770852011642144,0,test
CCCCCCC#Cc1ccc(CO[C@H]2CN[C@H](C(=O)NCc3cc(C(C)(C)C)n[nH]3)C2)cc1,7200.000000000001,-3.857332496431269,0,train
CCCCCCC#Cc1ccc(CO[C@H]2CN[C@H](C(=O)NCCc3c[nH]c4ccccc34)C2)cc1,7799.999999999999,-3.89209460269048,0,train
CCC[C@@](N)(CO)CCc1ccc(OCCCCCC(C)C)cc1,2800.0000000000014,-3.4471580313422194,0,train
C=CCCCCCCCCc1n[nH]c(=S)o1,8940.000000000004,-3.951337518795918,0,test
C=CCCCCCCCCc1n[nH]c(=S)n1N,9199.999999999996,-3.963787827345555,0,test
C=CCCCCCCCCC1=NNC2SCC(c3ccccc3)=NN12,7400.000000000001,-3.869231719730976,0,train
CCCCCCC(O)C/C=C\CCCCCCCC1=NNC2SCC(c3ccccc3)=NN12,6500.000000000002,-3.812913356642856,0,train
CCCC/C=C\CCC(O)CCCCCCC1=NNC2SCC(c3ccccc3)=NN12,7360.000000000001,-3.866877814337499,0,train
C=CC(=O)Nc1ccc(-c2ccc(NC(=O)Nc3cccc(Cl)c3)cc2)cn1,2969.9999999999995,-3.4727564493172123,0,train
C[C@H](NC(=O)Cc1cc(F)cc(F)c1)C(=O)N[C@H](C(=O)OC(C)(C)C)c1ccccc1,4999.999999999999,-3.6989700043360183,0,train
CCS(=O)(=O)c1ccc(OC)c(Nc2nc(-c3cccc(-c4ccccn4)c3)co2)c1,899.9999999999998,-2.9542425094393248,0,train
CCS(=O)(=O)c1ccc(OC)c(Nc2ncc(-c3cccc(-c4ccccn4)c3)o2)c1,700.0000000000001,-2.845098040014257,0,test
CCS(=O)(=O)c1ccc(OC)c(Nc2ncc(-c3cccc(-c4cc[nH]c4)c3)o2)c1,2099.999999999999,-3.322219294733919,0,train
CCS(=O)(=O)c1ccc(OC)c(Nc2ncc(-c3cc(-c4ccccn4)cc(-c4ccccn4)c3)o2)c1,2000.0,-3.3010299956639813,0,train
COC1=CC(=O)C([S@+](O)c2ccc(C)cc2)=CC1=O,9899.999999999996,-3.9956351945975497,0,train
Cc1ccc([S@@+](O)C2=CC(=O)C=CC2=O)cc1,17399.99999999999,-4.2405492482826,0,train
CCOC1=CC(=O)C(C)=C([S@+](O)c2ccc(C)cc2)C1=O,12000.000000000007,-4.079181246047625,0,train
Cc1ccc2nc([C@H](CC3CCNCC3)N3C(=O)CN(c4ccc(Oc5ccccc5)cc4)C3=O)n(C)c2c1,16700.0,-4.222716471147583,0,train
Cc1ccc2nc([C@H](CC3CCN(CC(C)C)CC3)N3C(=O)CN(c4ccc(Oc5ccccc5)cc4)C3=O)n(C)c2c1,6899.999999999998,-3.838849090737255,0,train
CC(=O)N1CCC(C[C@@H](c2nc3ccc(C)cc3n2C)N2C(=O)CN(c3ccc(Oc4ccccc4)cc3)C2=O)CC1,17199.999999999993,-4.235528446907549,0,test
CC(=O)N1CCC(C[C@@H](c2nc3ccccc3n2C)N2C(=O)CN(c3ccc(Oc4ccccc4)cc3)C2=O)CC1,32100.00000000002,-4.506505032404872,0,test
CC(C)[C@H](NC(=O)c1c2ccccc2nc2ccccc12)C(=O)NCCCCCCCCNC(=O)[C@@H](NC(=O)c1c2ccccc2nc2ccccc12)C(C)C,29500.00000000003,-4.469822015978163,0,train
O=C1OC(O)C(Cl)=C1Cl,85100.00000000003,-4.929929560084588,0,train
CC(C)OC1OC(=O)C(Cl)=C1Cl,19799.999999999996,-4.296665190261531,0,train
CC(C)(C)COC1OC(=O)C(Cl)=C1Cl,27800.0,-4.444044795918076,0,train
CC1=C(O)C(=O)C=C2C1=CC=C1[C@@]2(C)CC[C@@]2(C)[C@@H]3C[C@](C)(C(=O)NCCc4ccccc4)CC[C@]3(C)CC[C@]12C,1060.0000000000005,-3.0253058652647704,1,train
CC1=C(O)C(=O)C=C2C1=CC=C1[C@@]2(C)CC[C@@]2(C)[C@@H]3C[C@](C)(C(=O)OCc4ccccc4)CC[C@]3(C)CC[C@]12C,2770.0000000000005,-3.4424797690644486,0,train
COc1cc(/C=C/C(=O)CC(=O)/C=C/c2ccc(O)c(OC)c2)ccc1O,10000.0,-4.0,0,train
COc1ccc(C[C@@H](C)[C@@H](C)Cc2ccc(OCCOCCOCCOCCn3ccnc3[N+](=O)[O-])c(OC)c2)cc1OC,13399.999999999987,-4.127104798364807,0,train
COc1ccc2c3c(c4cc(OC)c(OC)cc4c2c1)CN1CCCC[C@@H]1C3,16.0,-1.2041199826559248,0,train
COc1ccc2c3c(c4cc(OC)c(OC)cc4c2c1)CN1CCCCC1C3=O,45000.00000000003,-4.653212513775344,1,train
COc1ccc2c3c(c4cc(OC)c(OC)cc4c2c1)CN1CCCCC1C3O,17.0,-1.230448921378274,1,train
CC(=O)NCCS[C@@H]1CC(=O)[C@H](O)CC/C(C)=C/[C@H]2C=C(C)[C@@H](C)[C@H]3[C@H](CC(C)C)NC(=O)[C@]32C1=O,19899.99999999999,-4.298853076409706,0,train
COC(=O)[C@H](O)CS[C@@H]1CC(=O)[C@H](O)CC/C(C)=C/[C@H]2C=C(C)[C@@H](C)[C@H]3[C@H](CC(C)C)NC(=O)[C@]32C1=O,8200.0,-3.9138138523837167,0,train
COCCNc1cc(NC(=O)N2CCCc3cc(CN4CCN(C)CC4=O)c(C=O)nc32)ncc1C#N,9.4,-0.9731278535996988,0,train
COCCNc1cc(NC(=O)N2CCCc3cc(CN4CCOCC4=O)c(C=O)nc32)ncc1C#N,8.9,-0.9493900066449128,0,train
COCCSc1cc(NC(=O)N2CCCc3cc(CN4CCOCC4=O)c(C=O)nc32)ncc1C#N,20.8,-1.3180633349627615,0,train
COCCOc1cc(NC(=O)N2CCCc3cc(CN4CCOCC4=O)c(C=O)nc32)ncc1C#N,27.700000000000006,-1.4424797690644486,0,train
COC[C@@H](C)Oc1cc(NC(=O)N2CCCc3cc(CN4CCOCC4=O)c(C=O)nc32)ncc1C#N,2.9,-0.4623979978989561,0,train
COC[C@@H](C)Oc1cc(NC(=O)N2CCCc3cc(CN4CCCCOC4=O)c(C=O)nc32)ncc1C#N,2.2,-0.3424226808222063,0,train
COC[C@@H](C)Nc1cc(NC(=O)N2CCCc3cc(CN4CCCCOC4=O)c(C=O)nc32)ncc1C#N,1.1,-0.041392685158225,1,train
COC[C@H](C)Nc1cc(NC(=O)N2CCCc3cc(CN4CC[C@H](OC)C4=O)c(C=O)nc32)ncc1C#N,13.599999999999998,-1.1335389083702174,0,train
COc1ccccc1Oc1cc(NC(=O)N2CCCc3cc(CN4CCOCC4=O)c(C=O)nc32)ncc1C#N,46.0,-1.662757831681574,1,train
CN(C)C1CCN(c2cc(NC(=O)N3CCCc4cc(CN5CCOCC5=O)c(C=O)nc43)ncc2C#N)C1,93.79999999999998,-1.9722028383790644,0,test
COC[C@@H]1CCCN1c1cc(NC(=O)N2CCCc3cc(CN4CCOCC4=O)c(C=O)nc32)ncc1C#N,22.9,-1.359835482339888,1,train
CO[C@H]1CCN(c2cc(NC(=O)N3CCCc4cc(CN5CCOCC5=O)c(C=O)nc43)ncc2C#N)C1,24.9,-1.3961993470957363,0,test
CO[C@@H]1CCN(Cc2cc3c(nc2C=O)N(C(=O)Nc2cc(N[C@@H]4CCOC4)c(C#N)cn2)CCC3)C1=O,1.8,-0.255272505103306,0,train
CO[C@H]1CCOC[C@@H]1Oc1cc(NC(=O)N2CCCc3cc(CN4CCOCC4=O)c(C=O)nc32)ncc1C#N,10.9,-1.0374264979406236,1,test
CO[C@@H]1CCC[C@H]1Nc1cc(NC(=O)N2CCCc3cc(CN4CCOCC4=O)c(C=O)nc32)ncc1C#N,1.0,-0.0,1,train
COc1ccncc1Nc1cc(NC(=O)N2CCCc3cc(CN4CCOCC4=O)c(C=O)nc32)ncc1C#N,68.99999999999999,-1.8388490907372552,1,train
O=C1C=CC[C@H](/C=C/c2ccccc2)O1,5400.000000000001,-3.7323937598229686,0,train
Cc1cnn(B(n2cc(C)cn2)n2cc(C)cn2)c1,15239.999999999993,-4.1829849670035815,0,train
CO[C@H]1CC[C@@]2(C)[C@@H](CC[C@@H]3[C@@H]2CC[C@]2(C)[C@@H](C4=CC(=O)OC4)[C@@H](OC(C)=O)C[C@]32O)C1,7699.999999999999,-3.886490725172482,0,train
CO[C@H]1CC[C@@]2(C)[C@@H](CC[C@@H]3[C@@H]2CC[C@]2(C)[C@@H](c4ccoc4)[C@@H](O)[C@H]4O[C@]342)C1,27200.000000000025,-4.434568904034199,0,train
C[C@H]1[C@H](C)CC[C@]2(C(=O)O)CC[C@]3(C)C(=CC[C@@H]4[C@@]5(C)CC[C@H](O)C(C)(C)[C@@H]5CC[C@]43C)[C@H]12,23800.00000000002,-4.376576957056512,0,train
C[C@H]1[C@H](C)CC[C@]2(C(=O)O)CC[C@]3(C)C(=CC[C@@H]4[C@@]5(C)CC/C(=N\NC(N)=O)C(C)(C)[C@@H]5CC[C@]43C)[C@H]12,69799.99999999997,-4.843855422623161,0,train
CCOC(=O)[C@]12CC[C@@H](C)[C@H](C)[C@H]1C1=CC[C@@H]3[C@@]4(C)CC/C(=N\NC(=N)N)C(C)(C)[C@@H]4CC[C@@]3(C)[C@]1(C)CC2,6000.000000000003,-3.778151250383644,0,train
CCCCCOC(=O)[C@]12CC[C@@H](C)[C@H](C)[C@H]1C1=CC[C@@H]3[C@@]4(C)CC/C(=N\NC(=N)N)C(C)(C)[C@@H]4CC[C@@]3(C)[C@]1(C)CC2,22000.00000000002,-4.342422680822207,0,test
C[C@H]1[C@H](C)CC[C@]2(C(=O)OCc3cccc(Cl)c3)CC[C@]3(C)C(=CC[C@@H]4[C@@]5(C)CC/C(=N\NC(=N)N)C(C)(C)[C@@H]5CC[C@]43C)[C@H]12,34099.999999999985,-4.532754378992498,0,test
C[C@H]1[C@H](C)CC[C@]2(C(=O)OCc3ccc(Cl)cc3)CC[C@]3(C)C(=CC[C@@H]4[C@@]5(C)CC/C(=N\NC(=N)N)C(C)(C)[C@@H]5CC[C@]43C)[C@H]12,32100.00000000002,-4.506505032404872,0,train
C[C@H]1[C@H](C)CC[C@]2(C(=O)OCc3c(Cl)cccc3Cl)CC[C@]3(C)C(=CC[C@@H]4[C@@]5(C)CC/C(=N\NC(=N)N)C(C)(C)[C@@H]5CC[C@]43C)[C@H]12,22300.0,-4.348304863048161,0,train
C[C@H]1[C@H](C)CC[C@]2(C(=O)OCc3ccc(F)cc3)CC[C@]3(C)C(=CC[C@@H]4[C@@]5(C)CC/C(=N\NC(=N)N)C(C)(C)[C@@H]5CC[C@]43C)[C@H]12,12899.999999999996,-4.110589710299249,0,train
Cc1ccc(COC(=O)[C@]23CC[C@@H](C)[C@H](C)[C@H]2C2=CC[C@@H]4[C@@]5(C)CC/C(=N\NC(=N)N)C(C)(C)[C@@H]5CC[C@@]4(C)[C@]2(C)CC3)cc1,18000.000000000015,-4.2552725051033065,0,train
C[C@H]1[C@H](C)CC[C@]2(C(=O)O)CC[C@]3(C)C(=CC[C@@H]4[C@@]5(C)CC(=C\c6cccc(F)c6)/C(=N\NC(=N)N)C(C)(C)[C@@H]5CC[C@]43C)[C@H]12,10500.000000000004,-4.021189299069938,0,train
CCN(CC)c1ccc2cc(C(=O)N3CCN(CCC[C@H]4O[C@@H]5O[C@@]6(C)CC[C@H]7[C@H](C)CC[C@@H]([C@H]4C)[C@@]57OO6)CC3)c(=O)oc2c1,3050.0000000000005,-3.484299839346786,0,train
CCN(CC)c1ccc2cc(C(=O)NCCNC(=O)CN3CCN(CCC[C@H]4O[C@@H]5O[C@@]6(C)CC[C@H]7[C@H](C)CC[C@@H]([C@H]4C)[C@@]57OO6)CC3)c(=O)oc2c1,2329.9999999999995,-3.367355921026019,0,test
CCN(CC)c1ccc2cc(C(=O)N3CCN(C(=O)CN4CCN(CCC[C@H]5O[C@@H]6O[C@@]7(C)CC[C@H]8[C@H](C)CC[C@@H]([C@H]5C)[C@@]68OO7)CC4)CC3)c(=O)oc2c1,2329.9999999999995,-3.367355921026019,0,test
CN(C)C(=O)c1cc2cnc(Nc3ccc(N4CCNCC4)cn3)nc2n1C1CCCC1,9264.000000000002,-3.966798546383361,0,train
CN(C)C(=O)c1cc2cnc(Nc3ccc(NC(=O)CCCCCCCN=C=S)cc3)nc2n1C1CCCC1,5609.999999999997,-3.748962861256161,0,train
CCC(=O)Nc1cc(N2CCOCC2)c([N+](=O)[O-])cc1[N+](=O)[O-],90730.0,-4.957750910877279,0,train
O=[N+]([O-])c1ccc(Nc2cc(F)cc(F)c2)c([N+](=O)[O-])c1,89400.00000000004,-4.951337518795918,0,train
O=[N+]([O-])c1ccc(N2CCCCC2)c([N+](=O)[O-])c1,50299.99999999999,-4.701567985055927,0,train
O=[N+]([O-])c1cc([N+](=O)[O-])c(Nc2ccc(O)cc2)cc1Nc1ccc(O)cc1,14500.000000000013,-4.161368002234975,0,train
O=[N+]([O-])c1cc([N+](=O)[O-])c(Nc2ccc(S(=O)(=O)O)cc2)cc1Nc1ccc(S(=O)(=O)O)cc1,71899.99999999997,-4.8567288903828825,0,train
C[C@H]1[C@H](C)CC[C@]2(C(=O)Nc3nnn[nH]3)CC[C@]3(C)C(=CC[C@@H]4[C@@]5(C)CC/C(=N\Nc6ccccc6)C(C)(C)[C@@H]5CC[C@]43C)[C@H]12,11900.000000000007,-4.075546961392531,0,train
C[C@H]1[C@H](C)CC[C@]2(C(=O)Nc3nnn[nH]3)CC[C@]3(C)C(=CC[C@@H]4[C@@]5(C)CC[C@H](OC(=O)C(F)(F)F)C(C)(C)[C@@H]5CC[C@]43C)[C@H]12,6399.999999999998,-3.806179973983887,0,train
CCCC(=O)O[C@H]1CC[C@]2(C)[C@H]3CC=C4[C@@H]5[C@@H](C)[C@H](C)CC[C@]5(C(=O)Nc5nnn[nH]5)CC[C@@]4(C)[C@]3(C)CC[C@H]2C1(C)C,4700.000000000001,-3.6720978579357175,0,test
C[C@H]1[C@H](C)CC[C@]2(C(=O)Nc3nnn[nH]3)CC[C@]3(C)C(=CC[C@@H]4[C@@]5(C)CC[C@H](OC(=O)c6ccccc6)C(C)(C)[C@@H]5CC[C@]43C)[C@H]12,18500.0,-4.267171728403014,0,train
O=C(Nc1ccc([N+](=O)[O-])cc1[N+](=O)[O-])c1cc([N+](=O)[O-])cc([N+](=O)[O-])c1,51160.00000000002,-4.7089305358066165,0,train
CN(C)c1c([N+](=O)[O-])cc(C(=O)Nc2ccc([N+](=O)[O-])cc2[N+](=O)[O-])cc1[N+](=O)[O-],43740.00000000003,-4.640878778701619,0,test
CCCCN(CCCC)c1c([N+](=O)[O-])cc(C(=O)Nc2ccc(Cl)cc2)cc1[N+](=O)[O-],11620.0,-4.065206128054312,0,train
CCCCN(CCCC)c1c([N+](=O)[O-])cc(C(=O)Nc2ccc([N+](=O)[O-])cc2)cc1[N+](=O)[O-],30869.99999999998,-4.489536629482095,0,train
CN1C(=O)[C@@]23C[C@]4([C@]56C[C@@]78SS[C@@](CO)(C(=O)N7[C@H]5Nc5ccccc56)N(C)C8=O)c5ccccc5N[C@@H]4N2C(=O)[C@]1(CO)SS3,100.0,-2.0,0,train
C#Cc1cccc(Nc2nc3ccccc3nc2Nc2cccc(C#C)c2)c1,899.9999999999998,-2.9542425094393248,0,test
COC(=O)c1ccc(-n2cc(CCCOS(=O)(=O)c3ccc(-c4ccccc4)cc3)nn2)cc1,26000.00000000001,-4.414973347970818,0,train
COC(=O)c1ccc(-n2cc(CCCOS(=O)(=O)c3ccc(I)cc3)nn2)cc1,25299.999999999975,-4.4031205211758175,0,train
COC(=O)c1ccc(-n2cc(CCCOS(=O)(=O)c3cccc(OC)c3)nn2)cc1,20900.00000000001,-4.320146286111054,0,train
O=C(N/N=C/c1ccc2c(c1)OCO2)c1cn(C2CC2)c2cc(N3CCNCC3)c(F)cc2c1=O,1400.0000000000005,-3.146128035678238,0,test
CCn1cc(-c2nc3scc(-c4ccccc4)n3n2)c(=O)c2cc(F)c(N3CCN(C)CC3)cc21,3600.0,-3.5563025007672877,0,train
CCn1cc(-c2nc3scc(-c4ccc(OC)cc4)n3n2)c(=O)c2cc(F)c(N3CCN(C)CC3)cc21,3600.0,-3.5563025007672877,0,train
CCn1cc(-c2nc3scc(-c4ccccc4OC)n3n2)c(=O)c2cc(F)c(N3CCN(C)CC3)cc21,3600.0,-3.5563025007672877,0,train
CCn1cc(-c2nc3scc(-c4ccc(O)cc4)n3n2)c(=O)c2cc(F)c(N3CCN(C)CC3)cc21,3600.0,-3.5563025007672877,0,test
CCn1cc(-c2nc3scc(-c4ccccc4O)n3n2)c(=O)c2cc(F)c(N3CCN(C)CC3)cc21,3600.0,-3.5563025007672877,0,train
CCn1cc(-c2nc3scc(-c4ccc5c(c4)OCO5)n3n2)c(=O)c2cc(F)c(N3CCN(C)CC3)cc21,3600.0,-3.5563025007672877,0,train
CCn1cc(-c2nc3scc(-c4ccc(OC)c(O)c4)n3n2)c(=O)c2cc(F)c(N3CCN(C)CC3)cc21,3600.0,-3.5563025007672877,0,train
CCn1cc(-c2nc3scc(-c4ccc(C)cc4)n3n2)c(=O)c2cc(F)c(N3CCN(C)CC3)cc21,3600.0,-3.5563025007672877,0,train
CCn1cc(-c2nc3scc(-c4ccc(F)cc4)n3n2)c(=O)c2cc(F)c(N3CCN(C)CC3)cc21,3600.0,-3.5563025007672877,0,train
CCn1cc(-c2nc3scc(-c4ccc(Cl)cc4)n3n2)c(=O)c2cc(F)c(N3CCN(C)CC3)cc21,3600.0,-3.5563025007672877,0,test
CCn1cc(-c2nc3scc(-c4ccc([N+](=O)[O-])cc4)n3n2)c(=O)c2cc(F)c(N3CCN(C)CC3)cc21,3600.0,-3.5563025007672877,0,train
CC1COc2c(N3CCN(C)CC3)c(F)cc3c(=O)c(-c4nc5scc(-c6ccccc6)n5n4)cn1c23,3600.0,-3.5563025007672877,0,test
COc1ccc(-c2csc3nc(-c4cn5c6c(c(N7CCN(C)CC7)c(F)cc6c4=O)OCC5C)nn23)cc1,26699.999999999985,-4.426511261364575,0,train
COc1ccccc1-c1csc2nc(-c3cn4c5c(c(N6CCN(C)CC6)c(F)cc5c3=O)OCC4C)nn12,3600.0,-3.5563025007672877,0,train
CC1COc2c(N3CCN(C)CC3)c(F)cc3c(=O)c(-c4nc5scc(-c6ccc(O)cc6)n5n4)cn1c23,3600.0,-3.5563025007672877,0,train
CC1COc2c(N3CCN(C)CC3)c(F)cc3c(=O)c(-c4nc5scc(-c6ccccc6O)n5n4)cn1c23,3600.0,-3.5563025007672877,0,train
CC1COc2c(N3CCN(C)CC3)c(F)cc3c(=O)c(-c4nc5scc(-c6ccc7c(c6)OCO7)n5n4)cn1c23,3600.0,-3.5563025007672877,0,train
COc1ccc(-c2csc3nc(-c4cn5c6c(c(N7CCN(C)CC7)c(F)cc6c4=O)OCC5C)nn23)cc1OC,35700.00000000004,-4.552668216112194,0,test
COc1cc(-c2csc3nc(-c4cn5c6c(c(N7CCN(C)CC7)c(F)cc6c4=O)OCC5C)nn23)ccc1O,3600.0,-3.5563025007672877,0,train
Cc1ccc(-c2csc3nc(-c4cn5c6c(c(N7CCN(C)CC7)c(F)cc6c4=O)OCC5C)nn23)cc1,3600.0,-3.5563025007672877,0,train
CC1COc2c(N3CCN(C)CC3)c(F)cc3c(=O)c(-c4nc5scc(-c6ccc(F)cc6)n5n4)cn1c23,3600.0,-3.5563025007672877,0,train
CC1COc2c(N3CCN(C)CC3)c(F)cc3c(=O)c(-c4nc5scc(-c6ccc(Cl)cc6)n5n4)cn1c23,3600.0,-3.5563025007672877,0,test
CC1COc2c(N3CCN(C)CC3)c(F)cc3c(=O)c(-c4nc5scc(-c6ccc([N+](=O)[O-])cc6)n5n4)cn1c23,3600.0,-3.5563025007672877,0,train
CN1CCN(c2cc3c(cc2F)c(=O)c(-c2nc4scc(-c5ccccc5)n4n2)cn3C2CC2)CC1,3600.0,-3.5563025007672877,0,train
COc1ccc(-c2csc3nc(-c4cn(C5CC5)c5cc(N6CCN(C)CC6)c(F)cc5c4=O)nn23)cc1,3600.0,-3.5563025007672877,0,train
Cc1ccc(-c2csc3nc(-c4cn(C5CC5)c5cc(N6CCN(C)CC6)c(F)cc5c4=O)nn23)cc1,3600.0,-3.5563025007672877,0,test
CN1CCN(c2cc3c(cc2F)c(=O)c(-c2nc4scc(-c5ccc(Cl)cc5)n4n2)cn3C2CC2)CC1,3600.0,-3.5563025007672877,0,train
CN1CCN(c2cc3c(cc2F)c(=O)c(-c2nc4scc(-c5ccc(Br)cc5)n4n2)cn3C2CC2)CC1,3600.0,-3.5563025007672877,0,train
CN1CCN(c2cc3c(cc2F)c(=O)c(-c2nc4scc(-c5ccc(F)cc5)n4n2)cn3C2CC2)CC1,3600.0,-3.5563025007672877,0,train
CN1CCN(c2cc3c(cc2F)c(=O)c(-c2nc4scc(-c5ccc([N+](=O)[O-])cc5)n4n2)cn3C2CC2)CC1,3600.0,-3.5563025007672877,0,train
CCn1cc(-c2nnc(SCc3nnc(-c4ccccc4)o3)[nH]2)c(=O)c2cc(F)c(N3CCN(C)CC3)cc21,3800.0,-3.57978359661681,0,test
CCn1cc(-c2nnc(SCc3nnc(-c4ccc(OC)cc4)o3)[nH]2)c(=O)c2cc(F)c(N3CCN(C)CC3)cc21,3800.0,-3.57978359661681,0,train
CCn1cc(-c2nnc(SCc3nnc(-c4ccccc4OC)o3)[nH]2)c(=O)c2cc(F)c(N3CCN(C)CC3)cc21,3800.0,-3.57978359661681,0,train
CCn1cc(-c2nnc(SCc3nnc(-c4ccc(OC)c(OC)c4)o3)[nH]2)c(=O)c2cc(F)c(N3CCN(C)CC3)cc21,3800.0,-3.57978359661681,0,train
CCn1cc(-c2nnc(SCc3nnc(-c4cc(OC)c(OC)c(OC)c4)o3)[nH]2)c(=O)c2cc(F)c(N3CCN(C)CC3)cc21,3800.0,-3.57978359661681,0,train
CCn1cc(-c2nnc(SCc3nnc(-c4ccc(C)cc4)o3)[nH]2)c(=O)c2cc(F)c(N3CCN(C)CC3)cc21,3800.0,-3.57978359661681,0,train
CCn1cc(-c2nnc(SCc3nnc(-c4cccc(C)c4)o3)[nH]2)c(=O)c2cc(F)c(N3CCN(C)CC3)cc21,3800.0,-3.57978359661681,0,train
CCn1cc(-c2nnc(SCc3nnc(-c4ccc(Cl)cc4)o3)[nH]2)c(=O)c2cc(F)c(N3CCN(C)CC3)cc21,3800.0,-3.57978359661681,0,train
CCn1cc(-c2nnc(SCc3nnc(-c4ccc(F)cc4)o3)[nH]2)c(=O)c2cc(F)c(N3CCN(C)CC3)cc21,3800.0,-3.57978359661681,0,train
CCn1cc(-c2nnc(SCc3nnc(-c4ccc([N+](=O)[O-])cc4)o3)[nH]2)c(=O)c2cc(F)c(N3CCN(C)CC3)cc21,3800.0,-3.57978359661681,0,test
CCn1cc(-c2nc(SCc3nnc(-c4ccccc4)o3)n(CN(C)C)n2)c(=O)c2cc(F)c(N3CCN(C)CC3)cc21,1500.0000000000005,-3.1760912590556813,0,train
CCn1cc(-c2nc(SCc3nnc(-c4ccc(OC)cc4)o3)n(CN(C)C)n2)c(=O)c2cc(F)c(N3CCN(C)CC3)cc21,1500.0000000000005,-3.1760912590556813,0,test
CCn1cc(-c2nc(SCc3nnc(-c4ccccc4OC)o3)n(CN(C)C)n2)c(=O)c2cc(F)c(N3CCN(C)CC3)cc21,1500.0000000000005,-3.1760912590556813,0,train
CCn1cc(-c2nc(SCc3nnc(-c4ccc(OC)c(OC)c4)o3)n(CN(C)C)n2)c(=O)c2cc(F)c(N3CCN(C)CC3)cc21,1500.0000000000005,-3.1760912590556813,0,test
CCn1cc(-c2nc(SCc3nnc(-c4cc(OC)c(OC)c(OC)c4)o3)n(CN(C)C)n2)c(=O)c2cc(F)c(N3CCN(C)CC3)cc21,1500.0000000000005,-3.1760912590556813,0,train
CCn1cc(-c2nc(SCc3nnc(-c4ccc(C)cc4)o3)n(CN(C)C)n2)c(=O)c2cc(F)c(N3CCN(C)CC3)cc21,1500.0000000000005,-3.1760912590556813,0,train
CCn1cc(-c2nc(SCc3nnc(-c4cccc(C)c4)o3)n(CN(C)C)n2)c(=O)c2cc(F)c(N3CCN(C)CC3)cc21,1500.0000000000005,-3.1760912590556813,0,test
CCn1cc(-c2nc(SCc3nnc(-c4ccc(Cl)cc4)o3)n(CN(C)C)n2)c(=O)c2cc(F)c(N3CCN(C)CC3)cc21,1500.0000000000005,-3.1760912590556813,0,train
CCn1cc(-c2nc(SCc3nnc(-c4ccc(F)cc4)o3)n(CN(C)C)n2)c(=O)c2cc(F)c(N3CCN(C)CC3)cc21,1500.0000000000005,-3.1760912590556813,0,train
CCn1cc(-c2nc(SCc3nnc(-c4ccc([N+](=O)[O-])cc4)o3)n(CN(C)C)n2)c(=O)c2cc(F)c(N3CCN(C)CC3)cc21,1500.0000000000005,-3.1760912590556813,0,train
CN1CCN(c2cc3c(cc2F)c(=O)c(-c2nc4s/c(=C\c5ccc([N+](=O)[O-])cc5)c(=O)n4n2)cn3C2CC2)CC1,300.0000000000001,-2.4771212547196626,0,train
CN1CCN(c2cc3c(cc2F)c(=O)c(-c2nc4s/c(=C\c5cccc([N+](=O)[O-])c5)c(=O)n4n2)cn3C2CC2)CC1,300.0000000000001,-2.4771212547196626,0,train
CN1CCN(c2cc3c(cc2F)c(=O)c(-c2nc4s/c(=C\c5ccc(C(=O)O)cc5)c(=O)n4n2)cn3C2CC2)CC1,300.0000000000001,-2.4771212547196626,0,train
COC(=O)c1ccc(/C=c2\sc3nc(-c4cn(C5CC5)c5cc(N6CCN(C)CC6)c(F)cc5c4=O)nn3c2=O)cc1,300.0000000000001,-2.4771212547196626,0,train
CN1CCN(c2cc3c(cc2F)c(=O)c(-c2nc4s/c(=C\c5cccc(C(=O)O)c5)c(=O)n4n2)cn3C2CC2)CC1,300.0000000000001,-2.4771212547196626,0,train
COC(=O)c1cccc(/C=c2\sc3nc(-c4cn(C5CC5)c5cc(N6CCN(C)CC6)c(F)cc5c4=O)nn3c2=O)c1,300.0000000000001,-2.4771212547196626,0,train
CN1CCN(c2cc3c(cc2F)c(=O)c(-c2nc4s/c(=C\c5ccc(S(N)(=O)=O)cc5)c(=O)n4n2)cn3C2CC2)CC1,700.0000000000001,-2.845098040014257,0,train
CN1CCN(c2cc3c(cc2F)c(=O)c(-c2nc4s/c(=C\c5cccc(S(N)(=O)=O)c5)c(=O)n4n2)cn3C2CC2)CC1,300.0000000000001,-2.4771212547196626,0,train
CCn1cc(-c2nnc(SCC(=O)N/N=C/c3ccccc3)o2)c(=O)c2cc(F)c(N3CCN(C)CC3)cc21,1400.0000000000005,-3.146128035678238,0,train
CCn1cc(-c2nnc(SCC(=O)N/N=C/c3ccc(OC)cc3)o2)c(=O)c2cc(F)c(N3CCN(C)CC3)cc21,1400.0000000000005,-3.146128035678238,0,train
CCn1cc(-c2nnc(SCC(=O)N/N=C/c3ccccc3OC)o2)c(=O)c2cc(F)c(N3CCN(C)CC3)cc21,1400.0000000000005,-3.146128035678238,0,train
CCn1cc(-c2nnc(SCC(=O)N/N=C/c3ccccc3O)o2)c(=O)c2cc(F)c(N3CCN(C)CC3)cc21,1400.0000000000005,-3.146128035678238,0,test
CCn1cc(-c2nnc(SCC(=O)N/N=C/c3ccc4c(c3)OCO4)o2)c(=O)c2cc(F)c(N3CCN(C)CC3)cc21,1400.0000000000005,-3.146128035678238,0,train
CCn1cc(-c2nnc(SCC(=O)N/N=C/c3ccc(O)c(OC)c3)o2)c(=O)c2cc(F)c(N3CCN(C)CC3)cc21,1400.0000000000005,-3.146128035678238,0,test
CCn1cc(-c2nnc(SCC(=O)N/N=C/c3cc(OC)c(OC)c(OC)c3)o2)c(=O)c2cc(F)c(N3CCN(C)CC3)cc21,1400.0000000000005,-3.146128035678238,0,train
CCn1cc(-c2nnc(SCC(=O)N/N=C/c3ccc(C)cc3)o2)c(=O)c2cc(F)c(N3CCN(C)CC3)cc21,1400.0000000000005,-3.146128035678238,0,train
CCn1cc(-c2nnc(SCC(=O)N/N=C/c3ccc(Cl)cc3)o2)c(=O)c2cc(F)c(N3CCN(C)CC3)cc21,1400.0000000000005,-3.146128035678238,0,train
CCn1cc(-c2nnc(SCC(=O)N/N=C/c3ccc(F)cc3)o2)c(=O)c2cc(F)c(N3CCN(C)CC3)cc21,1400.0000000000005,-3.146128035678238,0,train
CCn1cc(-c2nnc(SCC(=O)N/N=C/c3ccc([N+](=O)[O-])cc3)o2)c(=O)c2cc(F)c(N3CCN(C)CC3)cc21,1400.0000000000005,-3.146128035678238,0,train
CCn1cc(-c2nnc(SCC(=O)N/N=C/c3cccc([N+](=O)[O-])c3)o2)c(=O)c2cc(F)c(N3CCN(C)CC3)cc21,1400.0000000000005,-3.146128035678238,0,train
CCn1cc(-c2nnc(SCC(=O)N/N=C/c3ccc(C(=O)O)cc3)o2)c(=O)c2cc(F)c(N3CCN(C)CC3)cc21,1400.0000000000005,-3.146128035678238,0,train
CCn1cc(-c2nnc(SCC(=O)N/N=C/c3ccccc3C(=O)O)o2)c(=O)c2cc(F)c(N3CCN(C)CC3)cc21,1400.0000000000005,-3.146128035678238,0,train
CCn1cc(-c2nnc(SCC(=O)N/N=C/c3ccc(C#N)cc3)o2)c(=O)c2cc(F)c(N3CCN(C)CC3)cc21,1400.0000000000005,-3.146128035678238,0,test
CC1COc2c(N3CCN(C)CC3)c(F)cc3c(=O)c(-c4nnc(SCC(=O)N/N=C/c5ccccc5)[nH]4)cn1c23,1400.0000000000005,-3.146128035678238,0,train
COc1ccc(/C=N/NC(=O)CSc2nnc(-c3cn4c5c(c(N6CCN(C)CC6)c(F)cc5c3=O)OCC4C)[nH]2)cc1,1400.0000000000005,-3.146128035678238,0,test
CC1COc2c(N3CCN(C)CC3)c(F)cc3c(=O)c(-c4nnc(SCC(=O)N/N=C/c5ccc(Cl)cc5)[nH]4)cn1c23,1400.0000000000005,-3.146128035678238,0,train
CC1COc2c(N3CCN(C)CC3)c(F)cc3c(=O)c(-c4nnc(SCC(=O)N/N=C/c5ccc(F)cc5)[nH]4)cn1c23,1400.0000000000005,-3.146128035678238,0,train
CC1COc2c(N3CCN(C)CC3)c(F)cc3c(=O)c(-c4nnc(SCC(=O)N/N=C/c5ccc([N+](=O)[O-])c6c5OCO6)[nH]4)cn1c23,1400.0000000000005,-3.146128035678238,0,train
CC1COc2c(N3CCN(C)CC3)c(F)cc3c(=O)c(-c4nnc(SCC(=O)N/N=C/c5ccc(C(=O)O)cc5)[nH]4)cn1c23,1400.0000000000005,-3.146128035678238,0,train
CC1COc2c(N3CCN(C)CC3)c(F)cc3c(=O)c(-c4nnc(N/N=C/c5ccccc5)[nH]4)cn1c23,1400.0000000000005,-3.146128035678238,0,train
COc1ccc(/C=N/Nc2nnc(-c3cn4c5c(c(N6CCN(C)CC6)c(F)cc5c3=O)OCC4C)[nH]2)cc1,1400.0000000000005,-3.146128035678238,0,test
CC1COc2c(N3CCN(C)CC3)c(F)cc3c(=O)c(-c4nnc(N/N=C/c5ccc(Cl)cc5)[nH]4)cn1c23,1400.0000000000005,-3.146128035678238,0,train
CC1COc2c(N3CCN(C)CC3)c(F)cc3c(=O)c(-c4nnc(N/N=C/c5ccc(F)cc5)[nH]4)cn1c23,1400.0000000000005,-3.146128035678238,0,test
CC1COc2c(N3CCN(C)CC3)c(F)cc3c(=O)c(-c4nnc(N/N=C/c5ccc([N+](=O)[O-])c6c5OCO6)[nH]4)cn1c23,1400.0000000000005,-3.146128035678238,0,train
CC1COc2c(N3CCN(C)CC3)c(F)cc3c(=O)c(-c4nnc(N/N=C/c5ccc(C(=O)O)cc5)[nH]4)cn1c23,1400.0000000000005,-3.146128035678238,0,train
COc1cc(/C=N/Nc2nnc(-c3cn4c5c(c(N6CCN(C)CC6)c(F)cc5c3=O)OCC4C)[nH]2)cc(OC)c1OC,1400.0000000000005,-3.146128035678238,0,train
CCn1cc(C(=O)N/N=C/c2ccccc2)c(=O)c2cc(F)c(N3CCNCC3)cc21,1400.0000000000005,-3.146128035678238,0,train
CCn1cc(C(=O)N/N=C/c2ccccc2O)c(=O)c2cc(F)c(N3CCNCC3)cc21,1400.0000000000005,-3.146128035678238,0,train
CCn1cc(C(=O)N/N=C/c2ccccc2OC)c(=O)c2cc(F)c(N3CCNCC3)cc21,1400.0000000000005,-3.146128035678238,0,test
CCn1cc(C(=O)N/N=C/c2ccc(OC)cc2)c(=O)c2cc(F)c(N3CCNCC3)cc21,1400.0000000000005,-3.146128035678238,0,train
CCn1cc(C(=O)N/N=C/c2ccc3c(c2)OCO3)c(=O)c2cc(F)c(N3CCNCC3)cc21,1400.0000000000005,-3.146128035678238,0,train
CCn1cc(C(=O)N/N=C/c2ccc(O)c(OC)c2)c(=O)c2cc(F)c(N3CCNCC3)cc21,1400.0000000000005,-3.146128035678238,0,train
CCn1cc(C(=O)N/N=C/c2cc(OC)c(OC)c(OC)c2)c(=O)c2cc(F)c(N3CCNCC3)cc21,1400.0000000000005,-3.146128035678238,0,test
CCn1cc(C(=O)N/N=C/c2ccc(F)cc2)c(=O)c2cc(F)c(N3CCNCC3)cc21,1400.0000000000005,-3.146128035678238,0,train
CCn1cc(C(=O)N/N=C/c2ccc(Cl)cc2)c(=O)c2cc(F)c(N3CCNCC3)cc21,1400.0000000000005,-3.146128035678238,0,train
CCn1cc(C(=O)N/N=C/c2ccc([N+](=O)[O-])cc2)c(=O)c2cc(F)c(N3CCNCC3)cc21,1400.0000000000005,-3.146128035678238,0,train
CC(C)C1=C2C[C@@H]3O[C@@H]([C@H]4C(=O)CC[C@H]4[C@H]3C)[C@@]2(C)[C@@H](O)C1,24999.999999999996,-4.3979400086720375,0,train
CC(C)C1=C2C[C@H](O)[C@H](C)[C@@H]3CCC(=O)/C3=C/[C@@]2(C)[C@@H](O)C1,24999.999999999996,-4.3979400086720375,0,train
COC[C@@]1(O)CC[C@H]2[C@@H](C)[C@@H](O)CC3=C(C(C)C)CC[C@]3(C)[C@H]3O[C@@]231,24999.999999999996,-4.3979400086720375,0,train
COCC1=C2[C@@H](CC1)[C@@H](C)[C@@H](O)CC1=C(C(C)C)CC[C@]1(C)[C@H]2O,24999.999999999996,-4.3979400086720375,0,train
C=CC(=O)Nc1ccccc1Nc1ncc2c(-c3cc(OC)cc(OC)c3)n[nH]c2n1,4086.000000000002,-3.611298362296429,0,test
CC#CC(=O)Nc1ccccc1Nc1ccc2c(C(=O)c3cc(OC)cc(OC)c3)c[nH]c2n1,601.9999999999998,-2.7795964912578244,0,test
C=CS(=O)(=O)Nc1ccccc1Nc1ccc2c(C(=O)c3cc(OC)cc(OC)c3)c[nH]c2n1,1028.0000000000005,-3.011993114659257,0,train
C=CC(=O)NC1CCCCC1Nc1ccc2c(C(=O)c3cc(OC)cc(OC)c3)c[nH]c2n1,257.99999999999994,-2.41161970596323,0,train
C=CC(=O)Nc1cccc(C)c1Nc1ccc2c(C(=O)c3cc(OC)cc(OC)c3)c[nH]c2n1,437.9999999999998,-2.6414741105040997,0,train
C=CC(=O)Nc1ccccc1Nc1ccc2c(C(=O)c3cc(OC)cc(OC)c3)c[nH]c2n1,140.00000000000006,-2.146128035678238,0,train
O=C(C(CNC1CCCCC1)c1ccc(Cl)cc1)N1CCN(c2ncnc3sc4c(c23)CCC4)CC1,294.0,-2.4683473304121573,0,train
O=C(C(CNC1CCCC1)c1ccc(Cl)cc1)N1CCN(c2ncnc3sc4c(c23)CCC4)CC1,131.00000000000006,-2.1172712956557644,0,train
CCCCNCC(C(=O)N1CCN(c2ncnc3sc4c(c23)CCC4)CC1)c1ccc(Cl)cc1,832.9999999999999,-2.9206450014067875,0,train
CCNCC(C(=O)N1CCN(c2ncnc3sc4c(c23)CCC4)CC1)c1ccc(Cl)cc1,540.9999999999998,-2.733197265106569,0,train
C=CC(=O)Nc1cccc(C)c1Nc1cc(-c2cccnc2Nc2c(Cl)c(OC)cc(OC)c2Cl)ncn1,86.99999999999999,-1.9395192526186185,0,train
C#CCOc1ccc(Nc2cc(-c3cccnc3Nc3c(Cl)c(OC)cc(OC)c3Cl)ncn2)c(NC(=O)C=C)c1,88.00000000000001,-1.944482672150169,0,train
CC1(C)CCC[C@](C)([C@H]2CC[C@]3(C)[C@@H]2[C@H](O)C[C@@H]2[C@@]4(C)CC[C@H](O)C(C)(C)[C@@H]4CC[C@]23C)O1,31699.999999999975,-4.501059262217751,0,train
CC1(C)CCC[C@](C)([C@H]2CC[C@]3(C)[C@@H]2[C@H](OC(=O)Cn2nnnc2-c2ccc(Cl)cc2)C[C@@H]2[C@@]4(C)CCC(=O)C(C)(C)[C@@H]4CC[C@]23C)O1,42899.99999999998,-4.632457292184724,0,test
CC1(C)CCC[C@](C)([C@H]2CC[C@]3(C)[C@@H]2[C@H](O)C[C@@H]2[C@@]4(C)CC(=C\c5ccccc5F)/C(=N\NC(N)=O)C(C)(C)[C@@H]4CC[C@]23C)O1,5599.999999999998,-3.7481880270062,0,train
CC1(C)CCC[C@](C)([C@H]2CC[C@]3(C)[C@@H]2[C@H](O)C[C@@H]2[C@@]4(C)CC(=C\c5cccc(F)c5)/C(=N\NC(N)=O)C(C)(C)[C@@H]4CC[C@]23C)O1,5199.999999999998,-3.716003343634799,0,train
CC1(C)CCC[C@](C)([C@H]2CC[C@]3(C)[C@@H]2[C@H](O)C[C@@H]2[C@@]4(C)CC(=C\c5ccc(Cl)cc5)/C(=N\NC(N)=O)C(C)(C)[C@@H]4CC[C@]23C)O1,11300.000000000004,-4.05307844348342,0,test
Cc1ccc(/C=C2\C[C@]3(C)[C@H]4C[C@@H](O)[C@@H]5[C@@H]([C@@]6(C)CCCC(C)(C)O6)CC[C@@]5(C)[C@]4(C)CC[C@H]3C(C)(C)\C2=N\NC(N)=O)cc1,4100.0,-3.612783856719736,1,train
CC1(C)CCC[C@](C)([C@H]2CC[C@]3(C)[C@@H]2[C@H](O)C[C@@H]2[C@@]4(C)CC(=C\c5ccc(F)cc5)/C(=N\NC(N)=S)C(C)(C)[C@@H]4CC[C@]23C)O1,24100.0,-4.382017042574868,0,train
Cc1ccc(/C=C2\C[C@]3(C)[C@H]4C[C@@H](O)[C@@H]5[C@@H]([C@@]6(C)CCCC(C)(C)O6)CC[C@@]5(C)[C@]4(C)CC[C@H]3C(C)(C)\C2=N\NC(N)=S)cc1,43099.99999999999,-4.634477270160732,1,train
CC1(C)CCC[C@](C)([C@H]2CC[C@]3(C)[C@@H]2[C@H](O)C[C@@H]2[C@@]4(C)CC(=C\c5ccc(O)cc5)/C(=N\NC(=N)N)C(C)(C)[C@@H]4CC[C@]23C)O1,6300.0,-3.7993405494535817,0,train
Cc1ccc(/C=C2\C[C@]3(C)[C@H]4C[C@@H](O)[C@@H]5[C@@H]([C@@]6(C)CCCC(C)(C)O6)CC[C@@]5(C)[C@]4(C)CC[C@H]3C(C)(C)\C2=N\NC(=N)N)cc1,11300.000000000004,-4.05307844348342,0,train
COc1ccc(/C=C2\C[C@]3(C)[C@H]4C[C@@H](O)[C@@H]5[C@@H]([C@@]6(C)CCCC(C)(C)O6)CC[C@@]5(C)[C@]4(C)CC[C@H]3C(C)(C)\C2=N\NC(=N)N)cc1,6100.000000000002,-3.785329835010767,0,train
CS(=O)(=O)N1CCN(Cc2cc3nc(-c4cccc5[nH]ncc45)nc(N4CCOCC4)c3s2)CC1,2030.0000000000005,-3.307496037913213,0,train
Nc1ccc(-c2nc(N3CCOCC3)c3ncn(CCCCCCC(=O)NO)c3n2)cn1,1549.9999999999995,-3.1903316981702914,0,train
Nc1ncc(-c2nc(N3CCOCC3)c3ccn(CCCCCCC(=O)NO)c3n2)cn1,2870.0000000000005,-3.4578818967339924,0,train
CC[C@@]1(OC(=O)CNC(=S)NC(=O)c2ccc(C)cc2)C(=O)OCc2c1cc1n(c2=O)Cc2cc3ccccc3nc2-1,1.5,-0.1760912590556812,1,train
CC[C@@]1(OC(=O)CNC(=S)NC(=O)c2ccc(Cl)cc2)C(=O)OCc2c1cc1n(c2=O)Cc2cc3ccccc3nc2-1,1.3,-0.1139433523068367,1,train
CC[C@@]1(OC(=O)CNC(=S)NC(=O)c2cccc(Cl)c2)C(=O)OCc2c1cc1n(c2=O)Cc2cc3ccccc3nc2-1,11.900000000000002,-1.0755469613925308,1,test
CC[C@@]1(OC(=O)CNC(=S)NC(=O)c2ccc(F)cc2)C(=O)OCc2c1cc1n(c2=O)Cc2cc3ccccc3nc2-1,13.3,-1.1238516409670858,1,train
CC[C@@]1(OC(=O)CNC(=S)NC(=O)c2ccccc2F)C(=O)OCc2c1cc1n(c2=O)Cc2cc3ccccc3nc2-1,11.099999999999998,-1.0453229787866574,1,train
CC[C@@]1(OC(=O)CNC(=S)NC(=O)c2cccc(F)c2)C(=O)OCc2c1cc1n(c2=O)Cc2cc3ccccc3nc2-1,4.1,-0.6127838567197355,1,train
CC[C@@]1(OC(=O)CNC(=S)NC(=O)c2cccc(Br)c2)C(=O)OCc2c1cc1n(c2=O)Cc2cc3ccccc3nc2-1,17.800000000000004,-1.250420002308894,1,train
CC[C@@]1(OC(=O)CNC(=S)NC(=O)c2ccc(I)cc2)C(=O)OCc2c1cc1n(c2=O)Cc2cc3ccccc3nc2-1,1.5,-0.1760912590556812,1,train
CC[C@@]1(OC(=O)CNC(=S)NC(=O)c2ccc3ccccc3c2)C(=O)OCc2c1cc1n(c2=O)Cc2cc3ccccc3nc2-1,1.9,-0.2787536009528289,1,train
CC[C@@]1(OC(=O)CNC(=S)NC(=O)c2ccc(OC)cc2)C(=O)OCc2c1cc1n(c2=O)Cc2cc3ccccc3nc2-1,105.59999999999998,-2.0236639181977933,1,train
CC[C@@]1(OC(=O)CNC(=S)NC(=O)c2cccs2)C(=O)OCc2c1cc1n(c2=O)Cc2cc3ccccc3nc2-1,6.7,-0.8260748027008264,1,test
CC[C@@]1(OC(=O)CNC(=S)NC(=O)c2ccco2)C(=O)OCc2c1cc1n(c2=O)Cc2cc3ccccc3nc2-1,26.4,-1.421603926869831,1,train
CC[C@@]1(OC(=O)CNC(=S)NC(=O)Cc2ccccc2)C(=O)OCc2c1cc1n(c2=O)Cc2cc3ccccc3nc2-1,12.2,-1.0863598306747482,1,train
CC[C@@]1(OC(=O)CNC(=S)NC(=O)C2CCCCC2)C(=O)OCc2c1cc1n(c2=O)Cc2cc3ccccc3nc2-1,89.70000000000002,-1.952792443044092,1,train
CC[C@@]1(OC(=O)CNC(=S)NC(=O)C2CCCC2)C(=O)OCc2c1cc1n(c2=O)Cc2cc3ccccc3nc2-1,1.9,-0.2787536009528289,1,train
CC[C@@]1(OC(=O)CNC(=S)NC(C)=O)C(=O)OCc2c1cc1n(c2=O)Cc2cc3ccccc3nc2-1,5.200000000000001,-0.7160033436347992,0,train
CC[C@@]1(OC(=O)CNC(=S)NC(=O)c2cccnc2)C(=O)OCc2c1cc1n(c2=O)Cc2cc3ccccc3nc2-1,512.9999999999999,-2.710117365111816,1,train
CC[C@@]1(OC(=O)[C@H](C)NC(=S)NC(=O)c2ccc3ccccc3c2)C(=O)OCc2c1cc1n(c2=O)Cc2cc3ccccc3nc2-1,136.79999999999998,-2.1360860973840974,1,train
CC[C@@]1(OC(=O)[C@H](C)NC(=S)NC(=O)c2ccc(C)cc2)C(=O)OCc2c1cc1n(c2=O)Cc2cc3ccccc3nc2-1,148.7,-2.172310968521954,1,train
CC[C@@]1(OC(=O)[C@H](C)NC(=S)NC(=O)c2ccc(F)cc2)C(=O)OCc2c1cc1n(c2=O)Cc2cc3ccccc3nc2-1,2.3,-0.3617278360175928,1,test
CC[C@@]1(OC(=O)[C@@H](NC(=S)NC(=O)c2cccs2)C(C)C)C(=O)OCc2c1cc1n(c2=O)Cc2cc3ccccc3nc2-1,2.1,-0.3222192947339193,0,train
CC[C@@]1(OC(=O)[C@@H](NC(=S)NC(=O)c2ccc(F)cc2)C(C)C)C(=O)OCc2c1cc1n(c2=O)Cc2cc3ccccc3nc2-1,4.2,-0.6232492903979004,0,train
CC[C@@]1(OC(=O)[C@H](CC(C)C)NC(=S)NC(=O)c2ccc(OC)cc2)C(=O)OCc2c1cc1n(c2=O)Cc2cc3ccccc3nc2-1,13.699999999999998,-1.136720567156407,1,train
CC[C@@]1(OC(=O)[C@H](CC(C)C)NC(=S)NC(=O)c2ccc(F)cc2)C(=O)OCc2c1cc1n(c2=O)Cc2cc3ccccc3nc2-1,18.399999999999995,-1.2648178230095364,1,test
CC[C@@]1(OC(=O)[C@H](CC(C)C)NC(=S)NC(=O)c2ccccc2F)C(=O)OCc2c1cc1n(c2=O)Cc2cc3ccccc3nc2-1,342.9999999999999,-2.5352941200427703,1,train
CC[C@@]1(OC(=O)[C@H](CC(C)C)NC(=S)NC(=O)c2cccc(F)c2)C(=O)OCc2c1cc1n(c2=O)Cc2cc3ccccc3nc2-1,12.999999999999998,-1.1139433523068367,1,test
CC[C@H](C)[C@H](NC(=S)NC(=O)c1cccnc1)C(=O)O[C@]1(CC)C(=O)OCc2c1cc1n(c2=O)Cc2cc3ccccc3nc2-1,45.3,-1.656098202012832,0,test
CC[C@H](C)[C@H](NC(=S)NC(=O)c1ccc(F)cc1)C(=O)O[C@]1(CC)C(=O)OCc2c1cc1n(c2=O)Cc2cc3ccccc3nc2-1,5.700000000000001,-0.7558748556724915,0,train
CC[C@@]1(OC(=O)[C@H](Cc2ccccc2)NC(=S)NC(=O)c2ccc(OC)cc2)C(=O)OCc2c1cc1n(c2=O)Cc2cc3ccccc3nc2-1,7.699999999999999,-0.8864907251724818,1,test
CC[C@@]1(OC(=O)[C@H](Cc2ccccc2)NC(=S)NC(=O)c2ccc(F)cc2)C(=O)OCc2c1cc1n(c2=O)Cc2cc3ccccc3nc2-1,7.4,-0.8692317197309762,1,train
CC[C@@]1(OC(=O)[C@H](Cc2ccccc2)NC(=S)NC(=O)c2ccc(I)cc2)C(=O)OCc2c1cc1n(c2=O)Cc2cc3ccccc3nc2-1,2.1,-0.3222192947339193,1,train
CC[C@@]1(OC(=O)[C@H](CCSC)NC(=S)NC(=O)c2ccc(OC)cc2)C(=O)OCc2c1cc1n(c2=O)Cc2cc3ccccc3nc2-1,0.6,0.2218487496163563,1,train
CC[C@@]1(OC(=O)[C@H](CCSC)NC(=S)NC(=O)c2cccs2)C(=O)OCc2c1cc1n(c2=O)Cc2cc3ccccc3nc2-1,4.500000000000001,-0.6532125137753437,1,train
CC[C@@]1(OC(=O)[C@H](CCSC)NC(=S)NC(=O)c2cccnc2)C(=O)OCc2c1cc1n(c2=O)Cc2cc3ccccc3nc2-1,51.5,-1.711807229041191,1,train
CC[C@@]1(OC(=O)[C@H](Cc2c[nH]c3ccccc23)NC(=S)NC(=O)c2ccc(OC)cc2)C(=O)OCc2c1cc1n(c2=O)Cc2cc3ccccc3nc2-1,51.7,-1.7134905430939424,1,train
CC[C@@]1(OC(=O)[C@H](Cc2c[nH]c3ccccc23)NC(=S)NC(=O)c2ccc(F)cc2)C(=O)OCc2c1cc1n(c2=O)Cc2cc3ccccc3nc2-1,58.6,-1.7678976160180906,1,train
CC[C@@]1(OC(=O)[C@H](Cc2c[nH]c3ccccc23)NC(=S)NC(=O)c2cccs2)C(=O)OCc2c1cc1n(c2=O)Cc2cc3ccccc3nc2-1,21.399999999999995,-1.3304137733491908,0,train
CC[C@@]1(OC(=O)CCNC(=S)NC(=O)c2ccc(Cl)cc2)C(=O)OCc2c1cc1n(c2=O)Cc2cc3ccccc3nc2-1,115.9,-2.064083435963596,1,train
CC[C@@]1(OC(=O)CCNC(=S)NC(=O)c2ccc(F)cc2)C(=O)OCc2c1cc1n(c2=O)Cc2cc3ccccc3nc2-1,79.09999999999998,-1.8981764834976764,1,train
CC[C@@]1(OC(=O)CCNC(=S)NC(=O)c2cccs2)C(=O)OCc2c1cc1n(c2=O)Cc2cc3ccccc3nc2-1,22.0,-1.3424226808222062,1,test
CC[C@@]1(OC(=O)CCNC(=S)NC(=O)Cc2ccccc2)C(=O)OCc2c1cc1n(c2=O)Cc2cc3ccccc3nc2-1,176.00000000000006,-2.24551266781415,1,train
CC[C@@]1(OC(=O)CCCNC(=S)NC(=O)c2ccc(F)cc2)C(=O)OCc2c1cc1n(c2=O)Cc2cc3ccccc3nc2-1,78.6,-1.895422546039408,1,test
CC[C@@]1(OC(=O)CCCNC(=S)NC(=O)c2ccc3ccccc3c2)C(=O)OCc2c1cc1n(c2=O)Cc2cc3ccccc3nc2-1,52.89999999999999,-1.7234556720351857,1,train
CC[C@@]1(OC(=O)CCCCNC(=S)NC(=O)c2ccc(F)cc2)C(=O)OCc2c1cc1n(c2=O)Cc2cc3ccccc3nc2-1,602.4999999999998,-2.779957051246906,1,train
CC[C@@]1(OC(=O)CCCCNC(=S)NC(=O)c2cccc(Cl)c2)C(=O)OCc2c1cc1n(c2=O)Cc2cc3ccccc3nc2-1,96.40000000000002,-1.9840770339028309,1,train
CC[C@@]1(O)C(=O)OCc2c1cc1n(c2=O)Cc2cc3c(CN(C)C)c(O)ccc3nc2-1,7.899999999999999,-0.8976270912904414,0,test
C=CS(=O)(=O)Nc1cccc(C)c1Nc1ncc(OCc2c(Cl)c(OC)cc(OC)c2Cl)cn1,60000.00000000003,-4.778151250383644,1,test
COc1cc(OC)c(Cl)c(COc2cnc(Nc3c(C)cccc3NC(=O)C3CO3)nc2)c1Cl,59299.999999999935,-4.773054693364262,0,test
C=C(F)C(=O)Nc1cccc(C)c1Nc1ncc(OCc2c(Cl)c(OC)cc(OC)c2Cl)cn1,256.0,-2.4082399653118496,1,train
CC(C)COc1cc(N2CCC(N(C)C)CC2)ccc1Nc1ncc(C#N)c(N[C@H]2[C@@H](C(N)=O)[C@@H]3C=C[C@H]2C3)n1,260.99999999999994,-2.416640507338281,0,train
C=CC(=O)Nc1ccccc1C(=O)Nc1cc(CCc2cc(OC)cc(OC)c2)[nH]n1,6.8,-0.8325089127062363,0,train
COCCOc1cc(NC(=O)N2CCCc3cc(CN4CCN(C)CC4=O)c(C=O)nc32)ncc1C#N,9.0,-0.9542425094393248,0,train
CCN1CCN(c2ccc(Nc3cc(N(C)C(=O)Nc4c(Cl)c(OC)cc(OC)c4Cl)ncn3)cc2)CC1,85.00000000000003,-1.9294189257142929,0,train
N#Cc1cnc(NC(=O)N2CCCc3cc(CO)c(C=O)nc32)cc1O[C@H]1CCOC1,483.0,-2.683947130751512,0,train
COCCOc1cc(NC(=O)N2CCCc3cc(C(F)(F)F)c(C=O)nc32)ncc1C#N,265.00000000000006,-2.423245873936808,0,train
COCCNc1cc(NC(=O)N2CCCc3cc(C(F)F)c(C=O)nc32)ncc1C#N,44.0,-1.6434526764861874,0,train
COCCNc1cc(NC(=O)N2CCCc3cc(CO)c(C=O)nc32)ncc1C#N,73.0,-1.863322860120456,0,test
N#Cc1ccc(NC(=O)N2CCCc3cc(CO)c(C=O)nc32)nc1,718.9999999999998,-2.8567288903828825,0,test
CNC(=O)c1cc(-n2ccc3cc(NC(=O)Nc4ccc(Cl)c(Cl)c4)ccc32)ccn1,7940.000000000004,-3.899820502427096,0,test
CNC(=O)c1cc(-n2ccc3cc(NC(=O)Nc4ccc(Cl)c(C(F)(F)F)c4)ccc32)ccn1,12319.999999999993,-4.090610707828406,0,train
CNC(=O)c1cc(-n2ccc3cc(NC(=O)Nc4cc(C(F)(F)F)cc(C(F)(F)F)c4)ccc32)ccn1,29800.000000000004,-4.474216264076255,0,train
CNC(=O)c1cc(-n2ccc3cc(NC(=O)Nc4ccc(N5CCN(C)CC5)c(C(F)(F)F)c4)ccc32)ccn1,8009.999999999998,-3.9036325160842376,0,test
CNC(=O)c1cc(-n2ccc3cc(NC(=S)Nc4ccc(Cl)c(C(F)(F)F)c4)ccc32)ccn1,13940.000000000004,-4.144262773761991,0,train
C=C(C)C(=O)O[C@H]1CC2=C[C@H](CC(=C)[C@@H](O)[C@H]3OC(=O)C(=C)[C@@H]31)OC2=O,8789.999999999996,-3.943988875073772,0,train
C=C1C(=O)O[C@H]2[C@H]1[C@@H](OC(=O)/C(C)=C\C)CC1=C[C@H](CC(=C)[C@H]2O)OC1=O,8160.000000000003,-3.911690158753861,0,train
C=C1C(=O)O[C@@H]2/C=C(\C)C[C@H]3C=C(C[C@H](OC(=O)C(C)C)[C@@H]12)C(=O)O3,8630.000000000004,-3.9360107957152097,0,train
CCC(=O)[C@@H](C)[C@@H](O)[C@H](C)C[C@@H](C)[C@H]1OC(=O)C[C@@]2(O)CC=C(C)[C@H](O2)/C(C)=C/CCC[C@@H](O[C@H]2C[C@@H](OC(N)=O)[C@H](O)[C@@H](C)O2)/C=C/[C@H](C)C[C@H]1C,15000.000000000004,-4.176091259055681,0,test
COC(=O)[C@H](Cc1ccc(N(CCCl)CCCl)cc1)NC(=O)CCCC(=O)O[C@@H]1O[C@@H]2O[C@@]3(C)CC[C@H]4[C@H](C)CC[C@@H]([C@H]1C)[C@@]24OO3,7304.999999999996,-3.8636202202703154,0,train
COC(=O)[C@H](Cc1ccc(N(CCCl)CCCl)cc1)NC(=O)CCC(=O)N[C@@H]1O[C@@H]2O[C@@]3(C)CC[C@H]4[C@H](C)CC[C@@H]([C@H]1C)[C@@]24OO3,11620.0,-4.065206128054312,0,train
COC(=O)[C@H](Cc1ccc(N(CCCl)CCCl)cc1)NC(=O)CCC(=O)OCCO[C@@H]1O[C@@H]2O[C@@]3(C)CC[C@H]4[C@H](C)CC[C@@H]([C@H]1C)[C@@]24OO3,17980.0,-4.25478968739721,0,train
COC(=O)[C@H](Cc1ccc(N(CCCl)CCCl)cc1)NC(=O)CCC(=O)OCCOCCO[C@@H]1O[C@@H]2O[C@@]3(C)CC[C@H]4[C@H](C)CC[C@@H]([C@H]1C)[C@@]24OO3,8269.999999999998,-3.9175055095525466,0,test
C[C@H]1[C@H](OC(=O)CCC(=O)OCCNC(=O)[C@H](Cc2ccc(N(CCCl)CCCl)cc2)NC(=O)OC(C)(C)C)O[C@@H]2O[C@@]3(C)CC[C@H]4[C@H](C)CC[C@@H]1[C@@]24OO3,7919.999999999999,-3.898725181589493,1,test
C[C@H]1[C@H](OC(=O)CCC(=O)OCCCNC(=O)[C@H](Cc2ccc(N(CCCl)CCCl)cc2)NC(=O)OC(C)(C)C)O[C@@H]2O[C@@]3(C)CC[C@H]4[C@H](C)CC[C@@H]1[C@@]24OO3,8680.000000000004,-3.938519725176492,1,train
C[C@H]1[C@H](OC(=O)CCCC(=O)OCCNC(=O)[C@H](Cc2ccc(N(CCCl)CCCl)cc2)NC(=O)OC(C)(C)C)O[C@@H]2O[C@@]3(C)CC[C@H]4[C@H](C)CC[C@@H]1[C@@]24OO3,8680.000000000004,-3.938519725176492,1,train
C[C@H]1[C@H](OC(=O)CCCC(=O)OCCCNC(=O)[C@H](Cc2ccc(N(CCCl)CCCl)cc2)NC(=O)OC(C)(C)C)O[C@@H]2O[C@@]3(C)CC[C@H]4[C@H](C)CC[C@@H]1[C@@]24OO3,8550.000000000004,-3.931966114728173,1,train
C[C@H]1[C@H](OCCCOC(=O)[C@H](Cc2ccc(N(CCCl)CCCl)cc2)NC(=O)OC(C)(C)C)O[C@@H]2O[C@@]3(C)CC[C@H]4[C@H](C)CC[C@@H]1[C@@]24OO3,230.00000000000009,-2.361727836017593,1,train
C[C@H]1[C@@H](OCCCCCCOC(=O)[C@H](Cc2ccc(N(CCCl)CCCl)cc2)NC(=O)OC(C)(C)C)O[C@@H]2O[C@@]3(C)CC[C@H]4[C@H](C)CC[C@@H]1[C@@]24OO3,300.0000000000001,-2.4771212547196626,1,test
C[C@H]1[C@@H](OCCCCCCCCOC(=O)[C@H](Cc2ccc(N(CCCl)CCCl)cc2)NC(=O)OC(C)(C)C)O[C@@H]2O[C@@]3(C)CC[C@H]4[C@H](C)CC[C@@H]1[C@@]24OO3,419.9999999999999,-2.6232492903979003,1,train
C[C@H]1[C@H](OCCOC(=O)[C@H](Cc2ccc(N(CCCl)CCCl)cc2)NC(=O)OC(C)(C)C)O[C@@H]2O[C@@]3(C)CC[C@H]4[C@H](C)CC[C@@H]1[C@@]24OO3,6320.000000000002,-3.800717078282385,1,train
C[C@H]1[C@H](OCCOCCOC(=O)[C@H](Cc2ccc(N(CCCl)CCCl)cc2)NC(=O)OC(C)(C)C)O[C@@H]2O[C@@]3(C)CC[C@H]4[C@H](C)CC[C@@H]1[C@@]24OO3,10669.999999999996,-4.02816441942447,1,train
C[C@H]1[C@@H](CCCN2CCC(OC(=O)[C@H](Cc3ccc(N(CCCl)CCCl)cc3)NC(=O)OC(C)(C)C)CC2)O[C@@H]2O[C@@]3(C)CC[C@H]4[C@H](C)CC[C@@H]1[C@@]24OO3,519.9999999999998,-2.716003343634799,1,train
C[C@H]1[C@@H](CCCN2CCC(CCOC(=O)[C@H](Cc3ccc(N(CCCl)CCCl)cc3)NC(=O)OC(C)(C)C)CC2)O[C@@H]2O[C@@]3(C)CC[C@H]4[C@H](C)CC[C@@H]1[C@@]24OO3,860.0000000000003,-2.934498451243568,1,train
C[C@H]1[C@H](OCCOC(=O)CCCc2ccc(N(CCCl)CCCl)cc2)O[C@@H]2O[C@@]3(C)CC[C@H]4[C@H](C)CC[C@@H]1[C@@]24OO3,5625.000000000001,-3.7501225267834,1,train
C[C@H]1[C@H](OCCCOC(=O)CCCc2ccc(N(CCCl)CCCl)cc2)O[C@@H]2O[C@@]3(C)CC[C@H]4[C@H](C)CC[C@@H]1[C@@]24OO3,70.00000000000001,-1.845098040014257,1,train
C[C@H]1[C@@H](OCCCCCCOC(=O)CCCc2ccc(N(CCCl)CCCl)cc2)O[C@@H]2O[C@@]3(C)CC[C@H]4[C@H](C)CC[C@@H]1[C@@]24OO3,300.0000000000001,-2.4771212547196626,1,train
C[C@H]1[C@H](OCCOCCOC(=O)CCCc2ccc(N(CCCl)CCCl)cc2)O[C@@H]2O[C@@]3(C)CC[C@H]4[C@H](C)CC[C@@H]1[C@@]24OO3,15320.000000000007,-4.185258765296585,1,test
CONC(=O)c1ccccc1Nc1nc(Nc2cc(C)nn2C(C)C)ncc1Cl,6910.000000000002,-3.8394780473741994,0,train
Cn1c(SCC(=O)Nc2ccc(C(=O)O)cc2)nnc1-c1ccncc1,3870.0,-3.5877109650189114,0,train
CCn1c(SCC(=O)Nc2ccc(C(=O)O)cc2)nnc1-c1ccncc1,17939.99999999999,-4.253822438708073,0,train
C=CCn1c(SCC(=O)Nc2ccc(C(=O)O)cc2)nnc1-c1ccncc1,2880.0000000000014,-3.459392487759231,0,train
O=C(CSc1nnc(-c2ccncc2)n1-c1ccccc1)Nc1ccc(C(=O)O)cc1,4830.0,-3.683947130751512,0,train
O=C(O)CN(Cc1ccc(Cl)cc1)C(=O)c1cnc(N2CCC[C@H]2COc2ccc(Cl)cc2)nc1CCc1ccccc1,25500.00000000002,-4.406540180433956,0,train
CCOP(=O)(OCC)C(NC(=O)COC(=O)[C@]1(C)CC[C@]2(C)CC[C@]3(C)C4=CC=C5C(=CC(=O)C(O)=C5C)[C@]4(C)CC[C@@]3(C)[C@@H]2C1)c1ccccc1,1170.0000000000002,-3.0681858617461617,0,train
CCOP(=O)(OCC)C(NC(=O)COC(=O)[C@]1(C)CC[C@]2(C)CC[C@]3(C)C4=CC=C5C(=CC(=O)C(O)=C5C)[C@]4(C)CC[C@@]3(C)[C@@H]2C1)c1ccc(F)cc1,2329.9999999999995,-3.367355921026019,0,train
CCOP(=O)(OCC)C(NC(=O)COC(=O)[C@]1(C)CC[C@]2(C)CC[C@]3(C)C4=CC=C5C(=CC(=O)C(O)=C5C)[C@]4(C)CC[C@@]3(C)[C@@H]2C1)c1ccc(C)cc1,4550.000000000002,-3.6580113966571126,0,test
CCOP(=O)(OCC)C(NC(=O)COC(=O)[C@]1(C)CC[C@]2(C)CC[C@]3(C)C4=CC=C5C(=CC(=O)C(O)=C5C)[C@]4(C)CC[C@@]3(C)[C@@H]2C1)c1ccc(OC)cc1,1480.0000000000005,-3.170261715394957,0,train
CC1=C(O)C(=O)C=C2C1=CC=C1[C@@]2(C)CC[C@@]2(C)[C@@H]3C[C@](C)(C(=O)OCC(=O)NCc4cn(-c5ccccc5)nn4)CC[C@]3(C)CC[C@]12C,1160.0000000000002,-3.0644579892269186,1,test
CC1=C(O)C(=O)C=C2C1=CC=C1[C@@]2(C)CC[C@@]2(C)[C@@H]3C[C@](C)(C(=O)OCC(=O)NCc4cn(-c5ccc(C)cc5)nn4)CC[C@]3(C)CC[C@]12C,2720.0,-3.4345689040341987,0,train
COc1ccc(-n2cc(CNC(=O)COC(=O)[C@]3(C)CC[C@]4(C)CC[C@]5(C)C6=CC=C7C(=CC(=O)C(O)=C7C)[C@]6(C)CC[C@@]5(C)[C@@H]4C3)nn2)cc1,9110.0,-3.9595183769729982,0,test
CC1=C(O)C(=O)C=C2C1=CC=C1[C@@]2(C)CC[C@@]2(C)[C@@H]3C[C@](C)(C(=O)OCC(=O)NCc4cn(-c5ccc(Cl)cc5)nn4)CC[C@]3(C)CC[C@]12C,21920.000000000007,-4.340840549812332,1,train
CC1=C(O)C(=O)C=C2C1=CC=C1[C@@]2(C)CC[C@@]2(C)[C@@H]3C[C@](C)(C(=O)OCC(=O)NCc4cn(-c5ccc(Cl)c(Cl)c5)nn4)CC[C@]3(C)CC[C@]12C,2450.000000000001,-3.3891660843645326,0,train
CC1=C(O)C(=O)C=C2C1=CC=C1[C@@]2(C)CC[C@@]2(C)[C@@H]3C[C@](C)(C(=O)OCC(=O)Nc4cnc5ccccc5c4)CC[C@]3(C)CC[C@]12C,1039.9999999999998,-3.0170333392987803,1,train
CC1=C(O)C(=O)C=C2C1=CC=C1[C@@]2(C)CC[C@@]2(C)[C@@H]3C[C@](C)(C(=O)OCC(=O)Nc4ccnc5ccccc45)CC[C@]3(C)CC[C@]12C,4000.000000000001,-3.6020599913279625,0,train
CC1=C(O)C(=O)C=C2C1=CC=C1[C@@]2(C)CC[C@@]2(C)[C@@H]3C[C@](C)(C(=O)OCC(=O)Nc4cccc5ncccc45)CC[C@]3(C)CC[C@]12C,1110.0000000000005,-3.0453229787866576,1,test
CC1=C(O)C(=O)C=C2C1=CC=C1[C@@]2(C)CC[C@@]2(C)[C@@H]3C[C@](C)(C(=O)OCC(=O)Nc4ccc5ncccc5c4)CC[C@]3(C)CC[C@]12C,2910.0000000000005,-3.463892988985908,0,train
CC1=C(O)C(=O)C=C2C1=CC=C1[C@@]2(C)CC[C@@]2(C)[C@@H]3C[C@](C)(C(=O)OCC(=O)Nc4cccc5cccnc45)CC[C@]3(C)CC[C@]12C,1689.9999999999995,-3.227886704613673,0,train
CC1=C(O)C(=O)C=C2C1=CC=C1[C@@]2(C)CC[C@@]2(C)[C@@H]3C[C@](C)(C(=O)OCCOc4cnc5ccccc5c4)CC[C@]3(C)CC[C@]12C,16849.999999999993,-4.226599905207357,1,train
CC1=C(O)C(=O)C=C2C1=CC=C1[C@@]2(C)CC[C@@]2(C)[C@@H]3C[C@](C)(C(=O)OCCOc4cccc5ncccc45)CC[C@]3(C)CC[C@]12C,14439.999999999996,-4.15956719323362,1,train
CC1=C(O)C(=O)C=C2C1=CC=C1[C@@]2(C)CC[C@@]2(C)[C@@H]3C[C@](C)(C(=O)OCCOc4ccc5cccnc5c4)CC[C@]3(C)CC[C@]12C,5270.000000000002,-3.7218106152125463,0,train
CC1=C(O)C(=O)C=C2C1=CC=C1[C@@]2(C)CC[C@@]2(C)[C@@H]3C[C@](C)(C(=O)OCC(=O)Nc4ccc(F)cn4)CC[C@]3(C)CC[C@]12C,1260.0,-3.100370545117563,1,train
CC1=C(O)C(=O)C=C2C1=CC=C1[C@@]2(C)CC[C@@]2(C)[C@@H]3C[C@](C)(C(=O)OCC(=O)Nc4ccc(F)nc4)CC[C@]3(C)CC[C@]12C,4210.0,-3.624282095835668,0,test
CC1=C(O)C(=O)C=C2C1=CC=C1[C@@]2(C)CC[C@@]2(C)[C@@H]3C[C@](C)(C(=O)OCC(=O)Nc4cc(C)on4)CC[C@]3(C)CC[C@]12C,3070.0000000000005,-3.4871383754771865,0,train
CC1=C(O)C(=O)C=C2C1=CC=C1[C@@]2(C)CC[C@@]2(C)[C@@H]3C[C@](C)(C(=O)OCCOc4cc(C)oc(=O)c4)CC[C@]3(C)CC[C@]12C,1160.0000000000002,-3.0644579892269186,1,train
CC1=C(O)C(=O)C=C2C1=CC=C1[C@@]2(C)CC[C@@]2(C)[C@@H]3C[C@](C)(C(=O)OCCOc4ccc5ccc(=O)oc5c4)CC[C@]3(C)CC[C@]12C,2450.000000000001,-3.3891660843645326,0,train
CC1=C(O)C(=O)C=C2C1=CC=C1[C@@]2(C)CC[C@@]2(C)[C@@H]3C[C@](C)(C(=O)O)CC[C@]3(C)CC[C@]12C,760.0,-2.880813592280792,0,train
Nc1nc2cc(-c3nn(CCCCC(=O)NO)c4ncnc(N)c34)ccc2o1,33720.000000000015,-4.527887565952705,0,train
Nc1nc2cc(-c3nn(CCCCCC(=O)NO)c4ncnc(N)c34)ccc2o1,34180.00000000002,-4.533772058384718,0,train
Nc1nc2cc(-c3nn(CCCCCCC(=O)NO)c4ncnc(N)c34)ccc2o1,13959.999999999996,-4.144885418287142,0,train
CNC(=O)CCCCCCCn1nc(-c2ccc3oc(N)nc3c2)c2c(N)ncnc21,10279.999999999996,-4.011993114659257,0,train
Nc1nc2cc(-c3nn(CCCCCCCCC(=O)NO)c4ncnc(N)c34)ccc2o1,8890.0,-3.9489017609702137,0,train
Nc1nc2cc(-c3nn(CCCCCCCCCC(=O)NO)c4ncnc(N)c34)ccc2o1,28790.0,-4.459241664878082,0,train
Nc1ncnc2c1c(-c1cnc3[nH]ccc3c1)nn2CCCCCCC(=O)NO,26250.000000000004,-4.419129307741976,0,train
CNC(=O)CCCCCCCn1nc(-c2cnc3[nH]ccc3c2)c2c(N)ncnc21,16319.99999999999,-4.212720154417842,0,test
Nc1ncnc2c1c(-c1cnc3[nH]ccc3c1)nn2CCCCCCCCC(=O)NO,8390.000000000004,-3.923761960828701,0,train
Nc1ncnc2c1c(-c1cnc3[nH]ccc3c1)nn2CCCCCCCCCC(=O)NO,17159.999999999996,-4.234517283512687,0,test
CC(C)n1nc(-c2ccc3oc(N)nc3c2)c2c(N)ncnc21,4430.0,-3.6464037262230695,0,train
COc1cc(C#Cc2cnc(NC(=O)N3CCCc4cc(CN5CCN(C)CC5=O)c(C=O)nc43)cc2OC(C)C)cc(OC)c1,1341.4000000000003,-3.127558302004633,0,train
COc1cc(CCc2cnc(NC(=O)N3CCCc4cc(CN5CCN(C)CC5=O)c(C=O)nc43)cc2OC(C)C)cc(OC)c1,1451.1800000000003,-3.1617212843594245,0,train
CC(C)Oc1cc(NC(=O)N2CCCc3cc(CN4CCN(C)CC4=O)c(C=O)nc32)ncc1C#Cc1ccccn1,657.7199999999999,-2.818041048119825,0,train
CC(C)Oc1cc(NC(=O)N2CCCc3cc(CN4CCN(C)CC4=O)c(C=O)nc32)ncc1C#Cc1cccnc1,104.13000000000002,-2.0175758683910745,0,train
C=CC1CN2CCC1CC2[C@@H](NC(=S)Nc1cc(C(F)(F)F)cc(C(F)(F)F)c1)c1ccnc2ccc(OC)cc12,290.0,-2.462397997898956,0,test
C=CC1CN2CCC1CC2[C@@H](NC(=O)Nc1ccc(C(F)(F)F)cc1)c1ccnc2ccc(OC)cc12,590.0,-2.770852011642144,0,train
C=CC1CN2CCC1CC2[C@@H](NC(=O)Nc1ccc(F)cc1)c1ccnc2ccc(OC)cc12,2000.0,-3.3010299956639813,0,train
C=CC1CN2CCC1C[C@H]2[C@@H](NC(=O)Nc1cccc(C(F)(F)F)c1)c1ccnc2ccc(OC)cc12,1619.999999999999,-3.2095150145426308,0,test
C=CC1CN2CCC1C[C@H]2[C@@H](NC(=O)Nc1ccccc1C(F)(F)F)c1ccnc2ccc(OC)cc12,3050.0000000000005,-3.484299839346786,0,train
C=CC1CN2CCC1C[C@H]2[C@@H](NC(=O)Nc1cc(C)cc(C)c1)c1ccnc2ccc(OC)cc12,5120.000000000001,-3.709269960975831,0,train
C=CC1CN2CCC1C[C@H]2[C@@H](NC(=O)Nc1ccc(OC)cc1)c1ccnc2ccc(OC)cc12,9919.999999999996,-3.9965116721541785,0,train
C=CC1CN2CCC1C[C@H]2[C@@H](NC(=O)Nc1cc(OC)cc(OC)c1)c1ccnc2ccc(OC)cc12,3529.999999999998,-3.5477747053878224,0,train
O=C(Nc1ccc2c(=O)cc(-c3nnn[nH]3)oc2c1)c1ccc(OCCCCc2ccccc2)cc1,34300.00000000002,-4.535294120042771,0,train
CC(=O)c1c(O)c(C)c(O)c(Cc2c(O)c3c(c(C(=O)/C=C/c4ccccc4)c2O)OC(C)(C)C=C3)c1O,249.99999999999997,-2.397940008672037,0,test
O=c1[nH]c2ccccc2n1C1CCN(Cc2ccc(-c3nc4cc5[nH]cnc5cc4nc3-c3ccccc3)cc2)CC1,3500.0000000000005,-3.544068044350276,0,test
CCC(=O)CCCCC[C@@H]1NC(=O)[C@H]2CCCCN2C(=O)[C@H]([C@@H](C)CC)NC(=O)[C@H](Cc2cc3ccccc3n2OC)NC1=O,189.99999999999997,-2.278753600952829,0,train
C=CC[Se]c1ccc(S(=O)(=O)CCC)nn1,30699.99999999997,-4.487138375477186,0,train
Cc1cccc(/C=N/NC(=O)Cn2nc(N3CCN(c4ccc(Cl)cc4)CC3)ccc2=O)c1,24300.0,-4.385606273598312,0,test
COc1ccc(Cn2c(C(=O)O)c(CN(C)Cc3cccc(OC)c3)c3ccc(C)cc32)cc1,14450.00000000001,-4.159867847092567,0,train
COc1ccc(Cn2c(C(=O)O)c(CNCc3ccc(O)c(OC)c3)c3ccc(C)cc32)cc1,8200.0,-3.9138138523837167,0,train
COc1ccc(Cn2c(C(=O)O)c(CNCc3cccc(O)c3)c3ccc(C)cc32)cc1,11789.999999999987,-4.071513805095089,0,train
COc1ccc(Cn2c(C(=O)O)c(CNCc3ccc(O)c(OC)c3)c3ccc(C(C)C)cc32)cc1,4710.0,-3.673020907128896,0,train
COc1ccc(Cn2c(C(=O)O)c(CNCc3cccc(O)c3)c3ccc(C(C)C)cc32)cc1,6600.000000000002,-3.8195439355418688,0,test
COc1cccc(CNCc2c(C(=O)O)n(Cc3ccc(C)cc3)c3ccccc23)c1,14470.0,-4.1604685311190375,0,train
COc1cccc(CNCc2c(C(=O)O)n(Cc3ccccc3)c3cc(C)ccc23)c1,7309.999999999997,-3.86391737695786,0,train
COc1cccc(CNCc2c(C(=O)O)n(Cc3ccc(C)cc3)c3cc(C)ccc23)c1,6330.000000000002,-3.801403710017355,0,train
COc1cccc(CNCc2c(C(=O)O)n(Cc3ccccc3)c3cc(C(C)C)ccc23)c1,4110.000000000001,-3.613841821876069,0,train
COc1cccc(CNCc2c(C(=O)O)n(Cc3ccc(C)cc3)c3cc(C(C)C)ccc23)c1,4069.999999999999,-3.60959440922522,0,train
COc1cccc(CNCc2c(C(=O)O)n(Cc3ccccc3F)c3cc(C(C)C)ccc23)c1,5189.999999999997,-3.7151673578484576,0,train
COc1cccc(CNCc2c(C(=O)O)n(Cc3ccc(O)cc3)c3cc(C(C)C)ccc23)c1,5339.999999999997,-3.727541257028556,0,train
COc1cccc(CNCc2c(C(=O)O)n(Cc3ccc(N)cc3)c3cc(C(C)C)ccc23)c1,11250.000000000004,-4.051152522447381,0,train
O=C(NCCCNc1cc(-c2cn(-c3ccccc3)nc2-c2cccc(O)c2)ccn1)Nc1cccc(C(F)(F)F)c1,4900.000000000002,-3.690196080028514,0,train
COc1ccc2cc1Oc1ccc(cc1)C[C@H]1c3cc(c(OC)cc3CCN1C)Oc1c(OC)c(OC)c(OC)c3c1[C@H](C2)N(C)CC3,6710.0,-3.826722520168992,0,train
CCOc1ccc2c(c1)c1c(n2CCN2CCNCC2)-c2cc(C(C)C)ccc2[C@@]2(C)CCC[C@@](C)(C(=O)OC)C12,509.9999999999999,-2.7075701760979363,0,train
Cc1cc(Nc2ncc(Cl)c(Nc3ccccc3S(=O)(=O)C(C)C)n2)c(OC(C)C)cc1C1CCNCC1,2159.999999999999,-3.3344537511509307,0,train
CNC(=O)c1ccccc1Nc1nc(Nc2ccc3c(C(=O)N(C)C)c(C)[nH]c3c2)ncc1Cl,59.00000000000001,-1.7708520116421442,0,test
C=C1C[C@H](OC(=O)C(=C)C)[C@H]2C(=C)C(=O)O[C@@H]2[C@@H]2O[C@](OC)(C=C2C)C1,2399.9999999999995,-3.380211241711606,0,train
C=C1C[C@H](OC(=O)/C(C)=C/C)[C@H]2C(=C)C(=O)O[C@@H]2[C@@H]2O[C@](OC)(C=C2C)C1,8500.000000000002,-3.929418925714293,0,train
C=C1C[C@H](OC(=O)C(=C)C)[C@H]2C(=C)C(=O)O[C@@H]2[C@@H]2O[C@@](OC)(C1)C[C@@]2(C)O,2399.9999999999995,-3.380211241711606,0,train
C=C1C[C@H](OC(=O)/C(C)=C/C)[C@H]2C(=C)C(=O)O[C@@H]2[C@@H]2O[C@@](OC)(C1)C[C@@]2(C)O,9499.999999999996,-3.977723605288848,0,train
C=C1C[C@H](OC(=O)/C(C)=C/C)[C@H]2C(=C)C(=O)O[C@@H]2[C@@H]2O[C@@](O)(C1)C[C@@]2(C)O,3099.9999999999995,-3.4913616938342726,0,test
C=C1C(=O)O[C@H]2[C@H]1[C@@H](OC(=O)/C(C)=C/C)C/C(C)=C\[C@@]1(c3ccc(O)c(O)c3)C=C(C)[C@H]2O1,3600.0,-3.5563025007672877,0,test
C=C1C(=O)O[C@H]2[C@H]1[C@@H](OC(=O)/C(C)=C/C)C/C(C)=C\[C@@]1(c3cccc(O)c3O)C=C(C)[C@H]2O1,5800.000000000001,-3.763427993562937,0,test
C=C(C)C(=O)O[C@H]1C/C(C)=C\[C@@]2(c3ccc(O)c(O)c3)C=C(C)[C@@H](O2)[C@H]2OC(=O)C(=C)[C@@H]21,3700.0,-3.568201724066995,0,train
C=C(C)C(=O)O[C@H]1C/C(C)=C\[C@@]2(c3cccc(O)c3O)C=C(C)[C@@H](O2)[C@H]2OC(=O)C(=C)[C@@H]21,5599.999999999998,-3.7481880270062,0,train
C=C1C[C@H](OC(=O)C(=C)C)[C@H]2C(=C)C(=O)O[C@@H]2[C@@H]2O[C@@](O)(C1)C[C@@]2(C)OC,7500.000000000001,-3.8750612633917,0,train
C=C1C[C@H](OC(=O)C(=C)C)[C@H]2C(=C)C(=O)O[C@@H]2[C@@H]2O[C@@](O)(C1)C[C@@]2(C)O,6600.000000000002,-3.8195439355418688,0,train
C=C(C)C(=O)O[C@H]1C/C(C)=C\[C@@]2(OC)C=C(C)[C@@H](O2)[C@H]2OC(=O)C(=C)[C@@H]21,8500.000000000002,-3.929418925714293,0,train
C[C@H](Nc1nc(N)nc(N)c1C#N)c1nn(-c2cccnc2)c2cc(Cl)ccc12,1090.0000000000005,-3.037426497940624,1,train
C[C@H](Nc1nc(N)nc(N)c1C#N)c1nn(-c2cccc(S(C)(=O)=O)c2)c2cc(Cl)ccc12,5110.000000000001,-3.708420900134713,0,test
C[C@H](Nc1nc(N)nc(N)c1C#N)c1nn(-c2cccnc2)c2cc(C(F)(F)F)ccc12,9709.999999999996,-3.9872192299080047,0,test
C[C@H](Nc1nc(N)nc(N)c1C#N)c1nn(-c2ccncc2)c2cc(F)ccc12,11639.999999999993,-4.065952980313869,1,train
CC[C@H](Nc1nc(N)nc(N)c1C#N)c1nn(-c2cccnc2)c2cc(Cl)ccc12,12109.999999999993,-4.083144143143052,1,train
C[C@H](Nc1ncnc2[nH]cnc12)c1nn(-c2cccc(S(C)(=O)=O)c2)c2cc(F)ccc12,13039.999999999987,-4.115277591395901,0,train
C[C@H](Nc1ncnc2[nH]cnc12)c1nn(-c2ccc(C#N)cc2)c2cc(F)ccc12,13480.000000000002,-4.129689892199301,0,test
C[C@H](Nc1ncnc(N)c1C#N)c1nn(-c2cccnc2)c2cc(F)ccc12,19220.0,-4.283753383332527,1,train
C[C@H](Nc1nc(N)nc(N)c1C#N)c1nn(-c2cccc(S(C)(=O)=O)c2)c2cc(F)ccc12,19740.0,-4.295347148333618,0,train
C[C@H](Nc1ncnc2[nH]cnc12)c1nn(-c2ccncc2)c2cc(F)ccc12,21380.0,-4.330007700872759,0,train
C[C@H](Nc1nc(N)nc(N)c1C#N)c1nn(-c2cccnc2)c2cc(F)ccc12,23769.999999999985,-4.37602918172818,1,train
C[C@H](Nc1nc(N)nc(N)c1C#N)c1nn(-c2cccnc2)c2ccccc12,26470.0,-4.422753941301348,1,train
C[C@H](Nc1ncnc2[nH]cnc12)c1nn(-c2cccnc2)c2cc(F)ccc12,34450.000000000015,-4.537189226243645,0,train
CC[C@H](Nc1nc(N)nc(N)c1C#N)c1nn(-c2cccnc2)c2cc(F)ccc12,37540.00000000002,-4.574494268285328,1,train
C[C@H](Nc1ncnc2[nH]cnc12)c1nn(-c2cccnc2)c2ccc(F)cc12,40119.99999999999,-4.60336092434838,0,train
CC[C@H](Nc1ncnc2[nH]cnc12)c1nc2cccc(F)c2c(=O)n1-c1ccccc1,77550.00000000001,-4.889581802149624,0,train
COc1cc2c(c(OC)c1OC)-c1ccc(OC)c(=O)cc1[C@@H](NC(C)=O)CC2,140.00000000000006,-2.146128035678238,0,train
COc1cc2c(c(OC)c1OC)-c1ccc(OC)c(=O)cc1[C@@H](NC(=O)CCC(=O)O[C@H]1[C@H](O)[C@@H](CO)OC(O)[C@@H]1O)CC2,7029.999999999998,-3.846955325019824,0,train
COc1cc2c(c(OC)c1OC)-c1ccc(OC)c(=O)cc1[C@@H](NC(=O)CCCC(=O)O[C@H]1[C@H](O)[C@@H](CO)OC(O)[C@@H]1O)CC2,8910.000000000002,-3.949877704036875,0,train
COc1cc2c(c(OC)c1OC)-c1ccc(OC)c(=O)cc1[C@@H](NC(=O)CSCC(=O)O[C@H]1[C@H](O)[C@@H](CO)OC(O)[C@@H]1O)CC2,8559.999999999996,-3.932473764677153,0,train
COc1cc2c(c(OC)c1OC)-c1ccc(OC)c(=O)cc1[C@@H](NC(=O)CSCC(=O)OC[C@H]1OC(O)[C@H](O)[C@@H](O)[C@@H]1O)CC2,9259.999999999996,-3.966610986681934,0,train
C=CC(=O)Nc1cccc(Cl)c1Nc1ncc2cc(-c3c(Cl)c(OC)cc(OC)c3Cl)ccc2n1,160.00000000000009,-2.204119982655925,0,train
C=CC(=O)Nc1cccc(Cl)c1Nc1n[nH]c2ccc(O[C@H](C)c3c(Cl)cncc3Cl)cc12,4439.999999999998,-3.64738297011462,0,test
C=CC(=O)Nc1cccc(F)c1Nc1n[nH]c2ccc(O[C@H](C)c3c(Cl)cncc3Cl)cc12,710.0000000000003,-2.8512583487190755,1,test
C=CC(=O)Nc1cccc(C)c1Nc1n[nH]c2ccc(O[C@H](C)c3c(Cl)cncc3Cl)cc12,2700.0000000000005,-3.431363764158988,1,train
C=CC(=O)Nc1cccc(CC)c1Nc1n[nH]c2ccc(O[C@H](C)c3c(Cl)cncc3Cl)cc12,16300.000000000013,-4.212187604403958,1,train
C=CC(=O)Nc1cccc(C2CC2)c1Nc1n[nH]c2ccc(O[C@H](C)c3c(Cl)cncc3Cl)cc12,15299.999999999987,-4.184691430817598,1,train
C=CC(=O)Nc1cccc(OC)c1Nc1n[nH]c2ccc(O[C@H](C)c3c(Cl)cncc3Cl)cc12,10500.000000000004,-4.021189299069938,1,test
C=CC(=O)Nc1ccc(OC)cc1Nc1n[nH]c2ccc(O[C@H](C)c3c(Cl)cncc3Cl)cc12,30200.000000000025,-4.480006942957151,1,test
C=CC(=O)Nc1cc(N2CCN(C)CC2)ccc1Nc1n[nH]c2ccc(O[C@H](C)c3c(Cl)cncc3Cl)cc12,290.0,-2.462397997898956,1,train
C=CC(=O)Nc1cc(N2CCC(N3CCOCC3)CC2)ccc1Nc1n[nH]c2ccc(O[C@H](C)c3c(Cl)cncc3Cl)cc12,220.0,-2.342422680822206,0,train
C=CC(=O)Nc1cc(N2CCOCC2)ccc1Nc1n[nH]c2ccc(O[C@H](C)c3c(Cl)cncc3Cl)cc12,730.0,-2.863322860120456,1,train
C=CC(=O)Nc1cc(N2CCN(C)CC2)cc(F)c1Nc1n[nH]c2ccc(O[C@H](C)c3c(Cl)cncc3Cl)cc12,17.999999999999996,-1.255272505103306,1,train
C=CC(=O)Nc1cc(N2CCOCC2)cc(F)c1Nc1n[nH]c2ccc(O[C@H](C)c3c(Cl)cncc3Cl)cc12,220.0,-2.342422680822206,1,train
C=CC(=O)Nc1cc(N2CCC(N3CCOCC3)CC2)cc(F)c1Nc1n[nH]c2ccc(O[C@H](C)c3c(Cl)cncc3Cl)cc12,29.0,-1.462397997898956,0,train
C=CC(=O)Nc1cc(N2CCC(N(C)C)CC2)cc(F)c1Nc1n[nH]c2ccc(O[C@H](C)c3c(Cl)cncc3Cl)cc12,49.99999999999999,-1.6989700043360187,0,train
C=CC(=O)Nc1cc(N2CCN(C3COC3)CC2)cc(F)c1Nc1n[nH]c2ccc(O[C@H](C)c3c(Cl)cncc3Cl)cc12,50.99999999999999,-1.7075701760979365,0,test
C=CC(=O)Nc1cc(N2CCC(N3CCN(C)CC3)CC2)cc(F)c1Nc1n[nH]c2ccc(O[C@H](C)c3c(Cl)cncc3Cl)cc12,47.00000000000001,-1.6720978579357175,0,train
C=CC(=O)Nc1cc(N(C)CCOC)cc(F)c1Nc1n[nH]c2ccc(O[C@H](C)c3c(Cl)cncc3Cl)cc12,330.00000000000006,-2.5185139398778875,1,train
C=CC(=O)Nc1cc(N2CCN(S(C)(=O)=O)CC2)cc(F)c1Nc1c[nH]c2ccc(O[C@H](C)c3c(Cl)cncc3Cl)cc12,109.99999999999996,-2.041392685158225,0,train
CCc1nc2c(C)cc(-c3ccc(CN4CCN(CCO)CC4)cc3)cn2c1NC(=O)OCc1cc(Cl)cc(Cl)c1,580.0000000000001,-2.7634279935629373,1,train
CCc1nc2c(C)cc(-c3ccc(CN4CCC(C)CC4)cc3)cn2c1NC(=O)OCc1cc(Cl)cc(Cl)c1,4849.999999999998,-3.685741738602264,0,train
CCc1nc2c(C)cc(-c3ccc(CN4CCN(C)CC4)cc3)cn2c1NC(=O)OCc1cc(Cl)cc(Cl)c1,4900.000000000002,-3.690196080028514,0,train
CCc1nc2c(C)cc(-c3ccc(CN4CCN(C)CC4)cc3)cn2c1NC(=O)OCc1ccc(F)c(F)c1,4940.000000000002,-3.693726948923647,0,train
CCc1nc2c(C)cc(-c3ccc(CN4CCN(CCO)CC4)cc3)cn2c1NC(=O)OCc1ccc(C(F)(F)F)cc1,6089.999999999997,-3.784617292632875,0,train
CCc1nc2c(C)cc(-c3ccc(CN4CCN(CCO)CC4)cc3)cn2c1NC(=O)OCc1ccc(F)c(F)c1,10580.000000000013,-4.024485667699167,1,train
O=C(Nc1cccc2cccnc12)c1cnccn1,209.99999999999991,-2.322219294733919,0,test
C=CC(=O)Nc1cccc(C)c1Nc1ncc2cc(-c3c(Cl)c(OC)cc(OC)c3Cl)ccc2c1C#N,168.0,-2.225309281725863,0,train
C=CC(=O)Nc1cccc(C)c1Nc1ncc2cc(-c3c(Cl)c(OC)cc(OC)c3Cl)c(OC)cc2c1C#N,259.9999999999999,-2.4149733479708178,0,train
C=CC(=O)Nc1cccc(C)c1Nc1ncc2cc(-c3c(Cl)c(OC)cc(OC)c3Cl)cc(F)c2c1C#N,460.0000000000003,-2.6627578316815743,0,train
C=CC(=O)Nc1cccc(C)c1Nc1cc2[nH]c(=O)c(-c3c(Cl)c(OC)cc(OC)c3Cl)cc2cn1,72.00000000000001,-1.8573324964312683,0,test
C=CC(=O)Nc1cccc(C)c1Nc1cc2c(cn1)cc(-c1c(Cl)c(OC)cc(OC)c1Cl)c(=O)n2CC,43.39999999999999,-1.6374897295125106,0,test
C=CC(=O)Nc1cccc(C)c1Nc1cc2c(cn1)cc(-c1c(Cl)c(OC)cc(OC)c1Cl)c(=O)n2CC(F)(F)F,399.79999999999984,-2.601842789782098,0,train
C=CC(=O)Nc1cccc(C)c1Nc1cc2c(cn1)cc(-c1c(Cl)c(OC)cc(OC)c1Cl)c(=O)n2C1CC1,293.39999999999986,-2.467460109507264,1,test
C=CC(=O)Nc1cccc(C)c1Nc1cc2c(cn1)cc(-c1c(Cl)c(OC)cc(OC)c1Cl)c(=O)n2C1CCCC1,163.1999999999999,-2.212720154417842,0,train
C=CC(=O)Nc1cccc(OC)c1Nc1cc2c(cn1)cc(-c1c(Cl)c(OC)cc(OC)c1Cl)c(=O)n2CC,16.899999999999995,-1.2278867046136734,1,train
C=CC(=O)Nc1cnc2ccccc2c1Nc1cc2c(cn1)cc(-c1c(Cl)c(OC)cc(OC)c1Cl)c(=O)n2CC,47.00000000000001,-1.6720978579357175,0,train
C=CC(=O)Nc1ccc2ncccc2c1Nc1cc2c(cn1)cc(-c1c(Cl)c(OC)cc(OC)c1Cl)c(=O)n2CC,89.20000000000002,-1.9503648543761232,0,train
C=CC(=O)N[C@H]1CCOC[C@H]1Nc1cc2c(cn1)cc(-c1c(Cl)c(OC)cc(OC)c1Cl)c(=O)n2CC,24.9,-1.3961993470957363,0,train
C=CC(=O)N[C@H]1CCOC[C@H]1Nc1cc2c(cn1)cc(-c1c(Cl)c(OC)cc(OC)c1Cl)c(=O)n2C1CC1,22.100000000000005,-1.3443922736851108,0,train
C=CC(=O)Nc1cc(N2CCN(CC)CC2)ccc1Nc1cc2c(cn1)cc(-c1c(Cl)c(OC)cc(OC)c1Cl)c(=O)n2CC,15.200000000000005,-1.1818435879447726,1,test
C=CC(=O)Nc1cc(N2CCN(CC)CC2)cc(OC)c1Nc1cc2c(cn1)cc(-c1c(Cl)c(OC)cc(OC)c1Cl)c(=O)n2CC,164.8,-2.216957207361097,1,test
C=CC(=O)Nc1ccc(OC)c(-c2cc3c(cn2)cc(-c2c(Cl)c(OC)cc(OC)c2Cl)c(=O)n3CC)c1,20.5,-1.3117538610557542,0,test
C=CC(=O)Nc1cc(-c2cc3c(cn2)cc(-c2c(Cl)c(OC)cc(OC)c2Cl)c(=O)n3CC)c(OC)cc1N1CCN(CC)CC1,17.4,-1.2405492482825995,0,train
C=CC(=O)Nc1cc(-c2cc3c(cn2)cc(-c2c(Cl)c(OC)cc(OC)c2Cl)c(=O)n3CC)ccc1N1CCN(CC)CC1,74.49999999999999,-1.8721562727482928,0,train
C=CC(=O)Nc1cc(-c2cc3c(cn2)cc(-c2c(Cl)c(OC)cc(OC)c2Cl)c(=O)n3CC)c(C)cc1N1CCN(CC)CC1,110.40000000000003,-2.04296907339318,0,test
C=CC(=O)Nc1cc(-c2cc3c(cn2)cc(-c2c(Cl)c(OC)cc(OC)c2Cl)c(=O)n3CC)c(OC)nc1N1CCN(CC)CC1,100.50000000000004,-2.002166061756508,0,test
C=CC(=O)Nc1cc(-c2cc3c(cn2)cc(-c2c(Cl)c(OC)cc(OC)c2Cl)c(=O)n3CC)c(OC)cc1N(C)CCN(C)C,49.99999999999999,-1.6989700043360187,0,train
C=CC(=O)Nc1cc(-c2cc3c(cn2)cc(-c2c(Cl)c(OC)cc(OC)c2Cl)c(=O)n3CC)c(OC)cc1N1CCN(C(C)=O)CC1,60.0,-1.7781512503836436,0,train
C=CC(=O)Nc1cc(-c2cc3c(cn2)cc(-c2c(Cl)c(OC)cc(OC)c2Cl)c(=O)n3CC)c(OC)cc1N1C[C@@H](C)N[C@@H](C)C1,90.79999999999998,-1.958085848521085,0,train
C=CC(=O)Nc1cc(-c2cc3c(cn2)cc(-c2c(Cl)c(OC)cc(OC)c2Cl)c(=O)n3CC)c(OC)cc1N1C[C@@H](C)N(CC)[C@@H](C)C1,85.99999999999999,-1.934498451243568,0,train
C=CC(=O)Nc1cc(-c2cc3c(cn2)cc(-c2c(Cl)c(OC)cc(OC)c2Cl)c(=O)n3CC)c(OC)cc1N1CCC2(CCOCC2)C1,20.2,-1.3053513694466237,0,test
C=CC(=O)Nc1cc(-c2cc3c(cn2)cc(-c2c(Cl)c(OC)cc(OC)c2Cl)c(=O)n3CC)c(OC)cc1N1CCC2(CCN(CC)C2)C1,29.800000000000004,-1.4742162640762553,0,train
C=CC(=O)Nc1cc(-c2cc3c(cn2)cc(-c2c(Cl)c(OC)cc(OC)c2Cl)c(=O)n3CC)c(OC)cc1N1C[C@H]2C[C@@H]1CO2,15.8,-1.1986570869544226,0,train
CC#CC(=O)Nc1cc(-c2cc3c(cn2)cc(-c2c(Cl)c(OC)cc(OC)c2Cl)c(=O)n3CC)c(OC)cc1N1C[C@H]2C[C@@H]1CO2,10.2,-1.0086001717619175,0,train
CC#CC(=O)Nc1cc(-c2cc3c(cn2)cc(-c2c(Cl)c(OC)cc(OC)c2Cl)c(=O)n3CC)c(OC)cc1N1CCN(CC)CC1,30.60000000000001,-1.48572142648158,0,test
C=CC(=O)N[C@H]1CCOC[C@H]1Nc1ncc2cc(-c3c(Cl)c(OC)cc(OC)c3Cl)ccc2n1,40.000000000000014,-1.6020599913279625,0,train
C[C@@]12C(=O)N(c3ncc([N+](=O)[O-])s3)C(=O)[C@]1(C)[C@H]1CC[C@@H]2O1,400.0000000000001,-2.6020599913279625,0,train
C[C@@]12C(=O)N(c3nc4ccc(OC(F)(F)F)cc4s3)C(=O)[C@]1(C)[C@H]1CC[C@@H]2O1,15800.000000000016,-4.198657086954423,0,train
COCCNc1cc(NC(=O)c2cn(C)c3ccc(C=O)nc23)ncc1C#N,14299.999999999987,-4.155336037465061,1,train
COCCNc1cc(NC(=O)c2c[nH]c3ccc(C=O)nc23)ncc1C#N,17100.000000000007,-4.232996110392154,0,train
CCCn1cc(C(=O)Nc2cc(NCCOC)c(C#N)cn2)c2nc(C=O)ccc21,1879.9999999999989,-3.27415784926368,0,train
COCCNc1cc(NC(=O)c2cn(CC(C)C)c3ccc(C=O)nc23)ncc1C#N,795.9999999999997,-2.900913067737669,1,train
COCCNc1cc(NC(=O)c2cn(CC3CC3)c3ccc(C=O)nc23)ncc1C#N,8280.000000000004,-3.91803033678488,1,train
COCCNc1cc(NC(=O)c2cn(C3CCCC3)c3ccc(C=O)nc23)ncc1C#N,1220.0000000000005,-3.0863598306747484,0,test
COCCNc1cc(NC(=O)c2cn(CCOC)c3ccc(C=O)nc23)ncc1C#N,3449.999999999998,-3.537819095073274,0,test
COCCNc1cc(NC(=O)c2cn(CCN3CCOCC3)c3ccc(C=O)nc23)ncc1C#N,578.0,-2.761927838420529,1,train
CN(C)CCNc1cc(NC(=O)c2cn(C)c3ccc(C=O)nc23)ncc1C#N,12000.000000000007,-4.079181246047625,0,train
CN1CCN(CCNc2cc(NC(=O)c3cn(C)c4ccc(C=O)nc34)ncc2C#N)CC1,15200.000000000002,-4.181843587944773,0,train
CC(C)Oc1cc(NC(=O)c2cn(C)c3ccc(C=O)nc23)ncc1C#N,27099.999999999975,-4.432969290874405,0,train
COCCNc1ccnc(NC(=O)c2cn(C)c3ccc(C=O)nc23)c1,35399.999999999985,-4.549003262025788,0,train
COCCNc1cc(NC(=O)c2cn(C)c3ccc(C=O)nc23)ncc1Cl,35000.0,-4.544068044350276,0,test
COCCNc1cc(NC(=O)c2cn(C)c3cc(CN4CCN(C)CC4)c(C=O)nc23)ncc1C#N,560.9999999999997,-2.748962861256161,0,train
COCCNc1cc(NC(=O)c2cn(C)c3cc(CN4CCN(C)CC4=O)c(C=O)nc23)ncc1C#N,260.99999999999994,-2.416640507338281,0,train
COCCNc1cc(NC(=O)c2cn(C)c3cc(Br)c(C=O)nc23)ncc1C#N,138.99999999999997,-2.143014800254095,1,train
COCCNc1cc(NC(=O)c2cn(CCN3CCOCC3)c3cc(Br)c(C=O)nc23)ncc1C#N,302.99999999999983,-2.481442628502305,0,train
CC(Oc1cc(NC(=O)c2cn(CCN3CCOCC3)c3cc(Br)c(C=O)nc23)ncc1C#N)C1CCOCC1,574.0000000000001,-2.7589118923979736,0,train
CC(Oc1cc(NC(=O)c2cn(CCN3CCOCC3)c3cc(Br)c(C=O)nc23)ncc1C#N)c1c(Cl)cccc1Cl,392.9999999999999,-2.5943925503754266,0,test
CC(Oc1cc(NC(=O)c2cn(CCN3CCOCC3)c3cc(Br)c(C=O)nc23)ncc1C#N)c1c(Cl)ccc(F)c1Cl,514.0000000000001,-2.710963118995276,0,train
CC(Oc1cc(NC(=O)c2cn(CCN3CCOCC3)c3cc(Br)c(C=O)nc23)ncc1C#N)c1c(Cl)cc(F)cc1Cl,1330.0,-3.123851640967086,0,train
C[C@@H](Oc1cc(NC(=O)c2cn(CCN3CCN(C)CC3)c3cc(Br)c(C=O)nc23)ncc1C#N)c1c(Cl)cncc1Cl,109.00000000000004,-2.037426497940624,0,test
C[C@@H](Oc1cc(NC(=O)c2cn(CCN3CCC(N4CCOCC4)CC3)c3cc(Br)c(C=O)nc23)ncc1C#N)c1c(Cl)cncc1Cl,113.00000000000006,-2.05307844348342,0,train
C[C@@H](Oc1cc(NC(=O)c2cn(CCc3cnn(C)c3)c3cc(Br)c(C=O)nc23)ncc1C#N)c1c(Cl)cncc1Cl,72.00000000000001,-1.8573324964312683,0,train
C=C(C)CC[C@@H](C[C@]12C[C@H](CC=C(C)C)C(C)(C)[C@](CC=C(C)C)(C(=O)C(C(=O)c3cccc(O)c3)=C1O)C2=O)C(=C)C,20800.00000000002,-4.318063334962762,0,train
C=C(C)CC[C@@H]1C[C@]23C[C@H](CC=C(C)C)C(C)(C)[C@](CC=C(C)C)(C(=O)C(C(=O)c4cccc(O)c4)=C2OC1(C)C)C3=O,44800.00000000005,-4.651278013998144,0,test
CC(C)=CC[C@@H]1C[C@]23C[C@H](CCC(C)(C)O)C(C)(C)[C@](CC=C(C)C)(C(=O)C(C(=O)c4ccc(O)c(O)c4)=C2OC1(C)C)C3=O,23900.00000000001,-4.378397900948138,0,train
C=C(C)CC[C@@H]1C[C@]23C[C@H](CCC(C)(C)O)C(C)(C)[C@](CC=C(C)C)(C(=O)C(C(=O)c4ccc(O)c(O)c4)=C2OC1(C)C)C3=O,15800.000000000016,-4.198657086954423,0,train
C=C(C)[C@H]1C[C@]23C[C@H](CC=C(C)C)C(C)(C)[C@](CC=C(C)C)(C(=O)C(C(=O)c4cccc(O)c4)=C2O[C@@H]1C=C(C)C)C3=O,17900.000000000007,-4.252853030979893,0,train
C=C(C)[C@H]1C[C@]23C[C@H](CC=C(C)C)C(C)(C)[C@](CC=C(C)C)(C(=O)C(C(=O)c4ccc(O)c(O)c4)=C2O[C@@H]1C=C(C)C)C3=O,18200.00000000001,-4.260071387985075,0,train
CC(C)=CC[C@@H]1C[C@]23C[C@@H](CC=C(C)C)C(C)(C)[C@](CC=C(C)C)(C(=O)C(C(=O)c4ccc(O)c(O)c4)=C2OC1(C)C)C3=O,9300.000000000002,-3.9684829485539352,0,test
CC(C)=CC[C@@H]1C[C@]23C[C@H](CCC(C)(C)O)C(C)(C)OC2=C(C(=O)c2ccc(O)c(O)c2)C(=O)[C@@](CC=C(C)C)(C3=O)C1(C)C,8999.999999999998,-3.9542425094393248,0,train
