smiles,exp_mean [nM],y,cliff_mol,split
COc1ccc2cc(-c3n[nH]c4cccnc34)[nH]c2c1,8749.999999999998,-3.942008053022313,0,train
Cn1nc(C(N)=O)c2c1-c1nc(Nc3ccccc3)ncc1CC2,500.0,-2.6989700043360187,0,train
Cc1ccccc1Nc1ncc2c(n1)-c1c(c(C(N)=O)nn1C)CC2,241.0,-2.3820170425748683,0,test
COc1ccccc1Nc1ncc2c(n1)-c1c(c(C(N)=O)nn1C)CC2,66.00000000000001,-1.8195439355418688,0,train
Cn1nc(C(N)=O)c2c1-c1nc(Nc3ccccc3OC(F)(F)F)ncc1CC2,1217.9999999999995,-3.0856472882968564,0,train
CCc1cccc(CC)c1NC(=O)c1nn(C)c2c1CCc1cnc(Nc3ccccc3)nc1-2,530.0000000000001,-2.724275869600789,0,train
CNC(=O)c1nn(C)c2c1CCc1cnc(Nc3ccccc3)nc1-2,2170.0000000000005,-3.3364597338485296,0,train
CCc1cccc(CC)c1NC(=O)c1nn(C)c2c1CCc1cnc(Nc3ccccc3OC)nc1-2,525.0000000000002,-2.720159303405957,0,train
CCc1cccc(CC)c1NC(=O)c1nn(C)c2c1CCc1cnc(Nc3ccccc3OC(F)(F)F)nc1-2,823.0,-2.91539983521227,0,train
CCc1cccc(CC)c1NC(=O)c1nn(C)c2c1CCc1cnc(Nc3ccc(C(N)=O)cc3OC)nc1-2,36.0,-1.5563025007672873,0,train
CCc1cccc(CC)c1NC(=O)c1nn(C)c2c1CCc1cnc(Nc3ccc(C(N)=O)cc3OC(F)(F)F)nc1-2,140.00000000000006,-2.146128035678238,0,train
CCc1cccc(CC)c1NC(=O)c1nn(C)c2c1CCc1cnc(Nc3ccc(C(=O)NC4CCN(C)CC4)cc3OC)nc1-2,83.99999999999999,-1.9242792860618816,0,train
CCc1cccc(CC)c1NC(=O)c1nn(C)c2c1CCc1cnc(Nc3ccc(C(=O)NCCN(C)C)cc3OC)nc1-2,33.0,-1.5185139398778875,0,train
CCc1cccc(CC)c1NC(=O)c1nn(C)c2c1CCc1cnc(Nc3ccc(C(=O)NCCN(C)C)cc3OC(F)(F)F)nc1-2,130.00000000000006,-2.113943352306837,0,train
CCc1cccc(CC)c1NC(=O)c1nn(C)c2c1CCc1cnc(Nc3ccc(C(=O)N4CCC(N(C)C)CC4)cc3OC)nc1-2,19.0,-1.2787536009528289,1,train
CCc1cccc(CC)c1NC(=O)c1nn(C)c2c1CCc1cnc(Nc3ccc(C(=O)N4CCC(N(C)C)CC4)cc3OC(F)(F)F)nc1-2,205.99999999999997,-2.3138672203691533,1,train
CCc1cccc(CC)c1NC(=O)c1nn(C)c2c1CCc1cnc(Nc3ccc(C(=O)N4CCCN(C)CC4)cc3OC)nc1-2,21.0,-1.3222192947339193,0,train
CCc1cccc(CC)c1NC(=O)c1nn(C)c2c1CCc1cnc(Nc3ccc(C(=O)N4CCCN(C)CC4)cc3OC(F)(F)F)nc1-2,146.00000000000003,-2.164352855784437,0,test
CC(Oc1cc(-c2cc(-c3ccc(CN(C)C)cc3)cnc2N)ccc1C(N)=O)c1ccccc1C(F)(F)F,3060.000000000001,-3.48572142648158,0,train
C[C@@H](Oc1cc(-c2cc(-c3cc(CN(C)C)cs3)cnc2N)ccc1C(N)=O)c1ccccc1C(F)(F)F,4810.000000000002,-3.682145076373832,0,train
Cc1cc(N2CCOCC2)ccc1Nc1nc(NC2CCCCC2)c2nc[nH]c2n1,2.8800000000000003,-0.4593924877592309,1,train
Cc1cc(N2CCOCC2)ccc1Nc1nc(NC2CCC(N3CCOCC3)CC2)c2nc[nH]c2n1,360.0,-2.5563025007672877,1,train
Cc1cc(N2CCOCC2)ccc1Nc1nc(CC2CCCCC2)c2nc[nH]c2n1,170.00000000000006,-2.230448921378274,1,train
Cc1cc(N2CCOCC2)ccc1Nc1nc(NC2CCC(CN)CC2)c2nc[nH]c2n1,35.0,-1.5440680443502757,1,train
Cc1cc(N2CCOCC2)ccc1Nc1nc(N2CCOCC2)c2nc[nH]c2n1,130.00000000000006,-2.113943352306837,1,train
CCOC(=O)N1CCC(Nc2nc(Nc3ccc(N4CCOCC4)cc3C)nc3[nH]cnc23)CC1,28.0,-1.4471580313422192,0,train
Cc1cc(N2CCOCC2)ccc1Nc1nc(NC2CCNCC2)c2nc[nH]c2n1,230.00000000000009,-2.361727836017593,1,train
Cc1cc(N2CCOCC2)ccc1Nc1nc(OC2CCCCC2)c2nc[nH]c2n1,13.999999999999998,-1.146128035678238,1,train
Cc1cc(N2CCOCC2)ccc1Nc1nc(NC2CCC(O)CC2)c2nc[nH]c2n1,1.0,-0.0,1,train
c1nc2c(NC3CCCCC3)nc(Nc3ccc(N4CCOCC4)cc3)nc2[nH]1,3.4,-0.5314789170422551,0,train
FC(F)(F)Oc1cc(N2CCOCC2)ccc1Nc1nc(NC2CCCCC2)c2nc[nH]c2n1,1.0,-0.0,0,train
CS(=O)(=O)c1cc(N2CCOCC2)ccc1Nc1nc(NC2CCCCC2)c2nc[nH]c2n1,1000.0,-3.0,1,test
CSc1cc(N2CCOCC2)ccc1Nc1nc(NC2CCCCC2)c2nc[nH]c2n1,509.9999999999999,-2.7075701760979363,1,train
COc1cc(N2CCOCC2)ccc1Nc1nc(NC2CCCCC2)c2nc[nH]c2n1,4.0,-0.6020599913279624,1,train
CCOc1cc(N2CCOCC2)ccc1Nc1nc(NC2CCCCC2)c2nc[nH]c2n1,1.0,-0.0,1,train
FC(F)(F)c1cc(N2CCOCC2)ccc1Nc1nc(NC2CCCCC2)c2nc[nH]c2n1,3.0,-0.4771212547196624,1,train
COc1cc(N2CCNCC2)ccc1Nc1nc(NC2CCCCC2)c2nc[nH]c2n1,1.0,-0.0,1,test
COc1cc(N2CCN(S(C)(=O)=O)CC2)ccc1Nc1nc(NC2CCCCC2)c2nc[nH]c2n1,2.0,-0.3010299956639812,0,test
COc1cc(N2CCN(S(=O)(=O)CCCN3CCOCC3)CC2)ccc1Nc1nc(NC2CCCCC2)c2nc[nH]c2n1,2.0,-0.3010299956639812,0,test
COc1cc(N2CCN(C(=O)C3CCC(O)CC3)CC2)ccc1Nc1nc(NC2CCCCC2)c2nc[nH]c2n1,3.0,-0.4771212547196624,0,train
COc1cc(N2CCN(C(=O)N3CCN(C)CC3)CC2)ccc1Nc1nc(NC2CCCCC2)c2nc[nH]c2n1,3.0,-0.4771212547196624,0,train
CNC(=O)C(=O)N1CCN(c2ccc(Nc3nc(NC4CCCCC4)c4nc[nH]c4n3)c(OC)c2)CC1,9.0,-0.9542425094393248,0,train
COc1cc(N2CCN(C(=O)c3ccccn3)CC2)ccc1Nc1nc(NC2CCCCC2)c2nc[nH]c2n1,3.0,-0.4771212547196624,0,train
COc1cc(N2CCN(Cc3ccccn3)CC2)ccc1Nc1nc(NC2CCCCC2)c2nc[nH]c2n1,9.0,-0.9542425094393248,1,test
COc1cc(N2CCN(C(=O)N3CCC(O)C3)CC2)ccc1Nc1nc(NC2CCCCC2)c2nc[nH]c2n1,5.000000000000001,-0.6989700043360189,0,train
COc1cc(N2CCN(CC3CCOC3)CC2)ccc1Nc1nc(NC2CCCCC2)c2nc[nH]c2n1,9.0,-0.9542425094393248,1,train
COc1cc(N2CCC(N3CCOCC3)CC2)ccc1Nc1nc(NC2CCCCC2)c2nc[nH]c2n1,10.999999999999996,-1.041392685158225,1,train
COc1cc(N2CCC(C(=O)N3CCC(N(C)C)C3)CC2)ccc1Nc1nc(NC2CCCCC2)c2nc[nH]c2n1,4.0,-0.6020599913279624,0,train
COc1cc(N2CCC(C(=O)N3CCOCC3)CC2)ccc1Nc1nc(NC2CCCCC2)c2nc[nH]c2n1,4.0,-0.6020599913279624,0,train
COc1cc(N2CCC(CN3CCOCC3)CC2)ccc1Nc1nc(NC2CCCCC2)c2nc[nH]c2n1,5.000000000000001,-0.6989700043360189,1,train
COc1cc(N2CCC(CC(=O)N3CCOCC3)CC2)ccc1Nc1nc(NC2CCCCC2)c2nc[nH]c2n1,3.0,-0.4771212547196624,0,train
COc1cc(N2CCC(CC(=O)N3CCN(C)CC3)CC2)ccc1Nc1nc(NC2CCCCC2)c2nc[nH]c2n1,5.000000000000001,-0.6989700043360189,0,train
CCN(CC)CC1CCN(c2ccc(Nc3nc(NC4CCCCC4)c4nc[nH]c4n3)c(OC)c2)CC1,4.0,-0.6020599913279624,0,train
COc1cc(N2CCC(CC(=O)N3CCC(N(C)C)C3)CC2)ccc1Nc1nc(NC2CCCCC2)c2nc[nH]c2n1,7.0,-0.8450980400142568,0,train
COc1cc(N2CCC(CC(=O)N3CCCC3)CC2)ccc1Nc1nc(NC2CCCCC2)c2nc[nH]c2n1,7.0,-0.8450980400142568,0,train
COc1cc(N2CCC(C(=O)N3CC(O)C3)CC2)ccc1Nc1nc(NC2CCCCC2)c2nc[nH]c2n1,4.0,-0.6020599913279624,0,train
CCOc1ccc2[nH]nc(-c3ccccc3)c2c1,498.00000000000006,-2.6972293427597176,0,train
CC(=O)Nc1cccc(-c2n[nH]c3cc(-c4cnn(C)c4)c(NC4CCCCC4)cc23)c1,21.2,-1.3263358609287514,0,train
Cn1cc(-c2cc3[nH]nc(-c4cccc(S(N)(=O)=O)c4)c3cc2NC2CCCCC2)cn1,13.633333333333333,-1.1346020532876793,0,train
CCOc1cc2c(-c3cccc(S(N)(=O)=O)c3)n[nH]c2cc1-c1ccccc1,173.00000000000003,-2.2380461031287955,0,train
CCOc1ccc2[nH]nc(-c3cccc(C(N)=O)c3)c2c1,189.00000000000009,-2.2764618041732443,0,train
CCOc1ccc2[nH]nc(-c3cccc(NC(C)=O)c3)c2c1,116.00000000000004,-2.0644579892269186,0,train
CCOc1ccc2[nH]nc(-c3ccc(NC(C)=O)cc3)c2c1,437.9999999999998,-2.6414741105040997,0,train
COc1cc(N2CCN(S(C)(=O)=O)CC2)ccc1Nc1ncc2cccc(NC3CCCCC3)c2n1,2.0,-0.3010299956639812,1,train
COc1cc(N2CCN(S(C)(=O)=O)CC2)ccc1Nc1ncc2cccc(-c3cccnc3)c2n1,7.999999999999999,-0.9030899869919436,0,train
COc1cc(N2CCN(S(C)(=O)=O)CC2)ccc1Nc1ncc2cccc(-c3ccccc3)c2n1,5.000000000000001,-0.6989700043360189,0,test
COc1cc(N2CCOCC2)ccc1Nc1ncc2cccc(NC3CCCCC3)c2n1,9.0,-0.9542425094393248,0,train
COc1cc(N2CCOCC2)ccc1Nc1ncc2cccc(-c3ccccc3)c2n1,12.000000000000002,-1.0791812460476249,0,train
COc1cc(N2CCN(S(C)(=O)=O)CC2)ccc1Nc1ncc2ccn(-c3ccccn3)c2n1,32.00000000000001,-1.505149978319906,0,train
COc1cc(N2CCN(S(C)(=O)=O)CC2)ccc1Nc1ncc2ccn(C3CCCCC3)c2n1,20.000000000000004,-1.3010299956639813,1,train
Cc1cc(N2CCOCC2)ccc1Nc1ncc2ccn(C3CCCCC3)c2n1,22.0,-1.3424226808222062,0,train
COc1cc(N2CCOCC2)ccc1Nc1ncc2ccn(C3CCCCC3)c2n1,46.0,-1.662757831681574,0,train
COc1cc(N2CCN(S(C)(=O)=O)CC2)ccc1Nc1ncc(C)c(NC2CCCCC2)n1,28.0,-1.4471580313422192,0,train
COc1cc(N2CCN(S(C)(=O)=O)CC2)ccc1Nc1nccc(N(C)C2CCCCC2)n1,35.0,-1.5440680443502757,0,train
CC(C)(C)Nc1nc(Nc2ccc(C(N)=O)cc2)cc(N)c1C#N,8.7,-0.9395192526186184,0,train
COc1ccccc1Nc1cc2[nH]c(-c3c(C)noc3C)cc2cn1,4900.000000000002,-3.690196080028514,0,train
COc1ccc(C(F)(F)F)cc1Nc1cc2[nH]c(-c3cnn(C)c3)cc2cn1,4400.0,-3.643452676486187,0,test
COc1ccccc1Nc1cc2[nH]c(-c3cnn(C)c3C)cc2cn1,1600.000000000001,-3.204119982655925,1,train
COc1ccc(Nc2cc3[nH]c(-c4cn(C)nc4C(F)(F)F)cc3cn2)c(OC)c1,989.9999999999994,-2.9956351945975497,0,test
COc1ccccc1Nc1cc2[nH]c(-c3cncn3C)cc2cn1,639.9999999999999,-2.806179973983887,1,train
COc1ccccc1Nc1cc2[nH]c(-c3cnn(C(F)F)c3)cc2cn1,460.0000000000003,-2.6627578316815743,0,train
COc1ccccc1Nc1cc2[nH]c(-c3cnn(C)c3)cc2cn1,119.99999999999996,-2.0791812460476247,1,train
COc1ccccc1Nc1cc2[nH]c(-c3cnn(CC(F)(F)F)c3)cc2cn1,78.99999999999999,-1.8976270912904412,0,train
Cn1cc(-c2cc3cnc(Nc4ccccc4Cl)cc3[nH]2)cn1,74.00000000000001,-1.869231719730976,0,train
c1cc(OCCN2CCOCC2)ccc1Nc1cc2[nH]c(-c3cn[nH]c3)cc2cn1,63.0,-1.7993405494535817,0,train
CCOc1ccccc1Nc1cc2[nH]c(-c3cn[nH]c3)cc2cn1,58.00000000000001,-1.7634279935629371,0,train
COc1ccc(Nc2cc3[nH]c(-c4cn[nH]c4)cc3cn2)cc1,50.99999999999999,-1.7075701760979365,0,train
Clc1ccccc1Nc1cc2[nH]c(-c3cn[nH]c3)cc2cn1,28.0,-1.4471580313422192,0,train
CN(C)S(=O)(=O)c1ccc(Nc2cc3[nH]c(-c4cnn(C)c4)cc3cn2)c(Cl)c1,27.000000000000004,-1.4313637641589874,0,train
COc1ccccc1Nc1cc2[nH]c(-c3cnco3)cc2cn1,26.0,-1.414973347970818,1,train
COc1ccc(Nc2cc3[nH]c(-c4cn[nH]c4)cc3cn2)cc1OC,25.000000000000007,-1.3979400086720375,0,train
COc1ccccc1Nc1cc2[nH]c(-c3cn[nH]c3)cc2cn1,25.000000000000007,-1.3979400086720375,0,train
COc1cc(C(=O)N(C)C)ccc1Nc1cc2[nH]c(-c3cnn(C)c3)cc2cn1,23.0,-1.3617278360175928,0,train
c1cnn(Cc2ccc(Nc3cc4[nH]c(-c5cn[nH]c5)cc4cn3)cc2)c1,21.0,-1.3222192947339193,0,train
CN(C)C1CCN(C(=O)c2ccc(Nc3cc4[nH]c(-c5cnn(C)c5)cc4cn3)c(Cl)c2)CC1,20.000000000000004,-1.3010299956639813,0,test
COc1ccc(Nc2cc3[nH]c(-c4cn[nH]c4)cc3cn2)c(Cl)c1,20.000000000000004,-1.3010299956639813,0,train
CN(C)S(=O)(=O)c1ccc(Nc2cc3[nH]c(-c4cn[nH]c4)cc3cn2)cc1,16.0,-1.2041199826559248,0,train
COC1CCN(C(=O)c2ccc(Nc3cc4[nH]c(-c5cnn(C)c5)cc4cn3)c(Cl)c2)CC1,12.999999999999998,-1.1139433523068367,0,train
Cn1cc(-c2cc3cnc(Nc4ccc(C(=O)N5CCS(=O)(=O)CC5)cc4Cl)cc3[nH]2)cn1,7.999999999999999,-0.9030899869919436,0,train
COc1ccc(C(=O)c2cc(NCCC(F)(F)F)c3ncc(-c4ccc(C(=O)NC5CC5)c(C)c4)n3n2)cc1F,0.4,0.3979400086720376,0,train
Cc1cc(-c2cnc3c(NCCC(F)(F)F)cc(C(C)(O)c4cccc(F)c4O)nn23)ccc1C(=O)NC1CC1,0.2999999999999999,0.5228787452803376,0,train
Cc1cc(-c2cnc3c(NCCC(F)(F)F)cc(C(F)(F)c4cccc(F)c4)nn23)ccc1C(=O)NC1CC1,0.7,0.1549019599857432,0,test
COc1ccc(C(F)(F)c2cc(NCCC(F)(F)F)c3ncc(-c4ccc(C(=O)NC5CC5)c(C)c4)n3n2)cc1,0.6,0.2218487496163563,1,train
Cc1cc(-c2cnc3c(NCCC(F)(F)F)cc(C4(c5cccc(F)c5F)CC4)nn23)ccc1C(=O)NC1CC1,0.7,0.1549019599857432,0,train
N#Cc1ccc2c(/C=C/c3ccncc3)n[nH]c2c1,4999.999999999999,-3.6989700043360183,0,test
O=Cc1ccc2c(-c3cccnc3)n[nH]c2c1,12000.000000000007,-4.079181246047625,0,train
NS(=O)(=O)c1ccc(-c2n[nH]c3cccc(Cl)c23)cc1,18000.000000000015,-4.2552725051033065,0,train
NC(=O)c1cccc(-c2n[nH]c3cccc(Cl)c23)c1,17000.000000000007,-4.230448921378274,0,test
NS(=O)(=O)c1cccc(-c2n[nH]c3cccc(-c4c(F)cccc4F)c23)c1,1400.0000000000005,-3.146128035678238,0,train
NS(=O)(=O)c1cccc(-c2n[nH]c3ccc(-c4ccccc4)cc23)c1,4300.000000000001,-3.633468455579586,0,train
NS(=O)(=O)c1cccc(-c2n[nH]c3cc(-c4ccccc4)ccc23)c1,5400.000000000001,-3.7323937598229686,0,train
COc1cccc2[nH]nc(-c3cccc(S(N)(=O)=O)c3)c12,2300.000000000001,-3.361727836017593,0,test
COc1ccc2[nH]nc(-c3cccc(S(N)(=O)=O)c3)c2c1,599.9999999999997,-2.7781512503836434,0,train
CC(=O)Nc1ccc2[nH]nc(-c3cccc(S(N)(=O)=O)c3)c2c1,639.9999999999999,-2.806179973983887,0,train
CC(=O)Nc1ccc2c(-c3cccc(S(N)(=O)=O)c3)n[nH]c2c1,18000.000000000015,-4.2552725051033065,0,train
NS(=O)(=O)c1cccc(-c2n[nH]c3ccc(NC(=O)c4cccs4)cc23)c1,280.0000000000001,-2.4471580313422194,1,train
NS(=O)(=O)c1cccc(-c2n[nH]c3cc(NC(=O)c4cccs4)ccc23)c1,4300.000000000001,-3.633468455579586,1,train
CNC(=O)c1ccc2c(-c3cccc(S(N)(=O)=O)c3)n[nH]c2c1,11000.000000000007,-4.041392685158225,0,test
NS(=O)(=O)c1cccc(-c2n[nH]c3ccc(OCc4ccccc4)cc23)c1,580.0000000000001,-2.7634279935629373,1,test
NS(=O)(=O)c1cccc(-c2n[nH]c3ccc(OCCc4cccs4)cc23)c1,380.0,-2.57978359661681,1,train
NS(=O)(=O)c1cccc(-c2n[nH]c3ccc(NC(=O)Cc4ccccc4)cc23)c1,38.99999999999999,-1.591064607026499,1,train
NS(=O)(=O)c1cccc(-c2n[nH]c3ccc(NC(=O)Cc4cccs4)cc23)c1,16.0,-1.2041199826559248,1,train
NS(=O)(=O)c1cccc(-c2n[nH]c3ccc(NS(=O)(=O)c4cccs4)cc23)c1,339.99999999999983,-2.531478917042255,1,test
Cc1cccc(CS(=O)(=O)Nc2ccc3[nH]nc(-c4cccc(S(N)(=O)=O)c4)c3c2)c1,330.00000000000006,-2.5185139398778875,0,train
NS(=O)(=O)c1cccc(-c2n[nH]c3ccc(NC(=O)Nc4ccccc4)cc23)c1,389.9999999999999,-2.591064607026499,1,test
CCc1cccc(CC)c1NC(=O)Nc1ccc2[nH]nc(-c3cccc(S(N)(=O)=O)c3)c2c1,3.5000000000000004,-0.5440680443502757,1,train
NS(=O)(=O)c1cccc(-c2n[nH]c3ccc(NS(=O)(=O)Nc4ccccc4)cc23)c1,710.0000000000003,-2.8512583487190755,0,test
CCc1cccc(CC)c1NS(=O)(=O)Nc1ccc2[nH]nc(-c3cccc(S(N)(=O)=O)c3)c2c1,2599.999999999998,-3.4149733479708178,1,train
NS(=O)(=O)c1cccc(-c2n[nH]c3ccc(C(=O)NCc4ccccc4)cc23)c1,89.99999999999997,-1.9542425094393248,1,train
NS(=O)(=O)c1cccc(-c2n[nH]c3ccc(C(=O)NCc4cccs4)cc23)c1,33.0,-1.5185139398778875,1,test
CN(Cc1ccccc1)C(=O)c1ccc2[nH]nc(-c3cccc(S(N)(=O)=O)c3)c2c1,249.99999999999997,-2.397940008672037,1,train
NS(=O)(=O)c1cccc(-c2n[nH]c3ccc(CNC(=O)c4ccccc4)cc23)c1,549.9999999999998,-2.740362689494244,1,test
NS(=O)(=O)c1cccc(-c2n[nH]c3ccc(NC(=O)CCc4ccccc4)cc23)c1,980.0000000000006,-2.991226075692495,1,test
NS(=O)(=O)c1cccc(-c2n[nH]c3ccc(NC(=O)Cc4ccccn4)cc23)c1,89.99999999999997,-1.9542425094393248,1,train
NS(=O)(=O)c1cccc(-c2n[nH]c3ccc(NC(=O)Cc4ccncc4)cc23)c1,339.99999999999983,-2.531478917042255,1,train
Cc1ccccc1CNC(=O)c1ccc2[nH]nc(-c3cccc(S(N)(=O)=O)c3)c2c1,17.999999999999996,-1.255272505103306,1,train
Cc1ccccc1CC(=O)Nc1ccc2[nH]nc(-c3cccc(S(N)(=O)=O)c3)c2c1,25.000000000000007,-1.3979400086720375,0,train
CCc1cccc(CC)c1CC(=O)Nc1ccc2[nH]nc(-c3cccc(S(N)(=O)=O)c3)c2c1,17.0,-1.230448921378274,1,train
CCc1cccc(CC)c1CNC(=O)c1ccc2[nH]nc(-c3cccc(S(N)(=O)=O)c3)c2c1,79.99999999999999,-1.9030899869919435,1,train
NS(=O)(=O)c1cccc(-c2n[nH]c3ccc(C(=O)NC4(c5ccccc5)CCNCC4)cc23)c1,58.00000000000001,-1.7634279935629371,0,test
NS(=O)(=O)c1cccc(-c2n[nH]c3ccc(NC(=O)C4(c5ccccc5)CC4)cc23)c1,309.99999999999994,-2.4913616938342726,0,test
NS(=O)(=O)c1cccc(-c2n[nH]c3ccc(C(=O)NC4(c5ccccc5)CC4)cc23)c1,35.0,-1.5440680443502757,0,train
CCC(C(=O)Nc1ccc2[nH]nc(-c3cccc(S(N)(=O)=O)c3)c2c1)c1ccccc1,23.999999999999996,-1.380211241711606,0,train
CC(C)C(C(=O)Nc1ccc2[nH]nc(-c3cccc(S(N)(=O)=O)c3)c2c1)c1ccccc1,46.0,-1.662757831681574,0,train
NS(=O)(=O)c1cccc(-c2n[nH]c3ccc(C(=O)NC(c4ccccc4)C4CC4)cc23)c1,16.0,-1.2041199826559248,0,train
NS(=O)(=O)c1cccc(-c2n[nH]c3ccc(C(=O)NC(c4ccsc4)C4CC4)cc23)c1,4.0,-0.6020599913279624,1,train
NS(=O)(=O)c1cccc(-c2n[nH]c3ccc(NC(=O)C(c4ccccc4)C4CCCC4)cc23)c1,53.000000000000014,-1.7242758696007892,1,train
NS(=O)(=O)c1cccc(-c2n[nH]c3ccc(NC(=O)C(c4ccccc4)C4CCCCC4)cc23)c1,61.000000000000014,-1.7853298350107671,1,train
NS(=O)(=O)c1cccc(-c2n[nH]c3ccc(C(=O)NC(c4ccccc4)C4CCCCC4)cc23)c1,47.00000000000001,-1.6720978579357175,1,train
CCOC(C(=O)Nc1ccc2[nH]nc(-c3cccc(S(N)(=O)=O)c3)c2c1)c1ccccc1,13.999999999999998,-1.146128035678238,0,test
NS(=O)(=O)c1cccc(-c2n[nH]c3ccc(NC(=O)C(c4ccccc4)N4CCCC4)cc23)c1,8.9,-0.9493900066449128,0,train
NS(=O)(=O)c1cccc(-c2n[nH]c3ccc(NC(=O)C(c4ccccc4)N4CCCCC4)cc23)c1,10.0,-1.0,0,train
NS(=O)(=O)c1cccc(-c2n[nH]c3ccc(NC(=O)C(c4ccsc4)N4CCCC4)cc23)c1,2.9,-0.4623979978989561,1,train
CCc1ccccc1C(C(=O)Nc1ccc2[nH]nc(-c3cccc(S(N)(=O)=O)c3)c2c1)N(C)C,3.6,-0.5563025007672873,0,train
CC(C)CNc1nccn2c(-c3ccc(C(=O)NC4CCC4)cc3)cnc12,179.99999999999997,-2.255272505103306,0,train
CC(C)CNc1nccn2c(-c3ccc(C(=O)NC(C)C)cc3)cnc12,460.0000000000003,-2.6627578316815743,0,train
CC(C)CNc1nccn2c(-c3ccc(C(N)=O)cc3)cnc12,2499.9999999999995,-3.397940008672037,0,train
CCCNc1nccn2c(-c3ccc(C(=O)NC4CC4)cc3)cnc12,68.99999999999999,-1.8388490907372552,1,train
O=C(NC1CC1)c1ccc(-c2cnc3c(NCC4CC4)nccn23)cc1,38.99999999999999,-1.591064607026499,0,train
N#Cc1ccc(-c2cn3c(-c4ccc(C(=O)NC5CC5)cc4)cnc3c(NCC3CCOCC3)n2)cc1,9.3,-0.9684829485539352,0,train
N#Cc1ccc(-c2cc(NCC3CCOCC3)c3ncc(-c4ccc(C(=O)NC5CC5)cc4)n3n2)cc1,6.9,-0.8388490907372553,0,train
N#Cc1ccc(-c2cc(NCC3CCOCC3)c3ncc(-c4ccc(C(=O)NC5CC5)cc4)n3n2)c(N)c1,1.9,-0.2787536009528289,0,train
O=C(NC1CC1)c1ccc(-c2cnc3c(NCC4CCOCC4)cc(Oc4ccccc4)nn23)cc1,5.200000000000001,-0.7160033436347992,0,train
O=C(NC1CC1)c1ccc(-c2cnc3c(NCC4CCOCC4)cc(Oc4ccc(F)cc4)nn23)cc1,6.7,-0.8260748027008264,0,train
O=C(NC1CC1)c1ccc(-c2cnc3c(NCC4CCOCC4)cc(Oc4ccccc4F)nn23)cc1,5.15,-0.711807229041191,0,train
O=C(NC1CC1)c1ccc(-c2cnc3c(NCC4CCOCC4)cc(Oc4ccccc4O)nn23)cc1,1.45,-0.1613680022349748,1,train
O=C(NC1CC1)c1ccc(-c2cnc3c(NCC4CCOCC4)cc(NC4CCCCC4)nn23)cc1,6.1,-0.785329835010767,0,train
O=C(NC1CC1)c1ccc(-c2cnc3c(NCC4CCOCC4)cc(NC4CCCC4)nn23)cc1,4.75,-0.6766936096248666,0,test
CC(C)Nc1cc(NCC2CCOCC2)c2ncc(-c3ccc(C(=O)NC4CC4)cc3)n2n1,6.950000000000001,-0.8419848045901139,0,train
CC(C)(C)Nc1cc(NCC2CCOCC2)c2ncc(-c3ccc(C(=O)NC4CC4)cc3)n2n1,4.700000000000001,-0.6720978579357175,0,train
CC(C)(Nc1cc(NCC2CCOCC2)c2ncc(-c3ccc(C(=O)NC4CC4)cc3)n2n1)C(F)(F)F,1.75,-0.2430380486862944,0,train
COc1cc(OC2CCN(C)CC2)ccc1Nc1nccc(-c2c[nH]c3cnccc23)n1,20.000000000000004,-1.3010299956639813,0,train
CS(=O)(=O)c1cccc(-c2n[nH]c3ccc(NC(=O)C(c4ccsc4)N4CCCC4)cc23)c1,5.9,-0.7708520116421442,1,train
CN(C)CCCc1ccc(-c2n[nH]c3ccc(NC(=O)C(c4ccsc4)N4CCCC4)cc23)cc1S(C)(=O)=O,2.7,-0.4313637641589873,0,train
CN1CCN(c2ccc(-c3n[nH]c4ccc(NC(=O)C(c5ccsc5)N5CCCC5)cc34)cc2S(C)(=O)=O)CC1,17.999999999999996,-1.255272505103306,0,train
CN1CCN(c2ccc(-c3n[nH]c4ccc(NC(=O)C(c5ccsc5)N5CCCC5)cc34)cc2)CC1,7.4,-0.8692317197309762,0,train
O=C(Nc1ccc2[nH]nc(-c3ccc(N4CCOCC4)cc3)c2c1)C(c1ccsc1)N1CCCC1,10.999999999999996,-1.041392685158225,0,train
CN1CCC(Oc2ccc(-c3n[nH]c4ccc(NC(=O)C(c5ccsc5)N5CCCC5)cc34)cc2)CC1,3.0,-0.4771212547196624,0,train
O=C(Nc1ccc2[nH]nc(-c3ccc(N4CCC(O)CC4)cc3)c2c1)C(c1ccsc1)N1CCCC1,12.999999999999998,-1.1139433523068367,0,train
CN1CCN(c2ccc(-c3n[nH]c4ccc(C(=O)NCC5(N6CCOCC6)CCCCC5)cc34)cc2)CC1,7.6,-0.8808135922807914,1,train
O=C(NC(c1ccccc1)C1CC1)c1ccc2[nH]nc(-c3ccc(N4CCOCC4)cc3)c2c1,17.0,-1.230448921378274,1,train
O=C(NC(c1ccccc1)C1CC1)c1ccc2[nH]nc(-c3cccc(N4CCOCC4)c3)c2c1,339.99999999999983,-2.531478917042255,1,train
CN1CCC(Oc2ccc(-c3n[nH]c4ccc(C(=O)NC(c5ccccc5)C5CC5)cc34)cc2)CC1,2.6,-0.414973347970818,0,test
CC[C@@H](NC(=O)c1ccc2[nH]nc(-c3ccc(OC4CCN(C)CC4)cc3)c2c1)c1ccccc1Cl,1.9,-0.2787536009528289,0,train
O=C(NC(c1ccsc1)C1CC1)c1ccc2[nH]nc(-c3ccc(N4CCC(O)CC4)cc3)c2c1,23.999999999999996,-1.380211241711606,0,train
O=C(NCC1(N2CCOCC2)CCCCC1)c1ccc2[nH]nc(-c3ccc(N4CCC(O)CC4)cc3)c2c1,230.00000000000009,-2.361727836017593,1,test
O=C(CC1(N2CCOCC2)CCCCC1)Nc1ccc2[nH]nc(-c3ccc(N4CCOCC4)cc3)c2c1,12.000000000000002,-1.0791812460476249,1,train
O=C(NCC1(N2CCOCC2)CCCCC1)c1ccc2[nH]nc(-c3ccc(N4CCOCC4)cc3)c2c1,7.699999999999999,-0.8864907251724818,1,train
CN1CCC(Oc2ccc(-c3n[nH]c4ccc(NC(=O)C(c5ccsc5)C5CCCC5)cc34)cc2)CC1,7.999999999999999,-0.9030899869919436,0,train
CN1CCC(Oc2ccc(-c3n[nH]c4ccc(C(=O)NC(c5ccsc5)C5CCCC5)cc34)cc2)CC1,2.7,-0.4313637641589873,0,test
CN1CCC(Oc2ccc(-c3n[nH]c4ccc(NC(=O)C(c5ccccn5)C5CCCC5)cc34)cc2)CC1,10.0,-1.0,0,train
CN1CCC(Oc2ccc(-c3n[nH]c4ccc(C(=O)NC(c5ccccn5)C5CCCC5)cc34)cc2)CC1,4.0,-0.6020599913279624,0,train
O=CN1CCC(Oc2ccc(-c3n[nH]c4ccc(C(=O)NC(c5ccccc5)C5CC5)cc34)cc2)CC1,16.0,-1.2041199826559248,0,train
O=CN1CCC(Oc2ccc(-c3n[nH]c4ccc(C(=O)NC(c5ccccn5)C5CC5)cc34)cc2)CC1,9.4,-0.9731278535996988,0,train
CN(C)CC(=O)N1CCC(Oc2ccc(-c3n[nH]c4ccc(C(=O)NC(c5ccccc5)C5CC5)cc34)cc2)CC1,4.1,-0.6127838567197355,0,train
O=CN1[C@@H]2CC[C@H]1C[C@@H](Oc1ccc(-c3n[nH]c4ccc(C(=O)NC(c5ccsc5)C5CCC5)cc34)cc1)C2,2.5,-0.3979400086720376,0,train
CC(C)CC(NC(=O)c1ccc2[nH]nc(-c3ccc(O[C@H]4C[C@H]5CC[C@@H](C4)N5C=O)cc3)c2c1)c1ccccn1,3.0,-0.4771212547196624,0,train
O=C(NCC1(N2CCOCC2)CCCCC1)c1ccc2[nH]nc(-c3ccc(N4CC5CCC(C4)O5)cc3)c2c1,17.999999999999996,-1.255272505103306,1,train
O=C(NCC1(N2CCOCC2)CCCCC1)c1ccc2[nH]nc(-c3ccc(N4C5CCC4COC5)cc3)c2c1,1.1,-0.041392685158225,1,train
CC(C)[C@H](NC(=O)c1ccc2[nH]nc(-c3ccc(N4C5CCC4COC5)cc3)c2c1)c1ccccc1Cl,2.0,-0.3010299956639812,0,test
O=C(N[C@H](c1ccccn1)C1CCCC1)c1ccc2[nH]nc(-c3ccc(N4C5CCCC4COC5)cc3)c2c1,8.3,-0.919078092376074,0,test
CC(C)[C@H](NC(=O)c1ccc2[nH]nc(-c3ccc(N4[C@H]5CC[C@H]4CC(O)C5)cc3)c2c1)c1ccccc1Cl,6.0,-0.7781512503836436,0,train
O=C(N[C@H](c1ccccc1)C1CC1)c1ccc2[nH]nc(-c3ccc(N4[C@H]5CC[C@H]4CC(O)C5)cc3)c2c1,2.8,-0.4471580313422192,0,train
O=C(N[C@H](CC1CC1)c1ccccn1)c1ccc2[nH]nc(-c3ccc(N4[C@H]5CC[C@H]4CC(O)C5)cc3)c2c1,1.5,-0.1760912590556812,0,train
CC(C)C[C@H](NC(=O)c1ccc2[nH]nc(-c3ccc(N4[C@H]5CCC[C@H]4CC(O)C5)cc3)c2c1)c1ccccn1,13.999999999999998,-1.146128035678238,0,train
CC(C)C[C@H](NC(=O)c1ccc2[nH]nc(-c3ccc(N4[C@H]5COC[C@H]4CC(O)C5)cc3)c2c1)c1ccccn1,4.0,-0.6020599913279624,0,train
O=C(N[C@@H](c1ccccn1)C1CCCC1)c1ccc2[nH]nc(-c3ccc(N4[C@H]5COC[C@H]4CC(O)C5)cc3)c2c1,2.2,-0.3424226808222063,0,train
CC(C)(O)CNc1cc(NC2CCCCC2)nn2c(-c3ccc(C(=O)NC4CC4)cc3)cnc12,12.999999999999998,-1.1139433523068367,0,train
CC(C)CNc1nc(-c2cccc3ncccc23)cn2c(-c3ccc(C(=O)NC4CC4)cc3)cnc12,1.0,-0.0,0,train
C=CC(=O)Nc1cccc(CNc2nc(Nc3cnn(CCO)c3)ncc2Cl)c1,143.00000000000003,-2.155336037465062,0,test
C=CC(=O)Nc1cccc(CNc2nc(Nc3cnn(CCOC)c3)ncc2Cl)c1,212.0000000000001,-2.326335860928752,0,train
C=CC(=O)Nc1cccc(CNc2nc(Nc3cnn(C)c3)ncc2Cl)c1,179.99999999999997,-2.255272505103306,0,test
C=CC(=O)Nc1cccc(CNc2nc(Nc3cc(F)c(N4CCOCC4)c(F)c3)ncc2Cl)c1,355.0000000000001,-2.550228353055094,0,train
C=CC(=O)Nc1cccc(CNc2nc(Nc3ccc(N4CCOCC4)cc3)ncc2Cl)c1,28.60000000000001,-1.4563660331290431,0,test
C=CC(=O)Nc1cccc(CNc2nc(Nc3ccc(N4CCN(C)CC4)cc3OC)ncc2Cl)c1,48.99999999999999,-1.6901960800285136,0,train
CCc1cccc(CC)c1NC(=O)c1cn(C)c2c1CCCc1cnc(Nc3ccc(N4CCN(C)CC4)cc3OC)nc1-2,132.00000000000006,-2.12057393120585,1,train
COc1ccc(Nc2cc3c(-c4ccco4)cccc3cn2)cc1,3658.500000000001,-3.563303059369412,0,train
COc1ccc(Nc2cc3c(-c4cnn(C)c4)cccc3cn2)cc1,663.0000000000001,-2.821513528404773,0,test
COc1ccc(Nc2ncc3ccnc(-c4cnn(C)c4)c3n2)cc1,140.00000000000006,-2.146128035678238,0,test
COc1cc(-c2cnn(C)c2)ccc1Nc1ncc2ccnc(-c3cnn(C)c3)c2n1,7.999999999999999,-0.9030899869919436,1,train
Cc1cc(-c2cnn(C)c2)ccc1Nc1ncc2ccnc(-c3cnn(C)c3)c2n1,22.5,-1.3521825181113625,1,train
CCOc1cc(-c2cnn(C)c2)ccc1Nc1ncc2ccnc(-c3cnn(C)c3)c2n1,9.0,-0.9542425094393248,1,train
CC(C)Oc1cc(-c2cnn(C)c2)ccc1Nc1ncc2ccnc(-c3cnn(C)c3)c2n1,48.99999999999999,-1.6901960800285136,0,train
COCCOc1cc(-c2cnn(C)c2)ccc1Nc1ncc2ccnc(-c3cnn(C)c3)c2n1,143.00000000000003,-2.155336037465062,1,train
COc1cc(-c2cnn(C)c2)ccc1Nc1ncc2ccnc(-c3ccccc3)c2n1,16.0,-1.2041199826559248,1,test
COc1cc(-c2cnn(C)c2)ccc1Nc1ncc2ccnc(C3CC3)c2n1,102.99999999999996,-2.012837224705172,1,train
CCN(CC)c1nccc2cnc(Nc3ccc(-c4cnn(C)c4)cc3OC)nc12,65.49999999999999,-1.816241299991783,1,train
COc1cc(-c2cnn(C)c2)ccc1Nc1ncc2ccnc(NCC3CCCCC3)c2n1,53.5,-1.7283537820212285,1,train
COc1cc(-c2cnn(C)c2)ccc1Nc1ncc2ccnc(SC3CCCCC3)c2n1,241.9999999999999,-2.383815365980431,1,train
c1ccc(-c2n[nH]c3ccnc(-c4ccoc4)c23)cc1,809.9999999999995,-2.908485018878649,0,train
Cc1cc(-c2cnn3c(NCC4CCOCC4)nc(NC4CCCC4)nc23)ccc1C(=O)NC1CC1,5.800000000000001,-0.7634279935629373,1,test
Cc1cc(-c2cnn3c(NCC4CCOCC4)nc(OC4CCCC4)nc23)ccc1C(=O)NC1CC1,2.3,-0.3617278360175928,1,train
Cc1cc(-c2cnn3c(NCC4CCOCC4)nc(NC4CCOCC4)nc23)ccc1C(=O)NC1CC1,9.0,-0.9542425094393248,1,train
Cc1cc(-c2cnn3c(NCC4CCOCC4)nc(NC4CCCCC4)nc23)ccc1C(=O)NC1CC1,2.6,-0.414973347970818,1,train
CN(c1nc(NCC2CCOCC2)n2ncc(-c3ccc(C(=O)NC4CC4)c(F)c3)c2n1)C1CCCCC1,15.000000000000004,-1.1760912590556811,0,test
O=C(NC1CC1)c1ccc(-c2cnn3c(NCC4CCOCC4)nc(NC4CCOCC4)nc23)cc1Cl,32.00000000000001,-1.505149978319906,1,train
CC(C)C(=O)Nc1ccc(-c2cnn3c(NCC4CCOCC4)nc(OC4CCCC4)nc23)cc1,1700.000000000001,-3.230448921378274,0,train
CC(C)NC(=O)c1ccc(-c2cnn3c(NCC4CCOCC4)nc(OC4CCCC4)nc23)cc1,230.00000000000009,-2.361727836017593,0,test
Cc1cc(-c2cnn3c(NCC4CCOCC4)nc(NC4CCCC4)nc23)ccc1NC(=O)C1CC1,2000.0,-3.3010299956639813,1,train
O=C(NC1CC1)c1ccc(-c2cnn3c(NCC4CCOCC4)nc(NC4CCCC4)nc23)cc1,10.0,-1.0,0,train
O=C(NC1CC1)c1ccc(-c2cnn3c(NCC4CCOCC4)nc(NC4CCCC4)nc23)cc1F,7.0,-0.8450980400142568,0,train
O=C(NC1CC1)c1ccc(-c2cnn3c(NCC4CCOCC4)nc(Oc4ccccc4)nc23)cc1,4.900000000000001,-0.6901960800285137,0,train
O=C(NC1CC1)c1ccc(-c2cnn3c(NCC4CCOCC4)nc(Oc4ccccc4)nc23)cc1Cl,1.7,-0.2304489213782739,1,test
Cc1cc(-c2cnn3c(NCC4CCOCC4)nc(Oc4ccccc4)nc23)ccc1C(=O)NC1CC1,1.4,-0.146128035678238,1,train
Cc1cc(-c2cnn3c(NCC4CCOCC4)nc(Nc4ccccc4)nc23)ccc1C(=O)NC1CC1,10.999999999999996,-1.041392685158225,1,train
CC(=O)Nc1cccc(Oc2nc(NCC3CCOCC3)n3ncc(-c4ccc(C(=O)NC5CC5)c(C)c4)c3n2)c1,8.4,-0.9242792860618816,0,train
Cc1cc(-c2cnn3c(NCC4CCOCC4)nc(Oc4cccc(F)c4F)nc23)ccc1C(=O)NC1CC1,0.4,0.3979400086720376,0,train
Cc1cc(-c2cnn3c(NCC4CCOCC4)nc(Nc4cccc(F)c4)nc23)ccc1C(=O)NC1CC1,0.7,0.1549019599857432,0,train
Cc1cc(-c2cnn3c(NCC4CCOCC4)nc(Nc4ccccc4F)nc23)ccc1C(=O)NC1CC1,0.94,0.0268721464003013,1,test
COCCNc1nc(Oc2ccccc2)nc2c(-c3ccc(C(=O)NC4CC4)cc3)cnn12,13.999999999999998,-1.146128035678238,0,train
O=C(NC1CC1)c1ccc(-c2cnn3c(NCCN4CCOCC4)nc(Oc4ccccc4)nc23)cc1,23.999999999999996,-1.380211241711606,1,train
Cc1cc(-c2cnn3c(NCCN4CCOCC4)nc(Oc4cccc(F)c4F)nc23)ccc1C(=O)NC1CC1,2.2,-0.3424226808222063,0,test
Cc1cc(-c2cnc3c(NCC4CCOCC4)cc(NC4CCCC4)nn23)ccc1C(=O)NC1CC1,2.8,-0.4471580313422192,1,train
COc1cc(Br)ccc1Nc1ncc2c(n1)-c1c(c(C(N)=O)nn1C)CCC2,421.0,-2.6242820958356683,0,test
COc1cc(N2CCN(C)CC2)ccc1Nc1ncc2c(n1)-c1c(c(C(N)=O)nn1C)CCC2,194.0,-2.287801729930226,0,test
CCc1cccc(CC)c1NC(=O)c1nn(C)c2c1CCCc1cnc(Nc3ccc(N4CCN(C)CC4)cc3OC)nc1-2,184.0,-2.2648178230095364,1,train
COc1cc(C(=O)NC2CCN(C)CC2)ccc1Nc1ncc2c(n1)-c1c(c(C(=O)N[C@H](CN)c3ccccc3)nn1C)CCC2,469.0000000000001,-2.671172842715084,0,train
COc1cc(N2CCN(C)CC2)ccc1Nc1ncc2c(n1)-c1c(c(C(=O)Nc3ccccc3)nn1C)CCC2,352.99999999999983,-2.5477747053878224,0,train
CCc1cccc(C)c1NC(=O)c1nn(C)c2c1CCCc1cnc(Nc3ccc(N4CCN(C)CC4)cc3OC)nc1-2,189.00000000000009,-2.2764618041732443,0,train
COc1cc(N2CCN(C)CC2)ccc1Nc1ncc2c(n1)-c1c(c(C(=O)NC3CCCCC3)nn1C)CCC2,249.0,-2.3961993470957363,0,train
CNC(=O)c1nn(C)c2c1CCCc1cnc(Nc3ccc(Br)cc3OC)nc1-2,277.00000000000006,-2.4424797690644486,0,test
CCc1cccc(CC)c1NC(=O)c1nn(C)c2c1CCCc1cnc(Nc3ccc(C(=O)NC4CCN(C)CC4)cc3OC)nc1-2,66.00000000000001,-1.8195439355418688,0,train
CCc1cccc(CC)c1NC(=O)c1nn(C)c2c1CCCc1cnc(Nc3ccc(C(=O)N4CCCN(C)CC4)cc3OC(F)(F)F)nc1-2,199.00000000000009,-2.298853076409707,0,train
CCc1cccc(CC)c1NC(=O)c1nn(CC(F)(F)F)c2c1CCCc1cnc(Nc3ccc(N4CCN(C)CC4)cc3OC)nc1-2,862.0,-2.9355072658247128,0,train
CN1CCN(c2ccc(Nc3ncc4c(n3)-c3c(c(C(N)=O)nn3C)CCC4)cc2)CC1,1196.0,-3.077731179652392,0,train
CCc1cccc(CC)c1NC(=O)c1nn(CCO)c2c1CCCc1cnc(Nc3ccc(N4CCC(N(C)C)CC4)cc3OC)nc1-2,173.99999999999991,-2.2405492482825995,0,train
CCc1cccc(CC)c1NC(=O)c1c2c(nn1C)-c1nc(Nc3ccc(N4CCN(C)CC4)cc3OC)ncc1CCC2,852.9999999999995,-2.930949031167523,0,train
CCc1cccc(CC)c1NC(=O)c1noc2c1CCCc1cnc(Nc3ccc(N4CCN(C)CC4)cc3OC)nc1-2,134.00000000000003,-2.127104798364808,1,train
CCc1cccc(CC)c1NC(=O)c1onc2c1CCCc1cnc(Nc3ccc(N4CCN(C)CC4)cc3OC)nc1-2,308.00000000000006,-2.4885507165004443,1,train
CCc1cccc(CC)c1NC(=O)c1c2c(n(C)c1C)-c1nc(Nc3ccc(N4CCC(N5CCCC5)CC4)cc3OC)ncc1CC2,99.0,-1.99563519459755,0,train
COc1cc(N2CCN(C)CC2)ccc1Nc1ncc2c(n1)-c1c(c(C(N)=O)c(C)n1C)CC2,23.0,-1.3617278360175928,0,test
CSc1ncc2c(n1)-c1c(c(C(N)=O)cn1C(C)C)CC2,382.00000000000017,-2.582063362911709,0,train
CSc1ncc2c(n1)-c1c(c(C(N)=O)cn1CCO)CC2,2442.999999999999,-3.3879234669734366,0,train
CSc1ncc2ccc3c(C(N)=O)c(C)n(CCO)c3c2n1,2939.9999999999995,-3.4683473304121573,0,train
CSc1ncc2ccc3c(C(N)=O)c(C)n(C(C)C)c3c2n1,622.0000000000001,-2.7937903846908188,0,train
CSc1ncc2c(n1)-c1c(c(C(N)=O)cn1[C@H]1CC[C@@H](N)CC1)CC2,1549.9999999999995,-3.1903316981702914,0,test
CSc1ncc2ccc3c(C(N)=O)cn([C@H]4CC[C@@H](N)CC4)c3c2n1,855.0000000000003,-2.931966114728173,0,train
CSc1ncc2ccc3c(C(N)=O)cn(C4CCNCC4)c3c2n1,4551.999999999999,-3.658202253387015,0,train
CSc1ncc2ccc3c(C(N)=O)c[nH]c3c2n1,813.9999999999999,-2.910624404889201,0,train
CSc1ncc2ccc3c(C(N)=O)cn(CC(C)(C)CN)c3c2n1,2944.000000000001,-3.4689378056654614,0,train
O=C(NC1CC1)c1ccc(-c2cnc3c(NCCCO)nc(C#CCO)cn23)cc1,37.0,-1.568201724066995,0,test
CC(C)CNc1nc(C#Cc2ccccc2)cn2c(-c3ccc(S(=O)(=O)NC4CC4)cc3)cnc12,20000.000000000004,-4.301029995663981,1,test
CC(C)CNc1nc(C#Cc2ccccc2F)cn2c(-c3ccc(S(=O)(=O)NC4CC4)cc3)cnc12,20000.000000000004,-4.301029995663981,1,test
CC(C)CNc1nc(C#CCO)cn2c(-c3ccc(S(=O)(=O)NC4CC4)cc3)cnc12,1839.9999999999995,-3.2648178230095364,1,train
CC(C)CNc1nc(C#CCO)cn2c(-c3ccc(C(=O)NC4CC4)cc3)cnc12,4.8,-0.6812412373755872,1,train
CC(C)CNc1nc(C#Cc2ccccc2F)cn2c(-c3ccc(C(=O)NC4CC4)cc3)cnc12,36.0,-1.5563025007672873,1,train
CC(C)(O)C#Cc1cn2c(-c3ccc(C(=O)NC4CC4)cc3)cnc2c(NCCCCO)n1,22.0,-1.3424226808222062,0,train
O=C(NC1CC1)c1ccc(-c2cnc3c(NCCCCO)nc(C#CC4(O)CCCC4)cn23)cc1,10.0,-1.0,0,train
CC(C)(O)CNc1nc(C#CCO)cn2c(-c3ccc(C(=O)NC4CC4)cc3)cnc12,37.99999999999999,-1.57978359661681,0,train
COc1cc(C(=O)NC2CC2)ccc1-c1cnc2c(NCCCN)nc(C#CCO)cn12,992.9999999999995,-2.996949248495381,0,train
CC(C)CNc1nc(C#CC2CCCCC2)cn2c(-c3ccc(C(=O)NC4CC4)cc3)cnc12,9.9,-0.99563519459755,0,test
CC(C)CNc1nc(C#CC(C)(C)O)cn2c(-c3ccc(C(=O)NC4CC4)cc3)cnc12,2.5,-0.3979400086720376,1,train
CC(C)CNc1nc(C#CCCO)cn2c(-c3ccc(C(=O)NC4CC4)cc3)cnc12,7.6,-0.8808135922807914,1,train
CC(C)CNc1nc(C#CC2(O)CCCC2)cn2c(-c3ccc(C(=O)NC4CC4)cc3)cnc12,4.1,-0.6127838567197355,1,train
CC(C)CNc1nc(C#CCN(C)C)cn2c(-c3ccc(C(=O)NC4CC4)cc3)cnc12,15.000000000000004,-1.1760912590556811,1,train
COCC#Cc1cn2c(-c3ccc(C(=O)NC4CC4)cc3)cnc2c(NCC(C)C)n1,17.0,-1.230448921378274,1,train
CC(C)CNc1nc(C#CC(C)(C)C)cn2c(-c3ccc(C(=O)NC4CC4)cc3)cnc12,3.1,-0.4913616938342727,1,train
CC(O)C#Cc1cn2c(-c3ccc(C(=O)NC4CC4)cc3)cnc2c(NCC(C)C)n1,9.6,-0.9822712330395684,0,train
CC(C)CNc1nc(C#CCC(C)O)cn2c(-c3ccc(C(=O)NC4CC4)cc3)cnc12,4.8,-0.6812412373755872,1,train
CC(C)CNc1nc(C#CCCCC#N)cn2c(-c3ccc(C(=O)NC4CC4)cc3)cnc12,1.0,-0.0,1,train
CCC(O)C#Cc1cn2c(-c3ccc(C(=O)NC4CC4)cc3)cnc2c(NCC(C)C)n1,5.6000000000000005,-0.7481880270062005,0,train
CC(C)CNc1nc(C#CCN(C)Cc2ccccc2)cn2c(-c3ccc(C(=O)NC4CC4)cc3)cnc12,3.7,-0.568201724066995,0,train
CC(C)CNc1nc(C#CCN)cn2c(-c3ccc(C(=O)NC4CC4)cc3)cnc12,6.7,-0.8260748027008264,0,train
CCCC(O)C#Cc1cn2c(-c3ccc(C(=O)NC4CC4)cc3)cnc2c(NCC(C)C)n1,4.8,-0.6812412373755872,0,train
CC(C)CNc1nc(C#CCCc2ccccc2)cn2c(-c3ccc(C(=O)NC4CC4)cc3)cnc12,12.999999999999998,-1.1139433523068367,0,train
CC(C)CNc1nc(C#CCCC(=O)O)cn2c(-c3ccc(C(=O)NC4CC4)cc3)cnc12,119.00000000000009,-2.075546961392531,1,test
CC(C)CNc1nc(C#Cc2ccccn2)cn2c(-c3ccc(C(=O)NC4CC4)cc3)cnc12,6.1,-0.785329835010767,1,train
CC(C)CNc1nc(C#CCc2ccccc2)cn2c(-c3ccc(C(=O)NC4CC4)cc3)cnc12,1.7,-0.2304489213782739,1,train
CC(C)CNc1nc(C#CCCC2CCCCC2)cn2c(-c3ccc(C(=O)NC4CC4)cc3)cnc12,63.99999999999999,-1.806179973983887,1,test
CC(C)CC#Cc1cn2c(-c3ccc(C(=O)NC4CC4)cc3)cnc2c(NCC(C)C)n1,3.4,-0.5314789170422551,1,train
CC(C)CNc1nc(C#Cc2cccc(O)c2)cn2c(-c3ccc(C(=O)NC4CC4)cc3)cnc12,6.7,-0.8260748027008264,0,train
CC(C)CNc1nc(C#CCNC(N)=O)cn2c(-c3ccc(C(=O)NC4CC4)cc3)cnc12,7.200000000000001,-0.8573324964312685,1,test
CC(C)CNc1nc(C#Cc2ccc(F)cc2)cn2c(-c3ccc(C(=O)NC4CC4)cc3)cnc12,13.999999999999998,-1.146128035678238,0,train
CCCCC[C@@H](O)C#Cc1cn2c(-c3ccc(C(=O)NC4CC4)cc3)cnc2c(NCC(C)C)n1,3.9,-0.5910646070264992,0,train
COC(=O)CCC#Cc1cn2c(-c3ccc(C(=O)NC4CC4)cc3)cnc2c(NCC(C)C)n1,1.2,-0.0791812460476248,1,train
CC(C)CNc1nc(C#CCCCCCC(=O)O)cn2c(-c3ccc(C(=O)NC4CC4)cc3)cnc12,63.0,-1.7993405494535817,1,train
CNC(=O)NCC#Cc1cn2c(-c3ccc(C(=O)NC4CC4)cc3)cnc2c(NCC(C)C)n1,10.999999999999996,-1.041392685158225,0,train
CNC(=O)N(C)CCC#Cc1cn2c(-c3ccc(C(=O)NC4CC4)cc3)cnc2c(NCC(C)C)n1,60.0,-1.7781512503836436,1,train
CNC(=O)CCC#Cc1cn2c(-c3ccc(C(=O)NC4CC4)cc3)cnc2c(NCC(C)C)n1,2.9,-0.4623979978989561,1,train
CNC(=O)N(C)CC#Cc1cn2c(-c3ccc(C(=O)NC4CC4)cc3)cnc2c(NCC(C)C)n1,17.0,-1.230448921378274,1,train
CC(C)CNc1nc(C#Cc2ccc(C(N)=O)cc2)cn2c(-c3ccc(C(=O)NC4CC4)cc3)cnc12,2.4,-0.380211241711606,0,train
CNC(=O)NCCC#Cc1cn2c(-c3ccc(C(=O)NC4CC4)cc3)cnc2c(NCC(C)C)n1,5.500000000000001,-0.7403626894942439,1,train
CC(C)CNc1nc(C#Cc2ccc(S(N)(=O)=O)cc2)cn2c(-c3ccc(C(=O)NC4CC4)cc3)cnc12,2.5,-0.3979400086720376,0,train
CC(C)CNc1nc(C#CC2CCCC2)cn2c(-c3ccc(C(=O)NC4CC4)cc3)cnc12,17.0,-1.230448921378274,1,test
C#Cc1cn2c(-c3ccc(C(=O)NC4CC4)cc3)cnc2c(NCC(C)C)n1,10.0,-1.0,0,train
Cc1cc(-c2cnc3c(NCC(C)C)nc(C#CCO)cn23)ccc1C(=O)NC1CC1,13.999999999999998,-1.146128035678238,0,train
OCC#Cc1cn2c(-c3ccc(-c4cnc(C5CC5)[nH]4)cc3)cnc2c(NC[C@H](O)CO)n1,130.00000000000006,-2.113943352306837,0,test
OCC#Cc1cn2c(-c3ccc(-c4cnc(C5CC5)[nH]4)cc3)cnc2c(NCCCC(F)(F)F)n1,15.000000000000004,-1.1760912590556811,0,train
C=C(C)CNc1nc(C#CCO)cn2c(-c3ccc(-c4cnc(C5CC5)[nH]4)cc3)cnc12,12.999999999999998,-1.1139433523068367,1,train
C=CCNc1nc(C#CCO)cn2c(-c3ccc(-c4cnc(C5CC5)[nH]4)cc3)cnc12,17.999999999999996,-1.255272505103306,1,train
CC(C)CNc1nc(C#CCO)cn2c(-c3ccc(-c4cnc(C5CC5)[nH]4)cc3)cnc12,8.4,-0.9242792860618816,1,test
CC(C)CNc1nc(C#CCO)cn2c(-c3cccc(-c4cnc(C5CC5)[nH]4)c3)cnc12,519.9999999999998,-2.716003343634799,1,train
OCC#Cc1cn2c(-c3ccc(-c4cnc(C5CC5)[nH]4)cc3)cnc2c(NCCCCO)n1,23.0,-1.3617278360175928,0,train
OCC#Cc1cn2c(-c3ccc(-c4cnc(C5CC5)[nH]4)cc3)cnc2c(NCCC(F)(F)F)n1,7.1,-0.8512583487190752,0,train
OCC#Cc1cn2c(-c3ccc(-c4cnc(C5CC5)[nH]4)cc3)cnc2c(NCC2CCC2)n1,5.3,-0.724275869600789,1,train
OCC#Cc1cn2c(-c3ccc(-c4cnc(C5CC5)[nH]4)cc3)cnc2c(NCCCO)n1,53.000000000000014,-1.7242758696007892,1,train
NCCCNc1nc(C#CO)cn2c(-c3ccc(-c4cnc(C5CC5)[nH]4)cc3)cnc12,230.00000000000009,-2.361727836017593,1,train
O=S1(=O)CCN(CC#Cc2cn3c(-c4ccc(-c5cnc(C6CC6)[nH]5)cc4)cnc3c(NCCC(F)(F)F)n2)CC1,6.8,-0.8325089127062363,0,train
Cc1cc(-c2cnc3c(NCCC(F)(F)F)nc(C#CCN4CCS(=O)(=O)CC4)cn23)ccc1C(=O)NC1CC1,4.2,-0.6232492903979004,0,test
C#Cc1cn2c(-c3ccc(C(=O)NC)c(C)c3)cnc2c(NCCC(F)(F)F)n1,135.0,-2.130333768495006,0,train
C#Cc1cn2c(-c3ccc(C(=O)NCC)c(C)c3)cnc2c(NCCC(F)(F)F)n1,119.99999999999996,-2.0791812460476247,1,train
C#Cc1cn2c(-c3ccc(C(=O)NCC(F)F)c(C)c3)cnc2c(NCCC(F)(F)F)n1,215.00000000000003,-2.3324384599156054,0,test
C#Cc1cn2c(-c3ccc(C(=O)NC4(C)CC4)c(C)c3)cnc2c(NCCC(F)(F)F)n1,154.99999999999997,-2.1903316981702914,1,train
C#Cc1cn2c(-c3ccc(C(=O)NC4(C#N)CC4)c(C)c3)cnc2c(NCCC(F)(F)F)n1,165.0,-2.2174839442139063,0,train
C#Cc1cn2c(-c3ccc(C(=O)NC4(OC)CC4)c(C)c3)cnc2c(NCCC(F)(F)F)n1,305.00000000000006,-2.484299839346786,1,test
C#Cc1cn2c(-c3ccc(C(=O)NC4C[C@@H]4F)c(C)c3)cnc2c(NCCC(F)(F)F)n1,36.0,-1.5563025007672873,0,train
CNC(=O)c1ccc(-c2cnc3c(NCCC(F)(F)F)nc(C#CCO)cn23)cc1C,68.99999999999999,-1.8388490907372552,0,train
CCNC(=O)c1ccc(-c2cnc3c(NCCC(F)(F)F)nc(C#CCO)cn23)cc1C,150.00000000000003,-2.1760912590556813,0,test
Cc1cc(-c2cnc3c(NCCC(F)(F)F)nc(C#CCO)cn23)ccc1C(=O)NCC(F)F,130.00000000000006,-2.113943352306837,0,train
Cc1cc(-c2cnc3c(NCCC(F)(F)F)nc(C#CCO)cn23)ccc1C(=O)NC1(C)CC1,119.99999999999996,-2.0791812460476247,0,train
Cc1cc(-c2cnc3c(NCCC(F)(F)F)nc(C#CCO)cn23)ccc1C(=O)NC1(C#N)CC1,98.0,-1.9912260756924949,0,train
COC1(NC(=O)c2ccc(-c3cnc4c(NCCC(F)(F)F)nc(C#CCO)cn34)cc2C)CC1,309.99999999999994,-2.4913616938342726,0,train
CCCSc1cn2c(-c3ccc(C(=O)NC4CC4)c(C)c3)cnc2c(NCC(C)(C)O)n1,52.1,-1.7168377232995244,0,train
CSc1cn2c(-c3ccc(C(=O)NC4CC4)cc3)cnc2c(NCC(C)C)n1,5.000000000000001,-0.6989700043360189,0,train
CSc1cn2c(-c3ccc(C(=O)NC4CC4)c(C)c3)cnc2c(NCCC(F)(F)F)n1,8.6,-0.9344984512435676,1,train
CSc1cn2c(-c3ccc(C(=O)NC4CC4)c(C)c3)cnc2c(NCC(C)(C)O)n1,64.8,-1.8115750058705933,0,train
CN1C(=O)CCN(C2CCCC2)c2nc(Nc3ccc(N4CCC(O)CC4)cn3)ncc21,890.8000000000001,-2.9497802083620006,0,train
COc1cc(N2CCC(O)CC2)ccc1Nc1ncc2c(n1)N(C1CCCC1)CCC(=O)N2C,342.20000000000005,-2.5342800052050816,0,train
COc1cc(N2CCC(C)(O)CC2)ccc1Nc1ncc2c(n1)N(C1CCCC1)CCC(=O)N2C,254.30000000000007,-2.405346360175709,0,train
CCOc1cc(N2CCC(O)CC2)ccc1Nc1ncc2c(n1)N(C1CCCC1)CCC(=O)N2C,152.25000000000006,-2.182557301304913,0,train
CC(C)Oc1cc(N2CCC(O)CC2)ccc1Nc1ncc2c(n1)N(C1CCCC1)CCC(=O)N2C,604.6999999999999,-2.7815399686059417,0,train
CCOc1cc(N2CCC(O)CC2)ccc1Nc1ncc2c(n1)N(C1CCCC1)CCC(=O)N2CC,1006.0,-3.002597980719909,0,train
CCN1C(=O)CCN(C2CCCC2)c2nc(Nc3ccc(N4CCC(O)CC4)cc3OC(C)C)ncc21,1093.0000000000002,-3.038620161949703,0,train
CCN1C(=O)CCN(C2CCCC2)c2nc(Nc3ccc(N4CCC(O)CC4)cn3)ncc21,3448.999999999999,-3.5376931943673906,0,train
C/C=C/c1cn2c(-c3ccc(C(=O)NC4CC4)cc3)cnc2c(NCC(C)C)n1,6.2,-0.7923916894982539,1,test
COCc1cccc(-c2cn3c(-c4ccc(C(=O)NC5CC5)cc4)cnc3c(NCC(C)C)n2)c1,7.1,-0.8512583487190752,0,test
CC(C)CNc1nc(C2=CCCCC2)cn2c(-c3ccc(C(=O)NC4CC4)cc3)cnc12,4.2,-0.6232492903979004,0,train
CC(C)CNc1nc(C2CC2)cn2c(-c3ccc(C(=O)NC4CC4)cc3)cnc12,6.2,-0.7923916894982539,0,train
CC(C)CNc1nc(C2CC=CCC2)cn2c(-c3ccc(C(=O)NC4CC4)cc3)cnc12,2.8,-0.4471580313422192,1,test
CC(C)CNc1nc(C2=CCCC2)cn2c(-c3ccc(C(=O)NC4CC4)cc3)cnc12,3.9,-0.5910646070264992,0,test
C=C(C)c1cn2c(-c3ccc(C(=O)NC4CC4)cc3)cnc2c(NCC(C)C)n1,5.800000000000001,-0.7634279935629373,0,test
C/C=C/c1cn2c(-c3ccc(C(=O)NC4CC4)c(Cl)c3)cnc2c(NCC(C)C)n1,72.29999999999998,-1.8591382972945307,1,train
C/C=C/c1cn2c(-c3ccc(C(=O)NC4CC4)c(Cl)c3)cnc2c(NCCC(F)(F)F)n1,34.300000000000004,-1.5352941200427703,0,train
C/C=C/c1cn2c(-c3ccc(C(=O)NC4CC4)c(Cl)c3)cnc2c(NCC(C)(C)O)n1,132.00000000000006,-2.12057393120585,0,train
C/C=C/c1cn2c(-c3ccc(C(=O)NC4CC4)c(Cl)c3)cnc2c(NCc2ccnn2C)n1,70.60000000000001,-1.848804701051804,0,train
C/C=C/c1cn2c(-c3ccc(C(=O)NC4CC4)c(F)c3)cnc2c(NCC(C)C)n1,38.7,-1.5877109650189114,0,train
C/C=C/c1cn2c(-c3ccc(C(=O)NC4CC4)c(F)c3)cnc2c(NCCC(F)(F)F)n1,15.4,-1.187520720836463,0,train
C/C=C/c1cn2c(-c3ccc(C(=O)NC4CC4)c(F)c3)cnc2c(NCC(C)(C)O)n1,46.50000000000001,-1.667452952889954,0,train
C/C=C/c1cn2c(-c3ccc(C(=O)NC4CC4)c(F)c3)cnc2c(NCC2CCCO2)n1,99.2,-1.996511672154179,0,train
C/C=C/c1cn2c(-c3ccc(C(=O)NC4CC4)c(F)c3)cnc2c(NCc2ccnn2C)n1,31.89999999999999,-1.503790683057181,0,train
C/C=C(\C)c1cn2c(-c3ccc(C(=O)NC4CC4)c(C)c3)cnc2c(NCCC(F)(F)F)n1,4.1,-0.6127838567197355,0,train
C=Cc1ccc(-c2cn3c(-c4ccc(C(=O)NC5CC5)cc4)cnc3c(NCC(C)C)n2)cc1,21.399999999999995,-1.3304137733491908,0,train
CC(C)(C)OC(=O)NCCCNc1nc(-c2ccncc2)cn2c(-c3ccc(C(=O)NC4CC4)cc3)cnc12,8.3,-0.919078092376074,1,train
CC(C)(C)OC(=O)NCC#CCCNc1nc(-c2ccccc2)cn2c(-c3ccc(C(=O)NC4CC4)cc3)cnc12,94.6,-1.9758911364017928,1,train
CC(C)CNc1nc(-c2ccc([S+](O)C3CC3)cc2)cn2c(-c3ccc(C(=O)NC4CC4)cc3)cnc12,1.0,-0.0,0,train
CC(C)CNc1nc(C2CCCCC2)cn2c(-c3ccc(C(=O)NC4CC4)cc3)cnc12,12.6,-1.100370545117563,1,train
CC(C)CNc1nc(C2CCCC2)cn2c(-c3ccc(C(=O)NC4CC4)cc3)cnc12,6.1,-0.785329835010767,0,test
CC(C)CNc1nc(/C=C2\CCC(=O)N2C)cn2c(-c3ccc(C(=O)NC4CC4)cc3)cnc12,1.9,-0.2787536009528289,0,train
CC(C)CNc1nc(NC(=O)c2ccccn2)cn2c(-c3ccc(C(=O)NC4CC4)cc3)cnc12,10.4,-1.0170333392987805,0,train
COc1cc(C(=O)NC2CCN(C)CC2)ccc1Nc1ncc2c(n1)-c1noc(C(N)=O)c1C(C)(C)C2,679.9999999999998,-2.832508912706236,0,test
COc1cc(C(=O)NC2CCN(C)CC2)ccc1Nc1ncc2c(n1)-c1onc(C(N)=O)c1CC2(C)C,3439.999999999998,-3.53655844257153,0,test
COc1cc(C(=O)NC2CCN(C)CC2)ccc1Nc1ncc2c(n1)-c1onc(C(=O)N[C@@H](CN)c3ccccc3)c1CC2(C)C,360.0,-2.5563025007672877,0,train
COc1cc(-c2cnc(C)n2C)ccc1Nc1cc2cc(-c3cnn(CC4CCOCC4)c3)ccc2cn1,2.0,-0.3010299956639812,1,test
COc1cc(-c2cnc(C)n2C)ccc1Nc1cc2cc(-c3cnn(CC4CC4)c3)ccc2cn1,1.0,-0.0,1,train
COc1cc(-c2cnc(C)n2C)ccc1Nc1cc2cc(-c3cnn(CC(F)F)c3)ccc2cn1,2.0,-0.3010299956639812,0,test
COc1cc(-c2cnc(C)n2C)ccc1Nc1cc2cc(-c3cnn(C4CCN(C(=O)OC(C)(C)C)CC4)c3)ccc2cn1,109.99999999999996,-2.041392685158225,0,train
COc1cc(-c2cnc(C)n2C)ccc1Nc1cc2cc(-c3cnc(C)n3C)ccc2cn1,5.000000000000001,-0.6989700043360189,1,train
COc1cc(-c2cnc(C)n2C)ccc1Nc1cc2cc(-c3cnco3)ccc2cn1,4.0,-0.6020599913279624,1,test
COc1cc(-c2cnc(C)n2C)ccc1Nc1cc2cc(-c3ccncc3)ccc2cn1,144.99999999999997,-2.161368002234975,1,train
COc1cc(-c2cnc(C)n2C)ccc1Nc1cc2cc(-c3ccc(N(C)C)nc3)ccc2cn1,108.00000000000004,-2.03342375548695,1,train
COc1cc(-c2cnc(C)n2C)ccc1Nc1cc2cc(-c3cncs3)ccc2cn1,4.0,-0.6020599913279624,1,train
CCn1cc(-c2ccc3cnc(Nc4ccc(-c5cnc(C)n5C)cc4OC)cc3c2)cn1,7.0,-0.8450980400142568,1,train
COc1cc(-c2cnc(C)n2C)ccc1Nc1cc2cc(-c3ccc(C)nc3)ccc2cn1,2.0,-0.3010299956639812,1,train
COc1cc(-c2cnc(C)n2C)ccc1Nc1cc2cc(-c3ccc(N(C)C(=O)OC(C)(C)C)nc3)ccc2cn1,713.0000000000002,-2.8530895298518657,0,test
COc1cc(-c2cnc(C)n2C)ccc1Nc1cc2cc(-c3sc(C)nc3C)ccc2cn1,97.0,-1.9867717342662448,1,train
COCCn1cc(-c2ccc3cnc(Nc4ccc(-c5cnc(C)n5C)cc4OC)cc3c2)cn1,20.000000000000004,-1.3010299956639813,1,train
COc1cc(-c2cnc(C)n2C)ccc1Nc1cc2cc(-c3cnn(C(C)C)c3)ccc2cn1,3.0,-0.4771212547196624,1,train
COc1cc(-c2cnc(C)n2C)ccc1Nc1cc2cc(-c3cccnc3)ccc2cn1,3.0,-0.4771212547196624,1,test
COc1cc(-c2cnc(C)n2C)ccc1Nc1cc2cc(-c3cncnc3)ccc2cn1,13.999999999999998,-1.146128035678238,1,train
COc1cc(-c2cnc(C)n2C)ccc1Nc1cc2cc(C3CC3)ccc2cn1,144.00000000000003,-2.1583624920952498,1,train
COc1cc(-c2cnc(C)n2C)ccc1Nc1cc2cc(-c3cn(C)nc3C)ccc2cn1,30.0,-1.4771212547196624,1,train
COc1cc(-c2cnc(C)n2C)ccc1Nc1cc2cc(-c3cnn(C)c3C)ccc2cn1,2.0,-0.3010299956639812,1,train
COc1cc(-c2cncn2C)ccc1Nc1cc2cc(-c3cnn(C)c3)ccc2cn1,3.0,-0.4771212547196624,0,train
Cc1ncc(-c2ccc(Nc3cc4cc(-c5cnn(C)c5)ccc4cn3)c(Cl)c2)n1C,4.0,-0.6020599913279624,0,train
COc1cc(-c2cnc(C)n2C)ccc1Nc1cc2cc(-c3cnn(C)c3)ccc2cn1,2.0,-0.3010299956639812,1,train
COc1cc(C(=O)N2CC(OC)C2)ccc1Nc1cc2cc(-c3cnn(C)c3)ccc2cn1,2.0,-0.3010299956639812,1,train
COCCn1cc(-c2ccc3cnc(Nc4ccc(-c5cnc(CO)n5C)cc4OC)cc3c2)cn1,28.0,-1.4471580313422192,1,train
COc1cc(-c2cnc(C)n2C)ccc1Nc1cc2cc(-c3cncc(C)c3)ccc2cn1,10.0,-1.0,1,train
COc1cc(-c2cnc(C)n2C)ccc1Nc1cc2cc(-c3cnnn3C)ccc2cn1,4.0,-0.6020599913279624,1,train
COc1cc(-c2cnc(C)n2C)ccc1Nc1cc2cc(-c3cnn(CC4CCC4)c3)ccc2cn1,3.0,-0.4771212547196624,0,train
COc1cc(-c2cnc(C)n2C)ccc1Nc1cc2cc(-c3cnn(CC(C)(C)O)c3)ccc2cn1,2.0,-0.3010299956639812,0,train
COc1cc(-c2cnc(C)n2C)ccc1Nc1cc2cc(-c3cnn(CC4(C)COC4)c3)ccc2cn1,2.0,-0.3010299956639812,0,train
COCCn1cc(-c2ccc3cnc(Nc4ccc(-c5cnc(C)n5CCOC)cc4OC)cc3c2)cn1,2.0,-0.3010299956639812,1,train
COCCn1cc(-c2ccc3cnc(Nc4ccc(-c5cnc(C)n5CO)cc4OC)cc3c2)cn1,3.0,-0.4771212547196624,0,test
COc1cc(-c2cnc(C)n2C)ccc1Nc1cc2cc(-c3cnn(C4COC4)c3)ccc2cn1,3.0,-0.4771212547196624,1,test
COc1cc(-c2cnc(C)n2C)ccc1Nc1cc2cc(-c3cnn(C)c3CO)ccc2cn1,3.0,-0.4771212547196624,1,train
COCCn1c(-c2ccc(Nc3cc4cc(-c5cnn(CC(C)(C)O)c5)ccc4cn3)c(OC)c2)cnc1C,3.0,-0.4771212547196624,0,train
COc1cc(-c2cnn(C)c2CO)ccc1Nc1cc2cc(-c3cnn(CC(C)(C)O)c3)ccc2cn1,3.0,-0.4771212547196624,0,train
COc1cc(-c2cnc(C)n2C)ccc1Nc1cc2cc(-c3cnn(CC4COC4)c3)ccc2cn1,5.000000000000001,-0.6989700043360189,0,train
COc1cc(-c2cnc(C)n2C)ccc1Nc1cc2cc(-c3cnn(C4CCOCC4)c3)ccc2cn1,6.0,-0.7781512503836436,1,train
COc1cc(-c2cnc(C)n2C)ccc1Nc1cc2cc(-c3cnn(CC4COC(C)(C)O4)c3)ccc2cn1,6.0,-0.7781512503836436,0,train
COc1cc(-c2nncn2C)ccc1Nc1cc2cc(-c3cnn(CC(C)(C)O)c3)ccc2cn1,1.0,-0.0,0,train
Cc1ncc(-c2ccc(Nc3cc4cc(-c5cnn(CC(C)(C)O)c5)ccc4cn3)c(Cl)c2)n1C,3.0,-0.4771212547196624,0,train
COc1cc(-c2cnc(C)n2C)ccc1Nc1cc2cc(-c3cnn(CC4(O)CCC4)c3)ccc2cn1,3.0,-0.4771212547196624,0,train
COc1cc(-c2cnc(C)n2C)ccc1Nc1cc2cc(-c3cnn(CC(F)(F)F)c3)ccc2cn1,4.0,-0.6020599913279624,0,test
CC(C)(O)Cn1cc(-c2ccc3cnc(Nc4ccc(N5CCOCC5)cc4Cl)cc3c2)cn1,45.00000000000001,-1.6532125137753435,0,train
COc1cc(C(=O)N2CC(OC)C2)ccc1Nc1cc2cc(-c3cnn(CC(C)(C)O)c3)ccc2cn1,2.0,-0.3010299956639812,1,train
Cc1ncc(-c2ccc(Nc3cc4cc(-c5cnn(CC(C)(C)O)c5)ccc4cn3)cc2)n1C,6.0,-0.7781512503836436,0,train
CCOc1cc(-c2nncn2C)ccc1Nc1cc2cc(-c3cnn(CC(C)(C)O)c3)ccc2cn1,2.0,-0.3010299956639812,0,train
COc1cc(C#N)ccc1Nc1cc2cc(-c3cnn(CC(C)(C)O)c3)ccc2cn1,10.999999999999996,-1.041392685158225,0,train
COc1c(Nc2cc3cc(-c4cnn(CC(C)(C)O)c4)ccc3cn2)ccc(-c2cnc(C)n2C)c1F,2.0,-0.3010299956639812,0,train
COCc1c(-c2ccc(Nc3cc4cc(-c5cnn(CC(C)(C)O)c5)ccc4cn3)c(OC)c2)cnn1C,4.0,-0.6020599913279624,0,train
COc1cc(-c2cnn(C)c2)ccc1Nc1cc2cc(-c3cnn(CC(C)(C)O)c3)ccc2cn1,4.0,-0.6020599913279624,1,train
COc1cc(-c2cnn(C)c2C)ccc1Nc1cc2cc(-c3cnn(CC(C)(C)O)c3)ccc2cn1,4.0,-0.6020599913279624,0,train
COc1cc(F)ccc1Nc1cc2cc(-c3cnn(CC(C)(C)O)c3)ccc2cn1,64.99999999999999,-1.8129133566428557,1,test
COc1cc(-c2nnc3n2CCN(C(=O)OC(C)(C)C)C3)ccc1Nc1cc2cc(-c3cnn(CC(C)(C)O)c3)ccc2cn1,3.0,-0.4771212547196624,0,train
COc1nc(-c2cnc(C)n2C)ccc1Nc1cc2cc(-c3cnn(CC(C)(C)O)c3)ccc2cn1,3.0,-0.4771212547196624,0,train
COc1cc(-c2cnc(C)n2C)cnc1Nc1cc2cc(-c3cnn(CC(C)(C)O)c3)ccc2cn1,3.0,-0.4771212547196624,0,train
CC(C)(O)Cn1cc(-c2ccc3cnc(Nc4ccc(-c5cncnc5)cc4Cl)cc3c2)cn1,5.000000000000001,-0.6989700043360189,0,train
CC(C)(O)Cn1cc(-c2ccc3cnc(Nc4ccc(S(C)(=O)=O)cc4Cl)cc3c2)cn1,4.0,-0.6020599913279624,0,train
COc1cc(C(=O)N(C)C)ccc1Nc1cc2cc(-c3cnn(CC(C)(C)O)c3)ccc2cn1,2.0,-0.3010299956639812,0,train
COc1cc(C(=O)NCCO)ccc1Nc1cc2cc(-c3cnn(CC(C)(C)O)c3)ccc2cn1,2.0,-0.3010299956639812,0,test
COCCNC(=O)c1ccc(Nc2cc3cc(-c4cnn(CC(C)(C)O)c4)ccc3cn2)c(OC)c1,3.0,-0.4771212547196624,0,test
COCc1ncc(-c2ccc(Nc3cc4cc(-c5cnn(CC(C)(C)O)c5)ccc4cn3)c(OC)c2)n1C,1.0,-0.0,0,train
COc1cc(-c2ncnn2C)ccc1Nc1cc2cc(-c3cnn(CC(C)(C)O)c3)ccc2cn1,1.0,-0.0,0,train
COc1cc(C(=O)N2CCS(=O)(=O)CC2)ccc1Nc1cc2cc(-c3cnn(CC(C)(C)O)c3)ccc2cn1,2.0,-0.3010299956639812,0,train
COc1cc(C(=O)N2CCN(C)CC2)ccc1Nc1cc2cc(-c3cnn(CC(C)(C)O)c3)ccc2cn1,2.0,-0.3010299956639812,0,train
COc1cc(C(=O)NC2CCN(C)CC2)ccc1Nc1cc2cc(-c3cnn(CC(C)(C)O)c3)ccc2cn1,5.000000000000001,-0.6989700043360189,0,train
COc1cc(-c2cnc(C)n2C)ccc1Nc1cc2cc(-c3cnn(C(C)C(C)(C)O)c3)ccc2cn1,6.0,-0.7781512503836436,0,train
COc1cc(-c2cnc(C)n2CC(C)(C)O)ccc1Nc1cc2cc(-c3cnn(CC(C)(C)O)c3)ccc2cn1,2.0,-0.3010299956639812,0,test
COc1cc(-c2nnc3n2CCN(C)C3)ccc1Nc1cc2cc(-c3cnn(CC(C)(C)O)c3)ccc2cn1,2.0,-0.3010299956639812,0,test
CCC(O)Cn1cc(-c2ccc3cnc(Nc4ccc(C(=O)N5CC(OC)C5)cc4OC)cc3c2)cn1,4.0,-0.6020599913279624,0,train
COCCn1cc(-c2ccc3cnc(Nc4ccc(C(=O)N5CC(OC)C5)cc4OC)cc3c2)cn1,3.0,-0.4771212547196624,0,train
COc1cc(C(=O)N2CC(OC)C2)ccc1Nc1cc2cc(-c3cnn(CC(O)C(C)C)c3)ccc2cn1,4.0,-0.6020599913279624,1,train
COc1cc(C(=O)N2CC(OC)C2)ccc1Nc1cc2cc(-c3cnn(CC(C)(C)OC)c3)ccc2cn1,3.0,-0.4771212547196624,1,test
COc1cc(C(=O)N2CC(OC)C2)ccc1Nc1cc2cc(-c3cnn(CC(O)C(F)(F)F)c3)ccc2cn1,3.0,-0.4771212547196624,0,test
COc1cc(C(=O)N2CC(OC)C2)ccc1Nc1cc2cc(-c3cnn(C(C)C(C)(C)O)c3)ccc2cn1,5.000000000000001,-0.6989700043360189,0,train
Cc1nnc(-c2ccc(Nc3cc4cc(-c5cnn(CC(C)(C)O)c5)ccc4cn3)c(Cl)c2)o1,23.0,-1.3617278360175928,0,train
COCC(O)Cn1cc(-c2ccc3cnc(Nc4ccc(C(=O)N5CC(OC)C5)cc4OC)cc3c2)cn1,17.0,-1.230448921378274,0,train
COCC(Cn1cc(-c2ccc3cnc(Nc4ccc(C(=O)N5CC(OC)C5)cc4OC)cc3c2)cn1)OC,9.0,-0.9542425094393248,0,train
COc1cc(S(=O)(=O)N(C)C)ccc1Nc1cc2cc(-c3cnn(CC(C)(C)O)c3)ccc2cn1,3.0,-0.4771212547196624,0,train
COc1cc(C(=O)N2CC(OC)C2)ccc1Nc1cc2cc(-c3cnn(CC(O)CO)c3)ccc2cn1,3.0,-0.4771212547196624,1,train
COc1cc(C(=O)N2CC(OC)C2)ccc1Nc1cc2cc(-c3cnn(C4COCC4O)c3)ccc2cn1,5.000000000000001,-0.6989700043360189,0,train
COc1cc(C(=O)N2CC(OC)C2)ccc1Nc1cc2cc(-c3cnn(C4CCCC4O)c3)ccc2cn1,3.0,-0.4771212547196624,0,train
COc1cc(-c2cnc(C#N)n2C)ccc1Nc1cc2cc(-c3cnn(CC(C)(C)O)c3)ccc2cn1,5.000000000000001,-0.6989700043360189,0,test
COc1cc(C(=O)N2CC(OC)C2)ccc1Nc1cc2cc(-c3cnn(C4CCCCC4O)c3)ccc2cn1,15.000000000000004,-1.1760912590556811,0,train
COCC1CN(C(=O)c2ccc(Nc3cc4cc(-c5cnn(CC(C)(C)O)c5)ccc4cn3)c(OC)c2)C1,7.0,-0.8450980400142568,0,train
COc1cc(C(=O)N2CC(OC)C2)ccc1Nc1cc2cc(-c3cnn(CC4(O)CCC4)c3)ccc2cn1,7.999999999999999,-0.9030899869919436,0,test
CCOc1cc(-c2nncn2C)ccc1Nc1cc2cc(-c3cnn(CC4(O)CCC4)c3)ccc2cn1,7.0,-0.8450980400142568,0,train
COc1cc(-c2cnc(C)n2C)ccc1Nc1cc2cc(C(=O)N(C)C)ccc2cn1,472.0000000000002,-2.673941998634088,0,train
CNC(=O)c1ccc2cnc(Nc3ccc(-c4cnc(C)n4C)cc3OC)cc2c1,5.000000000000001,-0.6989700043360189,0,train
COC1CN(C(=O)c2ccc(Nc3cc4cc(-c5cnn(CC(C)(C)O)c5)ccc4cn3)c(OC(F)F)c2)C1,2.0,-0.3010299956639812,0,train
CCOc1cc(C(=O)N2CC(OC)C2)ccc1Nc1cc2cc(-c3cnn(CC(C)(C)O)c3)ccc2cn1,2.0,-0.3010299956639812,0,train
COc1cc(C(=O)N2CC(F)(F)C2)ccc1Nc1cc2cc(-c3cnn(CC(C)(C)O)c3)ccc2cn1,5.000000000000001,-0.6989700043360189,0,train
COc1cc(C(=O)N2CCC(C#N)CC2)ccc1Nc1cc2cc(-c3cnn(CC(C)(C)O)c3)ccc2cn1,2.0,-0.3010299956639812,0,train
COc1cc(C(=O)N2CC3(CCOC3)C2)ccc1Nc1cc2cc(-c3cnn(CC(C)(C)O)c3)ccc2cn1,1.0,-0.0,0,test
COc1cc(C(=O)N2CC(OC)C2)ccc1Nc1cc2cc(-c3cn(CC(C)(C)O)nn3)ccc2cn1,2.0,-0.3010299956639812,0,train
COc1cc(C(=O)N2CC(OC)C2)ccc1Nc1cc2cc(-c3cnn(CC(C)(C)O)n3)ccc2cn1,9.0,-0.9542425094393248,0,train
COc1cc(-c2cnn(C)c2)ccc1Nc1cc2nc(-c3cnn(C)c3)ccc2cn1,6.0,-0.7781512503836436,1,train
COc1cc(-c2cnn(C)c2)ccc1Nc1cc2nc(-c3cnn(CC(C)(C)O)c3)ccc2cn1,3.0,-0.4771212547196624,1,train
COc1cc(-c2cnc(C)n2C)ccc1Nc1cc2nc(-c3cnn(CC(C)(C)O)c3)ccc2cn1,2.0,-0.3010299956639812,0,train
CCOc1cc(-c2nncn2C)ccc1Nc1cc2nc(-c3cnn(CC(C)(C)O)c3)ccc2cn1,1.0,-0.0,0,test
COc1cc(C(=O)N2CC(OC)C2)ccc1Nc1cc2nc(-c3cnn(CC(C)(C)O)c3)ccc2cn1,2.0,-0.3010299956639812,1,test
COc1cc(-c2nncn2C)ccc1Nc1cc2nc(-c3cnn(CC(C)(C)O)c3)ccc2cn1,1.0,-0.0,0,test
COc1cc(-c2cnc(C)n2C)ccc1Nc1cc2nc(-c3cnn(CC4(O)CCC4)c3)ccc2cn1,1.0,-0.0,0,train
Cc1cc(-n2cnc3c(NCCC(F)(F)F)cc(-c4ccncc4)cc32)ccc1C(=O)NC1CC1,0.2,0.6989700043360187,0,test
Cc1ccc(F)cc1Nc1cc(NCCC(F)(F)F)c2ncn(-c3ccc(C(=O)NC4CC4)c(C)c3)c2c1,1.5,-0.1760912590556812,1,test
Cc1cc(-n2cnc3c(NCCC(F)(F)F)cc(Oc4cccc(F)c4)cc32)ccc1C(=O)NC1CC1,0.7,0.1549019599857432,1,train
Cc1cc(-n2cnc3c(NCCC(F)(F)F)cc(Nc4cccc(F)c4F)cc32)ccc1C(=O)NC1CC1,2.3,-0.3617278360175928,0,test
CC(C)CNc1cc(Br)cc2c1ncn2-c1ccc(C(=O)NC2CC2)cc1,16.600000000000005,-1.2201080880400552,0,train
CC(C)CNc1cc(-c2ccc(F)cc2)cc2c1ncn2-c1ccc(C(=O)NC2CC2)cc1,1.9,-0.2787536009528289,0,train
Cc1cc(-n2cnc3c(NCC4CCOCC4)cc(Oc4cccc(F)c4)cc32)ccc1C(=O)NC1CC1,0.4,0.3979400086720376,0,train
CNC(=O)c1ccc(-n2cnc3c(NCCC(F)(F)F)cc(Oc4cccc(F)c4)cc32)cc1C,4.700000000000001,-0.6720978579357175,0,train
CCNC(=O)c1ccc(-n2cnc3c(NCCC(F)(F)F)cc(Oc4cccc(F)c4)cc32)cc1C,6.6,-0.8195439355418687,0,train
Cc1cc(-n2cnc3c(NCCC(F)(F)F)cc(Oc4cccc(F)c4)cc32)ccc1C(=O)NC1(C)CC1,15.300000000000002,-1.1846914308175989,1,train
Cc1cc(-n2cnc3c(NCCC(F)(F)F)cc(Oc4cccc(F)c4)cc32)ccc1C(=O)NC1(C#N)CC1,48.69999999999999,-1.6875289612146342,1,train
Cc1cc(-n2cnc3c(NCCC(F)(F)F)cc(Oc4cccc(F)c4F)cc32)ccc1C(=O)NC1CC1,0.45,0.3467874862246563,1,train
Cc1cc(F)cc(Oc2cc(NCC3CCOCC3)c3ncn(-c4ccc(C(=O)NC5CC5)c(C)c4)c3c2)c1,0.6,0.2218487496163563,1,train
Cc1ccc(F)cc1Oc1cc(NCC2CCOCC2)c2ncn(-c3ccc(C(=O)NC4CC4)c(C)c3)c2c1,0.6,0.2218487496163563,0,train
Cc1cc(-n2cnc3c(NCC4CCOCC4)cc(Oc4ccc(F)c(F)c4)cc32)ccc1C(=O)NC1CC1,1.1,-0.041392685158225,0,train
Cc1cc(-n2cnc3c(NCCC(F)(F)F)cc(Oc4ccc(Cl)cc4)cc32)ccc1C(=O)NC1CC1,2.4,-0.380211241711606,0,train
Cc1ccc(F)cc1Nc1cc(NCC2CCOCC2)c2ncn(-c3ccc(C(=O)NC4CC4)c(C)c3)c2c1,1.2,-0.0791812460476248,0,train
Cc1cc(-n2cnc3c(NCC4CCOCC4)cc(-c4ccccc4CO)cc32)ccc1C(=O)NC1CC1,1.5,-0.1760912590556812,0,train
Cc1cc(-n2cnc3c(NCCC(F)(F)F)cc(-c4ccccc4CO)cc32)ccc1C(=O)NC1CC1,1.8,-0.255272505103306,0,train
Cc1cc(-n2cnc3c(NCC4CCOCC4)cc(Oc4ccc(Cl)c(F)c4)cc32)ccc1C(=O)NC1CC1,2.7,-0.4313637641589873,0,train
Cc1cc(-n2cnc3c(NCC4CCOCC4)cc(Oc4ccc(Cl)cc4)cc32)ccc1C(=O)NC1CC1,2.2,-0.3424226808222063,1,train
COc1ccc(Oc2cc(NCC3CCOCC3)c3ncn(-c4ccc(C(=O)NC5CC5)c(C)c4)c3c2)cc1F,0.55,0.2596373105057561,0,train
Cc1cc(-n2cnc3c(NCC4CCOCC4)cc(Oc4cccc(F)c4F)cc32)ccc1C(=O)NC1CC1,0.2,0.6989700043360187,0,test
Cc1cc(F)cc(Oc2cc(NCCC(F)(F)F)c3ncn(-c4ccc(C(=O)NC5CC5)c(C)c4)c3c2)c1,1.8,-0.255272505103306,0,train
Cc1cc(-n2cnc3c(NCCC(F)(F)F)cc(Oc4ccc(F)c(F)c4)cc32)ccc1C(=O)NC1CC1,1.4,-0.146128035678238,1,train
Cc1cc(-n2cnc3c(NCCC(F)(F)F)cc(Oc4ccc(Cl)c(F)c4)cc32)ccc1C(=O)NC1CC1,3.1,-0.4913616938342727,0,train
COc1ccc(Oc2cc(NCCC(F)(F)F)c3ncn(-c4ccc(C(=O)NC5CC5)c(C)c4)c3c2)c(F)c1,0.9,0.0457574905606751,0,train
Cc1cc(-n2cnc3c(NCCC(F)(F)F)cc(-c4ccnn4C)cc32)ccc1C(=O)NC1CC1,4.8,-0.6812412373755872,0,train
CCNC(=O)c1ccc(-n2cnc3c(NCCC(F)(F)F)cc(-c4ccnn4C)cc32)cc1C,33.0,-1.5185139398778875,1,train
CNC(=O)c1ccc(-n2cnc3c(NCCC(F)(F)F)cc(-c4ccnn4C)cc32)cc1C,20.2,-1.3053513694466237,0,train
COc1ccc(Oc2cc(NCCC(F)(F)F)c3ncn(-c4ccc(C(=O)NC5CC5)c(C)c4)c3c2)cc1F,0.7,0.1549019599857432,1,train
CCNC(=O)c1ccc(-n2cnc3c(NCCC(F)(F)F)cc(Oc4ccc(OC)c(F)c4)cc32)cc1C,5.800000000000001,-0.7634279935629373,0,test
CNC(=O)c1ccc(-n2cnc3c(NCCC(F)(F)F)cc(Oc4ccc(OC)c(F)c4)cc32)cc1C,3.9,-0.5910646070264992,0,test
Cc1cc(-n2cnc3c(NCCC(F)(F)F)cc(Oc4ccccc4)cc32)ccc1C(=O)NC1CC1,0.5,0.3010299956639812,1,train
COc1ccc(Oc2cc(NCCC(F)(F)F)c3ncn(-c4ccc(C(=O)NC5CC5)cc4)c3c2)cc1F,0.4,0.3979400086720376,0,train
CNC(=O)c1ccc(-n2cnc3c(NCCC(F)(F)F)cc(Oc4ccccc4OC)cc32)cc1C,43.29999999999999,-1.6364878963533651,1,train
CCNC(=O)c1ccc(-n2cnc3c(NCCC(F)(F)F)cc(Oc4ccccc4OC)cc32)cc1C,58.20000000000002,-1.7649229846498886,1,train
COc1ccccc1Oc1cc(NCCC(F)(F)F)c2ncn(-c3ccc(C(=O)NC4CC4)c(C)c3)c2c1,10.1,-1.0043213737826426,0,test
CNC(=O)c1ccc(-n2cnc3c(NCC4CCOCC4)cc(Oc4ccc(OC)c(F)c4)cc32)cc1C,4.450000000000001,-0.6483600109809317,1,train
Cc1cc(-n2cnc3c(NCCC(F)(F)F)cc(Oc4ccc(OCc5ccccc5)cc4)cc32)ccc1C(=O)NC1CC1,6.7,-0.8260748027008264,0,train
CCNC(=O)c1ccc(-n2cnc3c(NCCC(F)(F)F)cc(Oc4ccc(OCc5ccccc5)cc4)cc32)cc1C,100.0,-2.0,0,train
CNC(=O)c1ccc(-n2cnc3c(NCCC(F)(F)F)cc(Oc4ccc(OCc5ccccc5)cc4)cc32)cc1C,100.0,-2.0,0,train
CNC(=O)c1ccc(-n2cnc3c(NCCC(F)(F)F)cc(Oc4ccc(O)cc4)cc32)cc1C,5.6000000000000005,-0.7481880270062005,0,train
CCNC(=O)c1ccc(-n2cnc3c(NCCC(F)(F)F)cc(Oc4ccc(O)cc4)cc32)cc1C,5.500000000000001,-0.7403626894942439,1,test
Cc1cc(-n2cnc3c(NCCC(F)(F)F)cc(Oc4ccc(O)cc4)cc32)ccc1C(=O)NC1CC1,1.1,-0.041392685158225,1,test
Cc1cc(-c2cc(NCCC(F)(F)F)c3ncn(-c4ccc(C(=O)NC5CC5)c(C)c4)c3c2)ccc1C(=O)NC1CC1,0.9,0.0457574905606751,0,train
CNC(=O)c1ccc(-c2cc(NCCC(F)(F)F)c3ncn(-c4ccc(C(=O)NC5CC5)c(C)c4)c3c2)cc1C,0.9,0.0457574905606751,0,test
CCNC(=O)c1ccc(-c2cc(NCCC(F)(F)F)c3ncn(-c4ccc(C(=O)NC5CC5)c(C)c4)c3c2)cc1C,1.9,-0.2787536009528289,0,train
Cc1cc(-n2cnc3c(NCCC(F)(F)F)cc(Oc4ccccc4O)cc32)ccc1C(=O)NC1CC1,0.2,0.6989700043360187,0,train
CCNC(=O)c1ccc(-n2cnc3c(NCCC(F)(F)F)cc(Oc4ccccc4O)cc32)cc1C,0.7,0.1549019599857432,1,train
CNC(=O)c1ccc(-n2cnc3c(NCCC(F)(F)F)cc(Oc4ccccc4O)cc32)cc1C,0.2999999999999999,0.5228787452803376,1,test
COc1c(F)cccc1Oc1cc(NCCC(F)(F)F)c2ncn(-c3ccc(C(=O)NC4CC4)c(C)c3)c2c1,6.8,-0.8325089127062363,0,train
Cc1cc(-n2cnc3c(NCCC(F)(F)F)cc(Oc4cccc(OC(F)(F)F)c4)cc32)ccc1C(=O)NC1CC1,11.900000000000002,-1.0755469613925308,0,train
Cc1cc(-n2cnc3c(NCCC(F)(F)F)cc(Oc4ccc(N5CCOCC5)cc4)cc32)ccc1C(=O)NC1CC1,11.500000000000004,-1.0606978403536118,1,train
Cc1cc(-n2cnc3c(NCCC(F)(F)F)cc(Oc4ccc(OC(F)F)cc4)cc32)ccc1C(=O)NC1CC1,1.3,-0.1139433523068367,0,train
Cc1cc(-n2cnc3c(NCCC(F)(F)F)cc(Oc4cccc(OC(F)F)c4)cc32)ccc1C(=O)NC1CC1,3.2000000000000006,-0.505149978319906,0,train
COc1ccccc1Nc1cc(NCCC(F)(F)F)c2ncn(-c3ccc(C(=O)NC4CC4)c(C)c3)c2c1,18.899999999999995,-1.276461804173244,1,train
Cc1cc(-n2cnc3c(NCCC(F)(F)F)cc(Oc4cccc(S(C)(=O)=O)c4)cc32)ccc1C(=O)NC1CC1,2.6,-0.414973347970818,0,train
COc1cccc(Nc2cc(NCCC(F)(F)F)c3ncn(-c4ccc(C(=O)NC5CC5)c(C)c4)c3c2)c1C,2.8,-0.4471580313422192,0,test
CCNC(=O)c1ccc(-n2cnc3c(NCCC(F)(F)F)cc(Oc4cccc(F)c4F)cc32)cc1C,2.1,-0.3222192947339193,1,test
CNC(=O)c1ccc(-n2cnc3c(NCCC(F)(F)F)cc(Oc4cccc(F)c4F)cc32)cc1C,1.0,-0.0,1,train
CNC(=O)c1ccc(-n2cnc3c(NCCC(F)(F)F)cc(Oc4cccc(OC)c4)cc32)cc1C,8.8,-0.9444826721501688,0,train
CCNC(=O)c1ccc(-n2cnc3c(NCCC(F)(F)F)cc(Oc4cccc(OC)c4)cc32)cc1C,25.90000000000001,-1.413299764081252,1,train
COc1cccc(Oc2cc(NCCC(F)(F)F)c3ncn(-c4ccc(C(=O)NC5CC5)c(C)c4)c3c2)c1,2.0,-0.3010299956639812,0,train
CCNC(=O)c1ccc(-n2cnc3c(NCCC(F)(F)F)cc(Oc4cccc(F)c4OC)cc32)cc1C,28.5,-1.4548448600085102,1,test
CNC(=O)c1ccc(-n2cnc3c(NCCC(F)(F)F)cc(Oc4cccc(F)c4OC)cc32)cc1C,33.0,-1.5185139398778875,1,test
COc1cc(C#N)ccc1Oc1cc(NCCC(F)(F)F)c2ncn(-c3ccc(C(=O)NC4CC4)c(C)c3)c2c1,52.2,-1.717670503002262,0,train
Cc1cc(-n2cnc3c(NCCC(F)(F)F)cc(Oc4ccc(S(C)(=O)=O)cc4)cc32)ccc1C(=O)NC1CC1,6.4,-0.8061799739838872,0,train
Cc1cc(-n2cnc3c(NCCC(F)(F)F)cc(Oc4ccc(-c5ncco5)cc4)cc32)ccc1C(=O)NC1CC1,21.899999999999995,-1.3404441148401185,1,test
Cc1cc(-n2cnc3c(NCCC(F)(F)F)cc(Oc4ccc(F)c(C(F)(F)F)c4)cc32)ccc1C(=O)NC1CC1,7.200000000000001,-0.8573324964312685,0,train
Cc1cc(-n2cnc3c(NCCC(F)(F)F)cc(Oc4cccc(C#N)c4)cc32)ccc1C(=O)NC1CC1,1.0,-0.0,1,train
Cc1cc(-n2cnc3c(NCCC(F)(F)F)cc(Oc4ccc(-n5cncn5)cc4)cc32)ccc1C(=O)NC1CC1,10.999999999999996,-1.041392685158225,0,test
Cc1cc(-n2cnc3c(NCCC(F)(F)F)cc(Oc4cccc(C(=O)NC5CC5)c4)cc32)ccc1C(=O)NC1CC1,3.9,-0.5910646070264992,0,train
Cc1cc(-n2cnc3c(NCCC(F)(F)F)cc(Nc4ccccc4O)cc32)ccc1C(=O)NC1CC1,3.9,-0.5910646070264992,0,train
Cc1cc(-n2cnc3c(NCCC(F)(F)F)cc(Oc4ccc(O)c(F)c4)cc32)ccc1C(=O)NC1CC1,0.7,0.1549019599857432,1,train
CNC(=O)c1ccc(-n2cnc3c(NCC4CCOCC4)cc(Oc4cccc(F)c4F)cc32)cc1C,3.4,-0.5314789170422551,0,train
CCNC(=O)c1ccc(-n2cnc3c(NCC4CCOCC4)cc(Oc4cccc(F)c4F)cc32)cc1C,3.2999999999999994,-0.5185139398778874,0,train
CNC(=O)c1ccc(-n2cnc3c(NCC4CCOCC4)cc(Oc4ccc(OC)cc4F)cc32)cc1C,7.0,-0.8450980400142568,0,train
CCNC(=O)c1ccc(-n2cnc3c(NCC4CCOCC4)cc(Oc4ccc(OC)cc4F)cc32)cc1C,11.400000000000004,-1.0569048513364727,0,train
CNC(=O)c1ccc(-n2cnc3c(NCCC(F)(F)F)cc(Oc4ccc(OC)cc4F)cc32)cc1C,6.7,-0.8260748027008264,0,train
CCNC(=O)c1ccc(-n2cnc3c(NCCC(F)(F)F)cc(Oc4ccc(OC)cc4F)cc32)cc1C,10.8,-1.0334237554869496,1,test
Cc1cc(-n2cnc3c(NCCC(F)(F)F)cc(Oc4ccc(O)cc4F)cc32)ccc1C(=O)NC1CC1,1.1,-0.041392685158225,0,test
Cc1cc(-n2cnc3c(NCCC(F)(F)F)cc(Oc4cccc(F)c4O)cc32)ccc1C(=O)NC1CC1,0.4,0.3979400086720376,1,train
CNC(=O)c1ccc(-n2cnc3c(NCCC(F)(F)F)cc(Oc4cccc(F)c4O)cc32)cc1C,3.0,-0.4771212547196624,1,train
CCNC(=O)c1ccc(-n2cnc3c(NCCC(F)(F)F)cc(Oc4cccc(F)c4O)cc32)cc1C,4.1,-0.6127838567197355,1,train
CNC(=O)c1ccc(-n2cnc3c(NCCC(F)(F)F)cc(Oc4cccc(O)c4)cc32)cc1C,3.1,-0.4913616938342727,1,train
CCNC(=O)c1ccc(-n2cnc3c(NCCC(F)(F)F)cc(Oc4cccc(O)c4)cc32)cc1C,5.6000000000000005,-0.7481880270062005,1,train
CNC(=O)c1ccc(-n2cnc3c(NCCC(F)(F)F)cc(Oc4ccc(O)cc4F)cc32)cc1C,4.6000000000000005,-0.6627578316815741,1,train
CCNC(=O)c1ccc(-n2cnc3c(NCCC(F)(F)F)cc(Oc4ccc(O)cc4F)cc32)cc1C,4.6000000000000005,-0.6627578316815741,1,train
CNC(=O)c1ccc(-n2cnc3c(NCCC(F)(F)F)cc(Oc4ccc(O)c(F)c4)cc32)cc1C,2.4,-0.380211241711606,1,train
CCNC(=O)c1ccc(-n2cnc3c(NCCC(F)(F)F)cc(Oc4ccc(O)c(F)c4)cc32)cc1C,3.4,-0.5314789170422551,0,test
COc1ccc(C(=O)c2cc(NCCC(F)(F)F)c3ncn(-c4ccc(C(=O)NC5CC5)c(C)c4)c3c2)cc1F,6.4,-0.8061799739838872,0,train
COc1ccc(C(O)c2cc(NCCC(F)(F)F)c3ncn(-c4ccc(C(=O)NC5CC5)c(C)c4)c3c2)cc1F,1.8,-0.255272505103306,1,train
COc1ccc(C(C)(O)c2cc(NCCC(F)(F)F)c3ncn(-c4ccc(C(=O)NC5CC5)c(C)c4)c3c2)cc1F,2.7,-0.4313637641589873,0,train
COc1ccc(C(C)(O)c2cc(NCCC(F)(F)F)c3ncn(-c4ccc(C(=O)NC5CC5)c(CO)c4)c3c2)cc1F,24.200000000000003,-1.383815365980431,1,train
C=C(c1ccc(OC)c(F)c1)c1cc(NCCC(F)(F)F)c2ncn(-c3ccc(C(=O)NC4CC4)c(C)c3)c2c1,2.1,-0.3222192947339193,0,train
COc1ccc(C(C)c2cc(NCCC(F)(F)F)c3ncn(-c4ccc(C(=O)NC5CC5)c(C)c4)c3c2)cc1F,2.9,-0.4623979978989561,0,train
COc1ccc(Cc2cc(NCCC(F)(F)F)c3ncn(-c4ccc(C(=O)NC5CC5)c(C)c4)c3c2)cc1F,0.9,0.0457574905606751,1,train
Cc1ccc(F)cc1Oc1cc(NCCC(F)(F)F)c2ncn(-c3ccc(C(=O)NC4CC4)c(C)c3)c2c1,5.3,-0.724275869600789,0,train
Cc1cc(-n2cnc3c(NCCC(F)(F)F)cc(C(=O)c4ccc(O)c(F)c4)cc32)ccc1C(=O)NC1CC1,17.0,-1.230448921378274,1,train
Cc1cc(-n2cnc3c(NCCC(F)(F)F)cc(Oc4cccc(C(F)F)c4)cc32)ccc1C(=O)NC1CC1,2.8,-0.4471580313422192,0,train
COc1ccccc1C(=O)c1cc(NCCC(F)(F)F)c2ncn(-c3ccc(C(=O)NC4CC4)c(C)c3)c2c1,12.000000000000002,-1.0791812460476249,0,train
Cc1cc(-n2cnc3c(NCCC(F)(F)F)cc(Oc4cccc(O)c4)cc32)ccc1C(=O)NC1CC1,0.6,0.2218487496163563,1,train
CNC(=O)c1ccc(-n2cnc3c(NCC4CCOCC4)cc(Oc4ccc(O)c(F)c4)cc32)cc1C,3.6,-0.5563025007672873,1,train
CCNC(=O)c1ccc(-n2cnc3c(NCC4CCOCC4)cc(Oc4ccc(O)c(F)c4)cc32)cc1C,6.3,-0.7993405494535817,0,test
CCNC(=O)c1ccc(-n2cnc3c(NCC4CCOCC4)cc(Oc4ccc(OC)c(SC)c4)cc32)cc1C,54.000000000000014,-1.7323937598229686,1,train
Cc1cc(-n2cnc3c(NCC4CCOCC4)cc(Oc4ccc(O)c(F)c4)cc32)ccc1C(=O)NC1CC1,0.7,0.1549019599857432,0,train
COc1ccc(Oc2cc(NCC3CCOCC3)c3ncn(-c4ccc(C(=O)NC5CC5)c(C)c4)c3c2)cc1SC,6.7,-0.8260748027008264,0,train
CNC(=O)c1ccc(-n2cnc3c(NCC4CCOCC4)cc(Oc4ccc(O)cc4F)cc32)cc1C,7.3,-0.8633228601204559,0,train
CNC(=O)c1ccc(-n2cnc3c(NCC4CCOCC4)cc(Oc4ccc(OC)cc4SC)cc32)cc1C,28.899999999999995,-1.4608978427565478,0,test
Cc1cc(-n2cnc3c(NCC4CCOCC4)cc(Oc4ccc(O)cc4F)cc32)ccc1C(=O)NC1CC1,1.0,-0.0,0,train
COc1ccc(Oc2cc(NCC3CCOCC3)c3ncn(-c4ccc(C(=O)NC5CC5)c(C)c4)c3c2)c(SC)c1,2.9,-0.4623979978989561,0,train
CCNC(=O)c1ccc(-n2cnc3c(NCC4CCOCC4)cc(Oc4ccc(O)cc4F)cc32)cc1C,6.7,-0.8260748027008264,0,train
CCNC(=O)c1ccc(-n2cnc3c(NCC4CCOCC4)cc(Oc4ccc(OC)cc4SC)cc32)cc1C,25.799999999999997,-1.41161970596323,0,test
COc1cc(C(=O)N2CC(OC)C2)ccc1Nc1cc2c(-c3cnn(CCN(C)C)c3)cccc2cn1,61.000000000000014,-1.7853298350107671,1,train
COCCn1cc(-c2cccc3cnc(Nc4ccc(C(=O)N5CC(OC)C5)cc4OC)cc23)cn1,13.999999999999998,-1.146128035678238,0,train
COc1cc(C(=O)N2CC(OC)C2)ccc1Nc1cc2c(-c3cnn(C4CCN(C(=O)OC(C)(C)C)CC4)c3)cccc2cn1,124.99999999999994,-2.096910013008056,0,train
COc1cc(C(=O)N2CC(OC)C2)ccc1Nc1cc2c(-c3cncn3C)cccc2cn1,111.99999999999996,-2.049218022670181,1,test
COc1cc(C(=O)N2CC(OC)C2)ccc1Nc1cc2c(-c3c(C)noc3C)cccc2cn1,260.99999999999994,-2.416640507338281,1,test
Cc1nn(C)cc1-c1cccc2cnc(Nc3ccc(C(=O)NC4CCN(C)CC4)cc3OC(F)(F)F)cc12,293.00000000000006,-2.4668676203541096,0,train
COc1cc(C(=O)N2CC(OC)C2)ccc1Nc1cc2c(-c3cnn(C(C)C)c3)cccc2cn1,10.999999999999996,-1.041392685158225,0,train
COc1cc(C(=O)N2CC(OC)C2)ccc1Nc1cc2c(-c3cn(C)nc3C)cccc2cn1,27.000000000000004,-1.4313637641589874,1,train
COc1cc(C(=O)N2CC(OC)C2)ccc1Nc1cc2c(-c3ccnn3C)cccc2cn1,22.0,-1.3424226808222062,1,train
COc1cc(-c2cnc(C)n2C)ccc1Nc1cc2c(-c3cnn(C)c3)cccc2cn1,6.0,-0.7781512503836436,1,train
Cc1ncc(-c2ccc(Nc3cc4c(-c5cnn(C)c5)cccc4cn3)c(Cl)c2)n1C,6.0,-0.7781512503836436,1,train
COc1cc(C(=O)N2CC(OC)C2)ccc1Nc1cc2c(-c3ccn(C)n3)cccc2cn1,26.0,-1.414973347970818,1,train
COc1cc(C(=O)N2CC(OC)C2)ccc1Nc1cc2c(-c3cnn(C)c3C)cccc2cn1,12.000000000000002,-1.0791812460476249,1,train
COc1cc(-c2cncn2C)ccc1Nc1cc2c(-c3cnn(C)c3)cccc2cn1,7.0,-0.8450980400142568,1,train
COc1cc(C(=O)N2CC(OC)C2)ccc1Nc1cc2c(-c3cncnc3)cccc2cn1,98.0,-1.9912260756924949,0,test
COc1cc(-c2cnn(C)c2)ccc1Nc1cc2c(-c3cnn(C)c3)cccc2cn1,70.99999999999999,-1.8512583487190752,1,train
Cn1cc(-c2cccc3cnc(Nc4ccc(-c5cncn5C)cc4Cl)cc23)cn1,50.99999999999999,-1.7075701760979365,0,test
COc1cc(-c2c(C)noc2C)ccc1Nc1cc2c(-c3cnn(C)c3)cccc2cn1,95.0,-1.977723605288848,1,test
COc1cc(C(=O)N2CC(OC)C2)ccc1Nc1cc2c(-c3cnn(C4CCN(C)CC4)c3)cccc2cn1,31.0,-1.4913616938342726,0,test
COc1cc(C(=O)N2CC(OC)C2)ccc1Nc1cc2c(-c3cnn(C4CCNCC4)c3)cccc2cn1,20.000000000000004,-1.3010299956639813,0,train
COc1cc(C(=O)N2CC(OC)C2)ccc1Nc1cc2c(-c3cccnc3)cccc2cn1,30.0,-1.4771212547196624,0,train
COC1CN(C(=O)c2ccc(Nc3cc4c(-c5cnn(C)c5)cccc4cn3)c(Cl)c2)C1,100.0,-2.0,0,train
Cn1cc(-c2ccc(Nc3cc4c(-c5cnn(C)c5)cccc4cn3)c(Cl)c2)cn1,225.0000000000001,-2.3521825181113627,1,train
COc1cc(C(=O)N2CC(OC)C2)ccc1Nc1cc2c(-c3cnn(C)c3)cccc2cn1,20.000000000000004,-1.3010299956639813,1,train
COc1cc(C(=O)N(C)C)ccc1Nc1cc2c(-c3cnn(C)c3)cccc2cn1,28.0,-1.4471580313422192,0,train
CN(C)C(=O)c1ccc(Nc2cc3c(-c4cnn(C)c4)cccc3cn2)c(Cl)c1,77.99999999999999,-1.8920946026904804,0,train
COc1cc(OC2CCN(C)CC2)ccc1Nc1cc2c(-c3cnn(C)c3)cccc2cn1,17.0,-1.230448921378274,0,train
COc1cc(-c2cnn(C)c2)c(C)cc1Nc1ncc2ccnc(-c3cnn(C)c3)c2n1,100.0,-2.0,1,train
COc1cc(-c2cnn(C)c2)ccc1Nc1ncc2ccnc(NC3CCCC3)c2n1,7.0,-0.8450980400142568,1,train
COc1cc(-c2cnc(C)n2C)ccc1Nc1ncc2ccnc(-c3cnn(C)c3)c2n1,4.0,-0.6020599913279624,0,train
COc1cc(-c2cnn(CCN3CCN(C)CC3)c2)ccc1Nc1ncc2ccnc(NC3CCCCC3)c2n1,3.0,-0.4771212547196624,0,train
COc1cc(-c2cnn(CCN(C)C)c2)ccc1Nc1ncc2ccnc(NC3CCCCC3)c2n1,3.0,-0.4771212547196624,0,test
COc1cc(-c2cnn(CCO)c2)ccc1Nc1ncc2ccnc(NC3CCCCC3)c2n1,13.999999999999998,-1.146128035678238,1,test
COc1cc(-c2cnn(CCO)c2)ccc1Nc1ncc2ccnc(NC3CCOCC3)c2n1,3.0,-0.4771212547196624,1,train
COc1nc(N2CCOCC2)ccc1Nc1ncc2ccnc(NCC(C)(C)C)c2n1,12.999999999999998,-1.1139433523068367,0,train
COc1nc(S(C)(=O)=O)ccc1Nc1ncc2ccnc(NCC(C)(C)C)c2n1,17.0,-1.230448921378274,0,train
COc1cc(-c2cncn2C)ccc1Nc1ncc2ccnc(NCC(C)(C)C)c2n1,2.0,-0.3010299956639812,1,train
COc1cc(-c2cnn(C)c2)ccc1Nc1ncc2cc(C)nc(NCC(C)(C)C)c2n1,29.0,-1.462397997898956,1,train
COc1cc(N2CCOCC2)ccc1Nc1ncc2ccnc(NCC(C)(C)C)c2n1,7.999999999999999,-0.9030899869919436,0,train
COc1cc(-c2cnn(C)c2)ccc1Nc1ncc2ccnc(N3CCC(C)C3)c2n1,10.0,-1.0,1,train
COc1cc(-c2cnn(C)c2)ccc1Nc1ncc2ccnc(N3CCC(F)(F)C3)c2n1,12.000000000000002,-1.0791812460476249,0,train
COc1cc(-c2cnn(C)c2)ccc1Nc1ncc2ccnc(N(C)C3CCCC3)c2n1,45.00000000000001,-1.6532125137753435,1,train
COc1cc(-c2cnn(C)c2)ccc1Nc1ncc2ccnc(NCCC(C)C)c2n1,21.0,-1.3222192947339193,1,train
COc1cc(-c2cnn(C)c2)ccc1Nc1ncc2ccnc(N3CCOCC3)c2n1,3.0,-0.4771212547196624,1,train
COc1cc(-c2cnn(C)c2)ccc1Nc1ncc2ccnc(N3CCN(C)CC3)c2n1,9.0,-0.9542425094393248,1,train
COc1cc(-c2cnn(C)c2)ccc1Nc1ncc2ccnc(N3CC(F)(F)C3)c2n1,15.499999999999996,-1.1903316981702914,0,train
COc1cc(-c2cnn(C)c2)ccc1Nc1ncc2ccnc(N3CCC4(CCC4)C3)c2n1,7.999999999999999,-0.9030899869919436,0,train
COc1cc(-c2cnn(C)c2)ccc1Nc1ncc2ccnc(N3CC(OC)C3)c2n1,10.0,-1.0,1,train
COc1cc(-c2cnn(C)c2)ccc1Nc1ncc2ccnc(NC3CCOCC3)c2n1,3.0,-0.4771212547196624,1,train
COc1cc(-c2cnn(C)c2)ccc1Nc1ncc2ccnc(NCC(C)(C)O)c2n1,6.0,-0.7781512503836436,1,test
COc1cc(-c2cnn(C)c2)ccc1Nc1ncc2ccnc(NCC3COC3)c2n1,5.000000000000001,-0.6989700043360189,1,test
COc1cc(-c2cnn(C)c2)ccc1Nc1ncc2ccnc(NCC(C)(C)CO)c2n1,4.0,-0.6020599913279624,1,train
COc1cc(-c2cnn(C)c2)ccc1Nc1ncc2ccnc(NC(C)C3CC3)c2n1,4.0,-0.6020599913279624,1,train
COc1cc(-c2cnn(C)c2)ccc1Nc1ncc2ccnc(NC3CCOC3)c2n1,7.999999999999999,-0.9030899869919436,1,test
COc1cc(-c2cnn(C)c2)ccc1Nc1ncc2ccnc(NCC3CCOC3)c2n1,5.000000000000001,-0.6989700043360189,1,train
COc1cc(-c2cnn(C)c2)ccc1Nc1ncc2ccnc(N3CCC(O)C3)c2n1,6.0,-0.7781512503836436,1,train
COc1cc(-c2cnn(C)c2)ccc1Nc1ncc2ccnc(N(C)C3CCOCC3)c2n1,33.0,-1.5185139398778875,1,train
COc1cc(-c2cnn(C)c2)ccc1Nc1ncc2ccnc(NC(C)(C)C)c2n1,25.000000000000007,-1.3979400086720375,1,train
COc1cc(-c2cnn(C)c2)ccc1Nc1ncc2ccnc(NC3(C)CCCCC3)c2n1,19.0,-1.2787536009528289,1,train
COc1cc(-c2cnn(C)c2)ccc1Nc1ncc2ccnc(NCC(C)(F)F)c2n1,13.999999999999998,-1.146128035678238,0,test
COCC(C)(C)CNc1nccc2cnc(Nc3ccc(-c4cnn(C)c4)cc3OC)nc12,23.999999999999996,-1.380211241711606,1,train
COc1cc(-c2cnn(C)c2)ccc1Nc1ncc2ccnc(NCC(C)(C)OC)c2n1,5.000000000000001,-0.6989700043360189,1,train
COc1cc(-c2cnn(C)c2)ccc1Nc1ncc2ccnc(NCC(F)(F)F)c2n1,75.00000000000001,-1.8750612633917,1,train
COc1cc(-c2cnn(C)c2)ccc1Nc1ncc2ccnc(N3CCC4(COC4)C3)c2n1,3.0,-0.4771212547196624,0,train
COc1cc(-c2cnn(C)c2)ccc1Nc1ncc2ccnc(NCC3(O)CCC3)c2n1,7.0,-0.8450980400142568,1,test
CCn1cc(-c2nccc3cnc(Nc4ccc(-c5cnn(C)c5)cc4OC)nc23)cn1,10.0,-1.0,1,test
COc1cc(-c2cnn(C)c2)ccc1Nc1ncc2ccnc(-c3cnn(C(C)C)c3)c2n1,13.999999999999998,-1.146128035678238,0,train
COc1cc(-c2cnn(C)c2)ccc1Nc1ncc2ccnc(-c3cnn(CC(F)F)c3)c2n1,10.0,-1.0,0,test
COc1cc(-c2cnn(C)c2)ccc1Nc1ncc2ccnc(Cl)c2n1,164.00000000000003,-2.214843848047698,1,test
Cc1cc(-c2cnn(C)c2)ccc1Nc1ncc2ccnc(NCC3CC3)c2n1,7.999999999999999,-0.9030899869919436,1,train
CCOc1cc(-c2cnn(C)c2)ccc1Nc1ncc2ccnc(NCC3CC3)c2n1,48.99999999999999,-1.6901960800285136,1,train
CCOc1cc(-c2cnn(C)c2)ccc1Nc1ncc2ccnc(NC3CCOCC3)c2n1,10.0,-1.0,1,test
COc1cc(-c2cnn(C)c2)ccc1Nc1cc2c(-c3cnn(C)c3)nccc2cn1,12.000000000000002,-1.0791812460476249,1,test
COc1cc(-c2cnc(C)n2C)ccc1Nc1cc2c(-c3cnn(C)c3)nccc2cn1,7.0,-0.8450980400142568,1,train
COc1cc(-c2cnn(C)c2)ccc1Nc1cc2c(NC3CCCCC3)nccc2cn1,56.00000000000001,-1.7481880270062005,1,train
COc1cc(-c2cnn(C)c2)ccc1Nc1cc2c(NCC3CC3)nccc2cn1,82.0,-1.9138138523837167,1,train
COc1cc(-c2cnn(C)c2)ccc1Nc1ncc2ccnc(NS(=O)(=O)C(C)(C)C)c2n1,38.99999999999999,-1.591064607026499,0,test
COc1cc(-c2cnn(C)c2)ccc1Nc1ncc2ccnc(N(C)C)c2n1,16.0,-1.2041199826559248,1,train
COc1cc(-c2cnn(C)c2)ccc1Nc1ncc2ccnc(NCC3(C)COC3)c2n1,2.0,-0.3010299956639812,1,test
CNc1nccc2cnc(Nc3ccc(-c4cnn(C)c4)cc3OC)nc12,17.0,-1.230448921378274,0,train
COc1cc(-c2cnn(C)c2)ccc1Nc1ncc2ccnc(NCC3(O)CC3)c2n1,5.000000000000001,-0.6989700043360189,1,train
COc1cc(-c2cnn(C)c2)ccc1Nc1ncc2ccnc(NC3CCN(C)CC3)c2n1,9.0,-0.9542425094393248,1,train
COc1cc(-c2cnn(C)c2)ccc1Nc1ncc2ccnc(NC(C)(C)CO)c2n1,17.0,-1.230448921378274,0,train
COc1cc(-c2cnn(C)c2)ccc1Nc1ncc2ccnc(N3CC4(COC4)C3)c2n1,3.0,-0.4771212547196624,0,test
COc1cc(-c2cnn(C)c2)ccc1Nc1ncc2ccnc(NCC3CCO3)c2n1,7.999999999999999,-0.9030899869919436,1,train
COc1cc(-c2cnn(C)c2)ccc1Nc1ncc2ccnc(NCC3(C)CCOC3)c2n1,3.0,-0.4771212547196624,1,train
COc1cc(-c2cnn(C)c2)ccc1Nc1ncc2ccnc(N3CCS(=O)(=O)CC3)c2n1,10.999999999999996,-1.041392685158225,0,test
COc1cc(-c2cnn(C)c2)ccc1Nc1ncc2ccnc(N3CC4(CCOCC4)C3)c2n1,3.0,-0.4771212547196624,0,train
COc1cc(-c2cnn(C)c2)ccc1Nc1ncc2ccnc(N3CC4(CCOC4)C3)c2n1,3.0,-0.4771212547196624,0,train
COc1cc(-c2cnn(C)c2)ccc1Nc1ncc2ccnc(N3CC(C#N)C3)c2n1,7.999999999999999,-0.9030899869919436,1,test
COc1cc(-c2cnn(C)c2)ccc1Nc1ncc2ccnc(N3CCC4(CCOC4)C3)c2n1,3.0,-0.4771212547196624,0,train
COc1cc(-c2cnn(C)c2)ccc1Nc1ncc2ccnc(N3CCCC4(COC4)C3)c2n1,10.999999999999996,-1.041392685158225,0,train
COc1cc(-c2cnn(C)c2)ccc1Nc1ncc2ccnc(NC(C)C3CCOC3)c2n1,3.0,-0.4771212547196624,1,train
COc1cc(-c2cnn(C)c2)ccc1Nc1ncc2ccnc(NCCO)c2n1,10.999999999999996,-1.041392685158225,1,train
COCCNc1nccc2cnc(Nc3ccc(-c4cnn(C)c4)cc3OC)nc12,7.999999999999999,-0.9030899869919436,0,train
COc1cc(-c2cnn(C)c2)ccc1Nc1ncc2ccnc(NCC(C)O)c2n1,7.999999999999999,-0.9030899869919436,0,train
COc1cc(-c2cnn(C)c2)ccc1Nc1ncc2ccnc(NC(C)CO)c2n1,7.0,-0.8450980400142568,1,train
COc1cc(-c2cnn(C)c2)ccc1Nc1ncc2ccnc(NC(CO)CO)c2n1,4.0,-0.6020599913279624,0,train
COCC(CO)Nc1nccc2cnc(Nc3ccc(-c4cnn(C)c4)cc3OC)nc12,4.0,-0.6020599913279624,1,train
COc1cc(-c2cnn(C)c2)ccc1Nc1ncc2ccnc(N3CCC(CO)C3)c2n1,3.0,-0.4771212547196624,1,train
COc1cc(-c2cnn(C)c2)ccc1Nc1ncc2ccnc(N3CCCC(CO)C3)c2n1,4.0,-0.6020599913279624,1,test
COc1cc(-c2cnn(C)c2)ccc1Nc1ncc2ccnc(N3CCOC(CO)C3)c2n1,4.0,-0.6020599913279624,1,train
COc1cc(-c2cnn(C)c2)ccc1Nc1ncc2cc(C3CC3)nc(N3CCC4(COC4)C3)c2n1,93.0,-1.968482948553935,0,train
COc1cc(-c2cnn(C)c2)ccc1Nc1ncc2ccnc(N3CCOC(C)C3)c2n1,7.0,-0.8450980400142568,1,train
COc1cc(-c2cnn(C)c2)ccc1Nc1ncc2ccnc(N3CCC(OC)CC3)c2n1,7.999999999999999,-0.9030899869919436,1,train
COc1cc(-c2cnn(C)c2)ccc1Nc1ncc2ccnc(N3CCN(S(C)(=O)=O)CC3)c2n1,6.0,-0.7781512503836436,0,test
COc1cc(-c2cnn(C)c2)ccc1Nc1ncc2ccnc(N3CCC(C#N)CC3)c2n1,4.0,-0.6020599913279624,1,test
COc1cc(-c2cnn(C)c2)ccc1Nc1ncc2ccnc(N[S+](O)C(C)(C)C)c2n1,5.000000000000001,-0.6989700043360189,0,train
COc1cc(-c2cnn(C)c2)ccc1Nc1ncc2ccnc(C3=CCOCC3)c2n1,5.000000000000001,-0.6989700043360189,1,train
COc1cc(-c2cnn(C)c2C)ccc1Nc1ncc2ccnc(N3CCC4(COC4)C3)c2n1,2.0,-0.3010299956639812,0,train
COc1cc(-c2cnn(C)c2C)ccc1Nc1ncc2ccnc(NCC3(C)COC3)c2n1,4.0,-0.6020599913279624,1,train
COc1cc(-c2cnn(C)c2C)ccc1Nc1ncc2ccnc(NCC(C)(C)OC)c2n1,2.0,-0.3010299956639812,1,test
COc1cc(-c2cnn(C)c2C)ccc1Nc1ncc2ccnc(NCC3(C)CCOC3)c2n1,3.0,-0.4771212547196624,1,train
COc1cc(-c2cnn(C)c2)ccc1Nc1ncc2c(C)cnc(NCC(C)(C)C)c2n1,34.0,-1.5314789170422551,1,train
COc1cc(-c2nncn2C)ccc1Nc1ncc2c(C)cnc(NCC(C)(C)OC)c2n1,3.0,-0.4771212547196624,1,train
COc1cc(-c2nncn2C)ccc1Nc1ncc2c(C)cnc(NCC(C)(C)C)c2n1,2.0,-0.3010299956639812,1,test
CCn1cc(-c2ccc(Nc3ncc4ccnc(NCC(C)(C)OC)c4n3)c(OC)c2)cn1,7.0,-0.8450980400142568,0,train
COc1cc(C(=O)N2CC(OC)C2)ccc1Nc1ncc2ccnc(NCC(C)(C)C)c2n1,4.0,-0.6020599913279624,0,train
COc1cc(C2CCOCC2)ccc1Nc1ncc2ccnc(NCC3(C)CCOC3)c2n1,7.0,-0.8450980400142568,0,test
COc1cc(-c2nncn2C)ccc1Nc1ncc2c(C)cnc(NCC3(C)COC3)c2n1,4.0,-0.6020599913279624,0,train
COc1cc(-c2nncn2C)ccc1Nc1ncc2c(C)cnc(NCC3(C)CCOC3)c2n1,5.000000000000001,-0.6989700043360189,0,train
COc1cc(-c2nncn2C)ccc1Nc1ncc2c(C)cnc(N3CC4(CCOC4)C3)c2n1,6.0,-0.7781512503836436,0,train
COc1cc(-c2cnc(C)n2C)ccc1Nc1ncc2cc(C)nc(NCC(C)(C)OC)c2n1,3.0,-0.4771212547196624,0,train
CCOc1cc(-c2cnn(C)c2)ccc1Nc1ncc2ccnc(N3CCC4(COC4)C3)c2n1,5.000000000000001,-0.6989700043360189,0,train
CCOc1cc(-c2nncn2C)ccc1Nc1ncc2cc(C)nc(N3CC4(CCOC4)C3)c2n1,3.0,-0.4771212547196624,0,train
COc1nc(-c2nnnn2C)ccc1Nc1ncc2ccnc(NCC(C)(C)OC)c2n1,31.0,-1.4913616938342726,1,test
COc1nc(-c2cnc(C)n2C)ccc1Nc1ncc2ccnc(NCC(C)(C)OC)c2n1,3.0,-0.4771212547196624,1,train
COc1cc(-c2nnnn2C)ccc1Nc1ncc2ccnc(NCC(C)(C)OC)c2n1,2.0,-0.3010299956639812,1,train
COc1nc(-c2cn(C)nc2C)ccc1Nc1ncc2ccnc(NCC(C)(C)OC)c2n1,3.0,-0.4771212547196624,1,train
COc1nc(-c2cnn(C)c2C)ccc1Nc1ncc2ccnc(NCC(C)(C)OC)c2n1,3.0,-0.4771212547196624,1,train
COc1nc(-c2cncn2C)ccc1Nc1ncc2ccnc(NCC(C)(C)OC)c2n1,3.0,-0.4771212547196624,1,train
COc1nc(-c2cnn(C)n2)ccc1Nc1ncc2ccnc(NCC(C)(C)OC)c2n1,23.0,-1.3617278360175928,1,train
CCc1cc(-c2cnn(C)c2)ccc1Nc1ncc2ccnc(NCC(C)(C)C)c2n1,27.000000000000004,-1.4313637641589874,1,train
Cn1cc(-c2ccc(Nc3ncc4ccnc(NCC(C)(C)C)c4n3)c(OC(F)(F)F)c2)cn1,47.99999999999999,-1.6812412373755872,0,train
COc1cc(N2CCC(N3CCOCC3)CC2)ccc1Nc1ncc2ccnc(NCC(C)(C)C)c2n1,4.0,-0.6020599913279624,1,train
COc1cc(N2CCCCC2)ccc1Nc1ncc2ccnc(NCC(C)(C)C)c2n1,64.99999999999999,-1.8129133566428557,1,train
COc1cc(N2CCC(C(=O)N3CCOCC3)CC2)ccc1Nc1ncc2ccnc(NCC(C)(C)C)c2n1,12.000000000000002,-1.0791812460476249,0,test
COc1cc(N2CCN(C)CC2)ccc1Nc1ncc2ccnc(NCC(C)(C)C)c2n1,4.0,-0.6020599913279624,1,train
CC(C)(C)CNc1nccc2cnc(Nc3ccc(N4CCOCC4)cc3Cl)nc12,10.0,-1.0,0,test
COc1cc(-c2nncn2C)ccc1Nc1ncc2ccnc(NCC(C)(C)C)c2n1,2.75,-0.4393326938302626,1,train
COc1cc(N2CCN(S(C)(=O)=O)CC2)ccc1Nc1ncc2ccnc(NCC(C)(C)C)c2n1,3.0,-0.4771212547196624,0,train
COc1cc(-c2cnc(C)n2C)ccc1Nc1ncc2cc(C)nc(NCC(C)(C)C)c2n1,7.25,-0.8603380065709937,0,train
COc1cc(Cl)ccc1Nc1ncc2ccnc(N3CCC4(COC4)C3)c2n1,23.999999999999996,-1.380211241711606,0,train
COc1cc(-c2nncn2C)ccc1Nc1ncc2cc(C)nc(NCC(C)(C)OC)c2n1,3.0,-0.4771212547196624,1,train
COCCn1c(-c2ccc(Nc3ncc4cc(C)nc(NCC(C)(C)C)c4n3)c(OC)c2)cnc1C,19.4,-1.287801729930226,0,test
COc1cc(N2CCN(S(C)(=O)=O)CC2)ccc1Nc1ncc2cc(C)nc(NCC(C)(C)C)c2n1,16.0,-1.2041199826559248,0,train
COc1cc(-c2cnn(C)c2CO)ccc1Nc1ncc2ccnc(NCC(C)(C)OC)c2n1,2.0,-0.3010299956639812,1,test
COc1cc(-c2cnn(C)c2CO)ccc1Nc1ncc2ccnc(NCC3(C)CCOC3)c2n1,1.0,-0.0,1,train
COCCn1c(-c2ccc(Nc3ncc4ccnc(NCC(C)(C)OC)c4n3)c(OC)c2)cnc1C,4.0,-0.6020599913279624,0,train
COCCn1c(-c2ccc(Nc3ncc4ccnc(NCC5(C)CCOC5)c4n3)c(OC)c2)cnc1C,2.0,-0.3010299956639812,0,train
CCOc1cc(-c2nncn2C)ccc1Nc1ncc2ccnc(NCC(C)(C)OC)c2n1,2.0,-0.3010299956639812,1,train
CCOc1cc(-c2nncn2C)ccc1Nc1ncc2ccnc(NCC3(C)CCOC3)c2n1,1.0,-0.0,0,train
COc1cc(-c2cn(C)nc2C)ccc1Nc1ncc2ccnc(NCC(C)(C)OC)c2n1,3.0,-0.4771212547196624,0,train
COc1cc(-c2cn(C)nc2C)ccc1Nc1ncc2ccnc(NCC3(C)CCOC3)c2n1,2.0,-0.3010299956639812,0,train
COc1cc(-c2cn(C)nc2C)ccc1Nc1ncc2cc(C)nc(NCC(C)(C)OC)c2n1,5.000000000000001,-0.6989700043360189,0,train
COc1cc(C(=O)N2CC(OC)C2)ccc1Nc1ncc2ccnc(NCC(C)(C)OC)c2n1,4.0,-0.6020599913279624,0,train
COc1cc(C(=O)N(C)C)ccc1Nc1ncc2ccnc(NCC(C)(C)OC)c2n1,10.999999999999996,-1.041392685158225,0,train
COc1cc(C(=O)N2CCN(C)CC2)ccc1Nc1ncc2ccnc(NCC(C)(C)OC)c2n1,7.999999999999999,-0.9030899869919436,0,train
COc1cc(-c2ncnn2C)ccc1Nc1ncc2cc(C)nc(NCC(C)(C)OC)c2n1,20.000000000000004,-1.3010299956639813,1,train
COC(C)(C)CNc1nc(C)cc2cnc(Nc3ccc(-c4cnn(C)c4)cc3OC(F)F)nc12,34.0,-1.5314789170422551,1,train
COc1cc(-c2cnn(C)c2CO)ccc1Nc1ncc2cc(C)nc(NCC(C)(C)OC)c2n1,9.0,-0.9542425094393248,0,train
CS(=O)(=O)c1ccc(Nc2ncc3ccnc(N4CCC5(COC5)C4)c3n2)c(Cl)c1,25.000000000000007,-1.3979400086720375,0,train
Clc1cc(-c2cncnc2)ccc1Nc1ncc2ccnc(N3CCC4(COC4)C3)c2n1,6.0,-0.7781512503836436,0,train
Cc1nnc(-c2ccc(Nc3ncc4ccnc(N5CCC6(COC6)C5)c4n3)c(Cl)c2)o1,40.000000000000014,-1.6020599913279625,0,train
COC(C)(C)CNc1nccc2cnc(Nc3ccc(Cl)cc3OC(F)F)nc12,70.00000000000001,-1.845098040014257,1,train
COC(C)(C)CNc1nccc2cnc(Nc3ccc(F)cc3OC(F)F)nc12,46.0,-1.662757831681574,1,train
COC(C)(C)CNc1nccc2cnc(Nc3ccc(-c4cnn(C)c4)cc3OC(F)F)nc12,2.0,-0.3010299956639812,1,train
N#Cc1ccc(Nc2ncc3ccnc(N4CCC5(COC5)C4)c3n2)c(Cl)c1,86.99999999999999,-1.9395192526186185,0,test
COc1cc(C#N)ccc1Nc1ncc2ccnc(N3CCC4(COC4)C3)c2n1,17.0,-1.230448921378274,0,train
Clc1ccc(Nc2ncc3ccnc(N4CCC5(COC5)C4)c3n2)c(Cl)c1,93.99999999999996,-1.9731278535996983,0,test
COc1cc(-c2cnn(C)c2)ccc1Nc1ncc2ccnc(-c3cncnc3)c2n1,200.00000000000003,-2.3010299956639813,1,test
COc1cc(-c2cnn(C)c2)ccc1Nc1ncc2ccnc(-c3ccncc3)c2n1,7.0,-0.8450980400142568,1,train
CSc1nc(Br)cn2c(-c3ccc(C(=O)NC4CC4)cc3)cnc12,606.9999999999999,-2.783188691075257,0,test
CSc1nc(-c2ccccc2)cn2c(-c3ccc(C(=O)NC4CC4)cc3)cnc12,25.700000000000003,-1.4099331233312946,0,train
CS(=O)(=O)c1nc(-c2ccccc2)cn2c(-c3ccc(C(=O)NC4CC4)cc3)cnc12,6.0,-0.7781512503836436,0,train
C[S@+](O)c1nc(-c2ccccc2)cn2c(-c3ccc(C(=O)NC4CC4)cc3)cnc12,8.9,-0.9493900066449128,0,train
CCSc1nc(-c2ccccc2)cn2c(-c3ccc(C(=O)NC4CC4)cc3)cnc12,22.2,-1.3463529744506386,0,train
CC[S@+](O)c1nc(-c2ccccc2)cn2c(-c3ccc(C(=O)NC4CC4)cc3)cnc12,27.700000000000006,-1.4424797690644486,0,train
CCS(=O)(=O)c1nc(-c2ccccc2)cn2c(-c3ccc(C(=O)NC4CC4)cc3)cnc12,7.699999999999999,-0.8864907251724818,0,train
CCCSc1nc(-c2ccccc2)cn2c(-c3ccc(C(=O)NC4CC4)cc3)cnc12,10.999999999999996,-1.041392685158225,0,test
CCC[S@+](O)c1nc(-c2ccccc2)cn2c(-c3ccc(C(=O)NC4CC4)cc3)cnc12,20.000000000000004,-1.3010299956639813,0,train
CCCS(=O)(=O)c1nc(-c2ccccc2)cn2c(-c3ccc(C(=O)NC4CC4)cc3)cnc12,10.1,-1.0043213737826426,0,train
CCCCSc1nc(-c2ccccc2)cn2c(-c3ccc(C(=O)NC4CC4)cc3)cnc12,26.3,-1.4199557484897578,0,test
CCCC[S@+](O)c1nc(-c2ccccc2)cn2c(-c3ccc(C(=O)NC4CC4)cc3)cnc12,10.3,-1.0128372247051722,0,test
CCCCS(=O)(=O)c1nc(-c2ccccc2)cn2c(-c3ccc(C(=O)NC4CC4)cc3)cnc12,13.999999999999998,-1.146128035678238,0,train
CC(C)(C)CCSc1nc(-c2ccccc2)cn2c(-c3ccc(C(=O)NC4CC4)cc3)cnc12,85.1,-1.929929560084588,0,train
CC(C)(C)CC[S@+](O)c1nc(-c2ccccc2)cn2c(-c3ccc(C(=O)NC4CC4)cc3)cnc12,23.0,-1.3617278360175928,0,test
CC(C)(C)CCS(=O)(=O)c1nc(-c2ccccc2)cn2c(-c3ccc(C(=O)NC4CC4)cc3)cnc12,4.3,-0.6334684555795865,1,train
O=C(NC1CC1)c1ccc(-c2cnc3c(SC[C@H]4CCCO4)nc(-c4ccccc4)cn23)cc1,7.999999999999999,-0.9030899869919436,0,test
O=C(NC1CC1)c1ccc(-c2cnc3c(S(=O)(=O)C[C@H]4CCCO4)nc(-c4ccccc4)cn23)cc1,7.799999999999999,-0.8920946026904804,0,train
CS(=O)(=NC(=O)C(F)(F)F)c1nc(-c2ccccc2)cn2c(-c3ccc(C(=O)NC4CC4)cc3)cnc12,5.200000000000001,-0.7160033436347992,0,train
CC(C)(C)OC(=O)NCCSc1nc(-c2ccccc2)cn2c(-c3ccc(C(=O)NC4CC4)cc3)cnc12,67.60000000000001,-1.829946695941636,1,train
CCCCCSc1nc(-c2ccccc2)cn2c(-c3ccc(C(=O)NC4CC4)cc3)cnc12,79.8,-1.9020028913507292,1,train
CCCCCS(=O)(=O)c1nc(-c2ccccc2)cn2c(-c3ccc(C(=O)NC4CC4)cc3)cnc12,7.500000000000001,-0.8750612633917001,0,train
CC(C)Sc1nc(-c2ccccc2)cn2c(-c3ccc(C(=O)NC4CC4)cc3)cnc12,22.3,-1.3483048630481609,0,train
CC(C)S(=O)(=O)c1nc(-c2ccccc2)cn2c(-c3ccc(C(=O)NC4CC4)cc3)cnc12,13.900000000000004,-1.1430148002540952,0,train
CC(C)CSc1nc(-c2ccccc2)cn2c(-c3ccc(C(=O)NC4CC4)cc3)cnc12,13.199999999999998,-1.1205739312058498,0,train
CC(C)C[S@+](O)c1nc(-c2ccccc2)cn2c(-c3ccc(C(=O)NC4CC4)cc3)cnc12,12.699999999999998,-1.1038037209559568,0,train
CC(C)CS(=O)(=O)c1nc(-c2ccccc2)cn2c(-c3ccc(C(=O)NC4CC4)cc3)cnc12,6.4,-0.8061799739838872,0,train
CC(C)CCSc1nc(-c2ccccc2)cn2c(-c3ccc(C(=O)NC4CC4)cc3)cnc12,25.200000000000006,-1.4014005407815442,0,test
CC(C)CC[S@+](O)c1nc(-c2ccccc2)cn2c(-c3ccc(C(=O)NC4CC4)cc3)cnc12,14.499999999999998,-1.1613680022349748,0,train
CC(C)CCS(=O)(=O)c1nc(-c2ccccc2)cn2c(-c3ccc(C(=O)NC4CC4)cc3)cnc12,6.5,-0.8129133566428556,0,train
O=C(NC1CC1)c1ccc(-c2cnc3c(SCC(F)(F)F)nc(-c4ccccc4)cn23)cc1,26.3,-1.4199557484897578,0,train
O=C(NC1CC1)c1ccc(-c2cnc3c([S@@+](O)CC(F)(F)F)nc(-c4ccccc4)cn23)cc1,6.2,-0.7923916894982539,0,train
O=C(NC1CC1)c1ccc(-c2cnc3c(S(=O)(=O)CC(F)(F)F)nc(-c4ccccc4)cn23)cc1,8.1,-0.9084850188786496,0,test
O=C(NC1CC1)c1ccc(-c2cnc3c(SCc4ccco4)nc(-c4ccccc4)cn23)cc1,40.8,-1.61066016308988,0,train
O=C(NC1CC1)c1ccc(-c2cnc3c([S@@+](O)Cc4ccco4)nc(-c4ccccc4)cn23)cc1,16.899999999999995,-1.2278867046136734,0,train
O=C(NC1CC1)c1ccc(-c2cnc3c(S(=O)(=O)Cc4ccco4)nc(-c4ccccc4)cn23)cc1,7.1,-0.8512583487190752,0,train
CSc1nc(-c2ccccc2)cn2c(-c3ccc(-c4cnc(C5CC5)[nH]4)cc3)cnc12,544.0,-2.73559889969818,1,train
C=Cc1ccc(-c2cn3c(-c4ccc(-c5cnc(C6CC6)[nH]5)cc4)cnc3c(SC)n2)cc1,3099.9999999999995,-3.4913616938342726,0,train
CSc1nc(-c2ccncc2)cn2c(-c3ccc(-c4cnc(C5CC5)[nH]4)cc3)cnc12,124.99999999999994,-2.096910013008056,0,test
CSc1nc(C#CCO)cn2c(-c3ccc(-c4cnc(C5CC5)[nH]4)cc3)cnc12,150.99999999999994,-2.1789769472931693,0,train
CC(=O)NCCSc1nc(-c2ccccc2)cn2c(-c3ccc(-c4cnc(C5CC5)[nH]4)cc3)cnc12,19.9,-1.2988530764097066,0,test
CSc1nc(-c2ccc(CCO)cc2)cn2c(-c3ccc(-c4cnc(C5CC5)[nH]4)cc3)cnc12,48.69999999999999,-1.6875289612146342,1,train
O=C(NC1CC1)c1ccc(-c2cnc3c(SCCCCO)nc(-c4ccccc4)cn23)cc1,3.7,-0.568201724066995,1,train
O=C(NC1CC1)c1ccc(-c2cnc3c(S(=O)(=O)CCCCO)nc(-c4ccccc4)cn23)cc1,5.1000000000000005,-0.7075701760979364,0,train
CCCNC(=O)c1ccc(Nc2nc(NCC(F)(F)F)c3cc[nH]c3n2)cc1,991.0,-2.9960736544852757,0,train
FC(F)(F)CNc1nc(Nc2ccc(N3CCOCC3)c(Cl)c2)nc2ccoc12,1839.9999999999995,-3.2648178230095364,0,train
Cc1n[nH]c2cc(Nc3nc(NC4CC4)c4occc4n3)ccc12,2159.999999999999,-3.3344537511509307,0,train
COc1ccccc1Nc1nc(Nc2ccccc2S(=O)(=O)C(C)C)c2cc[nH]c2n1,3419.999999999998,-3.534026106056135,0,train
COc1cc(N2CCOCC2)ccc1Nc1nc(Nc2ccccc2S(=O)(=O)C(C)C)c2cc[nH]c2n1,13152.000000000013,-4.118991800195976,1,train
COc1cc(N2CCOCC2)ccc1Nc1nc(NC2CCCCC2)c2cc[nH]c2n1,356.0000000000001,-2.5514499979728757,1,train
CCOc1cc(-c2nncn2C)ccc1Nc1ncc2cc(C)nc(N[C@@H](C)C(C)(C)C)c2n1,13.85,-1.1414497734004674,0,train
COc1cc(C(=O)N(C)C)ccc1Nc1nc(OC2CCCC2)c2cc[nH]c2n1,1.3,-0.1139433523068367,0,test
COc1cc(C(=O)N(C)C)ccc1Nc1nc(OC2COC2)c2cc[nH]c2n1,7.200000000000001,-0.8573324964312685,0,train
COc1cc(C(=O)N(C)C)ccc1Nc1nc(OC(C)C)c2cc[nH]c2n1,3.2000000000000006,-0.505149978319906,0,train
COc1cc(C(=O)N(C)C)ccc1Nc1nc(OC2CCCCC2)c2cc[nH]c2n1,1.3,-0.1139433523068367,0,test
COc1cc(C(=O)N(C)C)ccc1Nc1nc(OC2CCOCC2)c2cc[nH]c2n1,1.0,-0.0,0,train
COc1cc(C(=O)N(C)C)ccc1Nc1nc(O[C@H]2CCOC(C)(C)C2)c2cc[nH]c2n1,1.0,-0.0,0,train
COc1cc(N2CCN(C(=O)CO)CC2)ccc1Nc1nc(O[C@H]2CCOC(C)(C)C2)c2cc[nH]c2n1,8.65,-0.9370161074648142,0,train
Cc1nc(N2CCOCC2)ccc1Nc1nc(NC(C)(C)CO)c2c(C#N)c[nH]c2n1,5.500000000000001,-0.7403626894942439,0,train
Cc1nc(N2CCOCC2)ccc1Nc1nc(NC2CCOCC2)c2c(C#N)c[nH]c2n1,2.5,-0.3979400086720376,0,train
COc1ccc(Oc2cc(NCCC(F)(F)F)c3ncc(-c4ccc(C(=O)NC5CC5)c(C)c4)n3n2)c(F)c1F,0.642,0.1924649719311467,0,test
COc1cc(S(C)(=O)=O)ccc1Nc1nc2ccc(-c3ccc(NC(=O)[C@H](C)c4ccc(F)cc4)cc3)cn2n1,1.02,-0.0086001717619175,0,train
N#Cc1ccccc1Nc1nc2ccc(-c3ccc(NC(=O)Cc4ccccc4)cc3)cn2n1,5.500000000000001,-0.7403626894942439,0,train
O=C1c2ccccc2-c2n[nH]c3cccc1c23,98.0,-1.9912260756924949,0,train
COc1cc(N2CCC(O)CC2)ccc1Nc1nc(Nc2ccccc2S(=O)(=O)C(C)C)c2nc[nH]c2n1,49.99999999999999,-1.6989700043360187,1,test
COc1ccc(Nc2ncc3c(n2)n(C2CCCC2)c(=O)n3C)c(C)c1,19.95,-1.299942900022767,0,train
COc1ccc(Nc2ncc3c(n2)n([C@H]2CC[C@H](O)CC2)c(=O)n3C)c(C)c1,39.81,-1.599992177584098,0,test
Cc1cc2ncnn2cc1Nc1ncc2c(n1)n(C1CCOCC1)c(=O)n2C,5011.870000000001,-3.6999997975545824,0,train
Cc1cc(-c2cnn3c(NCC4CCOCC4)cc(Oc4ccccc4)nc23)ccc1C(=O)NC1CC1,2.5,-0.3979400086720376,1,test
Cc1cc(-c2cnn3c(NCC4CCOCC4)cc(NC4CCCC4)nc23)ccc1C(=O)NC1CC1,3.2000000000000006,-0.505149978319906,1,test
Cc1cc(-c2cnn3c(NCCN4CCOCC4)cc(Oc4ccccc4)nc23)ccc1C(=O)NC1CC1,3.0,-0.4771212547196624,0,test
Cc1cc(-c2cnn3c(NCCN4CCOCC4)cc(Oc4cccc(F)c4)nc23)ccc1C(=O)NC1CC1,2.2,-0.3424226808222063,0,train
CC[C@H](CO)Nc1cc(NCC2CCOCC2)n2ncc(-c3ccc(C(=O)NC4CC4)c(C)c3)c2n1,21.0,-1.3222192947339193,0,train
Cc1cc(-c2cnn3c(NCC4CCOCC4)cc(N[C@@H](C4CC4)C(C)(C)O)nc23)ccc1C(=O)NC1CC1,7.0,-0.8450980400142568,0,train
Cc1cc(-c2cnn3c(NCC4CCOCC4)cc(N[C@H]4CCC[C@H]4O)nc23)ccc1C(=O)NC1CC1,2.7,-0.4313637641589873,0,test
Cc1cc(-c2cnn3c(NCC4CC4)cc(N[C@@H]4CCCC[C@H]4O)nc23)ccc1C(=O)NC1CC1,2.2,-0.3424226808222063,0,train
Cc1cc(-c2cnn3c(NC[C@H]4C[C@H](O)C4)cc(Oc4cccnc4)nc23)ccc1C(=O)NC1CC1,1.1,-0.041392685158225,1,train
Cc1cc(-c2cnn3c(NC[C@H]4C[C@H](O)C4)cc(NC4CCCC4)nc23)ccc1C(=O)NC1CC1,2.4,-0.380211241711606,0,train
Cc1cc(-c2ccc3nc(NC(=O)c4ccccc4)nn3c2)cc(C)c1O,1230.0000000000005,-3.089905111439398,0,train
Cc1cc(-c2ccc3nc(NC(=O)NCc4ccccc4)nn3c2)cc(C)c1O,6200.0,-3.792391689498254,1,train
Cc1cc(-c2ccc3nc(NC(C)c4ccccc4)nn3c2)cc(C)c1O,519.9999999999998,-2.716003343634799,1,train
N#Cc1ccccc1Nc1nc2ccc(-c3ccc(C(=O)NCc4ccccc4)cc3)cn2n1,7.6,-0.8808135922807914,0,test
N#Cc1ccccc1Nc1nc2ccc(-c3ccc(NC(=O)Cc4ccc(F)cc4)cc3)cn2n1,2.0,-0.3010299956639812,0,train
COc1ccccc1Nc1nc2ccc(-c3ccc(NC(=O)Cc4ccccc4)cc3)cn2n1,55.00000000000001,-1.740362689494244,0,train
O=C(Cc1ccc(F)cc1)Nc1ccc(-c2ccc3nc(Nc4ccc(C(=O)N5CCOCC5)cc4)nn3c2)cc1,3.5000000000000004,-0.5440680443502757,0,test
O=C(Cc1ccc(F)cc1)Nc1ccc(-c2ccc3nc(Nc4ccc(C(=O)N5CCOCC5)cc4OCC(F)(F)F)nn3c2)cc1,0.2,0.6989700043360187,0,test
COc1cc(C(=O)N2C[C@@H]3C[C@H]2CO3)ccc1Nc1nc2ccc(-c3ccc(NC(=O)Cc4ccc(F)cc4)cc3)cn2n1,0.15,0.8239087409443188,0,train
COc1cc(C(=O)N(C)C)ccc1Nc1nc2ccc(-c3ccc(NC(=O)Cc4ccc(F)cc4)cc3)cn2n1,1.4,-0.146128035678238,0,train
COc1cc(C(=O)N2CC3(COC3)C2)ccc1Nc1nc2ccc(-c3ccc(NC(=O)Cc4ccc(F)cc4)cc3)cn2n1,0.1,1.0,0,train
COc1cc(C(=O)N2CC(F)C2)ccc1Nc1nc2ccc(-c3ccc(NC(=O)Cc4ccc(F)cc4)cc3)cn2n1,1.5,-0.1760912590556812,0,train
COc1cc(S(C)(=O)=O)ccc1Nc1nc2ccc(-c3ccc(NC(=O)Cc4ccc(F)cc4)cc3)cn2n1,1.4,-0.146128035678238,1,test
COc1cc(C(=O)N2CC(F)C2)ccc1Nc1nc2ccc(-c3ccc(NC(=O)[C@H](C)c4ccc(F)cc4)cc3)cn2n1,7.750000000000001,-0.8893017025063104,0,test
COc1cc(N2CCOC2=O)ccc1Nc1nc2ccc(-c3ccc(NC(=O)[C@H](C)c4ccc(F)cc4)cc3)cn2n1,1.0,-0.0,0,train
COc1cc(S(C)(=O)=O)ccc1Nc1nc2ccc(-c3ccc(NC(=O)C4(c5ccc(F)cc5)CC4)cc3)cn2n1,6169.999999999998,-3.7902851640332416,1,train
Nc1nccn2c(-c3ccc(C(=O)NC4CC4)cc3)cnc12,2579.9999999999995,-3.41161970596323,1,train
CC(C)CC(=O)Nc1nccn2c(-c3ccc(C(=O)NC4CC4)cc3)cnc12,3600.0,-3.5563025007672877,0,train
CC(C)NC(=O)Nc1nccn2c(-c3ccc(C(=O)NC4CC4)cc3)cnc12,5599.999999999998,-3.7481880270062,0,train
Cc1cc(-c2cnc3c(NCCC(F)(F)F)nc(Cc4ccccc4)cn23)ccc1C(=O)NC1CC1,0.35,0.4559319556497244,0,train
Cc1cc(-c2cnc3c(NCCC(F)(F)F)nc(Oc4ccccc4)cn23)ccc1C(=O)NC1CC1,0.9,0.0457574905606751,1,train
CC(C)CNc1nc(-c2ccccc2)nn2c(-c3ccc(C(=O)NC4CC4)cc3)cnc12,37.0,-1.568201724066995,1,train
C=C(c1ccc(OC)c(F)c1)c1cc(NCCC(F)(F)F)c2ncc(-c3ccc(C(=O)NC4CC4)c(C)c3)n2n1,0.7000000000000001,0.1549019599857431,0,train
Cc1cc(-c2cnc3c(NCCC(F)(F)F)cc(C4(c5cc(F)ccc5O)CC4)nn23)ccc1C(=O)NC1CC1,1.5333333333333332,-0.1856365769619116,0,train
COc1ccc(Oc2cc(NCCC(F)(F)F)n3ncc(-c4ccc(C(=O)NC5CC5)c(C)c4)c3n2)c(F)c1F,0.6333333333333333,0.1983676537668335,0,train
Cc1cc(-c2cnc3c(NC[C@H]4C[C@@](C)(O)C4)cc(Oc4cccnc4)nn23)ccc1C(=O)NC1CC1,0.4,0.3979400086720376,0,train
COc1cc(N2CCN(C)CC2)ccc1Nc1ncc2c(C)cc(=O)n([C@H]3CC[C@@H](NC(=O)C4CCCC4)CC3)c2n1,19.0,-1.2787536009528289,0,train
COc1cc(N2CCN(C)CC2)ccc1Nc1ncc2c(C)cc(=O)n([C@H]3CC[C@@H](NC(=O)C4CCCCC4)CC3)c2n1,23.0,-1.3617278360175928,0,train
CCC(=O)N[C@H]1CC[C@@H](n2c(=O)cc(C3CC3)c3cnc(Nc4ccc(N5CCN(C)CC5)cc4OC)nc32)CC1,49.99999999999999,-1.6989700043360187,0,test
COc1cc(N2CCN(C)CC2)ccc1Nc1ncc2cc(C)c(=O)n([C@H]3CC[C@@H](NC(=O)C4CCCC4)CC3)c2n1,10.999999999999996,-1.041392685158225,0,train
COc1cc(N2CCN(C)CC2)ccc1Nc1ncc2cc(C)c(=O)n([C@H]3CC[C@@H](NC(=O)C4CCCCC4)CC3)c2n1,20.000000000000004,-1.3010299956639813,0,train
Cc1cc(-c2cnn3c(CC[C@H]4C[C@@](C)(O)C4)cc(Oc4cccnc4)nc23)ccc1C(=O)NC1CC1,17.0,-1.230448921378274,1,train
Cc1nc(OCc2cc(C)on2)c2c(-c3ccnc(N)c3)c[nH]c2n1,100.0,-2.0,0,train
Cc1nc(OCc2cncs2)c2c(-c3ccnc(N)c3)c[nH]c2n1,99.0,-1.99563519459755,0,train
COc1cc(C(=O)N2CCOCC2)ccc1Nc1nc(NC2CCCCC2)c2c(C#N)c[nH]c2n1,3.2000000000000006,-0.505149978319906,0,test
COc1cc(N2CCCC2=O)ccc1Nc1nc(NC2CCCCC2)c2c(C#N)c[nH]c2n1,6.4,-0.8061799739838872,0,train
Cc1cc(N2CCOCC2)ccc1Nc1nc(NC2CCCCC2)c2c(C#N)c[nH]c2n1,6.3,-0.7993405494535817,0,train
Cc1cc(-c2cnn3c(NC[C@H]4C[C@@](C)(O)C4)cc(Oc4ccccn4)cc23)ccc1C(=O)NC1CC1,3.8,-0.5797835966168101,0,test
CCc1cccc(CC)c1NC(=O)c1ccn(-c2nc(Nc3ccc(N4CCC(N5CCN(C)CC5)CC4)cc3OC)nc3[nH]ccc23)c1,2.0,-0.3010299956639812,0,test
CCc1cccc(CC)c1NC(=O)c1cc(-c2nc(Nc3ccc(N4CCC(N5CCN(C)CC5)CC4)cc3OC)nc3[nH]ccc23)n(C)n1,6.0,-0.7781512503836436,0,train
CCc1cccc(CC)c1NC(=O)c1ccn(-c2nc(Nc3ccc(N4CCN(CC(=O)N(C)C)CC4)cc3OC)nc3[nH]ccc23)c1,1.0,-0.0,0,train
CCc1cccc(CC)c1NC(=O)c1cc(-c2nc(Nc3ccc(N4CCN(CC(=O)N(C)C)CC4)cc3OC)nc3[nH]ccc23)n(C)n1,3.0,-0.4771212547196624,0,train
CCc1cccc(CC)c1NC(=O)c1ccn(-c2nc(Nc3ccc(N4CCC(O)(C(=O)N5CCN(C)CC5)CC4)cc3OC)nc3[nH]ccc23)c1,2.0,-0.3010299956639812,0,train
CCc1cccc(CC)c1NC(=O)c1cc(-c2nc(Nc3ccc(N4CCC(O)(C(=O)N5CCN(C)CC5)CC4)cc3OC)nc3[nH]ccc23)n(C)n1,3.0,-0.4771212547196624,0,test
CCc1cccc(CC)c1NC(=O)c1ccn(-c2nc(Nc3ccc(N4CCC(O)(CN5CCN(C)CC5)CC4)cc3OC)nc3[nH]ccc23)c1,1.0,-0.0,0,train
CCc1cccc(CC)c1NC(=O)c1cc(-c2nc(Nc3ccc(N4CCC(O)(CN5CCN(C)CC5)CC4)cc3OC)nc3[nH]ccc23)n(C)n1,2.0,-0.3010299956639812,0,train
CCc1cccc(CC)c1NC(=O)c1ccn(-c2nc(Nc3ccc(N4CCC(C(=O)N5CCN(C)CC5)CC4)cc3OC)nc3[nH]ccc23)c1,2.0,-0.3010299956639812,0,train
CCc1cccc(CC)c1NC(=O)c1cc(-c2nc(Nc3ccc(N4CCC(C(=O)N5CCN(C)CC5)CC4)cc3OC)nc3[nH]ccc23)n(C)n1,4.0,-0.6020599913279624,0,test
CCc1cccc(CC)c1N1CCn2cc(-c3nc(Nc4ccc(N5CCC(N6CCN(C)CC6)CC5)cc4OC)nc4[nH]ccc34)cc2C1=O,4.0,-0.6020599913279624,0,train
CCc1cccc(CC)c1N1CCn2cc(-c3nc(Nc4ccc(N5CCN(CC(=O)N(C)C)CC5)cc4OC)nc4[nH]ccc34)cc2C1=O,9.0,-0.9542425094393248,0,train
CCc1cccc(CC)c1N1CCn2cc(-c3nc(Nc4ccc(N5CCC(O)(C(=O)N6CCN(C)CC6)CC5)cc4OC)nc4[nH]ccc34)cc2C1=O,7.500000000000001,-0.8750612633917001,0,train
CCc1cccc(CC)c1N1CCn2cc(-c3nc(Nc4ccc(N5CCC(O)(CN6CCN(C)CC6)CC5)cc4OC)nc4[nH]ccc34)cc2C1=O,2.8,-0.4471580313422192,0,test
CCc1cccc(CC)c1N1CCn2cc(-c3nc(Nc4ccc(N5CCC(C(=O)N6CCN(C)CC6)CC5)cc4OC)nc4[nH]ccc34)cc2C1=O,5.6000000000000005,-0.7481880270062005,0,train
CCc1cccc(CC)c1N1CCn2cc(-c3nc(Nc4ccc(N5CCC(C(=O)N(C)CCN(C)C)CC5)cc4OC)nc4[nH]ccc34)cc2C1=O,5.3,-0.724275869600789,0,train
CCc1cccc(CC)c1NC(=O)c1ccn2c1CCc1cnc(Nc3ccc(N4CCN(C)CC4)cc3OC)nc1-2,2.8000000000000003,-0.4471580313422192,1,train
C=CC(=O)Nc1cc(N2CCN(C)CC2)ccc1Nc1ncc2c(n1)-n1ccc(C(=O)Nc3c(CC)cccc3CC)c1CC2,22.916666666666664,-1.3601514477826375,0,test
C[C@@H]1CN(c2cc(-c3n[nH]c4ccc(OC5(C)CC5)cc34)ncn2)C[C@H](C)O1,935.0,-2.9708116108725178,0,test
