smiles,exp_mean [nM],y,cliff_mol,split
CCOC(=O)[C@]12C[C@H]1/C(=N\O)c1ccccc1O2,1500.0000000000005,-3.1760912590556813,0,train
NC(C(=O)O)c1ccc(C(=O)O)cc1,65000.000000000015,-4.812913356642856,0,test
NC1(C(=O)O)CCc2cc(C(=O)O)ccc21,7000.000000000002,-3.845098040014257,0,test
CCCCCCCCC[C@@H]1[C@H](C(=O)O)[C@H]1C(N)(CC1c2ccccc2Oc2ccccc21)C(=O)O,5700.000000000001,-3.755874855672492,0,train
CCCCC[C@@H]1[C@H](C(=O)O)[C@H]1C(N)(CC1c2ccccc2Oc2ccccc21)C(=O)O,18000.000000000015,-4.2552725051033065,0,train
CCCCCC[C@@H]1[C@H](C(=O)O)[C@H]1C(N)(CC1c2ccccc2Oc2ccccc21)C(=O)O,54899.99999999994,-4.739572344450092,0,train
N[C@](CC1c2ccccc2Oc2ccccc21)(C(=O)O)[C@H]1C[C@@H]1C(=O)O,7799.999999999999,-3.89209460269048,0,train
CCCC[C@@H]1[C@H](C(=O)O)[C@H]1C(N)(CC1c2ccccc2Oc2ccccc21)C(=O)O,57000.00000000001,-4.755874855672492,0,train
Cc1cc(C(=O)O)c(O)cc1C(N)C(=O)O,73000.0,-4.863322860120456,0,train
Cc1c(C(N)C(=O)O)ccc(C(=O)O)c1O,6000.000000000003,-3.778151250383644,0,train
CN(C(=O)C12CC1/C(=N\O)c1ccccc1O2)c1ccccc1,10000.0,-4.0,0,train
O=C(Nc1ccccc1)C12CC1/C(=N\O)c1ccccc1O2,3000.0000000000014,-3.4771212547196626,0,train
C[C@H](Nc1ccc(C(=O)O)cc1)C(=O)O,57000.00000000001,-4.755874855672492,0,train
CCc1cc2cc(C(=O)C3CCC(OC)CC3)ccc2nc1Cl,4.0,-0.6020599913279624,1,train
CCc1cc2cc(C(=O)C3CCC(OC)CC3)ccc2nc1O,85.00000000000003,-1.9294189257142929,1,train
CCc1cc2cc(C(=O)C3COc4ccccc4O3)ccc2nc1C,7.0,-0.8450980400142568,1,train
CCc1cc2cc(C(=O)C[C@H]3CC[C@@H](OC)CC3)ccc2nc1C,85.00000000000003,-1.9294189257142929,1,test
CCc1cc2cc(C(=O)C3Cc4ccccc4C3)ccc2nc1C,1174.9999999999998,-3.070037866607755,1,train
CCc1cc2cc(C(=O)C3CCC(O)CC3)ccc2nc1C,79.99999999999999,-1.9030899869919435,1,train
CCc1cc2cc(C(=O)Cc3ccccc3)ccc2nc1C,50.99999999999999,-1.7075701760979365,0,train
Cc1cc2cc(C(C)(C#N)c3ccccc3)ccc2nc1O,4999.999999999999,-3.6989700043360183,0,train
CCc1cc2cc(/C(=N\N)[C@H]3CC[C@@H](OC)CC3)ccc2nc1OC,4359.999999999998,-3.639486489268586,0,train
CO[C@H]1CC[C@@H](C(=O)c2ccc3nc4c(cc3c2)CCCO4)CC1,0.88,0.0555173278498313,1,train
CO[C@H]1CC[C@@H](C(=O)c2ccc3nc4c(cc3c2)CCCN4C)CC1,29.0,-1.462397997898956,1,test
CO[C@H]1CC[C@@H](C(=O)c2ccc3nc4c(cc3c2)CCCCC4)CC1,17.999999999999996,-1.255272505103306,1,train
CO[C@H]1CC[C@@H](C(=O)c2ccc3nc4c(cc3c2)CCC4)CC1,0.56,0.2518119729937995,1,train
CCCc1ccc2cc(C(=O)[C@H]3CC[C@@H](OC)CC3)ccc2n1,3.0,-0.4771212547196624,0,train
CO[C@H]1CC[C@@H](C(=O)c2ccc3nc4c(cc3c2)CCS4)CC1,2.0,-0.3010299956639812,1,test
CCCc1cc2cc(C(=O)[C@H]3CC[C@@H](OC)CC3)ccc2nc1C,6.0,-0.7781512503836436,1,train
CCc1cc2cc(C(=O)[C@H]3CC[C@@H](OC)CC3)ccc2n2nnnc12,449.99999999999983,-2.6532125137753435,0,test
C[C@H]1CC[C@@H](C(=O)c2ccc3nc4c(cc3c2)CCCCC4)CC1,16.0,-1.2041199826559248,1,train
O=C(Cc1ccsc1)c1ccc2nc3c(cc2c1)CCCO3,74.00000000000001,-1.869231719730976,0,train
O=C(CCc1ccccc1)c1ccc2nc3c(cc2c1)CCCO3,160.00000000000009,-2.204119982655925,1,train
O=C(Cc1ccccc1)c1ccc2nc3c(cc2c1)CCCO3,13.999999999999998,-1.146128035678238,1,train
CCc1cc2cc(C(=O)C3CCC(OC)CC3)ccc2nc1CC,7.999999999999999,-0.9030899869919436,1,train
CCc1cc2cc(C(=O)[C@H]3CC[C@@H](OC)CC3)ccc2nc1F,9.0,-0.9542425094393248,1,train
CCc1cc2cc(C(=O)[C@H]3CC[C@@H](OC)CC3)ccc2nc1-c1ccsc1,191.00000000000009,-2.281033367247728,0,train
CCc1cc2cc(C(=O)C3CCC(OC)CC3)ccc2nc1I,62.0,-1.792391689498254,1,train
CCc1cc2cc(C(=O)[C@H]3CC[C@@H](OC)CC3)ccc2nc1C#N,173.99999999999991,-2.2405492482825995,1,test
CCc1cc2cc(C(=O)[C@H]3CC[C@@H](OC)CC3)ccc2nc1C(=O)OC(C)C,6310.0,-3.8000293592441343,0,test
CCc1cc2cc(C(=O)[C@H]3CC[C@@H](OC)CC3)ccc2nc1N,1.0,-0.0,1,test
CCc1cc2cc(C(=O)C3CCC(OC)CC3)ccc2nc1NCCOC,105.00000000000004,-2.0211892990699383,1,train
CCc1ccc(-n2cnc3c(sc4nccc(N(C)C)c43)c2=O)cc1,3.0,-0.4771212547196624,1,train
Cc1ccc(-n2cnc3c(sc4nccc(N(C)C)c43)c2=O)cc1,5.000000000000001,-0.6989700043360189,1,test
CN(C)c1ccnc2sc3c(=O)n(Cc4ccccc4)cnc3c12,280.99999999999994,-2.44870631990508,1,train
CCc1cccc(-n2cnc3c(sc4nccc(N(C)C)c43)c2=O)c1,9.0,-0.9542425094393248,1,test
CCc1ccccc1-n1cnc2c(sc3nccc(N(C)C)c32)c1=O,250.99999999999991,-2.399673721481038,0,train
CN(C)c1ccnc2sc3c(=O)n(-c4ccc5cn[nH]c5c4)cnc3c12,122.00000000000004,-2.0863598306747484,1,train
COc1ccc(-n2cnc3c(sc4nccc(N(C)C)c43)c2=O)cn1,38.99999999999999,-1.591064607026499,1,train
CN(C)c1ccnc2sc3c(=O)n(-c4ccc(Cl)cc4Cl)cnc3c12,45.00000000000001,-1.6532125137753435,1,train
Cc1ccc(-n2cnc3c(sc4nccc(N(C)C)c43)c2=O)c(C)c1,17.0,-1.230448921378274,1,train
CN(C)c1ccnc2sc3c(=O)n(-c4ccc(C(F)(F)F)cc4)cnc3c12,32.00000000000001,-1.505149978319906,1,test
CN(C)c1ccnc2sc3c(=O)n(-c4ccc(Br)cc4)cnc3c12,4.0,-0.6020599913279624,1,train
CN(C)c1ccnc2sc3c(=O)n(-c4ccc(Cl)cc4)cnc3c12,16.0,-1.2041199826559248,1,train
CN(C)c1ccnc2sc3c(=O)n(-c4ccc(F)cc4)cnc3c12,23.0,-1.3617278360175928,1,train
CN(C)c1ccnc2sc3c(=O)n(-c4ccccc4O)cnc3c12,49.99999999999999,-1.6989700043360187,0,train
CN(C)c1ccnc2sc3c(=O)n(-c4ccc(C5CC5)cc4)cnc3c12,86.99999999999999,-1.9395192526186185,1,train
CN(C)c1ccnc2sc3c(=O)n(-c4ccc(C(C)(C)C)cc4)cnc3c12,8500.000000000002,-3.929418925714293,1,test
CC(C)c1ccc(-n2cnc3c(sc4nccc(N(C)C)c43)c2=O)cc1,406.9999999999999,-2.60959440922522,1,test
CCCc1ccc(-n2cnc3c(sc4nccc(N(C)C)c43)c2=O)cc1,179.99999999999997,-2.255272505103306,1,train
CN(C)c1ccnc2sc3c(=O)n(-c4ccccc4)cnc3c12,20.000000000000004,-1.3010299956639813,1,train
CN(C)c1ccnc2sc3c(=O)n(CC4CCCCC4)cnc3c12,138.99999999999997,-2.143014800254095,1,train
CN(C)c1ccnc2sc3c(=O)n(CC4CCCC4)cnc3c12,26.0,-1.414973347970818,1,train
CCC(CC)n1cnc2c(sc3nccc(N(C)C)c32)c1=O,334.99999999999994,-2.525044807036845,0,train
CN(C)c1ccnc2sc3c(=O)n(C45CC6CC(CC(C6)C4)C5)cnc3c12,76.0,-1.8808135922807916,0,train
CN(C)c1ccnc2sc3c(=O)n(C4CCCCCCC4)cnc3c12,12.999999999999998,-1.1139433523068367,1,train
CN(C)c1ccnc2sc3c(=O)n(N4CCCCCC4)cnc3c12,10.0,-1.0,1,train
CN(C)c1ccnc2sc3c(=O)n(C4CCCCCC4)cnc3c12,1.0,-0.0,1,train
CC1CCC(n2cnc3c(sc4nccc(N(C)C)c43)c2=O)CC1,140.00000000000006,-2.146128035678238,1,train
CC1CCCC(n2cnc3c(sc4nccc(N(C)C)c43)c2=O)C1,482.0,-2.6830470382388496,0,train
CC1CCCCC1n1cnc2c(sc3nccc(N(C)C)c32)c1=O,130.00000000000006,-2.113943352306837,0,train
CN(C)c1ccnc2sc3c(=O)n(C4CCCCC4)cnc3c12,49.99999999999999,-1.6989700043360187,1,test
CN(C)c1ccnc2sc3c(=O)n(C4CCCC4)cnc3c12,5.000000000000001,-0.6989700043360189,1,train
CN(C)c1ccnc2sc3c(=O)n(C4CCC4)cnc3c12,167.0,-2.2227164711475837,1,train
CN(C)c1ccnc2sc3c(=O)n(C4CC4)cnc3c12,632.0000000000002,-2.800717078282385,1,train
CCCCc1nc2c(sc3nccc(N(C)C)c32)c(=O)n1-c1ccc(CC)cc1,101.0,-2.004321373782642,0,train
CCc1ccc(-n2c(CC)nc3c(sc4nccc(N(C)C)c43)c2=O)cc1,83.99999999999999,-1.9242792860618816,1,train
CCc1ccc(-n2c(C)nc3c(sc4nccc(N(C)C)c43)c2=O)cc1,44.0,-1.6434526764861874,1,train
CN(C)c1ccnc2sc3c(=O)n(C4CCCCCC4)nnc3c12,19.0,-1.2787536009528289,1,train
C[N+](C)([O-])c1ccnc2sc3c(=O)n(N4CCCCCC4)cnc3c12,167.0,-2.2227164711475837,0,test
CCc1ccc(-n2cnc3c(sc4nccc([N+](C)(C)[O-])c43)c2=O)cc1,306.0000000000001,-2.48572142648158,0,train
CCc1ccc(-n2cnc3c(sc4nccc(NC)c43)c2=O)cc1,98.0,-1.9912260756924949,1,train
CCc1ccc(-n2cnc3c(sc4nccc(NCC(F)(F)F)c43)c2=O)cc1,99.0,-1.99563519459755,0,train
CCc1ccc(-n2cnc3c(sc4nccc(NCC#N)c43)c2=O)cc1,48.99999999999999,-1.6901960800285136,1,train
CCc1ccc(-n2cnc3c(sc4nccc(NC5CC5)c43)c2=O)cc1,40.99999999999999,-1.6127838567197357,1,train
CCc1ccc(-n2cnc3c(sc4nccc(N5CCC5)c43)c2=O)cc1,113.00000000000006,-2.05307844348342,1,train
CCc1ccc(-n2cnc3c(sc4nccc(N(C)CCOC)c43)c2=O)cc1,70.99999999999999,-1.8512583487190752,1,test
CCc1ccc(-n2cnc3c(sc4nccc(N(C)CC)c43)c2=O)cc1,37.0,-1.568201724066995,1,train
Cc1ccc(-n2cnc3c(sc4cncc(N(C)C)c43)c2=O)cc1,43.000000000000014,-1.6334684555795866,1,train
CCc1ccc(-n2cnc3c(sc4cncc(N(C)C)c43)c2=O)cc1,182.99999999999991,-2.2624510897304293,1,train
CCc1ccc(-n2cnc3c(sc4cccc(N(C)C)c43)c2=O)cc1,949.0000000000005,-2.977266212427293,1,train
CC1CCC(n2cnc3c(oc4nccc(N(C)C)c43)c2=O)CC1,82.0,-1.9138138523837167,1,test
CCc1ccc(-n2cnc3c(oc4nccc(N(C)C)c43)c2=O)cc1,1460.0000000000002,-3.164352855784437,1,test
CCCOC(=O)c1[nH]cc(C(=O)O[C@@H](C)C(C)(C)C)c1C,3.981,-0.599992177584098,0,test
COCCNC(=O)c1[nH]c(C)c(C(=O)OC2CC3CCC2C3)c1C,316.23,-2.500003068051693,0,train
CC(=O)NCCCCNC(=O)c1[nH]c(C)c(C(=O)OC2CC3CCC2C3)c1C,1000.0,-3.0,0,train
CCOC(=O)c1[nH]c(C)c(C(=O)OC2CC3CCC2C3)c1C,100.0,-2.0,0,train
COCCNC(=O)c1[nH]cc(C(=O)OC2CC3CCC2C3)c1C,158.49,-2.200001865406602,0,train
CC(=O)NCCCCNC(=O)c1[nH]cc(C(=O)OC2CC3CCC2C3)c1C,199.52999999999992,-2.300008202553813,0,train
CCOC(=O)c1[nH]cc(C(=O)OC2CC3CCC2C3)c1C,19.95,-1.299942900022767,0,test
COCCNC(=O)c1[nH]cc(C(=O)O[C@@H](C)C(C)(C)C)c1C,31.619999999999997,-1.4999618655961902,0,test
COc1ccc(-n2cnc3c(sc4nccc(N(C)C)c43)c2=O)cc1,9.499999999999998,-0.9777236052888476,1,train
O=c1c2sc3ncc4c(c3c2ncn1-c1ccc(Cl)cc1)NCCO4,2.9,-0.4623979978989561,1,train
COc1ccc(-n2cnc3c(sc4ncc5c(c43)NC[C@@H](C)O5)c2=O)cc1,2.4,-0.380211241711606,0,test
COc1ccc(-n2cnc3c(sc4ncc5c(c43)NCCO5)c2=O)cc1,2.5,-0.3979400086720376,1,test
Cc1ccc(-n2cnc3c(sc4ncc5c(c43)NC[C@@H](C)O5)c2=O)cc1,5.3,-0.724275869600789,0,train
Cc1ccc(-n2cnc3c(sc4ncc5c(c43)NCCO5)c2=O)cc1,2.2,-0.3424226808222063,1,test
Cc1ccc(-n2cnc3c(sc4ncc5sc(=O)[nH]c5c43)c2=O)cc1,446.00000000000006,-2.649334858712142,0,train
CSc1nc2c(cnc3sc4c(=O)n(-c5ccc(C)cc5)cnc4c32)s1,635.9999999999999,-2.803457115648414,0,train
Cc1ccc(-n2cnc3c(sc4ncc5sc(=S)[nH]c5c43)c2=O)cc1,540.9999999999998,-2.733197265106569,0,test
O=c1c2sc3ncc4cn[nH]c4c3c2ncn1-c1ccc(Cl)cc1,37.6,-1.575187844927661,1,train
Cc1ccc(-n2cnc3c(sc4ncc5cn[nH]c5c43)c2=O)cc1,16.8,-1.2253092817258628,1,train
Cn1cnc2cnc3sc4c(=O)n(-c5ccc(Cl)cc5)cnc4c3c21,9.8,-0.9912260756924948,0,train
O=c1c2sc3ncc4nc[nH]c4c3c2ncn1-c1ccc(Cl)cc1,6.0,-0.7781512503836436,0,train
COc1ccc(-n2cnc3c(sc4ncc5cc[nH]c5c43)c2=O)cc1,4.900000000000001,-0.6901960800285137,1,test
O=c1c2sc3ncc4cc[nH]c4c3c2ncn1-c1ccc(Cl)cc1,0.4,0.3979400086720376,1,train
Cc1ccc(-n2cnc3c(sc4ncc5cc[nH]c5c43)c2=O)cc1,0.7,0.1549019599857432,1,test
CNc1c(Br)cnc2sc3c(=O)n(-c4ccc(Cl)cc4)cnc3c12,5.9,-0.7708520116421442,0,train
Cc1nc2c(cnn2-c2ccccc2)c(=O)n1-c1ccc(Cl)cc1,241.9999999999999,-2.383815365980431,1,train
Cc1nc2c(cnn2-c2cncnc2)c(=O)n1-c1ccc(Cl)cc1,9799.999999999996,-3.991226075692495,1,train
Cc1nc2c(cnn2-c2cccnc2)c(=O)n1-c1ccc(Cl)cc1,230.00000000000009,-2.361727836017593,1,train
Cc1nc2c(cnn2-c2ccc(Cl)cc2)c(=O)n1-c1ccc(Cl)cc1,1099.9999999999998,-3.041392685158225,0,test
Cc1nc2c(cnn2-c2ccc(S(N)(=O)=O)cc2)c(=O)n1-c1ccc(Cl)cc1,1411.9999999999998,-3.149834696715785,1,test
Cc1nc2c(cnn2-c2cccc(S(N)(=O)=O)c2)c(=O)n1-c1ccc(Cl)cc1,127.0,-2.103803720955957,1,test
Cc1nc2c(cnn2-c2cccc(Cl)c2)c(=O)n1-c1ccc(Cl)cc1,220.0,-2.342422680822206,0,train
Cc1cccc(-n2ncc3c(=O)n(-c4ccc(Cl)cc4)c(C)nc32)c1,179.99999999999997,-2.255272505103306,0,test
Cc1ccccc1-n1ncc2c(=O)n(-c3ccc(Cl)cc3)c(C)nc21,350.0,-2.544068044350276,0,train
Cc1nc2c(cnn2C2CCCCCC2)c(=O)n1-c1ccc(Cl)cc1,519.9999999999998,-2.716003343634799,1,train
Cc1nc2c(cnn2-c2ccccc2)c(=O)n1N1CCCCCC1,239.99999999999997,-2.380211241711606,0,train
Cc1nc2c(cnn2-c2ccccc2)c(=O)n1N1CCCCC1,91.0,-1.9590413923210936,0,test
Cc1nc2c(cnn2-c2ccccc2)c(=O)n1C1CCCCCC1,760.0,-2.880813592280792,0,train
Cc1nc2c(cnn2-c2ccccc2)c(=O)n1-c1ccc(Cl)c(F)c1,800.0000000000003,-2.903089986991944,0,test
Cc1nc2c(cnn2-c2ccccc2)c(=O)n1-c1ccc(O)cc1,2399.9999999999995,-3.380211241711606,1,train
Cc1nc2c(cnn2-c2ccccc2)c(=O)n1-c1ccc(Br)cc1,77.99999999999999,-1.8920946026904804,1,train
C[C@@](N)(C(=O)O)c1ccc(C(=O)O)cc1,4300.000000000001,-3.633468455579586,0,train
N[C@H](C(=O)O)c1ccc(O)c(C(=O)O)c1,40000.00000000001,-4.6020599913279625,0,train
NC(C(=O)O)(C1CC(C(=O)O)C1)C1c2ccccc2Sc2ccccc21,1000.0,-3.0,0,train
Cc1c(C2=CCC(C(=O)N(C)C(C)C)CC2)nnn1-c1cccnc1F,6.0,-0.7781512503836436,0,train
COc1ccc(Nc2ncnc3ccc(OC)cc23)cc1,96.0,-1.9822712330395684,0,test
Cc1c(C(=O)NC2CCCCC2)sc2nc3ccc(N)cc3n12,16.0,-1.2041199826559248,0,test
C=C1C[C@@H]2COC(=O)[C@]2(Cc2ccc3ccccc3c2)C1,160.00000000000009,-2.204119982655925,0,train
Nc1cc2c(Nc3ccc(F)c(Cl)c3)ncnc2cn1,300.0000000000001,-2.4771212547196626,0,train
OCCOCCNc1cc2c(NC3Cc4ccccc4C3)ncnc2cn1,3.0,-0.4771212547196624,0,train
CC(C)(C)OC(=O)N1CC=C(c2cn(-c3ccccc3)nn2)CC1,9.8,-0.9912260756924948,1,train
CC(C)(C)OC(=O)N1CC=C(c2cn(-c3ccccc3F)nn2)CC1,6.3,-0.7993405494535817,1,train
CC(C)(C)OC(=O)N1CC=C(c2cn(-c3cccc(F)c3)nn2)CC1,17.999999999999996,-1.255272505103306,1,test
CC(C)(C)OC(=O)N1CC=C(c2cn(-c3ccc(F)cc3)nn2)CC1,16.0,-1.2041199826559248,1,train
Cc1ccccc1-n1cc(C2=CCN(C(=O)OC(C)(C)C)CC2)nn1,10.999999999999996,-1.041392685158225,1,test
COc1ccccc1-n1cc(C2=CCN(C(=O)OC(C)(C)C)CC2)nn1,590.0,-2.770852011642144,1,test
CC(C)(C)NC(=O)N1CC=C(c2cn(-c3ccccc3F)nn2)CC1,57.00000000000001,-1.7558748556724917,1,test
CC(C)(C)CC(=O)N1CC=C(c2cn(-c3ccccc3F)nn2)CC1,119.99999999999996,-2.0791812460476247,1,train
CC(C)(C)OC(=O)N1CC=C(c2cn(-c3ccccn3)nn2)CC1,48.99999999999999,-1.6901960800285136,1,train
CC(C)(C)OC(=O)N1CC=C(c2cn(-c3cccnc3)nn2)CC1,55.00000000000001,-1.740362689494244,1,test
CC(C)(C)OC(=O)N1CC=C(c2cn(-c3ccncc3)nn2)CC1,220.0,-2.342422680822206,1,train
CC(C)(C)OC(=O)N1CC=C(c2cn(-c3ncccc3F)nn2)CC1,2.6,-0.414973347970818,1,train
Cc1c(C2=CCN(C(=O)OC(C)(C)C)CC2)nnn1-c1ncccc1F,7.0,-0.8450980400142568,0,train
CC(C)OC(=O)N1CC=C(c2cn(-c3cccnc3F)nn2)CC1,38.99999999999999,-1.591064607026499,0,train
Cc1c(C2=CCN(C(=O)OC(C)C)CC2)nnn1-c1cccnc1F,7.200000000000001,-0.8573324964312685,0,train
Cc1c(C2=CCN(C(=O)N(C)C(C)C)CC2)nnn1-c1cccnc1F,5.699999999999999,-0.7558748556724914,0,train
CN(C(=O)c1ccc(Br)cc1)c1nc(-c2ccncc2)cs1,209.99999999999991,-2.322219294733919,1,train
CN(C(=O)c1ccc(Cl)cc1)c1nc(-c2ccncc2)cs1,62.0,-1.792391689498254,1,train
CN(C(=O)c1ccc(F)cc1)c1nc(-c2ccncc2)cs1,48.99999999999999,-1.6901960800285136,1,train
Cc1ccc(C(=O)N(C)c2nc(-c3ccncc3)cs2)cc1,83.00000000000001,-1.919078092376074,1,train
COc1ccc(C(=O)N(C)c2nc(-c3ccncc3)cs2)cc1,1500.0000000000005,-3.1760912590556813,1,train
CN(C(=O)c1ccccc1)c1nc(-c2ccncc2)cs1,79.99999999999999,-1.9030899869919435,0,train
CN(C(=O)c1cccc(F)c1)c1nc(-c2ccncc2)cs1,100.0,-2.0,0,test
CN(C(=O)c1ccccc1F)c1nc(-c2ccncc2)cs1,130.00000000000006,-2.113943352306837,0,train
CN(C(=O)c1ccc(F)cc1)c1nc(-c2cccnc2)cs1,230.00000000000009,-2.361727836017593,1,train
CN(C(=O)c1ccc(F)cc1)c1nc(-c2ccccn2)cs1,6.0,-0.7781512503836436,1,train
CN(C(=O)c1ccc(F)cc1)c1nc(-c2cnccn2)cs1,48.99999999999999,-1.6901960800285136,1,train
CN(C(=O)c1ccc(F)cc1)c1nc(-c2ccncn2)cs1,10.0,-1.0,1,train
CN(C(=O)c1ccc(F)cc1)c1nc(-c2cncnc2)cs1,1500.0000000000005,-3.1760912590556813,1,train
CN(C(=O)c1ccc(F)cc1)c1nc(-c2ncccn2)cs1,5700.000000000001,-3.755874855672492,1,train
CCN(C(=O)c1ccc(F)cc1)c1nc(-c2ccccn2)cs1,17.999999999999996,-1.255272505103306,1,train
CCCN(C(=O)c1ccc(F)cc1)c1nc(-c2ccccn2)cs1,81.0,-1.9084850188786495,1,train
CC(C)N(C(=O)c1ccc(F)cc1)c1nc(-c2ccccn2)cs1,2000.0,-3.3010299956639813,1,test
O=C(Nc1nc(-c2ccccn2)cs1)c1ccc(F)cc1,980.0000000000006,-2.991226075692495,0,train
CN(C(=O)c1ccc(F)cc1)c1nc(-c2cc(N)ncn2)cs1,2.4,-0.380211241711606,1,train
CNc1cc(-c2csc(N(C)C(=O)c3ccc(F)cc3)n2)ncn1,1.8,-0.255272505103306,0,train
CCNc1cc(-c2csc(N(C)C(=O)c3ccc(F)cc3)n2)ncn1,3.7,-0.568201724066995,0,train
CC(C)Nc1cc(-c2csc(N(C)C(=O)c3ccc(F)cc3)n2)ncn1,5.1000000000000005,-0.7075701760979364,1,train
CC(C)N(C)c1cc(-c2csc(N(C)C(=O)c3ccc(F)cc3)n2)ncn1,77.0,-1.8864907251724816,1,train
CC(=O)c1ccc(-c2nnn(-c3cccnc3)c2C)cc1,470.00000000000006,-2.672097857935717,0,train
CCC(=O)c1ccc(-c2nnn(-c3cccnc3)c2C)cc1,170.00000000000006,-2.230448921378274,0,train
Cc1c(-c2ccc(C(=O)C3CC3)cc2)nnn1-c1cccnc1,22.0,-1.3424226808222062,1,train
Cc1c(-c2ccc(C(=O)c3ccccc3)cc2)nnn1-c1cccnc1,3899.999999999999,-3.591064607026499,1,test
Cc1c(-c2ccc(C(=O)OC(C)C)cc2)nnn1-c1cccnc1,33.0,-1.5185139398778875,1,test
Cc1c(-c2cccc(C(=O)OC(C)C)c2)nnn1-c1cccnc1,2399.9999999999995,-3.380211241711606,1,train
Cc1c(-c2ccc(C(=O)NC(C)C)cc2)nnn1-c1cccnc1,209.99999999999991,-2.322219294733919,1,train
Cc1c(-c2ccc(C(=O)N(C)C(C)C)cc2)nnn1-c1cccnc1,880.0000000000001,-2.9444826721501687,1,train
Cc1c(-c2ccc(C(=O)N3CCCC3)cc2)nnn1-c1cccnc1,1799.9999999999998,-3.255272505103306,1,train
Cc1c(-c2ccc3c(c2)CCC3=O)nnn1-c1cccnc1,68.99999999999999,-1.8388490907372552,0,train
Cc1c(-c2ccc3c(c2)CC(C)(C)C3=O)nnn1-c1cccnc1,10.999999999999996,-1.041392685158225,0,train
Cc1c(-c2ccc3c(c2)CC(C2CC2)C3=O)nnn1-c1cccnc1,2.6,-0.414973347970818,0,train
Cc1c(-c2ccc3[nH]ccc3c2)nnn1-c1cccnc1,249.99999999999997,-2.397940008672037,1,test
Cc1c(-c2ccc3ncccc3c2)nnn1-c1cccnc1,4.900000000000001,-0.6901960800285137,1,train
Cc1c(-c2ccc3ccccc3c2)nnn1-c1cccnc1,300.0000000000001,-2.4771212547196626,1,test
Cc1nc2cc(-c3nnn(-c4cccnc4)c3C)ccc2s1,1500.0000000000005,-3.1760912590556813,0,train
CCN1Cc2cc(-c3nnn(-c4cccnc4F)c3C)ccc2C1=O,3.2999999999999994,-0.5185139398778874,0,train
CCCN1Cc2cc(-c3nnn(-c4cccnc4F)c3C)ccc2C1=O,3.6,-0.5563025007672873,0,train
Cc1c(-c2ccc3c(c2)CN(C(C)C)C3=O)nnn1-c1cccnc1F,5.500000000000001,-0.7403626894942439,0,train
Cc1c(-c2ccc3c(c2)CN(C2CC2)C3=O)nnn1-c1cccnc1F,3.5000000000000004,-0.5440680443502757,0,test
Cc1ccc(-n2cnc3c(sc4nc(S)nc(N)c43)c2=O)cc1,3.1,-0.4913616938342727,1,train
Cc1ccc(-n2cnc3c(sc4nc(N)nc(N)c43)c2=O)cc1,2.1,-0.3222192947339193,1,train
Cc1ccc(-n2cnc3c(sc4nc(C)nc(N)c43)c2=O)cc1,27.000000000000004,-1.4313637641589874,1,train
Cc1ccc(-n2cnc3c(sc4nc(C5CC5)nc(N)c43)c2=O)cc1,325.99999999999994,-2.513217600067939,1,train
Cc1nc(N)c2c(n1)sc1c(=O)n(-c3ccccc3)cnc12,16.0,-1.2041199826559248,0,train
COc1ccc(-n2cnc3c(sc4nc(C)nc(N)c43)c2=O)cc1,188.00000000000009,-2.27415784926368,1,train
Cc1nc(N)c2c(n1)sc1c(=O)n(-c3ccc(F)cc3)cnc12,68.00000000000001,-1.8325089127062364,1,train
Cc1nc(N)c2c(n1)sc1c(=O)n(-c3ccc(Cl)cc3)cnc12,10.999999999999996,-1.041392685158225,0,train
CCCC(=O)N[C@@H](Cc1ccc(O)cc1)C(=O)NCCCNCCCCNCCCN,23.0,-1.3617278360175928,0,test
CCCC(=O)N[C@@H](CC1CCCCC1)C(=O)NCCCNCCCCNCCCN,32.00000000000001,-1.505149978319906,0,train
NCCCNCCCCNCCCNC(=O)[C@H](CC1CCCCC1)NC(=O)C1CC1,10.999999999999996,-1.041392685158225,0,train
NCCCNCCCCNCCCNC(=O)[C@H](CC1CCCCC1)NC(=O)C1CCCCC1,21.0,-1.3222192947339193,0,train
NCCCNCCCCNCCCNC(=O)[C@H](CC1CCCCC1)NC(=O)c1ccc(-c2ccccc2)cc1,86.99999999999999,-1.9395192526186185,0,train
NCCCNCCCCNCCCNC(=O)[C@H](CC1CCCCC1)NC(=O)Cc1cccc2ccccc12,40.99999999999999,-1.6127838567197357,0,train
NCCCNCCCCNCCCNC(=O)[C@H](CC1CCCCC1)NC(=O)CC12CC3CC(CC(C3)C1)C2,105.00000000000004,-2.0211892990699383,0,train
Cc1c(-c2ccc3ncccc3c2)nnn1-c1cccnc1F,3.6,-0.5563025007672873,1,test
C#CC(CC)(CC)Nc1ccnc2sc3c(=O)n(-c4ccc(C)cc4)cnc3c12,358.00000000000017,-2.5538830266438746,0,train
C#CC(C)(C)Nc1ccnc2sc3c(=O)n(-c4ccc(C)cc4)cnc3c12,170.99999999999991,-2.2329961103921536,1,train
C#CC(C)Nc1ccnc2sc3c(=O)n(-c4ccc(C)cc4)cnc3c12,313.99999999999994,-2.496929648073215,1,train
C#CCNc1ncnc2sc3c(=O)n(-c4ccc5sccc5c4)cnc3c12,219.00000000000009,-2.3404441148401185,1,test
C#CCNc1ncnc2sc3c(=O)n(-c4ccc5occc5c4)cnc3c12,21.0,-1.3222192947339193,1,train
C#CCNc1ncnc2sc3c(=O)n(-c4ccc(F)cc4)cnc3c12,8.200000000000001,-0.9138138523837168,1,train
C#CCNc1ncnc2sc3c(=O)n(-c4ccc(OC)cc4F)cnc3c12,85.00000000000003,-1.9294189257142929,1,train
C=C(C)CNc1ncnc2sc3c(=O)n(-c4ccc5ncsc5c4)cnc3c12,17.0,-1.230448921378274,1,train
C=C(C)CNc1ncnc2sc3c(=O)n(-c4ccc5sccc5c4)cnc3c12,8.9,-0.9493900066449128,1,train
C=C(C)CNc1ncnc2sc3c(=O)n(-c4ccc5c(c4)OCCO5)cnc3c12,33.0,-1.5185139398778875,0,test
C#CCNc1ncnc2sc3c(=O)n(-c4ccc(Cl)cc4)cnc3c12,3.0,-0.4771212547196624,1,test
C#CCNc1ncnc2sc3c(=O)n(-c4ccc(C)cc4)cnc3c12,3.9,-0.5910646070264992,1,train
C#CCNc1ncnc2sc3c(=O)n(-c4ccc(OC)cc4)cnc3c12,12.999999999999998,-1.1139433523068367,1,train
C#CCNc1ncnc2sc3c(=O)n(-c4ccc(Br)cc4)cnc3c12,6.8,-0.8325089127062363,1,train
C#CCNc1ncnc2sc3c(=O)n(-c4ccc(OC)c(F)c4)cnc3c12,212.0000000000001,-2.326335860928752,1,train
C#CCNc1ncnc2sc3c(=O)n(-c4ccc5c(c4)OCCO5)cnc3c12,106.00000000000004,-2.0253058652647704,0,train
C#CCNc1ncnc2sc3c(=O)n(-c4ccc5c(c4)OCO5)cnc3c12,136.99999999999997,-2.1367205671564067,0,train
C#CCNc1ncnc2sc3c(=O)n(-c4ccc5scnc5c4)cnc3c12,45.00000000000001,-1.6532125137753435,0,train
C#CCNc1ncnc2sc3c(=O)n(-c4ccc5ncsc5c4)cnc3c12,208.9999999999999,-2.320146286111054,1,train
C=C(C)CNc1ncnc2sc3c(=O)n(-c4ccc5scnc5c4)cnc3c12,16.0,-1.2041199826559248,1,train
C=CCNc1ccnc2sc3c(=O)n(-c4ccc(OC)cc4)cnc3c12,2.0,-0.3010299956639812,1,train
C=CCNc1ccnc2sc3c(=O)n(-c4ccc(C)cc4)cnc3c12,10.999999999999996,-1.041392685158225,1,train
C=CCNc1ccnc2sc3c(=O)n(-c4ccc(Cl)cc4)cnc3c12,60.0,-1.7781512503836436,1,train
C=CCNc1ccnc2sc3c(=O)n(-c4ccc(Br)cc4)cnc3c12,12.6,-1.100370545117563,1,test
C=CCNc1ccnc2sc3c(=O)n(-c4ccc(F)c(OC)c4)cnc3c12,6.8,-0.8325089127062363,0,train
C=CCNc1ccnc2sc3c(=O)n(-c4ccc(F)cc4)cnc3c12,4.4,-0.6434526764861874,1,test
C=CCN(C)c1ccnc2sc3c(=O)n(-c4ccc(Cl)cc4)cnc3c12,1.1,-0.041392685158225,1,train
C=CCN(C)c1ccnc2sc3c(=O)n(-c4ccc(OC)cc4)cnc3c12,6.9,-0.8388490907372553,1,train
C=CCN(C)c1ccnc2sc3c(=O)n(-c4ccc(Br)cc4)cnc3c12,66.00000000000001,-1.8195439355418688,1,train
C=C(C)CNc1ccnc2sc3c(=O)n(-c4ccc(Cl)cc4)cnc3c12,10.599999999999998,-1.0253058652647702,1,train
C=C(C)CNc1ccnc2sc3c(=O)n(-c4ccc(C)cc4)cnc3c12,16.399999999999995,-1.2148438480476975,1,train
C=C(C)CNc1ccnc2sc3c(=O)n(-c4ccc(OC)cc4)cnc3c12,10.4,-1.0170333392987805,1,test
C=C(C)CNc1ccnc2sc3c(=O)n(-c4ccc(Br)cc4)cnc3c12,43.000000000000014,-1.6334684555795866,1,test
C=C(C)CNc1ccnc2sc3c(=O)n(-c4ccc(OC)c(F)c4)cnc3c12,102.99999999999996,-2.012837224705172,1,train
C=C(C)CNc1ccnc2sc3c(=O)n(-c4ccc5c(c4)OCCO5)cnc3c12,195.99999999999997,-2.292256071356476,1,train
C=C(C)CNc1ccnc2sc3c(=O)n(-c4ccc5c(c4)OCO5)cnc3c12,241.0,-2.3820170425748683,1,train
C#CCNc1ccnc2sc3c(=O)n(-c4ccc(Cl)cc4)cnc3c12,0.9,0.0457574905606751,1,train
C#CCNc1ccnc2sc3c(=O)n(-c4ccc(C)cc4)cnc3c12,1.5,-0.1760912590556812,1,train
C#CCNc1ccnc2sc3c(=O)n(-c4ccc(OC)cc4)cnc3c12,4.4,-0.6434526764861874,1,test
C#CCNc1ccnc2sc3c(=O)n(-c4ccc(Br)cc4)cnc3c12,1.8,-0.255272505103306,1,train
C#CCNc1ccnc2sc3c(=O)n(-c4ccc(OC)c(F)c4)cnc3c12,12.500000000000002,-1.0969100130080565,1,train
C#CCN(C)c1ccnc2sc3c(=O)n(-c4ccc(OC)cc4)cnc3c12,10.8,-1.0334237554869496,1,train
C#CCN(C)c1ccnc2sc3c(=O)n(-c4ccc(Br)cc4)cnc3c12,1.9,-0.2787536009528289,1,train
C=C(C)CNc1ncnc2sc3c(=O)n(-c4ccc(Cl)cc4)cnc3c12,7.699999999999999,-0.8864907251724818,0,train
C=C(C)CNc1ncnc2sc3c(=O)n(-c4ccc(C)cc4)cnc3c12,12.400000000000002,-1.0934216851622351,1,train
C=C(C)CNc1ncnc2sc3c(=O)n(-c4cccc(Cl)c4)cnc3c12,53.000000000000014,-1.7242758696007892,1,train
C=C(C)CNc1ncnc2sc3c(=O)n(-c4ccc(F)cc4)cnc3c12,10.700000000000005,-1.0293837776852095,1,train
C=C(C)CNc1ncnc2sc3c(=O)n(-c4ccncc4)cnc3c12,955.0,-2.9800033715837464,1,train
C=C(C)CNc1ncnc2sc3c(=O)n(-c4ccccc4)cnc3c12,4.6000000000000005,-0.6627578316815741,1,test
C=C(C)CNc1ncnc2sc3c(=O)n(-c4ccc(OC)c(F)c4)cnc3c12,72.00000000000001,-1.8573324964312683,0,train
C=C(C)CNc1ncnc2sc3c(=O)n(-c4ccc(Br)cc4)cnc3c12,14.499999999999998,-1.1613680022349748,1,train
C=C(C)CNc1ncnc2sc3c(=O)n(-c4ccc(OC)cc4)cnc3c12,9.6,-0.9822712330395684,1,test
C#CCN(C)c1ccnc2sc3c(=O)n(-c4ccc(Cl)cc4)cnc3c12,3.8,-0.5797835966168101,1,train
COc1ccc(-n2ccc3c(sc4nccc(N(C)C)c43)c2=O)cc1,6.3,-0.7993405494535817,1,train
Cc1ccc(-n2ccc3c(sc4nccc(N(C)C)c43)c2=O)cc1,4.700000000000001,-0.6720978579357175,1,train
CN(C)c1ccnc2sc3c(=O)n(-c4ccc(F)cc4)ccc3c12,5.200000000000001,-0.7160033436347992,1,train
CN(C)c1ccnc2sc3c(=O)n(-c4ccc(Cl)cc4)ccc3c12,0.4,0.3979400086720376,1,test
CN(C)c1ccnc2sc3c(=O)n(-c4ccc(Br)cc4)ccc3c12,5.700000000000001,-0.7558748556724915,1,train
CN(C)c1ccnc2sc3c(=O)n(-c4ccc(C#N)cc4)ccc3c12,10.0,-1.0,1,train
CCc1ccc(-n2ccc3c(sc4nccc(N(C)C)c43)c2=O)cc1,8.200000000000001,-0.9138138523837168,1,train
CN(C)c1ccnc2sc3c(=O)n(C4CCCCC4)ccc3c12,8.1,-0.9084850188786496,1,train
COc1ccc(-n2ccc3c(sc4nccc(N(C)C)c43)c2=O)cc1F,3.9,-0.5910646070264992,1,train
COc1ccc(-n2ccc3c(sc4nccc(N(C)C)c43)c2=O)c(F)c1,13.999999999999998,-1.146128035678238,0,train
CN(C)c1ccnc2sc3c(=O)n(-c4ccc5scnc5c4)ccc3c12,5.000000000000001,-0.6989700043360189,1,train
CN(C)c1ccnc2sc3c(=O)n(-c4ccc5ncsc5c4)ccc3c12,3.1,-0.4913616938342727,1,train
COc1ccc(-n2ccc3c(sc4nccc(OC)c43)c2=O)cc1,6.3,-0.7993405494535817,1,train
COc1cccc(-n2ccc3c(sc4nccc(OC)c43)c2=O)c1,118.00000000000004,-2.071882007306125,1,train
COc1ccnc2sc3c(=O)n(-c4ccccc4C)ccc3c12,85.00000000000003,-1.9294189257142929,0,train
COc1ccc(-n2ccc3c(sc4nccc(OC)c43)c2=O)c(C)c1,54.000000000000014,-1.7323937598229686,0,train
CCc1ccc(-n2ccc3c(sc4nccc(OC)c43)c2=O)cc1,35.0,-1.5440680443502757,0,test
COc1ccnc2sc3c(=O)n(-c4ccc(C5CC5)cc4)ccc3c12,78.99999999999999,-1.8976270912904412,0,train
COc1ccnc2sc3c(=O)n(C4CCCCC4)ccc3c12,5.4,-0.7323937598229685,0,train
CNc1ccnc2sc3c(=O)n(-c4ccc(OC)cc4)ccc3c12,27.000000000000004,-1.4313637641589874,1,train
CCNc1ccnc2sc3c(=O)n(-c4ccc(OC)cc4)ccc3c12,15.000000000000004,-1.1760912590556811,1,train
CCCNc1ccnc2sc3c(=O)n(-c4ccc(OC)cc4)ccc3c12,55.00000000000001,-1.740362689494244,1,train
COc1ccc(-n2ccc3c(sc4nccc(NC5CC5)c43)c2=O)cc1,12.000000000000002,-1.0791812460476249,1,test
COc1ccc(-n2ccc3c(sc4nccc(NCCO)c43)c2=O)cc1,124.00000000000004,-2.093421685162235,1,train
COCCNc1ccnc2sc3c(=O)n(-c4ccc(OC)cc4)ccc3c12,192.00000000000003,-2.2833012287035497,1,train
COc1ccc(-n2ccc3c(sc4nccc(NC[C@@H](C)O)c43)c2=O)cc1,133.0,-2.123851640967086,1,train
COc1ccc(-n2ccc3c(sc4nccc(N(C)CCO)c43)c2=O)cc1,17.0,-1.230448921378274,0,train
CNc1ccnc2sc3c(=O)n(-c4ccc(C)cc4)ccc3c12,3.4,-0.5314789170422551,1,train
CNc1ccnc2sc3c(=O)n(-c4ccc(F)cc4)ccc3c12,68.00000000000001,-1.8325089127062364,1,test
CNc1ccnc2sc3c(=O)n(-c4ccc(Cl)cc4)ccc3c12,2.0,-0.3010299956639812,1,train
CNc1ccnc2sc3c(=O)n(-c4ccc(Br)cc4)ccc3c12,0.8,0.0969100130080563,1,train
CNc1ccnc2sc3c(=O)n(-c4ccc(C#N)cc4)ccc3c12,203.00000000000003,-2.307496037913213,1,test
CNc1ccnc2sc3c(=O)n(-c4ccc(OC)c(F)c4)ccc3c12,75.00000000000001,-1.8750612633917,1,train
CNc1ccnc2sc3c(=O)n(-c4ccc(OC)cc4F)ccc3c12,88.00000000000001,-1.944482672150169,1,test
CNc1ccnc2sc3c(=O)n(-c4ccc5scnc5c4)ccc3c12,47.00000000000001,-1.6720978579357175,0,test
CCNc1ccnc2sc3c(=O)n(-c4ccc(C)cc4)ccc3c12,7.699999999999999,-0.8864907251724818,1,train
Cc1ccc(-n2ccc3c(sc4nccc(NC5CC5)c43)c2=O)cc1,9.8,-0.9912260756924948,1,test
CCNc1ccnc2sc3c(=O)n(-c4ccc(Cl)cc4)ccc3c12,3.0,-0.4771212547196624,1,train
O=c1c2sc3nccc(NC4CC4)c3c2ccn1-c1ccc(Cl)cc1,4.4,-0.6434526764861874,1,train
CCNc1ccnc2sc3c(=O)n(-c4ccc(Br)cc4)ccc3c12,2.0,-0.3010299956639812,1,train
O=c1c2sc3nccc(NC4CC4)c3c2ccn1-c1ccc(Br)cc1,2.3,-0.3617278360175928,1,train
COc1ccc(-n2ccc3c(sc4ncnc(N(C)C)c43)c2=O)cc1,6.4,-0.8061799739838872,1,train
CNc1ncnc2sc3c(=O)n(-c4ccc(OC)cc4)ccc3c12,88.00000000000001,-1.944482672150169,1,train
CCNc1ncnc2sc3c(=O)n(-c4ccc(OC)cc4)ccc3c12,34.0,-1.5314789170422551,1,train
COc1ccc(-n2ccc3c(sc4ncnc(NC5CC5)c43)c2=O)cc1,15.000000000000004,-1.1760912590556811,1,train
Cc1ccc(-n2ccc3c(sc4ncnc(N(C)C)c43)c2=O)cc1,6.7,-0.8260748027008264,1,train
CNc1ncnc2sc3c(=O)n(-c4ccc(C)cc4)ccc3c12,31.0,-1.4913616938342726,1,test
CCNc1ncnc2sc3c(=O)n(-c4ccc(C)cc4)ccc3c12,15.000000000000004,-1.1760912590556811,1,train
Cc1ccc(-n2ccc3c(sc4ncnc(NC5CC5)c43)c2=O)cc1,12.000000000000002,-1.0791812460476249,1,train
Cc1c(-c2ccccc2)nsc1NC(=O)[C@@H]1C[C@H]1C,64.99999999999999,-1.8129133566428557,0,train
CCOc1ccc(-c2nsc(NC(=O)[C@@H]3C[C@H]3C)c2C)cc1,92.0,-1.9637878273455556,1,train
COc1ccc(-c2nsc(NC(=O)[C@@H]3C[C@H]3C)c2C)cc1F,7.0,-0.8450980400142568,1,train
Cc1c(-c2ccc(F)cc2)nsc1NC(=O)[C@@H]1C[C@H]1C,100.0,-2.0,1,train
Cc1c(-c2ccc(Cl)cc2)nsc1NC(=O)[C@@H]1C[C@H]1C,9.0,-0.9542425094393248,1,train
Cc1c(-c2ccc(Br)cc2)nsc1NC(=O)[C@@H]1C[C@H]1C,7.0,-0.8450980400142568,1,train
Cc1c(-c2ccc(Cl)c(Cl)c2)nsc1NC(=O)[C@@H]1C[C@H]1C,38.99999999999999,-1.591064607026499,0,train
Cc1c(-c2ccc(C(C)(F)F)cc2)nsc1NC(=O)[C@@H]1C[C@H]1C,67.0,-1.8260748027008264,0,train
Cc1c(-c2ccc(O)cc2)nsc1NC(=O)[C@@H]1C[C@H]1C,138.0,-2.1398790864012365,1,train
N[C@H](C(=O)O)C12C3C4C1C1C2C3C41C(=O)O,76000.0,-4.880813592280791,0,train
N[C@H](C(=O)O)C12CC(c3nn[nH]n3)(C1)C2,68900.00000000004,-4.838219221907626,0,test
COc1ccc(-n2cnc3c(sc4ncnc(NC5CC5)c43)c2=O)c(F)c1,30.0,-1.4771212547196624,0,train
COc1ccc(-n2cnc3c(sc4ncnc(NC5CC5)c43)c2=O)cc1F,19.0,-1.2787536009528289,0,train
O=c1c2sc3ncnc(NC4CC4)c3c2ncn1C1CCCCC1,70.00000000000001,-1.845098040014257,0,train
O=c1c2sc3ncnc(NC4CC4)c3c2ncn1-c1ccc(F)cc1,82.0,-1.9138138523837167,1,train
O=c1c2sc3ncnc(NC4CC4)c3c2ncn1-c1ccc(Cl)cc1,3.0,-0.4771212547196624,1,train
Cc1ccc(-n2cnc3c(sc4ncnc(NC5CC5)c43)c2=O)cc1,9.0,-0.9542425094393248,1,train
COc1ccc(-n2cnc3c(sc4ncnc(Nc5cccc(F)c5)c43)c2=O)cc1,192.00000000000003,-2.2833012287035497,0,train
COc1ccc(-n2cnc3c(sc4ncnc(Nc5ccccc5)c43)c2=O)cc1,277.00000000000006,-2.4424797690644486,1,train
COc1ccc(-n2cnc3c(sc4ncnc(NC5CCC5)c43)c2=O)cc1,60.0,-1.7781512503836436,1,train
COc1ccc(-n2cnc3c(sc4ncnc(N(C)C5CC5)c43)c2=O)cc1,5.000000000000001,-0.6989700043360189,1,test
COc1ccc(-n2cnc3c(sc4ncnc(NCC5CC5)c43)c2=O)cc1,154.0,-2.187520720836463,1,train
COc1ccc(-n2cnc3c(sc4ncnc(NC5CC5)c43)c2=O)cc1,6.0,-0.7781512503836436,1,train
COc1ccc(-n2cnc3c(sc4ncnc(NCCCCO)c43)c2=O)cc1,9.0,-0.9542425094393248,1,train
COc1ccc(-n2cnc3c(sc4ncnc(NCCCO)c43)c2=O)cc1,12.000000000000002,-1.0791812460476249,1,train
COc1ccc(-n2cnc3c(sc4ncnc(NCCO)c43)c2=O)cc1,85.99999999999999,-1.934498451243568,1,train
COc1ccc(-n2cnc3c(sc4ncnc(NCC(F)(F)F)c43)c2=O)cc1,23.999999999999996,-1.380211241711606,0,train
CCCNc1ncnc2sc3c(=O)n(-c4ccc(OC)cc4)cnc3c12,19.0,-1.2787536009528289,1,train
CCN(C)c1ncnc2sc3c(=O)n(-c4ccc(OC)cc4)cnc3c12,3.0,-0.4771212547196624,1,train
CCNc1ncnc2sc3c(=O)n(-c4ccc(OC)cc4)cnc3c12,7.0,-0.8450980400142568,1,test
CNc1ncnc2sc3c(=O)n(-c4ccc(OC)cc4)cnc3c12,5.000000000000001,-0.6989700043360189,1,test
COc1ccc(-n2cnc3c(sc4ncnc(N(C)C)c43)c2=O)c(F)c1,7.0,-0.8450980400142568,0,train
COc1ccc(-n2cnc3c(sc4ncnc(N(C)C)c43)c2=O)cc1F,5.000000000000001,-0.6989700043360189,1,test
COc1ccc(-n2cnc3c(sc4ncnc(N(C)C)c43)c2=O)c(C)c1,15.000000000000004,-1.1760912590556811,1,train
COc1ccc(-n2cnc3c(sc4ncnc(N(C)C)c43)c2=O)cn1,20.000000000000004,-1.3010299956639813,1,train
CN(C)c1ncnc2sc3c(=O)n(-c4cccnc4)cnc3c12,204.0,-2.3096301674258988,1,train
CN(C)c1ncnc2sc3c(=O)n(C4CCCCC4)cnc3c12,7.0,-0.8450980400142568,1,train
CSc1ccc(-n2cnc3c(sc4ncnc(N(C)C)c43)c2=O)cc1,7.999999999999999,-0.9030899869919436,1,train
CN(C)c1ncnc2sc3c(=O)n(-c4ccc(C(F)(F)F)cc4)cnc3c12,16.0,-1.2041199826559248,1,train
CN(C)c1ncnc2sc3c(=O)n(-c4ccc(OC(F)(F)F)cc4)cnc3c12,13.999999999999998,-1.146128035678238,1,train
CN(C)c1ncnc2sc3c(=O)n(-c4ccc(F)cc4)cnc3c12,4.0,-0.6020599913279624,1,train
CN(C)c1ncnc2sc3c(=O)n(-c4ccc(Br)cc4)cnc3c12,1.0,-0.0,1,test
CN(C)c1ncnc2sc3c(=O)n(-c4ccc(Cl)cc4)cnc3c12,1.0,-0.0,1,train
Cc1ccc(-n2cnc3c(sc4ncnc(N(C)C)c43)c2=O)cc1,1.0,-0.0,1,test
COc1ccc(-n2cnc3c(sc4ncnc(N(C)C)c43)c2=O)cc1,2.0,-0.3010299956639812,1,train
C[C@@H]1C[C@H]1C(=O)Nc1snc(-c2ccc3nn(C)cc3c2)c1-c1cccc(C2CCCC2)n1,891.0000000000002,-2.949877704036875,1,train
CCCc1cccc(-c2c(-c3ccc4nn(C)cc4c3)nsc2NC(=O)[C@@H]2C[C@H]2C)n1,409.00000000000006,-2.611723308007342,0,train
C[C@@H]1C[C@H]1C(=O)Nc1snc(-c2ccc3nn(C)cc3c2)c1-c1cccc(N(C)C)n1,9540.000000000002,-3.979548374704095,1,train
COc1cccc(-c2c(-c3ccc4nn(C)cc4c3)nsc2NC(=O)[C@@H]2C[C@H]2C)n1,189.99999999999997,-2.278753600952829,0,train
C[C@@H]1C[C@H]1C(=O)Nc1snc(-c2ccc3nn(C)cc3c2)c1-c1cccc(C(F)F)n1,1020.0,-3.008600171761917,0,train
C[C@@H]1C[C@H]1C(=O)Nc1snc(-c2ccc3nn(C)cc3c2)c1-c1cccc(CF)n1,1300.0000000000005,-3.113943352306837,0,train
O=C(N1CCN(c2nccs2)CC1)C12CC3CC(CC(C3)C1)C2,630.4800000000001,-2.7996713144976764,0,train
C[C@@H]1CN(c2ccccn2)CCN1C(=O)C12CC3CC(CC(C3)C1)C2,161.58999999999995,-2.2084144809484814,0,train
C[C@@H]1CN(c2ncccc2C#N)CCN1C(=O)C12CC3CC(CC(C3)C1)C2,345.36999999999995,-2.53828461059014,0,train
C[C@@H]1CN(c2ccccn2)CCN1C(=O)C1CC2CCCC(C2)C1,166.4800000000001,-2.2213620672035708,0,train
C[C@@H]1CN(c2cccc(F)n2)CCN1C(=O)C12CC3CC(CC(C3)C1)C2,256.01999999999987,-2.4082738932429555,0,train
C[C@@H]1CN(C(=O)C23CC4CC(CC(C4)C2)C3)CCN1c1ccccc1C#N,2457.3550000000005,-3.390467901048328,0,train
C[C@@H]1CN(c2cnccn2)CCN1C(=O)C12CC3CC(CC(C3)C1)C2,1182.4500000000005,-3.072782785618565,1,train
C[C@@H]1CN(c2ccc(F)cn2)CCN1C(=O)C12CC3CC(CC(C3)C1)C2,415.435,-2.618503082633705,0,test
C[C@@H]1CN(c2ncccn2)CCN1C(=O)C12CC3CC(CC(C3)C1)C2,710.9749999999999,-2.8518543299098877,0,train
C[C@@H]1CN(c2ccncn2)CCN1C(=O)C12CC3CC(CC(C3)C1)C2,1324.1299999999997,-3.121930625217794,1,train
C[C@@H]1CN(c2ccccc2C#N)CCN1C(=O)C12CC3CC(CC(C3)C1)C2,263.515,-2.42080534149094,0,train
C[C@@H]1CN(c2ccncc2C#N)CCN1C(=O)C12CC3CC(CC(C3)C1)C2,398.055,-2.5999430834963726,0,test
C[C@@H]1CN(c2cccnc2)CCN1C(=O)C12CC3CC(CC(C3)C1)C2,599.28,-2.777629784062954,0,train
C[C@@H]1CN(c2ncccc2F)CCN1C(=O)C12CC3CC(CC(C3)C1)C2,709.9750000000003,-2.851243056390621,0,train
C[C@@H]1CN(c2cnccc2C#N)CCN1C(=O)C12CC3CC(CC(C3)C1)C2,1390.1899999999996,-3.1430741601911425,1,train
C[C@@H]1CN(c2cccnc2C#N)CCN1C(=O)C12CC3CC(CC(C3)C1)C2,99.0,-1.99563519459755,1,train
Fc1ccc(Nc2nc3c(s2)CCCC3)cc1,64000.00000000005,-4.806179973983888,0,train
O=C(N1CC2CCCC(C2)C1)N1C[C@@H]2CN(c3ccccn3)C[C@@H]2C1,1907.729999999999,-3.2805169092530027,0,train
O=C(N1CCC2(CCCCC2)CC1)N1C[C@@H]2CN(c3ccccn3)C[C@@H]2C1,363.54,-2.560552202880173,0,train
O=C(N1CCC2(CCCC2)CC1)N1C[C@@H]2CN(c3ccccn3)C[C@@H]2C1,772.6249999999998,-2.8879687565998817,0,train
O=C(N1C[C@@H]2CN(c3ccccn3)C[C@@H]2C1)N1CCC2(CCCC2)C1,296.06,-2.471379734803165,0,train
N#Cc1ncccc1N1C[C@H]2CN(C(=O)C34CC5CC(CC(C5)C3)C4)C[C@H]2C1,551.2700000000002,-2.741364358905962,0,test
N#Cc1ccncc1N1C[C@H]2CN(C(=O)C34CC5CC(CC(C5)C3)C4)C[C@H]2C1,832.3799999999999,-2.920321636659739,0,train
N#Cc1ccccc1N1C[C@H]2CN(C(=O)C34CC5CC(CC(C5)C3)C4)C[C@H]2C1,185.605,-2.2685896714688383,0,train
O=C(N1C[C@@H]2CN(c3ncccc3F)C[C@@H]2C1)C12CC3CC(CC(C3)C1)C2,1000.0,-3.0,1,train
O=C(N1C[C@@H]2CN(c3ccc(F)cn3)C[C@@H]2C1)C12CC3CC(CC(C3)C1)C2,478.3149999999998,-2.679714000598247,0,train
O=C(N1C[C@@H]2CN(c3cccc(F)n3)C[C@@H]2C1)C12CC3CC(CC(C3)C1)C2,93.16499999999998,-1.969252788301232,1,train
O=C(N1C[C@@H]2CN(c3cnccn3)C[C@@H]2C1)C12CC3CC(CC(C3)C1)C2,672.5400000000002,-2.827718119548295,0,test
O=C(CC12CC3CC(CC(C3)C1)C2)N1C[C@@H]2CN(c3ccccn3)C[C@@H]2C1,1437.7200000000005,-3.157674314214198,0,test
CC1(C(=O)N2C[C@@H]3CN(c4ccccn4)C[C@@H]3C2)CCCCC1,5134.304999999999,-3.710481664078813,0,train
O=C(N1C[C@@H]2CN(c3ccccn3)C[C@@H]2C1)C12CC3CC(CC(C3)C1)C2,85.05500000000002,-1.9296998489136996,1,train
Cc1ccncc1-c1nn(C)c2nc(OCc3ccccn3)cnc12,30500.000000000004,-4.484299839346786,0,train
C[C@@H]1CCCN1C(=O)c1nn(C)c2nc(OCc3ccccn3)ccc12,29800.000000000004,-4.474216264076255,0,train
CCN(CC)C(=O)c1nn(C)c2nc(OCc3ccccn3)ccc12,5870.0,-3.7686381012476144,0,train
CCN(CC)C(=O)c1nn(C)c2nc(OCc3cccc(C)n3)ccc12,14000.000000000004,-4.146128035678238,0,test
CCC(C)NC(=O)c1nn(C)c2nc(OCc3cccc(C)n3)ccc12,35700.00000000004,-4.552668216112194,0,train
COc1ccc(-n2cnc3c(-c4cccc(OC)c4)csc3c2=O)cc1,257.00000000000006,-2.4099331233312946,0,train
COc1ccc(-n2cnc3c(-c4ccccc4OC)csc3c2=O)cc1,747.0000000000003,-2.873320601815399,1,train
COc1ccc(-n2cnc3c(-c4cccc(C)c4)csc3c2=O)cc1,220.99999999999997,-2.3443922736851106,0,train
COc1ccc(-n2cnc3c(-c4ccccc4C)csc3c2=O)cc1,45.00000000000001,-1.6532125137753435,1,train
COc1ccc(-n2cnc3c(-c4ccccc4Cl)csc3c2=O)cc1,220.99999999999997,-2.3443922736851106,0,test
COc1ccc(-n2cnc3c(-c4ccccc4F)csc3c2=O)cc1,57.00000000000001,-1.7558748556724917,1,train
C=Cc1ccc(-n2cnc3c(-c4ccccc4)csc3c2=O)cc1,128.0,-2.1072099696478683,0,train
C=Cc1cccc(-n2cnc3c(-c4ccccc4)csc3c2=O)c1,74.00000000000001,-1.869231719730976,0,train
COc1ccc(-n2cnc3c(-c4ccccc4)csc3c2=O)cc1,49.99999999999999,-1.6989700043360187,1,train
Cc1ccc(-n2cnc3c(-c4ccccc4)csc3c2=O)cc1,111.99999999999996,-2.049218022670181,0,test
Cc1cccc(-n2cnc3c(-c4ccccc4)csc3c2=O)c1,184.0,-2.2648178230095364,0,train
Cc1ccccc1-n1cnc2c(-c3ccccc3)csc2c1=O,498.99999999999983,-2.6981005456233897,0,train
O=c1c2scc(-c3ccccc3)c2ncn1-c1ccccc1Cl,406.9999999999999,-2.60959440922522,0,test
O=c1c2scc(-c3ccccc3)c2ncn1-c1ccc(F)cc1,66.00000000000001,-1.8195439355418688,0,train
O=c1c2scc(-c3ccccc3)c2ncn1-c1cccc(F)c1,58.00000000000001,-1.7634279935629371,0,train
O=c1c2scc(-c3ccccc3)c2ncn1-c1ccccc1,135.99999999999997,-2.133538908370217,0,train
N#Cc1c(NCc2cccc(F)c2)sc2c1CCN(C(=O)c1ccc(F)cc1)C2,2379.9999999999995,-3.376576957056512,0,train
N#Cc1c(NCc2cccc(F)c2)sc2c1CCN(C(=O)c1ccccc1)C2,5309.999999999999,-3.725094521081469,0,train
N#Cc1c(NCc2ccc(F)cc2)sc2c1CCN(C(=O)c1ccccc1)C2,1810.0,-3.257678574869185,0,train
Cc1cccc(C(=O)N2CCc3c(sc(NCc4ccccc4)c3C#N)C2)c1,3139.999999999999,-3.496929648073215,0,test
Cc1ccc(C(=O)N2CCc3c(sc(NCc4ccccc4)c3C#N)C2)cc1,4719.999999999997,-3.673941998634088,0,train
N#Cc1c(NCc2ccccc2)sc2c1CCN(C(=O)c1cccc(F)c1)C2,2900.0,-3.462397997898956,0,test
N#Cc1c(NCc2ccccc2)sc2c1CCN(C(=O)c1cnccc1F)C2,1240.0000000000002,-3.093421685162235,0,train
N#Cc1c(NCc2ccccc2)sc2c1CCN(C(=O)c1ccc(F)cc1)C2,599.9999999999997,-2.7781512503836434,0,train
N#Cc1c(NCc2ccccc2)sc2c1CCN(C(=O)c1ccccc1)C2,2819.999999999999,-3.450249108319361,0,test
N#Cc1c(NCc2ccc(F)cc2)sc2c1CCN(C(=O)c1ccn[nH]1)C2,2030.0000000000005,-3.307496037913213,0,train
Cc1cc(C(=O)N2CCc3c(sc(NCc4ccc(F)cc4)c3C#N)C2)[nH]n1,2450.000000000001,-3.3891660843645326,0,train
N#Cc1c(NCc2ccccc2)sc2c1CCN(C(=O)c1ccn[nH]1)C2,1090.0000000000005,-3.037426497940624,0,train
Cc1cc(C(=O)N2CCc3c(sc(NCc4ccccc4)c3C#N)C2)[nH]n1,1420.000000000001,-3.1522883443830567,1,train
CC(C)c1cc(C(=O)N2CCc3c(sc(NCc4ccccc4)c3C#N)C2)[nH]n1,43199.99999999999,-4.635483746814912,1,test
CC(C)c1cc(C(=O)N2CCc3c(sc(NC(=O)c4ccc(Cl)cc4)c3C#N)C2)[nH]n1,12200.000000000004,-4.086359830674748,0,train
COc1cccc(CNc2sc3c(c2C#N)CCN(C(=O)c2ccc(F)cc2)C3)c1,3090.0,-3.4899584794248346,0,test
CC1(C)C2C(=O)N(c3ccc(NC(=O)c4ccccn4)cc3Cl)C(=O)C21,140.00000000000006,-2.146128035678238,0,train
Cc1ccoc1C(=O)Nc1ccc(N2C(=O)c3ccccc3C2=O)cc1,47.85999999999999,-1.6799726942774185,1,train
Cc1ccoc1C(=O)Nc1ccc(N2C(=O)c3cccc(C)c3C2=O)cc1,16.22,-1.2100508498751372,1,test
Cc1ccoc1C(=O)Nc1ccc(N2C(=O)c3cccc(Cl)c3C2=O)cc1,28.84,-1.4599952560473914,1,train
Cc1ccoc1C(=O)Nc1ccc(N2C(=O)c3cccc(F)c3C2=O)cc1,43.65,-1.6399842480415885,1,train
Cc1ccoc1C(=O)Nc1ccc(N2C(=O)c3ccccc3C2=O)c(F)c1,22.390000000000008,-1.3500540935790304,1,test
Cc1ccoc1C(=O)Nc1ccc(N2C(=O)c3cccc(C)c3C2=O)c(F)c1,26.3,-1.4199557484897578,0,train
Cc1ccoc1C(=O)Nc1ccc(N2C(=O)c3cccc(Cl)c3C2=O)c(F)c1,27.54,-1.4399639359209049,0,train
Cc1ccoc1C(=O)Nc1ccc(N2C(=O)c3cccc(F)c3C2=O)c(F)c1,34.67,-1.5399538416563967,0,train
Cc1cc(NC(=O)c2occc2C)ccc1N1C(=O)c2ccccc2C1=O,89.13,-1.9500239065233265,0,train
Cc1cc(NC(=O)c2occc2C)ccc1N1C(=O)c2cccc(C)c2C1=O,21.379999999999995,-1.330007700872759,0,train
Cc1cc(NC(=O)c2occc2C)ccc1N1C(=O)c2cccc(Cl)c2C1=O,48.98,-1.6900187807886953,0,train
Cc1cc(NC(=O)c2occc2C)ccc1N1C(=O)c2cccc(F)c2C1=O,48.98,-1.6900187807886953,0,test
Cc1ccoc1C(=O)Nc1ccc(N2C(=O)c3ccccc3C2=O)c(C(F)(F)F)c1,123.02999999999996,-2.090011024007147,0,test
Cc1ccoc1C(=O)Nc1ccc(N2C(=O)c3cccc(C)c3C2=O)c(C(F)(F)F)c1,537.0299999999999,-2.7299985472834227,0,train
Cc1ccoc1C(=O)Nc1ccc(N2C(=O)c3cccc(Cl)c3C2=O)c(C(F)(F)F)c1,104.71,-2.019988159591285,0,train
Cc1ccoc1C(=O)Nc1ccc(N2C(=O)c3cccc(F)c3C2=O)c(C(F)(F)F)c1,154.88000000000005,-2.1899953399643186,0,test
COc1cc(NC(=O)c2occc2C)ccc1N1C(=O)c2ccccc2C1=O,46.76999999999999,-1.669967369908504,0,train
COc1cc(NC(=O)c2occc2C)ccc1N1C(=O)c2cccc(C)c2C1=O,48.98,-1.6900187807886953,0,train
COc1cc(NC(=O)c2occc2C)ccc1N1C(=O)c2cccc(Cl)c2C1=O,18.2,-1.260071387985075,0,train
COc1cc(NC(=O)c2occc2C)ccc1N1C(=O)c2cccc(F)c2C1=O,144.53999999999994,-2.159988050381987,0,test
Cc1ccoc1C(=O)Nc1ccc(N2C(=O)c3ccccc3C2=O)nc1,389.0500000000002,-2.59000541965133,1,train
Cc1ccoc1C(=O)Nc1ccc(N2C(=O)c3cccc(C)c3C2=O)nc1,95.5,-1.9800033715837464,1,train
Cc1ccoc1C(=O)Nc1ccc(N2C(=O)c3cccc(Cl)c3C2=O)nc1,34.67,-1.5399538416563967,1,train
Cc1ccoc1C(=O)Nc1ccc(N2C(=O)c3cccc(F)c3C2=O)nc1,199.52999999999992,-2.300008202553813,1,train
Cc1ccoc1C(=O)Nc1cnc(N2C(=O)c3ccccc3C2=O)nc1,4677.349999999999,-3.6699998688140902,1,train
Cc1ccoc1C(=O)Nc1cnc(N2C(=O)c3cccc(C)c3C2=O)nc1,758.5799999999998,-2.880001388321769,1,train
Cc1ccoc1C(=O)Nc1cnc(N2C(=O)c3cccc(Cl)c3C2=O)nc1,208.93,-2.320000804264728,1,test
Cc1ccoc1C(=O)Nc1cnc(N2C(=O)c3cccc(F)c3C2=O)nc1,5370.32,-3.730000164674158,1,train
Cc1ccoc1C(=O)Nc1ccc(N2C(=O)c3ccccc3C2=O)c2ccccc12,20.42,-1.3100557377508917,0,train
Cc1ccoc1C(=O)Nc1ccc(N2C(=O)c3cccc(C)c3C2=O)c2ccccc12,15.850000000000003,-1.2000292665537704,0,train
Cc1ccoc1C(=O)Nc1ccc(N2C(=O)c3cccc(Cl)c3C2=O)c2ccccc12,22.390000000000008,-1.3500540935790304,0,train
Cc1ccoc1C(=O)Nc1ccc(N2C(=O)c3cccc(F)c3C2=O)c2ccccc12,19.500000000000004,-1.290034611362518,0,train
Cc1ccoc1C(=O)Nc1ccc(N2C(=O)c3ccccc3C2=O)cc1F,12.590000000000002,-1.1000257301078626,1,train
Cc1ccoc1C(=O)Nc1ccc(N2C(=O)c3ccccc3C2=O)cc1Cl,28.84,-1.4599952560473914,1,train
Cc1cc(N2C(=O)c3ccccc3C2=O)ccc1NC(=O)c1occc1C,15.14,-1.180125875164054,1,test
COc1cc(N2C(=O)c3ccccc3C2=O)ccc1NC(=O)c1occc1C,331.1299999999998,-2.519998529118847,1,train
OCCSc1nc2c(c(NC3Cc4ccccc4C3)n1)CCCC2,28.0,-1.4471580313422192,0,test
O=C1CN=C(c2cccs2)C=C2c3cccc(Cl)c3CCN12,27.000000000000004,-1.4313637641589874,1,train
O=C1CN=C(c2cccs2)C=C2c3cccc(C(F)(F)F)c3CCN12,150.00000000000003,-2.1760912590556813,0,train
COc1cccc2c1CCN1C(=O)CN=C(c3cccs3)C=C21,15.000000000000004,-1.1760912590556811,1,test
COc1cc(C2=NCC(=O)N3CCc4c(Cl)cccc4C3=C2)ccn1,3050.0000000000005,-3.484299839346786,0,train
COc1cccc2c1CCN1C(=O)CN=C(c3ccc(C)o3)C=C21,209.99999999999991,-2.322219294733919,1,train
CCc1cc(C2=NCC(=O)N3CCc4c(OC)cccc4C3=C2)ccn1,940.0000000000002,-2.9731278535996988,0,train
COc1cccc2c1CCN1C(=O)CN=C(c3ccn(C)n3)C=C21,689.9999999999999,-2.838849090737255,1,test
COCCOc1cccc(C2=NCC(=O)N3CCc4c(OC)cccc4C3=C2)c1,1300.0000000000005,-3.113943352306837,0,train
COc1cccc(C2=NCC(=O)N3CCc4c(ccc(Cl)c4OC)C3=C2)c1,530.0000000000001,-2.724275869600789,1,train
COc1cccc2c1CCN1C(=O)CN=C(c3cccc(C(F)(F)F)c3)C=C21,3500.0000000000005,-3.544068044350276,0,train
O=C1CN=C(c2cccs2)C=C2c3cccc(F)c3CCN12,800.0000000000003,-2.903089986991944,1,train
COc1cccc(C2=NCC(=O)N3CCc4c(Br)cccc4C3=C2)c1,2800.0000000000014,-3.4471580313422194,0,train
COc1cccc2c1CCN1C(=O)CN=C(c3ccnc(N(C)C)c3)C=C21,5199.999999999998,-3.716003343634799,0,train
O=C1CN=C(c2ccco2)C=C2c3cccc(-c4ccncc4)c3CCN12,4799.999999999999,-3.681241237375587,0,test
O=C1CN=C(c2cccs2)C=C2c3cccc(Br)c3CCN12,7.999999999999999,-0.9030899869919436,1,test
COc1cccc(C2=NCC(=O)N3CCc4c(I)cccc4C3=C2)c1,1400.0000000000005,-3.146128035678238,0,train
COc1cc(C2=NCC(=O)N3CCc4c(I)cccc4C3=C2)ccn1,1400.0000000000005,-3.146128035678238,0,train
O=C1CN=C(c2ccoc2)C=C2c3cccc(I)c3CCN12,93.0,-1.968482948553935,1,test
CC(C)n1cc(C2=NCC(=O)N3CCc4c(I)cccc4C3=C2)cn1,15.000000000000004,-1.1760912590556811,1,test
Cn1cnc(C2=NCC(=O)N3CCc4c(I)cccc4C3=C2)c1,6899.999999999998,-3.838849090737255,0,test
C#Cc1cccc2c1CCN1C(=O)CN=C(c3cccs3)C=C21,22.0,-1.3424226808222062,1,train
N#Cc1cccc2c1CCN1C(=O)CN=C(c3cccs3)C=C21,1600.000000000001,-3.204119982655925,1,train
CC(C)n1cc(C2=NCC(=O)N3CCc4c(cccc4-n4cccn4)C3=C2)cn1,3399.999999999998,-3.531478917042255,0,train
Cn1cc(C2=NCC(=O)N3CCc4c(CO)cccc4C3=C2)cn1,2199.9999999999995,-3.342422680822206,1,train
COC(C)c1cccc2c1CCN1C(=O)CN=C(c3ccn(C)n3)C=C21,3399.999999999998,-3.531478917042255,0,train
COc1cccc(C2=NCC(=O)N3CCc4c(C(C)=O)cccc4C3=C2)c1,2300.000000000001,-3.361727836017593,0,train
COc1cccc(C2=NCC(=O)N3CCc4c(cccc4C4CCCO4)C3=C2)c1,4499.999999999998,-3.653212513775344,1,train
COc1cccc2c1CCN1C(=O)CN=C(c3cccc(O)n3)C=C21,8900.0,-3.949390006644913,1,test
COc1cccc(C2=NCC(=O)N3CCc4c(ccc(OC)c4OC)C3=C2)c1,6500.000000000002,-3.812913356642856,1,train
COc1cccc2c1CCN1C(=O)CN=C(n3cnc(C(C)C)c3)C=C21,3099.9999999999995,-3.4913616938342726,0,test
Cc1cn(C2=NCC(=O)N3CCc4c(Cl)cccc4C3=C2)cn1,1600.000000000001,-3.204119982655925,0,train
O=C1CN=C(n2cnc(C(F)(F)F)c2)C=C2c3cccc(I)c3CCN12,3199.999999999999,-3.505149978319906,0,train
O=C1CN=C(n2cnc(CO)c2)C=C2c3cccc(I)c3CCN12,1500.0000000000005,-3.1760912590556813,0,train
Cc1cn(C2=NCC(=O)N3CCc4c(I)cccc4C3=C2)c(C)n1,1400.0000000000005,-3.146128035678238,0,test
COCc1cn(C2=NCC(=O)N3CCc4c(cccc4-c4ncc[nH]4)C3=C2)cn1,6399.999999999998,-3.806179973983887,1,train
CCc1cn(C2=NCC(=O)N3CCc4c(cccc4-c4ncco4)C3=C2)cn1,1199.9999999999995,-3.0791812460476247,0,train
CCc1cn(C2=NCC(=O)N3CCc4c(cccc4-c4ccco4)C3=C2)cn1,170.00000000000006,-2.230448921378274,1,train
COCCc1cn(C2=NCC(=O)N3CCc4c(cccc4-c4cscn4)C3=C2)cn1,4199.999999999999,-3.6232492903979,1,train
C=Cc1cccc2c1CCN1C(=O)CN=C(n3cnc(COC)c3)C=C21,1600.000000000001,-3.204119982655925,0,test
CCc1cn(C2=NCC(=O)N3CCc4c(cccc4-c4ccc(F)cc4)C3=C2)cn1,5900.000000000001,-3.770852011642144,1,train
Cc1ncc(-c2cccc3c2CCN2C(=O)CN=C(n4cnc(C5CC5)c4)C=C32)s1,3881.000000000001,-3.588943642740015,0,train
O=C1CN=C(n2cnc(C3CC3)c2)C=C2c3cccc(-c4cnccn4)c3CCN12,1953.0,-3.2907022432878543,0,test
O=C1CN=C(n2cnc(C3CC3)n2)C=C2c3cccc(-c4nccs4)c3CCN12,760.9999999999999,-2.8813846567705728,1,test
COCCc1cn(C2=NCC(=O)N3CCc4c(cccc4-c4nccs4)C3=C2)cn1,1052.9999999999998,-3.0224283711854865,0,train
CCOCc1cn(C2=NCC(=O)N3CCc4c(cccc4-c4nccs4)C3=C2)cn1,1856.9999999999995,-3.2688119037397803,1,train
O=C1CN=C(n2cnc(C3CC3)c2)C=C2c3cccc(-c4cnccc4F)c3CCN12,5860.000000000002,-3.767897616018091,1,train
CCc1cccc2c1CCN1C(=O)CN=C(n3cnc(C(C)C)c3)C=C21,650.0000000000002,-2.812913356642856,0,train
CCCc1cccc2c1CCN1C(=O)CNC(n3cnc(C)c3)C=C21,1500.0000000000005,-3.1760912590556813,0,train
COCc1cn(C2=NCC(=O)N3CCc4c(cccc4C4CCC4)C3=C2)cn1,220.0,-2.342422680822206,1,train
Cc1ncn(C2=NCC(=O)N3CCc4c(cccc4C4CCC4)C3=C2)n1,635.9999999999999,-2.803457115648414,1,train
COCc1ncn(C2=NCC(=O)N3CCc4c(cccc4C4CC4)C3=C2)n1,1500.0000000000005,-3.1760912590556813,1,test
Cc1ccc(-c2ccnc3c2CCN2C(=O)CN=C(n4cnc(C5CC5)c4)C=C32)cn1,10000.0,-4.0,0,train
COCc1cn(C2=NCC(=O)N3CCc4c(cccc4C4CC4)C3=C2)cn1,540.0000000000001,-2.7323937598229686,1,test
COCc1cn(C2=NCC(=O)N3CCc4c(ccc(F)c4C4CC4)C3=C2)cn1,288.99999999999994,-2.460897842756548,0,train
O=C1CN=C(n2cnc(C3CC3)c2)C=C2c3cccc(-c4cccnc4F)c3CCN12,5900.000000000001,-3.770852011642144,1,train
O=C1CN=C(n2cnc(C3CCC3)c2)C=C2c3cccc(-c4cccnc4F)c3CCN12,2399.9999999999995,-3.380211241711606,1,test
O=C1CN=C(n2cnc(C3CC3)c2)C=C2c3cccc(-c4cc[nH]n4)c3CCN12,8261.0,-3.9170326221623935,1,train
O=C1CN=C(n2cnc(C3CC3)c2)C=C2c3cccc(-c4cnc(F)nc4)c3CCN12,11992.999999999993,-4.078927833680719,1,train
O=C1CN=C(n2cnc(C3CC3)c2)C=C2c3cccc(-c4ccnc(F)c4)c3CCN12,18192.999999999985,-4.259904319515269,1,train
COCc1cn(C2=NCC(=O)N3CCc4c(C5CC5)ccc(F)c4C3=C2)cn1,687.0000000000001,-2.8369567370595505,0,test
CO[C@H](C)c1cn(C2=NCC(=O)N3CCc4c(C5CC5)ccc(F)c4C3=C2)cn1,3206.000000000001,-3.505963518018126,0,train
COCc1cn(C2=NCC(=O)N3CCc4c(cc(F)cc4C4CC4)C3=C2)cn1,560.9999999999997,-2.748962861256161,0,train
O=C1CN=C(n2cnc(C(F)F)c2)C=C2c3cccc(C4CC4)c3CCN12,701.9999999999998,-2.846337112129805,1,train
O=C1CN=C(n2cnc(CF)c2)C=C2c3cccc(C4CC4)c3CCN12,672.0000000000001,-2.8273692730538253,1,train
CO[C@H](C)c1cn(C2=NCC(=O)N3CCc4c(ccc(F)c4C4CC4)C3=C2)cn1,2079.0,-3.317854489331469,0,train
COCc1ncn(C2=NCC(=O)N3CCc4c(ccc(F)c4C4CC4)C3=C2)n1,813.9999999999999,-2.910624404889201,0,train
O=C1CN=C(n2cnc(C3CC3)c2)C=C2c3cccc(-c4ccno4)c3CCN12,559.9999999999998,-2.7481880270062,1,train
O=C1CN=C(n2cnc(C3CC3)c2)C=C2c3cccc(-c4ncco4)c3CCN12,1300.0000000000005,-3.113943352306837,0,train
Cc1cn(C2=NCC(=O)N3CCc4c(cccc4-c4cnccn4)C3=C2)cn1,7332.999999999998,-3.8652816849956095,1,train
Cc1nc(-c2cccc3c2CCN2C(=O)CN=C(n4cnc(C5CC5)c4)C=C32)co1,3300.0000000000005,-3.5185139398778875,0,train
Cc1nc(-c2cccc3c2CCN2C(=O)CN=C(n4cnc(C5CCC5)n4)C=C32)co1,1919.0,-3.2830749747354715,0,train
O=C1CN=C(n2cnc(C3CC3)c2)C=C2c3cccc(-c4cocn4)c3CCN12,1799.9999999999998,-3.255272505103306,0,train
CCc1cn(C2=NCC(=O)N3CCc4c(cccc4C4CCCO4)C3=C2)cn1,9300.000000000002,-3.9684829485539352,1,train
CCc1cn(C2=NCC(=O)N3CCc4c(cccc4C4(F)CCC4)C3=C2)cn1,2300.000000000001,-3.361727836017593,1,train
CC(=O)c1cccc2c1CCN1C(=O)CN=C(n3cnc(C4CCC4)c3)C=C21,660.0000000000001,-2.8195439355418688,0,train
C=C(C)c1cccc2c1CCN1C(=O)CN=C(n3cnc([C@H](C)OC)c3)C=C21,2599.999999999998,-3.4149733479708178,0,test
COCc1cn(C2=NCC(=O)N3CCc4c(C5=CCCC5)cccc4C3=C2)cn1,890.0,-2.949390006644913,1,train
C=C(C)c1cccc2c1CCN1C(=O)CN=C(n3cnc(COC)c3)C=C21,490.0000000000002,-2.690196080028514,0,train
O=C1CN=C(n2cnc(-c3ccno3)c2)C=C2c3cccc(C4CC4)c3CCN12,2341.9999999999995,-3.369586890736344,1,train
O=C1CN=C(n2cnc(C3CC3)n2)C=C2c3cccc(C4CC4)c3CCN12,225.99999999999991,-2.3541084391474008,1,train
COc1ncn(C2=NCC(=O)N3CCc4c(cccc4C4CC4)C3=C2)n1,511.0000000000001,-2.708420900134713,1,train
O=C1CN=C(n2cnc(C(F)(F)F)c2)C=C2c3cccc(C4CC4)c3CCN12,1644.000000000001,-3.215901813204032,0,train
CCC(=O)c1cccc2c1CCN1C(=O)CN=C(n3cnc(C4CCC4)c3)C=C21,3300.0000000000005,-3.5185139398778875,0,train
O=C1CN=C(n2cnc(CO)c2)C=C2c3cccc(C4CC4)c3CCN12,712.0000000000003,-2.852479993636857,1,train
O=C1CN=C(n2cnc(C3(O)CC3)c2)C=C2c3cccc(C4CC4)c3CCN12,1195.000000000001,-3.0773679052841567,0,train
O=C1CN=C(n2cnc(CCO)c2)C=C2c3cccc(C4CC4)c3CCN12,40.99999999999999,-1.6127838567197357,1,train
CC(O)c1cn(C2=NCC(=O)N3CCc4c(cccc4C4CC4)C3=C2)cn1,1500.0000000000005,-3.1760912590556813,1,train
O=C1CN=C(n2cnc(C(O)C3CC3)c2)C=C2c3cccc(C4CC4)c3CCN12,3311.999999999999,-3.5200903281128424,1,train
COC(=O)c1cccc2c1CCN1C(=O)CN=C(n3cnc(C4CC4)c3)C=C21,2068.0000000000005,-3.315550534421905,0,train
O=C1CN=C(n2cnc(C3CC3)c2)C=C2c3cccc(-n4nccn4)c3CCN12,1484.9999999999995,-3.171726453653231,0,test
Cc1cnc(-c2cccc3c2CCN2C(=O)CN=C(n4cnc(C5CC5)c4)C=C32)cn1,1102.9999999999998,-3.0425755124401905,1,train
O=C1CN=C(n2cnc(C3CC3)c2)C=C2c3cccc(-c4cncc(F)n4)c3CCN12,401.99999999999983,-2.60422605308447,1,train
O=c1c2scc(-c3ccccc3F)c2ncn1-c1ccc(Cl)cc1,30.0,-1.4771212547196624,0,train
Cc1ccc(-c2csc3c(=O)n(-c4ccc(Cl)cc4)cnc23)cc1,79.99999999999999,-1.9030899869919435,0,train
COc1ccc(-n2cnc3c(-c4ccc(C)cc4)csc3c2=O)cc1,660.9999999999999,-2.82020145948564,1,train
O=c1c2scc(-c3ccc4c(c3)OCO4)c2ncn1-c1ccc(Cl)cc1,447.00000000000017,-2.6503075231319366,0,train
COc1ccc(-n2cnc3c(-c4ccc5c(c4)OCO5)csc3c2=O)cc1,1987.0,-3.298197867109815,0,train
COc1ccc(-n2c(C)nc3c(-c4ccccc4)csc3c2=O)cc1,563.9999999999999,-2.751279103983342,1,train
