smiles,exp_mean [nM],y,cliff_mol,split
CCCCCCCCCOc1c(Br)cc(CNCCCP(=O)(O)O)cc1OC,1.4,-0.146128035678238,0,train
CCCCCCCCc1ccc(CCC(N)CCC(=O)O)cc1,710.0000000000003,-2.8512583487190755,0,train
CCCCCCCCc1ccc(CCC(N)COP(=O)(O)O)cc1,0.76,0.1191864077192086,1,train
CCCCCCCCc1ccc(CCC(N)CCS(=O)(=O)O)cc1,1700.000000000001,-3.230448921378274,1,train
CCCCCCCCc1ccc(CCC(N)C(O)CP(=O)(O)O)cc1,13.999999999999998,-1.146128035678238,1,train
CCCCCCCCc1ccc(CCC(N)(CO)CCP(=O)(O)O)cc1,7.35,-0.8662873390841949,0,train
CCCCCCCCCCCCC/C=C/[C@@H](O)[C@@H](N)COP(=O)(O)O,0.8133333333333334,0.089731428380933,0,train
CCCCCCCCc1ccc(CCC(N)CC(=O)O)cc1,1899.9999999999995,-3.278753600952829,1,test
CCCCCCCCCc1ccc(CNCC(O)CC(=O)O)cc1,13.999999999999998,-1.146128035678238,1,train
NC(CCCCCCCCCCc1ccccc1)CCP(=O)(O)O,15.000000000000004,-1.1760912590556811,0,train
CCCCCCCCCc1ccc(CNCCC(F)(F)C(=O)O)cc1,44.0,-1.6434526764861874,0,train
CCCCCCCc1ccc(CCCCNCCCP(=O)(O)O)cc1,360.0,-2.5563025007672877,1,train
CCCCCCCCCc1ccc(CNCCC(O)C(=O)O)cc1,22.0,-1.3424226808222062,1,train
O=P(O)(O)CCCNCCCCCCCCCCc1ccccc1,1.1,-0.041392685158225,0,train
CCCCCCCCCc1ccc(CNCC(F)CC(=O)O)cc1,40.99999999999999,-1.6127838567197357,1,train
CCCCCCCc1ccc(CCCNCCCP(=O)(O)O)cc1,5.3,-0.724275869600789,1,test
CCCCCCCCCc1ccc(CNCCCP(=O)(O)O)cc1,0.3333333333333333,0.4771212547196625,1,train
CCCCCCCCc1ccc(CCC(N)(CO)OP(=O)(O)O)cc1,0.2999999999999999,0.5228787452803376,0,test
CCCCCCCCc1ccc(CCNCCCP(=O)(O)O)cc1,6.3,-0.7993405494535817,1,train
CCCCCCCCCc1ccc(CNCCCC(=O)O)cc1,7.699999999999999,-0.8864907251724818,0,train
CCCCCCCCCc1ccc(CNCCCP(C)(=O)O)cc1,2.0,-0.3010299956639812,1,train
CCCCCCCCCc1ccc(CNCCCP(O)O)cc1,12.000000000000002,-1.0791812460476249,0,train
CCCCCCCCOc1c(Cl)cc(CNCCCP(=O)(O)O)cc1Cl,0.6,0.2218487496163563,0,test
CCCCCCCCc1ccc(CNCCCP(=O)(O)O)cc1,0.4,0.3979400086720376,1,train
CCCCCCCn1nnc(-c2ccc(CNCCCP(=O)(O)O)cc2)n1,0.5,0.3010299956639812,0,train
CCCCCCOc1c(Br)cc(CNCCCP(=O)(O)O)cc1OC,7.3,-0.8633228601204559,0,train
CCCCCCCCOc1ccc(CNCCCP(=O)(O)O)cc1,1.5,-0.1760912590556812,1,test
CCCCCCCCOc1ccc(CNCCCP(=O)(O)O)cc1Cl,0.2999999999999999,0.5228787452803376,0,train
CCCCCCCCOc1c(Cl)cc(CNCCCP(=O)(O)O)cc1OC,2.4,-0.380211241711606,0,test
CCCCCCCCOc1c(Br)cc(CNCCCP(=O)(O)O)cc1OC,4.1,-0.6127838567197355,0,train
CCCCCCCCOc1c(Br)cc(CNCCCP(=O)(O)O)cc1Br,1.3,-0.1139433523068367,0,train
CCCCCCCOc1c(Br)cc(CNCCCP(=O)(O)O)cc1OC,12.999999999999998,-1.1139433523068367,0,train
CCCCCCCCCOc1ccc(CNCCCP(=O)(O)O)cc1,0.2999999999999999,0.5228787452803376,1,train
CCCCCCCCOc1c(C)cc(CNCCCP(=O)(O)O)cc1C,0.4,0.3979400086720376,0,test
CCCCCCCCC(=O)c1ccc(CNCCCP(=O)(O)O)cc1,0.9,0.0457574905606751,1,train
CCCCCCCCOc1ccc(CNCCCP(=O)(O)O)cc1O,13.999999999999998,-1.146128035678238,0,train
CCCCCCc1ccc(-c2ccc(CNCCCP(=O)(O)O)cc2)cc1,0.9,0.0457574905606751,0,test
CCCCCCCCOc1ccc(CNCCCP(=O)(O)O)cc1Br,0.4,0.3979400086720376,0,train
CCCCCCCCOc1c(C)cc(CNCCCP(=O)(O)O)cc1OC,2.3,-0.3617278360175928,0,test
CCCCCCCc1nc(-c2ccc(CNCCCP(=O)(O)O)cc2)no1,0.5,0.3010299956639812,0,train
CCCCCCCCC(O)c1ccc(CNCCCP(=O)(O)O)cc1,32.00000000000001,-1.505149978319906,1,train
CCCCCCCOC(=O)c1ccc(CNCCCP(=O)(O)O)cc1,2.3,-0.3617278360175928,1,test
CCCCCCCCOc1ccc(CNCCCP(=O)(O)O)cc1F,0.7,0.1549019599857432,0,train
CCCCCCCCOc1ccc(CNCCCP(=O)(O)O)cc1C,0.5,0.3010299956639812,0,train
CCCCCCCCOc1ccc(CNCCCP(=O)(O)O)cc1OCC,2.5,-0.3979400086720376,0,train
CCCCCCCCOc1ccc(CNCCCP(=O)(O)O)cc1OC,1.9,-0.2787536009528289,0,train
CCCCCCCCCCCCCCN1CCCC1CCP(=O)(O)O,89.0,-1.9493900066449128,1,train
CCCCCCCCCCCCCCN1CCC(C(O)P(=O)(O)O)C1,49.99999999999999,-1.6989700043360187,0,test
CCCCCCCCCCCCCCN1CCC(O)(P(=O)(O)O)C1,48.99999999999999,-1.6901960800285136,0,train
CCCCCCCCCCCCCCN1CCC(O)(P(C)(=O)O)CC1,220.0,-2.342422680822206,0,train
CCCCCCCCCCCCCC1CCCC(CCP(C)(=O)O)N1,10.45,-1.0191162904470727,0,train
CCCCCCCCCCCCCC[C@H]1CC[C@H](CCP(=O)(O)O)N1,6.9,-0.8388490907372553,0,train
CCCCCCCCCCCCCCNC1CCCCC1CP(=O)(O)O,259.9999999999999,-2.4149733479708178,0,train
CCCCCCCCCCCCCCNC1CCC(P(=O)(O)O)C1,360.0,-2.5563025007672877,0,train
CCCCCCCCCc1ccc(C2CCC(CCP(=O)(O)O)N2)cc1,0.13,0.8860566476931632,0,train
CCCCCCCCCc1ccc(CN[C@H]2CCC[C@H](P(=O)(O)O)C2)cc1,0.16,0.7958800173440752,0,test
CCCCCCCCCc1ccc(CN2CCC(P(=O)(O)O)C2)cc1,3.6150000000000007,-0.5581083016305497,0,train
CCCCCCCCCCCCCCC1CC(O)(P(C)(=O)O)CCN1,259.9999999999999,-2.4149733479708178,0,test
CCCCCCCCc1ccc(CCC(N)(CO)CO[PH](O)(O)O)cc1,0.2799999999999999,0.5528419686577808,0,train
CCCCCCCCCCCCCCN(C)CCCP(=O)(O)O,16.0,-1.2041199826559248,0,train
CCCCCCCCCCCCCCC1CCCN1CCCP(=O)(O)O,1099.9999999999998,-3.041392685158225,1,train
CCCCCCCCCCCCCC1CCCCN1CCCP(=O)(O)O,200.00000000000003,-2.3010299956639813,0,train
CC(C)(C)c1ccc(-c2nnc(-c3ccc(CN4CC(C(=O)O)C4)cc3)o2)cc1,100.0,-2.0,1,test
CC(C)(C)c1ccc(-c2noc(-c3ccc(CN4CC(C(=O)O)C4)cc3)n2)cc1,8.200000000000001,-0.9138138523837168,1,train
CC(C)(C)c1ccc(-c2nc(-c3ccc(CN4CC(C(=O)O)C4)cc3)no2)cc1,3.8,-0.5797835966168101,1,train
CCC(C)(C)c1ccc(-c2nc(-c3ccc(CN4CC(C(=O)O)C4)cc3)no2)cc1,1.3,-0.1139433523068367,1,train
CCCc1ccc(-c2nc(-c3ccc(CN4CC(C(=O)O)C4)cc3)no2)cc1,1.3,-0.1139433523068367,1,train
CCCCc1ccc(-c2nc(-c3ccc(CN4CC(C(=O)O)C4)cc3)no2)cc1,2.9,-0.4623979978989561,0,train
CCCCCCc1ccc(-c2nc(-c3ccc(CN4CC(C(=O)O)C4)cc3)no2)cc1,29.0,-1.462397997898956,1,train
CC(C)Cc1ccc(-c2nc(-c3ccc(CN4CC(C(=O)O)C4)cc3)no2)cc1,0.6,0.2218487496163563,1,test
CC(C)(C)Cc1ccc(-c2nc(-c3ccc(CN4CC(C(=O)O)C4)cc3)no2)cc1,3.8,-0.5797835966168101,1,train
CCOc1ccc(-c2nc(-c3ccc(CN4CC(C(=O)O)C4)cc3)no2)cc1,5.1000000000000005,-0.7075701760979364,0,test
CC(C)Oc1ccc(-c2nc(-c3ccc(CN4CC(C(=O)O)C4)cc3)no2)cc1,1.8,-0.255272505103306,1,test
O=C(O)C1CN(Cc2ccc(-c3noc(-c4ccc(C5CC5)cc4)n3)cc2)C1,4.500000000000001,-0.6532125137753437,0,test
O=C(O)C1CN(Cc2ccc(-c3noc(-c4ccc(C5CCC5)cc4)n3)cc2)C1,2.2,-0.3424226808222063,0,train
O=C(O)C1CN(Cc2ccc(-c3noc(-c4ccc(C5CCCC5)cc4)n3)cc2)C1,0.4,0.3979400086720376,0,train
O=C(O)C1CN(Cc2ccc(-c3noc(-c4ccc(C5CCCCC5)cc4)n3)cc2)C1,1.4,-0.146128035678238,0,train
O=C(O)C1CN(Cc2ccc(-c3noc(-c4ccc(-c5ccccc5)cc4)n3)cc2)C1,1.7,-0.2304489213782739,0,train
O=C(O)C1CN(Cc2ccc(-c3noc(-c4ccc(CCC(F)(F)F)cc4)n3)cc2)C1,0.4,0.3979400086720376,0,train
CC(C)(C)c1ccc(-c2nnc(-c3ccccc3N)o2)cc1,27.000000000000004,-1.4313637641589874,0,train
O=C(O)C[C@@H]1CC[C@H](c2ccc(-c3noc(-c4ccc(C5CCCCC5)cc4)n3)cc2)N1,0.7,0.1549019599857432,0,train
O=C(O)C[C@@H]1CC[C@H](c2ccc(-c3noc(-c4ccc(C5CCCC5)cc4F)n3)cc2)N1,2.7,-0.4313637641589873,0,train
O=C(O)C[C@@H]1CC[C@H](c2ccc(-c3noc(-c4ccc(C5CCCC5)c(F)c4)n3)cc2)N1,2.0,-0.3010299956639812,0,train
O=C(O)C1CN(Cc2ccc(OCc3cc(-c4ccccc4)c(C(F)(F)F)s3)cc2)C1,1.2,-0.0791812460476248,1,train
CC(C)Cc1ccc(-c2nc(COc3ccc(CN4CC(C(=O)O)C4)cc3)no2)cc1,0.6,0.2218487496163563,1,train
O=C(O)C[C@@H]1CN[C@@H](c2ccc(-c3noc(-c4ccc(C5CCC(F)(F)CC5)cc4)n3)cc2)C1,2.0,-0.3010299956639812,0,train
O=C(O)C[C@@H]1CN[C@@H](c2ccc(-c3noc(-c4ccc([C@@H]5CCC(F)(F)C5)cc4)n3)cc2)C1,1.0,-0.0,0,train
O=C(O)C[C@@H]1CN[C@@H](c2ccc(-c3noc(-c4ccc(CCC(F)(F)F)cc4)n3)cc2)C1,5.500000000000001,-0.7403626894942439,0,train
O=C(O)C[C@@H]1CN[C@@H](c2ccc(-c3noc(-c4ccc(C5CCCCC5)cc4)n3)cc2)C1,1.4,-0.146128035678238,0,train
O=C(O)C[C@@H]1CN[C@@H](c2ccc(-c3noc(-c4ccc(C5CCCC5)cc4)n3)cc2)C1,1.0,-0.0,0,train
O=C(O)CC1CNC(c2ccc(OCc3cc(-c4ccccc4)c(C(F)(F)F)s3)cc2)C1,2.2,-0.3424226808222063,1,train
O=C(O)C1CNC(c2ccc(OCc3cc(-c4ccccc4)c(C(F)(F)F)s3)cc2)C1,25.000000000000007,-1.3979400086720375,1,train
CCCCCCCCCCCCCCCCOc1ccc(/C(=N/NS(=O)(=O)c2cc(C(=O)O)cc(C(=O)O)c2)N2CCCCC2)cc1OC,6180.0,-3.790988475088816,0,train
FC(F)(F)c1cccc(-c2noc(-c3cc(-c4ccccc4)c(C(F)(F)F)s3)n2)c1,37.0,-1.568201724066995,0,train
FC(F)(F)c1sc(-c2nc(-c3ccc(Cl)cc3Cl)no2)cc1-c1ccccc1,77.99999999999999,-1.8920946026904804,0,test
FC(F)(F)c1sc(-c2nc(-c3ccccc3)no2)cc1-c1ccccc1,25.000000000000007,-1.3979400086720375,0,train
CCCCCCCCCc1ccc(CN2CC(C(=O)O)C2)cc1,17.999999999999996,-1.255272505103306,1,train
CCCCCCCCCc1ccc(CN2CCC(C(=O)O)C2)cc1,20.000000000000004,-1.3010299956639813,1,train
O=C(O)C1CN(Cc2cc(Cl)c(OCc3cc(-c4ccccc4)c(C(F)(F)F)s3)c(Cl)c2)C1,7.500000000000001,-0.8750612633917001,0,train
Cc1cc(CN2CC(C(=O)O)C2)cc(C)c1OCc1cc(-c2ccccc2)c(C(F)(F)F)s1,4.0,-0.6020599913279624,0,train
COc1cc(CN2CC(C(=O)O)C2)ccc1OCc1cc(-c2ccccc2)c(C(F)(F)F)s1,33.0,-1.5185139398778875,1,train
CCc1cc(CN2CC(C(=O)O)C2)ccc1OCc1cc(-c2ccccc2)c(C(F)(F)F)s1,3.5000000000000004,-0.5440680443502757,0,train
Cc1cc(CN2CC(C(=O)O)C2)ccc1OCc1cc(-c2ccccc2)c(C(F)(F)F)s1,1.8,-0.255272505103306,1,test
O=C(O)C1CN(Cc2ccc(OCc3cc(-c4ccccc4)c(C(F)(F)F)s3)c(F)c2)C1,2.7,-0.4313637641589873,0,train
O=C(O)C1CN(Cc2ccc(OCc3cc(-c4ccccc4)c(C(F)(F)F)s3)c(Cl)c2)C1,3.2000000000000006,-0.505149978319906,0,train
O=C(O)C1CN(Cc2ccc(OCc3cc(-c4ccccc4)c(C(F)(F)F)s3)c(Br)c2)C1,12.999999999999998,-1.1139433523068367,1,train
O=C(O)C1CN(Cc2ccc(OCc3cc(-c4ccccc4)c(C(F)(F)F)s3)c(C(F)(F)F)c2)C1,7.699999999999999,-0.8864907251724818,0,train
O=C(O)C1CCN(Cc2ccc(OCc3cc(-c4ccccc4)c(C(F)(F)F)s3)cc2)C1,4.3,-0.6334684555795865,0,test
O=C(O)C1CN(Cc2ccc(-c3noc(-c4cc(-c5ccccc5)c(C(F)(F)F)s4)n3)cc2)C1,8.3,-0.919078092376074,0,train
CCCCOc1ccc(Sc2ccc(-c3ccccc3C(O)C#CCCCCCCCCCCO)cc2S(=O)(=O)O)cc1,79.99999999999999,-1.9030899869919435,0,test
C[C@](N)(COP(=O)(O)O)C(=O)Nc1ccc(Oc2ccc(-c3ccccc3)cc2)cc1,186.00000000000009,-2.2695129442179165,1,train
C[C@](N)(COP(=O)(O)O)C(=O)Nc1ccc(OCCc2cccc3ccccc23)cc1,220.0,-2.342422680822206,0,train
C[C@](N)(COP(=O)(O)O)C(=O)Nc1ccc(OCCc2ccc(-c3ccccc3)cc2)cc1,1.05,-0.021189299069938,1,test
Cc1ccccc1-c1ccc(CCOc2ccc(NC(=O)[C@@](C)(N)COP(=O)(O)O)cc2)cc1,0.78,0.1079053973095195,0,train
C[C@](N)(COP(=O)(O)O)C(=O)Nc1ccc(OCCc2ccc(-c3ccccc3Cl)cc2)cc1,0.84,0.0757207139381183,1,train
C[C@](N)(COP(=O)(O)O)C(=O)Nc1ccc(OCCc2ccc(-c3ccccc3C#N)cc2)cc1,12.000000000000002,-1.0791812460476249,1,train
C[C@](N)(COP(=O)(O)O)C(=O)Nc1ccc(OCCc2cccc(-c3ccccc3)c2)cc1,2000.0,-3.3010299956639813,1,train
C[C@](N)(COP(=O)(O)O)C(=O)Nc1ccc(OCCc2ccc(-c3cccs3)cc2)cc1,21.0,-1.3222192947339193,1,train
C[C@](N)(COP(=O)(O)O)C(=O)Nc1ccc(OCCCCc2ccccc2)cc1,2.1,-0.3222192947339193,1,test
C[C@](N)(COP(=O)(O)O)C(=O)Nc1ccc(OCCCCCc2ccccc2)cc1,0.21,0.6777807052660807,0,train
COc1ccc(CCCCOc2ccc(NC(=O)[C@@](C)(N)COP(=O)(O)O)cc2)cc1,4.75,-0.6766936096248666,0,train
C[C@](N)(COP(=O)(O)O)C(=O)Nc1ccc(OCCCCc2cccs2)cc1,30.0,-1.4771212547196624,1,train
C[C@](N)(COP(=O)(O)O)C(=O)Nc1ccc(OCCCCC2CCCCC2)cc1,1.2,-0.0791812460476248,1,train
C[C@](N)(COP(=O)(O)O)C(=O)Nc1ccc(OCc2ccc(-c3ccccc3)cc2)cc1,2.5,-0.3979400086720376,1,train
C[C@](N)(COP(=O)(O)O)C(=O)Nc1ccc(OCCCc2ccc(-c3ccccc3)cc2)cc1,0.9,0.0457574905606751,1,train
C[C@](N)(COP(=O)(O)O)C(=O)Nc1ccc(OCCCCc2ccc(-c3ccccc3)cc2)cc1,6.9,-0.8388490907372553,1,test
C[C@](N)(COP(=O)(O)O)c1nc(-c2ccc(OCCc3ccc(-c4ccccc4)cc3)cc2)c[nH]1,7.699999999999999,-0.8864907251724818,0,train
C[C@](N)(COP(=O)(O)O)c1nc(-c2ccc(OCc3ccc(-c4ccccc4)cc3)cc2)c[nH]1,1.03,-0.0128372247051722,0,train
C[C@](N)(COP(=O)(O)O)c1nc(-c2ccc(OCCCCc3ccccc3)cc2)c[nH]1,0.9,0.0457574905606751,0,train
C[C@](N)(COP(=O)(O)O)c1nc(-c2ccc(OCCCCCc3ccccc3)cc2)c[nH]1,0.2,0.6989700043360187,0,test
CCCCCCCCOc1ccc(NC(=O)[C@@](C)(N)COP(=O)(O)O)cc1,0.73,0.1366771398795441,0,train
CCCCCCCCOc1ccc(NC(=O)[C@@](C)(N)COP(=O)(O)O)cc1F,0.14,0.8538719643217619,0,train
CCCCCCCCOc1ccc(NC(=O)[C@@](C)(N)COP(=O)(O)O)c(F)c1,0.35,0.4559319556497244,0,test
CCCCCCCCOc1ccc(-c2c[nH]c([C@@](C)(N)COP(=O)(O)O)n2)cc1,0.26,0.585026652029182,0,train
CCCCCCCCOc1ccc(-c2c[nH]c([C@@](C)(N)COP(=O)(O)O)n2)cc1F,0.35,0.4559319556497244,0,train
C[C@](N)(COP(=O)(O)O)C(=O)Nc1ccc(C(=O)CCc2ccc(-c3ccccc3)cc2)cc1,4.140000000000001,-0.617000341120899,1,train
COC(=O)c1cc(NC(=O)[C@@](C)(N)COP(=O)(O)O)ccc1OCCc1ccc(-c2ccccc2)cc1,21.0,-1.3222192947339193,1,train
C[C@](N)(COP(=O)(O)O)C(=O)Nc1ccc(OCCc2ccc(-c3ccccc3)cc2)c(C(N)=O)c1,150.00000000000003,-2.1760912590556813,1,train
CNC(=O)c1cc(NC(=O)[C@@](C)(N)COP(=O)(O)O)ccc1OCCc1ccc(-c2ccccc2)cc1,500.0,-2.6989700043360187,1,test
C[C@](N)(COP(=O)(O)O)C(=O)Nc1ccc(OCCc2ccc(-c3ccccc3)cc2)c(C#N)c1,3.4,-0.5314789170422551,1,train
C[C@](N)(COP(=O)(O)O)C(=O)Nc1ccc(OCCc2ccc(-c3ccccc3)cc2)c(Cl)c1,0.8,0.0969100130080563,1,train
C[C@](N)(COP(=O)(O)O)C(=O)Nc1ccc(OCCc2ccc(-c3ccccc3)cc2)c(Br)c1,1.3,-0.1139433523068367,1,train
Cc1cc(NC(=O)[C@@](C)(N)COP(=O)(O)O)ccc1OCCc1ccc(-c2ccccc2)cc1,6.0,-0.7781512503836436,1,train
C[C@](N)(COP(=O)(O)O)C(=O)Nc1ccc(OCCc2ccc(-c3ccccc3)cc2)c(C(F)(F)F)c1,0.24,0.619788758288394,1,train
C[C@](N)(COP(=O)(O)O)C(=O)Nc1ccc(OCCc2ccc(-c3ccccc3)cc2)cc1C(F)(F)F,6.4,-0.8061799739838872,0,train
C[C@](N)(COP(=O)(O)O)c1nc(-c2ccc(OCCc3ccc(-c4ccccc4)cc3)c(C(F)(F)F)c2)c[nH]1,9.4,-0.9731278535996988,0,test
C[C@](N)(COP(=O)(O)O)c1nc(-c2ccc(OCc3ccc(-c4ccccc4)cc3)c(C(F)(F)F)c2)c[nH]1,0.23,0.638272163982407,1,train
Cc1ccc(S(=O)(=O)Nc2cccc3cccnc23)cc1,1418.0000000000005,-3.151676230847048,0,test
CC1(C)C[C@H]2C=C(C=O)[C@]3(C=O)C[C@]3(C)[C@H]2C1,4962.000000000002,-3.6956567599361914,0,train
CCCS(=O)(=O)c1nnnn1-c1cccc(OC)c1,20059.999999999996,-4.302330928684399,0,train
CC(=O)Cn1ncc(Br)c(Br)c1=O,16629.999999999985,-4.220892249219519,0,train
O=C1c2cccc3c([N+](=O)[O-])ccc(c23)C(=O)N1c1ccccn1,2285.000000000001,-3.358886204405869,0,train
Cc1ccnc(N2C(=O)c3cccc4c([N+](=O)[O-])ccc(c34)C2=O)c1,3429.0,-3.535167485114944,0,train
Cc1c(/C=N/Nc2nc3ccccc3[nH]2)c2ccccc2n1C,6777.999999999998,-3.8311015645013593,0,train
COc1ccc([N+](=O)[O-])c(S(=O)(=O)c2ccc(Cl)cc2)n1,4732.000000000001,-3.675044735955893,0,train
CN[C@H]1C[C@H]2O[C@@](C)([C@H]1OC)n1c3ccccc3c3c4c(c5c6ccccc6n2c5c31)C(=O)NC4,662.0000000000002,-2.8208579894397,0,train
Cc1ccc(C)c(C(=O)Cn2ncc(Cl)c(Cl)c2=O)c1,12109.999999999993,-4.083144143143052,0,train
CC1=CC2/C=C(\C)CCC(O)C(O)/C=C/C(=O)C23C(=O)NC(CC(C)C)C3C1C,17620.00000000001,-4.246005904076029,0,train
O=c1c(Cl)c(Cl)cnn1-c1ccccc1,8705.999999999998,-3.9398186628213794,0,train
CN(CCC#N)C(=O)COC(=O)c1ccccc1C(=O)c1ccc(Cl)c([N+](=O)[O-])c1,9724.999999999996,-3.987889609997745,0,test
O=S1(=O)C=C(Sc2nc3ccccc3s2)c2ccccc21,12570.0,-4.099335277685958,0,train
Cc1oc2c(c1C(=O)NCc1cccnc1)C(=O)c1ccccc1C2=O,3654.999999999998,-3.562887381293879,0,train
CCOC(=O)c1ccc(NC(=O)Cn2ncc(Cl)c(Cl)c2=O)cc1,9766.0,-3.9897167199481047,0,train
COC(=O)C[C@]1(C(=O)OC)CN(C#N)N(c2ccc(Cl)cc2)C12c1ccccc1-c1ccccc12,5390.000000000001,-3.7315887651867383,0,train
CC(=O)N(C1=C(Cl)C(=O)c2ccccc2C1=O)C1CCCCC1,9504.000000000004,-3.977906427637119,0,train
Cc1ccc(NC(=O)C2=C(c3ccccc3)S(=O)(=O)CCS2(=O)=O)cc1,68799.99999999999,-4.837588438235511,0,test
Cc1ccccc1CS(=O)(=O)c1nnc([C@H](CC(C)C)NC(=O)OC(C)(C)C)o1,38920.00000000001,-4.590172831596314,0,test
O=C1C(Nc2ccc(O)cc2)=C/C(=N/S(=O)(=O)c2cccs2)c2ccccc21,4232.000000000001,-3.6265456590271294,0,train
CCOc1cc(/C=C\[N+](=O)[O-])ccc1OCC(=O)Nc1ccccc1C,18829.99999999999,-4.2748503200166645,0,test
O=C(NCc1cccnc1)/C(=C\c1ccc(-c2ccc(Cl)c(Cl)c2)o1)S(=O)(=O)c1ccccc1,8814.000000000004,-3.9451730461739,0,train
CC(=O)n1cc(N(C(=O)CCl)c2ccc(C)cc2)c2ccccc21,14520.000000000002,-4.161966616364075,0,train
O=C(Nc1ccc(N2CCN(C(=O)c3ccccc3)CC2)cc1)c1ccc([N+](=O)[O-])o1,12700.000000000013,-4.103803720955957,0,train
O=C(Nc1ccccc1Cl)/C(Cl)=C(\Cl)[S+](O)c1ccccc1,10269.999999999993,-4.011570443597278,0,train
O=C(Cn1ncc(Cl)c(Cl)c1=O)N1CCN(Cc2ccccc2)CC1,9926.999999999996,-3.9968180218795153,0,train
CN(c1ccccc1)c1ccc(/C=C/[N+](=O)[O-])cc1,16109.999999999984,-4.207095540419218,0,train
CCOC(=O)COc1ccccc1/C=C\[N+](=O)[O-],3416.9999999999995,-3.5336449787987627,0,test
Cc1ccc(C(=O)OCn2ncc(Cl)c(Cl)c2=O)cc1,10610.000000000004,-4.025715383901341,0,train
O=C(Nc1ccccc1)c1nnsc1S(=O)(=O)c1ccc(Cl)cc1,23410.000000000004,-4.369401413696624,0,train
COc1ccc([N+](=O)[O-])c(S(=O)(=O)c2ccccc2)n1,7194.999999999999,-3.857030798272624,0,train
O=C(Cn1ncc(Cl)c(Cl)c1=O)N1CCN(S(=O)(=O)c2ccc3ccccc3c2)CC1,8585.999999999998,-3.93379088414342,0,train
O=C(OCn1ncc(Br)c(Br)c1=O)c1ccccc1Cl,15260.000000000013,-4.183554533618862,0,train
COC(=O)C1CN(C#N)N(c2ccc(Cl)cc2)C12c1ccccc1-c1ccccc12,5763.000000000002,-3.760648619581356,0,train
CCc1ccccc1NC(=O)CN(C)C(=O)Cn1ncc(Cl)c(Cl)c1=O,13639.999999999998,-4.13481437032046,0,train
C=CCn1c(O)nnc1Sc1ncc([N+](=O)[O-])s1,18090.000000000004,-4.257438566859814,0,test
COc1ccc(NC(=O)/C(Cl)=C(/Cl)[S+](O)Cc2ccc(C)cc2)cn1,4455.0,-3.6488477083728936,0,train
CCOC(=O)C(=Cc1ccc(Br)cc1)C(=O)OCC,9767.999999999996,-3.989805650936826,0,train
O=C(OCn1ncc(Br)c(Br)c1=O)c1c(F)cccc1F,7959.000000000002,-3.900858504701992,0,train
COc1ccc(Oc2cc(NC(=O)c3nn(C)cc3[N+](=O)[O-])cc([N+](=O)[O-])c2)cc1,17359.999999999993,-4.239549720840473,0,train
Cc1ccc(-c2nc(NC(=O)c3nn(C)cc3[N+](=O)[O-])sc2C)cc1,20990.000000000007,-4.322012438582401,0,train
COC(=O)CCS(=O)(=O)c1nc(-c2ccccc2)cc(C(F)(F)F)n1,28400.00000000002,-4.453318340047038,0,train
CC(C)(C)c1ccc(-n2nc(C#N)c(Cl)cc2=O)cc1,9035.0,-3.955928156896951,0,train
CC(=O)n1cc(N(C(=O)CCl)c2ccc(Cl)cc2)c2ccccc21,7322.000000000001,-3.864629724545512,0,train
O=C1C=C(c2ccc(Cl)cc2)C(=O)N1Nc1ccccc1,13600.000000000013,-4.133538908370218,0,train
CC(C)c1nnc(NC(=O)CCS(=O)(=O)c2nc(-c3cccs3)cc(C(F)(F)F)n2)s1,13530.000000000016,-4.131297796597623,0,train
O=C(/C=C/c1ccccc1)CC(O)(c1ccccc1)C(F)(F)F,25880.00000000002,-4.412964271996663,0,train
COc1ccc(OC)c2c1C(=O)C(Cl)=C(Cl)C2=O,16820.0,-4.225825991461893,0,train
O=S(=O)(c1ccc(Cl)c(Cl)c1)c1snnc1-c1ccccc1,4286.999999999999,-3.6321534835106326,0,train
Cc1ccc(-c2nc(NC(=O)c3nn(C)cc3[N+](=O)[O-])sc2C)cc1C,18100.0,-4.2576785748691846,0,train
COc1ccc(NC(=O)/C(Cl)=C(/Cl)S(=O)(=O)Cc2ccccc2)cn1,8147.000000000001,-3.910997716310643,0,train
COc1cc(/C=C(/C)[N+](=O)[O-])ccc1OCc1ccccc1Cl,7637.0,-3.882922790602599,0,test
CC(C)(C)C(=O)/C(=C\c1cccc([N+](=O)[O-])c1)n1cncn1,14830.000000000007,-4.171141151028382,0,train
O=C(Cn1ncc(Cl)c(Cl)c1=O)N1CCc2ccccc21,5508.999999999998,-3.741072772373321,0,train
Cc1cc(NC(=O)c2ccc([N+](=O)[O-])o2)ccc1NC(=O)c1ccco1,11490.000000000007,-4.0603200286882855,0,train
COc1ccc(C(=O)/C(=C\c2ccco2)N2C=CC=CC2=C(C#N)C#N)cc1,9373.999999999998,-3.9719249491841913,0,train
CCc1ccc2c(c1)/C(=C/C(=O)c1cccs1)C(=O)N2,20920.000000000004,-4.320561680195237,0,train
Cc1cc([N+](=O)[O-])c2ccccc2[n+]1[O-],3284.999999999998,-3.5165353738957994,0,train
O=C1C(=O)c2ccccc2-c2ccccc21,5019.999999999999,-3.7007037171450192,0,train
CN1/C(=C/C(=O)c2nc(S(C)(=O)=O)ncc2Cl)C(C)(C)c2ccccc21,11870.00000000001,-4.074450718954592,0,test
COC(CNC(=O)c1ccc2c3c(onc13)-c1ccccc1C2=O)OC,15090.000000000004,-4.17868923977559,0,train
COc1ccc(NC(=O)/C(Cl)=C(/Cl)S(=O)(=O)Cc2ccc(C)cc2)cn1,7068.000000000003,-3.849296540834727,0,train
COc1ccc(-n2ncc(Cl)c(Cl)c2=O)cc1,21609.999999999975,-4.334654766883241,0,train
O=C(CCl)Nc1cc(SCC(O)CO)cc([N+](=O)[O-])c1,4463.000000000001,-3.6496268868405295,0,train
Oc1c(C(c2ccccc2Cl)N2CCCC2)ccc2cccnc12,5925.999999999998,-3.772761647144032,0,train
O=C1c2cccc3c([N+](=O)[O-])ccc(c23)C(=O)N1CC1CCCO1,3722.999999999999,-3.570893036218392,0,train
O=[N+]([O-])c1cc(S(=O)(=O)C(F)(F)F)ccc1Sc1nc2ccccc2[nH]1,34329.99999999999,-4.53567380342575,0,train
O=C(/C(=C/c1ccc(Cl)cc1)c1nc2ccccc2[nH]1)c1cccs1,6769.999999999999,-3.830588668685144,0,train
Cc1ccc(S(=O)(=O)Nc2cccc3ncccc23)s1,1188.0000000000002,-3.074816440645175,0,train
CCCCS(=O)(=O)/C=C\C=C/S(=O)(=O)CCCC,13690.0,-4.13640344813399,0,train
O=C(Cn1ncc(Cl)c(Cl)c1=O)c1ccc(Cl)cc1,7275.999999999999,-3.861892690391446,0,train
O=C(OCn1ncc(Br)c(Br)c1=O)c1ccc(F)cc1,13630.000000000002,-4.134495855834674,0,train
CCOC(=O)CCS(=O)(=O)c1nc(-c2ccccc2)cc(C(F)(F)F)n1,15540.000000000013,-4.191451014464896,0,test
O=C(/C=C/c1ccccc1)CC(O)(c1ccccc1)C(F)(F)C(F)F,30599.999999999975,-4.48572142648158,0,train
C=C1C(=O)C=C2CN(C(=O)c3ccccc3)[C@@](Cc3ccc(F)cc3)(C(=O)OC)[C@@H]12,11970.00000000001,-4.078094150406411,0,train
COc1cccc(-n2nnnc2S(C)(=O)=O)c1,23650.0,-4.37383114507383,0,test
Cc1ccc(Nc2cc(C)nn2-c2nc(C)cc(O)n2)cc1,763.9999999999997,-2.8830933585756897,0,train
CS(=O)(=O)c1nc(-c2cccs2)cc(C(F)(F)F)n1,22870.000000000004,-4.3592661646067485,0,train
NC(=S)c1cn([C@@H]2O[C@H](CO)[C@@H](O)[C@H]2O)c2ncnc(N)c12,1959.9999999999995,-3.292256071356476,0,train
Cn1nc(-c2ccc(Cl)cc2)nc2c(=O)n(C)c(=O)nc1-2,2343.0000000000014,-3.369772288596963,0,train
O=[N+]([O-])c1cnc(Sc2ccncn2)s1,14980.000000000007,-4.175511813363448,0,train
COc1ccc(CS(=O)(=O)/C(Cl)=C(/Cl)C(=O)Nc2ccc(OC)nc2)cc1,6211.999999999997,-3.7932314470565207,0,test
O=C1CN(C(=O)Cn2ncc(Cl)c(Cl)c2=O)c2ccccc2N1,13620.0,-4.134177107576766,0,train
CCn1c(Cl)c(C=O)s/c1=N\S(=O)(=O)c1ccccc1,7504.999999999996,-3.875350696579289,0,train
CC1=NNC(=O)/C1=C\c1cn(-c2ccccc2)nc1-c1ccccc1,6832.0,-3.8345478576809486,0,test
CS(=O)(=O)c1nc(-c2ccccc2)cc(C(F)(F)F)n1,16700.0,-4.222716471147583,0,train
COc1cccc(C)c1NC(=O)c1ccc(-c2cc(Cl)ccc2Cl)o1,9311.999999999998,-3.969042967305813,0,train
Cc1cc(O)cc(C)c1NC(=O)c1ccc(-c2cc(Cl)ccc2Cl)o1,5300.000000000001,-3.724275869600789,0,train
Cc1cc(CN)cc(C)c1NC(=O)c1ccc(-c2cc(Cl)ccc2Cl)o1,6399.999999999998,-3.806179973983887,0,test
CN(CC(=O)N[C@@H](COCc1ccccc1)C(=O)Nc1ccc(Oc2ccccc2)cc1)C(=O)c1ccccc1,548.0,-2.738780558484369,0,train
O=C(CCCC(=O)c1cccs1)NC(CNc1ccc(Oc2ccccc2)cc1)COCc1ccccc1,286.00000000000006,-2.456366033129043,0,test
O=C(NC(COCc1ccccc1)C(=O)Nc1ccc(Oc2ccccc2)cc1)C1CC1,296.99999999999994,-2.4727564493172123,0,train
O=C(Cc1cnc[nH]1)N[C@@H](COCc1ccccc1)C(=O)Nc1ccc(Oc2ccccc2)cc1,33.0,-1.5185139398778875,1,test
Cn1cnc(CC(=O)N[C@@H](COCc2ccccc2)C(=O)Nc2ccc(Oc3ccccc3)cc2)c1,228.00000000000009,-2.357934847000454,0,test
O=C(Cc1ccccc1F)N[C@@H](COCc1ccccc1)C(=O)Nc1ccc(Oc2ccccc2)cc1,500.0,-2.6989700043360187,1,test
O=C(Cc1cnc[nH]1)N[C@@H](COCc1ccccc1)C(=O)Nc1ccc(Oc2ccccc2)c(Cl)c1,211.0,-2.3242824552976926,1,train
O=C(Cc1cnc[nH]1)N[C@@H](COCc1ccccc1)C(=O)Nc1ccc(Oc2cccc(Cl)c2)cc1,96.0,-1.9822712330395684,0,train
O=C(Cc1cnc[nH]1)N[C@@H](COCc1ccccc1)C(=O)Nc1ccc(OC2CCCCC2)cc1,701.9999999999998,-2.846337112129805,1,train
O=C(Cc1cnc[nH]1)N[C@@H](COCc1ccccc1)C(=O)Nc1ccc(OCc2ccccc2)cc1,152.00000000000003,-2.1818435879447726,1,train
O=C(Cc1cnc[nH]1)N[C@@H](COCc1ccccc1)C(=O)Nc1ccc(Nc2ccccc2)cc1,743.0000000000003,-2.8709888137605755,1,train
O=C(Cc1cnc[nH]1)N[C@@H](CCCc1ccccc1)C(=O)Nc1ccc(Oc2ccccc2)cc1,13.999999999999998,-1.146128035678238,1,test
C[C@H](NC(=O)Cc1cnc[nH]1)C(=O)Nc1ccc(Oc2ccc(Cl)cc2)cc1,751.9999999999998,-2.876217840591642,0,train
O=C(Cc1cnc[nH]1)N[C@@H](Cc1ccccc1)C(=O)Nc1ccc(Oc2ccc(Cl)cc2)cc1,325.99999999999994,-2.513217600067939,1,train
CN(C(=O)Cc1cnc[nH]1)[C@@H](COCc1ccccc1)C(=O)Nc1ccc(Oc2ccccc2)cc1,181.00000000000003,-2.257678574869185,0,train
CN(C(=O)[C@H](COCc1ccccc1)NC(=O)Cc1cnc[nH]1)c1ccc(Oc2ccccc2)cc1,8281.000000000002,-3.9180827846421873,0,train
O=C(Cc1cnc[nH]1)N[C@@H](COCc1ccccc1)c1nc2cc(Oc3ccc(F)cc3)ccc2[nH]1,238.99999999999991,-2.378397900948137,0,train
O=C(Nc1ccc(Oc2ccc(F)cc2)cc1)[C@@H]1CN(Cc2ccccc2)CCN1C(=O)Cc1cnc[nH]1,83.99999999999999,-1.9242792860618816,0,test
O=C(Nc1ccc(Oc2ccc(F)cc2)cc1)[C@@H]1C[C@@H](Cc2ccccc2)CN1C(=O)Cc1cnc[nH]1,84.70000000000002,-1.927883410330707,0,train
O=C(Nc1ccc(Oc2ccc(F)cc2)cc1)[C@@H]1C[C@@H](c2ccccc2)CN1C(=O)Cc1cnc[nH]1,158.0,-2.198657086954422,0,train
O=C(Nc1ccc(Oc2ccc(F)cc2)cc1)[C@@H]1C[C@@H](c2ccccc2)CN1C(=O)Cn1cncn1,492.0000000000003,-2.691965102767361,1,train
O=C(Nc1ccc(Oc2ccc(F)cc2)cc1)[C@@H]1C[C@@H](Cc2ccc(F)cc2)CN1C(=O)Cn1nccn1,12.900000000000002,-1.110589710299249,1,train
Cc1cc(S(=O)(=O)Nc2cccc(-c3cc(C)c(C(=O)N[C@@H](CCN(C)C)C(=O)O)c(C)c3)c2)c(C)cc1Cl,12.000000000000002,-1.0791812460476249,0,test
Cc1cc(S(=O)(=O)Nc2cccc(-c3cc(C)c(C(=O)N[C@@H](CCN)C(=O)O)c(C)c3)c2)c(C)cc1Cl,2.1,-0.3222192947339193,0,train
Cc1cc(S(=O)(=O)Nc2cccc(-c3cc(C)c(C(=O)N(C)[C@@H](CN(C)C)C(=O)O)c(C)c3)c2)c(C)cc1Cl,8.4,-0.9242792860618816,0,train
Cc1cc(S(=O)(=O)Nc2cccc(-c3cc(C)c(C(=O)N(C)[C@@H](C)C(=O)O)c(C)c3)c2)c(C)cc1Cl,6.1,-0.785329835010767,0,train
Cc1cc(S(=O)(=O)Nc2cccc(-c3cc(C)c(C(=O)N[C@@H](C)C(=O)O)c(C)c3)c2)c(C)cc1Cl,2.6,-0.414973347970818,0,train
O=C(O)CCc1nc(-c2ccc(OCc3ccc(-c4ccccc4)cc3)c(C(F)(F)F)c2)c[nH]1,3000.0000000000014,-3.4771212547196626,0,train
CCCCCCCCc1ccc(NC(=O)[C@@](C)(N)CC(=O)O)cc1C(F)(F)F,370.0,-2.568201724066995,0,train
CCCCCCCCOc1ccc(NC(=O)[C@@](C)(N)CC(=O)O)cc1C(F)(F)F,95.0,-1.977723605288848,0,train
CCCCCCCCOc1ccc(NC(=O)[C@@H](N)CCC(=O)O)cc1,92.0,-1.9637878273455556,0,train
C[C@](N)(CC(=O)O)c1nc(-c2ccc(OCc3ccc(-c4ccccc4)cc3)c(C(F)(F)F)c2)c[nH]1,82.0,-1.9138138523837167,1,train
CCCCCCCCOc1ccc(NC(=O)[C@@](C)(N)CCC(=O)O)cc1,77.0,-1.8864907251724816,0,train
CCCCCCCCOc1ccc(NC(=O)[C@@](C)(N)/C=C/C(=O)O)cc1,74.00000000000001,-1.869231719730976,0,train
CCCCCCCCOc1ccc(NC(=O)[C@@H](N)CC(=O)O)cc1C(F)(F)F,53.000000000000014,-1.7242758696007892,0,train
N[C@@H](CC(=O)O)c1nc(-c2ccc(OCc3ccc(-c4ccccc4)cc3)c(C(F)(F)F)c2)c[nH]1,17.0,-1.230448921378274,0,test
CCCCCCCCOc1ccc(NC(=O)[C@@H](N)CC(=O)O)cc1,14.400000000000004,-1.1583624920952498,0,train
CCn1c(OC)nnc1[C@@H](C)NS(=O)(=O)c1ccc(F)c(Cl)c1,383.0000000000001,-2.583198773968623,0,test
Cc1cc([C@@H](C)Nc2cccc(-c3cc(C)c(C(=O)N[C@@H](C)C(=O)O)c(C)c3)c2)ccc1Cl,2.0,-0.3010299956639812,0,train
CN(C)c1cccc2c1c(NC(=O)Nc1ccc(OCc3ccccc3)cc1)nn2C,34899.999999999985,-4.54282542695918,0,train
CN(C)c1cc(NC(=O)Nc2ccccc2)c2ccccc2n1,40000.00000000001,-4.6020599913279625,0,train
O=C(O)C[C@H]1CCc2c1[nH]c1ccc(OCc3ccc(C4CCCC4)c(C(F)(F)F)c3)cc21,1.88,-0.2741578492636798,0,train
CC(C)Oc1ccc(COc2ccc3c(c2)c(Cl)c2n3CCOC2CC(=O)O)cc1C#N,0.12,0.9208187539523752,0,train
Cc1cc(OCc2ccccc2)ccc1CN1CC(C(=O)O)C1,4170.000000000001,-3.6201360549737576,0,train
CCCCCCCCCCOc1ccc(CN2CC(C(=O)O)C2)cc1,17.999999999999996,-1.255272505103306,1,train
CCCCCCCCCOc1ccc(CN2CC(C(=O)O)C2)cc1,5.000000000000001,-0.6989700043360189,1,train
CCCCCCCCOc1ccc(CN2CC(C(=O)O)C2)cc1,2.0,-0.3010299956639812,1,train
CCCCCCCOc1ccc(CN2CC(C(=O)O)C2)cc1,47.99999999999999,-1.6812412373755872,1,train
CCCCCCOc1ccc(CN2CC(C(=O)O)C2)cc1,1180.0000000000002,-3.071882007306125,1,train
CCCCCOc1ccc(CN2CC(C(=O)O)C2)cc1,3029.999999999998,-3.481442628502305,1,train
CC(C)CCOc1ccc(CN2CC(C(=O)O)C2)cc1,3460.000000000001,-3.5390760987927767,1,train
O=C(O)C1CN(Cc2ccc(-c3ccc(Cl)c(Cl)c3)cc2)C1,4410.000000000001,-3.644438589467839,1,test
Cc1ccc(-c2ccc(CN3CC(C(=O)O)C3)cc2)cc1,7209.999999999998,-3.857935264719429,1,test
CCc1ccc(-c2ccc(CN3CC(C(=O)O)C3)cc2)cc1,656.0000000000003,-2.8169038393756605,1,train
O=C(O)C1CN(Cc2ccc(-c3cc(Cl)cc(Cl)c3)cc2)C1,9810.000000000002,-3.991669007379949,1,train
Cc1ccccc1COc1ccc(CN2CC(C(=O)O)C2)cc1,5260.000000000003,-3.7209857441537393,0,train
O=C(O)C1CN(Cc2ccc(OCc3cccc(Cl)c3)cc2)C1,1780.0000000000002,-3.250420002308894,0,train
O=C(O)C1CN(Cc2ccc(OCc3cccc(C(F)(F)F)c3)cc2)C1,1060.0000000000005,-3.0253058652647704,0,test
O=C(O)C1CN(Cc2ccc(OCc3ccc(Cl)cc3Cl)cc2)C1,834.9999999999999,-2.921686475483602,0,test
O=C(O)C1CN(Cc2ccc(OCc3ccc(Cl)c(Cl)c3)cc2)C1,362.00000000000006,-2.558708570533166,1,train
O=C(O)C1CN(Cc2ccc(OCc3ccccc3)cc2Cl)C1,4229.999999999999,-3.6263403673750414,1,test
COc1cc(CN2CC(C(=O)O)C2)ccc1OCc1ccc(Cl)cc1Cl,119.99999999999996,-2.0791812460476247,1,train
O=C(O)C1CN(Cc2ccc(OCc3ccc(Cl)c(Cl)c3)c([N+](=O)[O-])c2)C1,220.0,-2.342422680822206,0,train
COc1cc(CN2CC(C(=O)O)C2)ccc1OCc1ccccc1Cl,6230.000000000002,-3.7944880466591697,1,train
O=C(O)C1CN(Cc2ccc(CCc3ccccc3)cc2)C1,2.0,-0.3010299956639812,1,train
O=C(O)C1CN(Cc2ccc(CCc3cccc(C(F)(F)F)c3)cc2)C1,220.99999999999997,-2.3443922736851106,0,test
C[C@@H](Oc1ccc(CN2CC(C(=O)O)C2)cc1)c1ccccc1,3870.0,-3.5877109650189114,0,train
O=C(O)C1CN(Cc2ccc(OCc3ccc(Cl)c(Cl)c3)cc2F)C1,472.0000000000002,-2.673941998634088,0,train
O=C(O)C1CN(Cc2ccc(OCc3ccc(Cl)c(Cl)c3)c(F)c2)C1,217.00000000000003,-2.3364597338485296,0,train
O=C(O)C1CN(Cc2ccc(OCc3cccc(C(F)(F)F)c3)cc2F)C1,679.9999999999998,-2.832508912706236,0,train
O=C(O)C1CN(Cc2ccc(OCc3cccc(C(F)(F)F)c3)c(F)c2)C1,400.9999999999999,-2.603144372620182,0,train
O=C(O)C1CN(Cc2ccc(OCc3cccc(C(F)(F)F)c3)cc2Cl)C1,256.0,-2.4082399653118496,0,test
O=C(O)C1CN(Cc2ccc(OCc3cccc(C(F)(F)F)c3)c(Cl)c2)C1,109.00000000000004,-2.037426497940624,0,train
Cc1cc(OCc2cccc(C(F)(F)F)c2)ccc1CN1CC(C(=O)O)C1,332.9999999999999,-2.52244423350632,0,train
Cc1cc(OCc2ccc(Cl)c(Cl)c2)ccc1CN1CC(C(=O)O)C1,165.99999999999997,-2.220108088040055,0,train
CCCCCC[C@@H]1CCc2cc([C@H]3CC[C@](N)(COP(=O)(O)O)C3)ccc2C1,0.01,2.0,0,train
CCOC(=O)C1CCCC(N[C@@H]2COc3cc(-c4noc(-c5onc(-c6ccccc6)c5C(F)(F)F)n4)ccc3[C@@H]2O)C1,630.0,-2.7993405494535817,1,train
O=C(O)C1CC(N[C@H]2COc3cc(-c4noc(-c5onc(-c6ccccc6)c5C(F)(F)F)n4)ccc3[C@H]2O)C1,23.999999999999996,-1.380211241711606,1,test
O=C(O)C1(CN[C@@H]2COc3cc(-c4noc(-c5onc(-c6ccccc6)c5C(F)(F)F)n4)ccc3[C@@H]2O)CC1,12.999999999999998,-1.1139433523068367,1,train
O=C(O)C1(CN[C@@H]2COc3cc(-c4noc(-c5onc(-c6ccccc6)c5C(F)(F)F)n4)ccc3[C@@H]2O)CCCCC1,540.9999999999998,-2.733197265106569,1,test
O=C(O)C1(CN[C@@H]2COc3cc(-c4noc(-c5onc(-c6ccccc6)c5C(F)(F)F)n4)ccc3[C@@H]2O)CCC1,20.000000000000004,-1.3010299956639813,1,train
O=C(O)C1CCCN([C@@H]2COc3cc(-c4noc(-c5onc(-c6ccccc6)c5C(F)(F)F)n4)ccc3[C@@H]2O)C1,57.00000000000001,-1.7558748556724917,1,train
O=C(O)[C@@H]1CCCC[C@H]1N[C@@H]1COc2cc(-c3noc(-c4onc(-c5ccccc5)c4C(F)(F)F)n3)ccc2[C@@H]1O,0.7,0.1549019599857432,0,train
O=C(O)[C@@H]1CCC[C@@H](N[C@@H]2COc3cc(-c4noc(-c5onc(-c6ccccc6)c5C(F)(F)F)n4)ccc3[C@@H]2O)C1,6.6,-0.8195439355418687,0,train
O=C(O)CN[C@@H]1COc2cc(-c3noc(-c4onc(-c5ccccc5)c4C(F)(F)F)n3)ccc2[C@@H]1O,3.8,-0.5797835966168101,0,test
Cc1cc(C(C)Nc2cccc(CN3CC(C(=O)O)C3)c2)ccc1Cl,14.699999999999998,-1.167317334748176,0,train
CC[C@@H](Nc1cccc(CN2CC(C)(C(=O)O)C2)c1)c1ccc(Cl)c(C)c1,1.5,-0.1760912590556812,0,train
CCC(Nc1cc(C)cc(CN2CC(C(=O)O)C2)c1)c1ccc(Cl)c(C)c1,0.4,0.3979400086720376,0,train
CCC(Nc1ccc(C)c(C(C)N2CC(C(=O)O)C2)c1)c1ccc(Cl)c(C)c1,1.6,-0.2041199826559248,0,train
CC[C@@H](Nc1cccc(CN2CC[C@@H](C(=O)O)C2)c1)c1ccc(Cl)c(C)c1,4.0,-0.6020599913279624,0,train
CCC(c1cccc(N[C@H](CC)c2ccc(Cl)c(C)c2)c1)N1CC(C(=O)O)C1,4.700000000000001,-0.6720978579357175,0,test
CCC(Nc1cccc(CN2CC[C@@H](C(=O)O)C2)c1C)c1ccc(Cl)c(C)c1,1.5,-0.1760912590556812,0,train
CCC(Nc1cc(C)cc(CN2CC[C@@H](C(=O)O)C2)c1)c1ccc(Cl)c(C)c1,2.3,-0.3617278360175928,0,train
Cc1cc(C(Nc2cccc(CN3CC(C(=O)O)C3)c2)C(C)C)ccc1Cl,1.6,-0.2041199826559248,0,train
CC[C@@H](Nc1cccc(CN2CC(C(=O)O)C2)c1)c1cc(C)c(Cl)c(C)c1,1.9,-0.2787536009528289,0,train
CC[C@@H](Nc1cccc(CN2CC(C(=O)O)C2)c1)c1ccc2c(Cl)cccc2c1,2.0,-0.3010299956639812,0,train
Cc1cc([C@H](Nc2ccc(C)c(CN3CC[C@@H](C(=O)O)C3)c2)C(F)(F)F)ccc1Cl,1.0,-0.0,0,train
CC[C@@H](Nc1ccc(C)c(CN2CC[C@@H](C(=O)O)C2)c1)c1ccc(Cl)c(C)c1,1.0,-0.0,0,train
CC[C@@H](Nc1cccc(CN2CC(C(=O)O)C2)c1F)c1ccc(Cl)c(C)c1,1.9,-0.2787536009528289,0,train
CC[C@@H](Nc1cccc(CN2CC[C@@H](C(=O)O)C2)c1F)c1ccc(Cl)c(C)c1,3.2999999999999994,-0.5185139398778874,0,train
CC[C@@H](Nc1cc(CN2CC(C(=O)O)C2)ccc1F)c1ccc(Cl)c(C)c1,2.1,-0.3222192947339193,0,train
CC[C@@H](Nc1cc(CN2CC[C@@H](C(=O)O)C2)ccc1F)c1ccc(Cl)c(C)c1,10.599999999999998,-1.0253058652647702,0,train
CC[C@@H](Nc1ccc(C)c(CN2CC(C)(C(=O)O)C2)c1)c1ccc(Cl)c(C)c1,0.8,0.0969100130080563,0,train
Cc1cc([C@H](Nc2ccc(C)c(CN3CC[C@@H](C(=O)O)C3)c2C)C(F)(F)F)ccc1Cl,0.9,0.0457574905606751,0,train
Cc1cc([C@H](Nc2ccc(C)c(CN3CC(C(=O)O)C3)c2C)C(F)(F)F)ccc1Cl,1.0,-0.0,0,train
CC[C@@H](Nc1ccc(C)c(CN2CC[C@@H](C(=O)O)C2)c1C)c1ccc(Cl)c(C)c1,0.8,0.0969100130080563,0,test
CC[C@@H](Nc1ccc(C)c(CN2CC(C(=O)O)C2)c1C)c1ccc(Cl)c(C)c1,0.6,0.2218487496163563,0,test
CCc1ccc(N[C@@H](c2ccc(Cl)c(C)c2)C(F)(F)F)cc1CN1CC[C@@H](C(=O)O)C1,0.8,0.0969100130080563,0,train
CCc1ccc(N[C@@H](c2ccc(Cl)c(C)c2)C(F)(F)F)cc1CN1CC(C(=O)O)C1,1.8,-0.255272505103306,0,train
CCc1ccc(N[C@H](CC)c2ccc(Cl)c(C)c2)cc1CN1CC[C@@H](C(=O)O)C1,3.7,-0.568201724066995,0,train
CCc1ccc(N[C@H](CC)c2ccc(Cl)c(C)c2)cc1CN1CC(C(=O)O)C1,2.5,-0.3979400086720376,0,train
CC[C@@H](Nc1ccc(Cl)c(CN2CC[C@@H](C(=O)O)C2)c1)c1ccc(Cl)c(C)c1,0.8,0.0969100130080563,0,train
Cc1cc([C@H](Nc2cccc(CN3CC(C(=O)O)C3)c2C)C(F)(F)F)ccc1Cl,0.8,0.0969100130080563,0,train
Cc1cc([C@H](Nc2ccc(C)c(CNCCC(=O)O)c2C)C(F)(F)F)ccc1Cl,0.4,0.3979400086720376,0,train
CC[C@@H](Nc1ccc(C)c(CN2CC(C(=O)O)C2)c1)c1cc(C)c(Cl)c(C)c1,1.3,-0.1139433523068367,0,test
CC[C@@H](Nc1ccc(C)c(CN2CC[C@@H](C(=O)O)C2)c1)c1cc(C)c(Cl)c(C)c1,1.0,-0.0,0,test
CC[C@@H](Nc1ccc(Cl)c(CN2CC[C@@H](C(=O)O)C2)c1)c1cc(C)c(Cl)c(C)c1,0.8,0.0969100130080563,0,train
Cc1ccc(N[C@H](C)c2cc(C)c(Cl)c(C)c2)cc1CN1CC[C@@H](C(=O)O)C1,6.7,-0.8260748027008264,0,train
CC[C@@H](Nc1ccc(C)c(CNCCC(=O)O)c1)c1cc(C)c(Cl)c(C)c1,1.2,-0.0791812460476248,0,train
Cc1cc([C@@H](C)Nc2ccc(Cl)c(CN3CC[C@@H](C(=O)O)C3)c2)cc(C)c1Cl,1.3,-0.1139433523068367,0,test
Cc1ccc(N[C@H](C)c2cc(C)c(Cl)c(C)c2)cc1CNCCC(=O)O,1.6,-0.2041199826559248,0,test
CC[C@@H](Nc1ccc(Cl)c(CNCCC(=O)O)c1)c1cc(C)c(Cl)c(C)c1,1.7999999999999998,-0.255272505103306,0,train
Cc1cc([C@H](Nc2ccc(Cl)c(CNCCC(=O)O)c2)C(F)(F)F)ccc1Cl,0.9,0.0457574905606751,0,train
CC[C@@H](Nc1cc(CN2CC(C(=O)O)C2)c(F)cn1)c1ccc(Cl)c(C)c1,0.9,0.0457574905606751,0,train
CC[C@@H](Nc1cc(CN2CC[C@@H](C(=O)O)C2)c(Cl)cn1)c1ccc(Cl)c(C)c1,0.5,0.3010299956639812,0,train
CC[C@@H](Nc1cc(CN2CCC(C)(C(=O)O)C2)c(Cl)cn1)c1ccc(Cl)c(C)c1,1.4333333333333331,-0.156347200859924,0,test
CC[C@@H](Nc1cc(CNCCC(=O)O)c(Cl)cn1)c1ccc(Cl)c(C)c1,0.1,1.0,0,test
CC[C@@H](Nc1cc(CN2CC[C@@H](C(=O)O)C2)c(Cl)cn1)c1cc(C)c(Cl)c(C)c1,1.2,-0.0791812460476248,0,train
CC[C@@H](Nc1cc(CN2CC[C@@H](C(=O)O)C2)c(C)cn1)c1ccc(Cl)c(C)c1,2.1,-0.3222192947339193,0,train
CC[C@@H](Nc1ccc(Cl)c(CN2CC(C(=O)O)C2)c1)c1cc(C)c(Cl)c(C)c1,1.6,-0.2041199826559248,0,train
CC[C@@H](Nc1ccc(Cl)c(CN2CC(C(=O)O)C2)c1)c1ccc(Cl)c(C)c1,0.9,0.0457574905606751,1,train
Cc1cc([C@H](Nc2ccc(Cl)c(CN3CC(C(=O)O)C3)c2)C(C)C)ccc1Cl,1.1,-0.041392685158225,0,train
Cc1cc([C@H](Nc2ccc(Cl)c(CN3CC(C(=O)O)C3)c2)C(C)C)cc(C)c1Cl,1.7,-0.2304489213782739,0,train
Cc1cc([C@H](Nc2ccc(Cl)c(CN3CC(C)(C(=O)O)C3)c2)C(F)(F)F)ccc1Cl,0.2,0.6989700043360187,0,train
CC[C@@H](Nc1ccc(Cl)c(CN2CC(C)(C(=O)O)C2)c1)c1cc(C)c(Cl)c(C)c1,1.2,-0.0791812460476248,0,train
Cc1cc([C@H](Nc2cccc(CN3CC(C(=O)O)C3)c2)C(F)(F)F)ccc1Cl,0.8,0.0969100130080563,0,test
Cc1cc([C@H](Nc2ccc(Cl)c(CN3CC(C(=O)O)C3)c2)C(F)(F)F)ccc1Cl,0.7,0.1549019599857432,0,train
Cc1cc(C(Nc2ccc(C(F)(F)F)c(CN3CC(C(=O)O)C3)c2)C(F)(F)F)ccc1Cl,0.8,0.0969100130080563,0,train
Cc1cc([C@H](Nc2ccc(C)c(CN3CC(C(=O)O)C3)c2)C(F)(F)F)ccc1Cl,0.1,1.0,0,test
Cc1cc([C@H](Nc2ccc(F)c(CN3CC(C(=O)O)C3)c2)C(F)(F)F)ccc1Cl,0.1,1.0,0,test
Cc1cc([C@H](Nc2cccc([C@H](C)NCCC(=O)O)c2)C(F)(F)F)ccc1Cl,1.2,-0.0791812460476248,0,test
CC[C@@H](Nc1cccc(CN2CC(C(=O)O)C2)n1)c1ccc(Cl)c(C)c1,14.1,-1.14921911265538,1,train
CC[C@@H](Nc1cc(CN2CC(C(=O)O)C2)ccn1)c1ccc(Cl)c(C)c1,2.8,-0.4471580313422192,0,train
Cc1cc([C@H](Nc2cccc(CN3CC(C(=O)O)C3)c2)C2CCC2)ccc1Cl,5.700000000000001,-0.7558748556724915,0,train
CC[C@@H](Nc1ccnc(CN2CC(C(=O)O)C2)c1)c1ccc(Cl)c(C)c1,0.8,0.0969100130080563,1,train
CC[C@@H](Nc1cc(CN2CC(C(=O)O)C2)c(Cl)cn1)c1ccc(Cl)c(C)c1,0.6,0.2218487496163563,0,train
CC[C@@H](Nc1ccc(C)c(CNCC(C)(C)C(=O)O)c1)c1cc(C)c(Cl)c(C)c1,24.500000000000007,-1.3891660843645326,0,test
CC[C@@H](Nc1ccc(C)c(CN(C)CCC(=O)O)c1)c1cc(C)c(Cl)c(C)c1,3.0,-0.4771212547196624,0,train
Cc1cc([C@H](Nc2ccc(C)c(CN3CCC(C)(C(=O)O)C3)c2)C(F)(F)F)ccc1Cl,2.9,-0.4623979978989561,0,train
Cc1cc([C@H](Nc2cc(CN3CC[C@@H](C(=O)O)C3)c(Cl)cn2)C(F)(F)F)ccc1Cl,0.4,0.3979400086720376,0,train
Cc1cc([C@H](Nc2cc(CNCCC(=O)O)c(Cl)cn2)C(F)(F)F)ccc1Cl,0.9,0.0457574905606751,0,train
Cc1cc(-c2noc(CCC3(c4ccc(F)cc4)CCCCC3)n2)cc(C)c1OC[C@@H](O)CO,0.1199999999999999,0.9208187539523752,0,train
O=C(O)C1CN(Cc2ccc(-c3noc(CCCC4(c5ccc(F)cc5)CCCCC4)n3)cc2)C1,0.4699999999999999,0.3279021420642826,1,train
O=C(O)C1CN(Cc2ccc(-c3noc(CCCC4(c5ccccc5)CCCCC4=O)n3)cc2)C1,1.68,-0.2253092817258628,1,train
O=C1NC(=O)C2(CN(Cc3ccc(-c4noc(COCC5(c6ccc(Cl)cc6)CCC5)n4)cc3)C2)N1,447.0999999999999,-2.650404669868032,0,train
O=C(O)C1CN(Cc2ccc(-c3noc(COCC4(c5ccc(F)cc5)CCCCC4)n3)cc2)C1,0.31,0.5086383061657274,1,train
Cc1cc(-c2noc(/C=C/C3(c4ccc(Cl)cc4)CCCCC3)n2)cc(C)c1OC[C@@H](O)CO,5.750000000000001,-0.7596678446896306,0,train
O=C(O)C1CN(Cc2ccc(-c3noc(CCC4(c5ccc(F)cc5)CCCCC4)n3)cc2)C1,0.21,0.6777807052660807,1,train
O=C(O)C1CN(Cc2ccc(-c3noc(C(F)(F)C(O)C4(c5ccc(Cl)cc5)CC4)n3)cc2)C1,135.3,-2.131297796597623,0,train
O=C(O)C1CN(Cc2ccc(-c3noc(/C=C/C4(c5ccc(C(F)(F)F)cc5)CCCCC4)n3)cc2)C1,26.710000000000008,-1.426673888021373,0,test
O=C(O)C1CN(Cc2ccc(-c3noc(/C=C/C4(c5ccc(Cl)cc5)CCCCC4)n3)cc2)C1,45.649999999999984,-1.6594407818703176,1,train
O=C(O)C1CN(Cc2ccc(-c3noc(CCCC4(c5ccc(Cl)cc5)CCCCC4)n3)cc2)C1,0.54,0.2676062401770315,1,test
O=C(O)C1CN(Cc2ccc(-c3noc(C/C=C/C4(c5ccc(F)cc5)CCCCC4)n3)cc2)C1,3.4,-0.5314789170422551,1,train
O=C(O)C1CN(Cc2ccc(-c3noc(CCC4(c5cccnc5)CCOCC4)n3)cc2)C1,861.2999999999998,-2.9351544472161684,1,train
O=C(O)C1CN(Cc2ccc(-c3noc(COCC4(c5ccc(Cl)cc5)CCC4)n3)c(Cl)c2)C1,12.039999999999996,-1.0806264869218056,0,test
O=C(O)C1CN(Cc2ccc(-c3noc(COCC4(c5ccc(Cl)cc5)CCC4)n3)c(F)c2)C1,9.72,-0.9876662649262746,0,train
CC(C)(O)CNC(=O)CCNC(=O)C(O)c1ccc(-c2noc(-c3onc(-c4ccccc4)c3C(F)(F)F)n2)cc1,0.46,0.3372421683184259,1,train
Cc1nnc(CNC(=O)C(O)c2ccc(-c3noc(-c4onc(-c5ccccc5)c4C(F)(F)F)n3)cc2)o1,2.0,-0.3010299956639812,0,test
O=C(NCc1ncc[nH]1)C(O)c1ccc(-c2noc(-c3onc(-c4ccccc4)c3C(F)(F)F)n2)cc1,6.7,-0.8260748027008264,1,train
O=C(O)CCNC(=O)C(O)c1ccc(-c2noc(-c3onc(-c4ccccc4)c3C(F)(F)F)n2)cc1,29.0,-1.462397997898956,1,train
CCN(C)C(=O)C(O)c1ccc(-c2noc(-c3onc(-c4ccccc4)c3C(F)(F)F)n2)cc1,350.0,-2.544068044350276,1,test
CNC(=O)[C@H](CCc1ccccc1)NC(=O)C(O)c1ccc(-c2noc(-c3onc(-c4ccccc4)c3C(F)(F)F)n2)cc1,909.9999999999995,-2.959041392321093,0,train
O=C(NC1CNC1)C(O)c1ccc(-c2noc(-c3onc(-c4ccccc4)c3C(F)(F)F)n2)cc1,4.500000000000001,-0.6532125137753437,0,test
O=C(NC1CCS(=O)(=O)C1)C(O)c1ccc(-c2noc(-c3onc(-c4ccccc4)c3C(F)(F)F)n2)cc1,4.500000000000001,-0.6532125137753437,0,train
CNC(=O)[C@H](C)NC(=O)C(O)c1ccc(-c2noc(-c3onc(-c4ccccc4)c3C(F)(F)F)n2)cc1,2.6,-0.414973347970818,0,test
N#CC1(NC(=O)C(O)c2ccc(-c3noc(-c4onc(-c5ccccc5)c4C(F)(F)F)n3)cc2)CC1,2.6,-0.414973347970818,0,test
CC(C)(C)OC(=O)NCCNC(=O)C(O)c1ccc(-c2noc(-c3onc(-c4ccccc4)c3C(F)(F)F)n2)cc1,31.0,-1.4913616938342726,1,train
CCNC(=O)C(O)c1ccc(-c2noc(-c3cnn(-c4ccccc4)c3C(F)(F)F)n2)cc1,8.5,-0.9294189257142929,1,test
O=C(NCCO)C(O)c1ccc(-c2noc(-c3noc(-c4ccccc4)c3C(F)(F)F)n2)cc1,3.2000000000000006,-0.505149978319906,1,train
CCNC(=O)C(O)c1ccc(-c2noc(-c3noc(-c4ccccc4)c3C(F)(F)F)n2)cc1,17.0,-1.230448921378274,1,train
O=C(NCCO)C(O)c1ccc(-c2noc(-c3onc(-c4ccccc4)c3C(F)(F)F)n2)cc1,0.85,0.0705810742857072,1,train
CN(C)C(=O)CCNC(=O)C(O)c1ccc(-c2noc(-c3onc(-c4ccccc4)c3C(F)(F)F)n2)cc1,0.2999999999999999,0.5228787452803376,0,train
O=C(NCc1cc2ccccc2[nH]1)C(O)c1ccc(-c2noc(-c3onc(-c4ccccc4)c3C(F)(F)F)n2)cc1,179.99999999999997,-2.255272505103306,1,train
O=C(NCC1CCCN1)C(O)c1ccc(-c2noc(-c3onc(-c4ccccc4)c3C(F)(F)F)n2)cc1,29.0,-1.462397997898956,1,train
O=C(NCc1nc2ccccc2[nH]1)C(O)c1ccc(-c2noc(-c3onc(-c4ccccc4)c3C(F)(F)F)n2)cc1,12.999999999999998,-1.1139433523068367,1,test
O=C(NCCC(=O)N1CC(O)C1)C(O)c1ccc(-c2noc(-c3onc(-c4ccccc4)c3C(F)(F)F)n2)cc1,2.9,-0.4623979978989561,0,train
O=C(NC1CCC1)C(O)c1ccc(-c2noc(-c3onc(-c4ccccc4)c3C(F)(F)F)n2)cc1,43.000000000000014,-1.6334684555795866,1,train
O=C(NCc1cnco1)[C@H](O)c1ccc(-c2noc(-c3onc(-c4ccccc4)c3C(F)(F)F)n2)cc1,2.1,-0.3222192947339193,1,train
Cn1cccc1CNC(=O)[C@H](O)c1ccc(-c2noc(-c3onc(-c4ccccc4)c3C(F)(F)F)n2)cc1,42.00000000000001,-1.6232492903979006,0,train
O=C(NCc1ccccn1)[C@H](O)c1ccc(-c2noc(-c3cnn(-c4ccccc4)c3C(F)(F)F)n2)cc1,4.900000000000001,-0.6901960800285137,1,train
O=C(NC[C@@H]1CCCC[C@H]1O)[C@H](O)c1ccc(-c2noc(-c3cnn(-c4ccccc4)c3C(F)(F)F)n2)cc1,259.9999999999999,-2.4149733479708178,0,train
Cc1ccc(-c2noc(CCC3(c4cc(F)cc(F)c4)CCCCC3)n2)c(=O)[nH]1,1300.0000000000005,-3.113943352306837,0,train
O=c1cc(-c2noc(CCC3(c4cc(F)cc(F)c4)CCCCC3)n2)cc[nH]1,12.999999999999998,-1.1139433523068367,0,train
Fc1ccc(-c2noc(CCC3(c4ccccc4)CCCCC3)n2)cc1,12.000000000000002,-1.0791812460476249,1,train
c1ccc(-c2noc(CCC3(c4ccccc4)CCCCC3)n2)cc1,3.2999999999999994,-0.5185139398778874,1,train
FC(F)(F)c1cccc(-c2noc(CCC3(c4ccccc4)CCCCC3)n2)c1,33.0,-1.5185139398778875,0,train
Fc1cc(-c2noc(CCC3(c4ccccc4)CCCCC3)n2)ccc1C(F)(F)F,209.99999999999991,-2.322219294733919,0,train
Fc1ccccc1COc1ccc(-c2noc(CCC3(c4ccccc4)CCCCC3)n2)cc1,410.0,-2.6127838567197355,0,train
COc1ccc(OC)c(-c2noc(CCC3(c4ccccc4)CCCCC3)n2)c1,8.1,-0.9084850188786496,0,train
Clc1ccc(COc2ccc(-c3noc(CCC4(c5ccccc5)CCCCC4)n3)cc2)cc1,610.0000000000001,-2.785329835010767,1,train
Fc1ccc(-c2noc(CCC3(c4ccccc4)CCCCC3)n2)c(F)c1,25.000000000000007,-1.3979400086720375,0,train
c1ccc(C2(CCc3nc(-c4ccccn4)no3)CCCCC2)cc1,97.0,-1.9867717342662448,1,train
Clc1cc(-c2noc(CCC3(c4ccccc4)CCCCC3)n2)ccn1,0.54,0.2676062401770315,0,test
Nc1ncccc1-c1noc(CCC2(c3ccccc3)CCCCC2)n1,1.9,-0.2787536009528289,0,train
[O-][n+]1ccc(-c2noc(CCC3(c4ccccc4)CCCCC3)n2)cc1,67.0,-1.8260748027008264,0,train
Cc1ccsc1-c1noc(COCC2(c3ccc(Cl)cc3)CCC2)n1,1.2,-0.0791812460476248,0,test
c1ccc(-c2noc(C3CCCCC3c3ccccc3)n2)cc1,12000.000000000007,-4.079181246047625,0,test
CCCc1ccc(-c2onc3c2COc2cc(CN4CC(C(=O)O)C4)ccc2-3)cc1,1.2,-0.0791812460476248,1,train
CCCc1ccc(-c2noc3c2COc2cc(CN4CC(C(=O)O)C4)ccc2-3)cc1,1.3,-0.1139433523068367,1,test
CC(C)Cc1onc(-c2onc3c2CCc2cc(CN4CC(C(=O)O)C4)ccc2-3)c1C(F)(F)F,0.57,0.2441251443275086,0,train
O=C(O)C1CN(Cc2ccc3c(c2)CCc2c-3noc2-c2noc(-c3ccccc3)c2C(F)(F)F)C1,0.66,0.1804560644581313,1,train
CCCc1ccc(-c2onc3c2CCc2cc(OC[C@H](O)CO)ccc2-3)cc1,389.9999999999999,-2.591064607026499,0,train
CC(C)Oc1ccc(-c2onc3c2CCc2cc(CN4CC(C(=O)O)C4)ccc2-3)cc1C(F)(F)F,6.7,-0.8260748027008264,0,train
CC(C)Oc1ccc(-c2onc3c2CCc2cc(CNCCC(=O)O)ccc2-3)cc1C#N,23.999999999999996,-1.380211241711606,0,train
CCCc1ccc(-c2noc3c2CCc2cc(CN4CC(C(=O)O)C4)ccc2-3)cc1,56.00000000000001,-1.7481880270062005,1,train
O=C(O)C1CN(Cc2ccc3c(c2)CCc2c-3n[nH]c2-c2onc(-c3ccccc3)c2C(F)(F)F)C1,980.0000000000006,-2.991226075692495,1,train
CC(C)Cc1ccc(-c2onc3c2CCc2cc(CN4CC(C(=O)O)C4)ccc2-3)cc1C(F)(F)F,0.98,0.0087739243075051,0,train
OCc1ccc2c(c1)CCc1c-2noc1-c1cccc(C(F)(F)F)c1,3199.999999999999,-3.505149978319906,0,train
O=C(O)C1CN(Cc2ccc3c(c2)CCc2c-3noc2-c2cccc(C(F)(F)F)c2)C1,93.99999999999996,-1.9731278535996983,0,train
Oc1ccc2c(c1)CCc1c-2noc1-c1cc(-c2ccccc2)on1,15000.000000000004,-4.176091259055681,0,train
Oc1ccc2c(c1)CCc1c-2noc1-c1cc(-c2ccccc2Cl)n(-c2ccccc2)n1,249.99999999999997,-2.397940008672037,0,train
CC(C)Cc1ccc(-c2onc3c2CCc2cc(O)ccc2-3)cc1,1600.000000000001,-3.204119982655925,0,train
O=C(O)C1CN(Cc2ccc3c(c2)OCc2c-3noc2-c2onc(-c3ccccc3)c2C(F)(F)F)C1,1.6,-0.2041199826559248,1,train
O=C(O)C1CN(c2cc3c(cc2F)-c2noc(-c4onc(-c5ccccc5)c4C(F)(F)F)c2CC3)C1,5.6000000000000005,-0.7481880270062005,0,train
O=C(O)[C@H]1CCCN(Cc2ccc3c(c2)CCc2c-3noc2-c2noc(-c3ccccc3)c2C(F)(F)F)C1,22.0,-1.3424226808222062,1,train
OCC1COCCN1Cc1ccc2c(c1)CCc1c-2noc1-c1noc(-c2ccccc2)c1C(F)(F)F,599.9999999999997,-2.7781512503836434,0,train
CC(N)(CO)CCc1ccc2c(c1)CCc1c-2noc1-c1noc(-c2ccccc2)c1C(F)(F)F,22.0,-1.3424226808222062,0,train
CC(N)(CCc1ccc2c(c1)CCc1c-2noc1-c1noc(-c2ccccc2)c1C(F)(F)F)C(=O)O,16.0,-1.2041199826559248,0,train
N#CC1(NC(=O)C(O)c2ccc3c(c2)CCc2c-3noc2-c2noc(-c3ccccc3)c2C(F)(F)F)CC1,4.1,-0.6127838567197355,0,train
COCCOc1ccc(-c2nnc(-c3ccc4c(c3)CC(N)(CO)CC4)o2)cc1,31.7,-1.5010592622177514,0,train
CC(C)Oc1ccc(-c2nnc(-c3ccc4c(c3)CC(N)(CO)CC4)o2)cc1C(F)(F)F,0.4,0.3979400086720376,0,test
NC1(CO)CCc2cc(-c3nc(-c4ccnc([N+](=O)[O-])c4)no3)ccc2C1,620.0,-2.792391689498254,0,test
COc1ccc(-c2nnc(-c3ccc4c(c3)CC(N)(CO)CC4)o2)cc1C,16.0,-1.2041199826559248,1,test
CC(C)Oc1ccc(-c2nnc(-c3ccc4c(c3)CC(N)(CO)CC4)o2)cc1,46.0,-1.662757831681574,0,test
COCCOc1ccc(-c2nnc(-c3ccc4c(c3)CC(N)(CO)CC4)o2)cc1C(F)(F)F,10.2,-1.0086001717619175,0,test
COCCOc1ccc(-c2nnc(-c3ccc4c(c3)CC(N)(CO)CC4)o2)cc1C,41.10000000000001,-1.6138418218760693,0,train
CC(C)Oc1ccc(-c2nnc(-c3ccc4c(c3)CC(N)(CO)CC4)o2)cn1,61.2,-1.7867514221455612,0,train
CCOc1ccc(-c2nnc(-c3ccc4c(c3)CC(N)(CO)CC4)o2)cc1OCC,179.00000000000006,-2.2528530309798933,1,train
Cc1cc(-c2nnc(-c3ccc4c(c3)CC(CO)(NCc3ccccc3)CC4)o2)ccc1OC(C)C,179.00000000000006,-2.2528530309798933,0,train
Cc1cc(-c2nnc(-c3ccc4c(c3)CC(N)(CO)CC4)o2)ccc1OC(C)C,3.0,-0.4771212547196624,0,train
CCNC1(CO)CCc2ccc(-c3nnc(-c4ccc(OC(C)C)c(C)c4)o3)cc2C1,37.6,-1.575187844927661,0,test
Cc1cc(-c2nnc(-c3ccc4c(c3)CC(CO)(N(C)C)CC4)o2)ccc1OC(C)C,46.0,-1.662757831681574,0,train
CC(=O)NC1(CO)CCc2ccc(-c3nnc(-c4ccc(OC(C)C)c(C)c4)o3)cc2C1,45.5,-1.6580113966571124,0,train
Cc1cc(-c2nnc(-c3ccc4c(c3)CC(CO)(NS(C)(=O)=O)CC4)o2)ccc1OC(C)C,85.99999999999999,-1.934498451243568,0,test
Cc1cc(-c2noc(-c3ccc4c(c3)CCC(N)(CO)C4)n2)ccc1OC(C)C,1.2,-0.0791812460476248,0,train
Cc1cc(C2=NC(c3ccc4c(c3)CC(N)(CO)CC4)N=N2)ccc1OC(C)C,0.4,0.3979400086720376,0,train
CCCCCCCCc1ccc(CNCCCP(C)(=O)O)cc1,12.000000000000002,-1.0791812460476249,1,train
CCCCCCCCc1ccc(CNCCCC(=O)O)cc1,7.699999999999999,-0.8864907251724818,0,test
CCCCCCCCc1ccc(CN2CC(C(=O)O)C2)cc1,17.999999999999996,-1.255272505103306,1,test
CCC/N=C1\S/C(=C\c2ccc(C(=O)OC)c(Cl)c2)C(=O)N1c1ccccc1C,2.512,-0.4000196350651585,1,test
CCC/N=C1\S/C(=C\c2ccc(C(=O)OC)cc2)C(=O)N1c1ccccc1C,316.23,-2.500003068051693,1,train
CCC/N=C1\S/C(=C\c2ccc(C(=O)OCCO)cc2)C(=O)N1c1ccccc1C,125.88999999999992,-2.099991233544684,1,train
CCC/N=C1\S/C(=C\c2ccc(C(=O)NCCO)cc2)C(=O)N1c1ccccc1C,100.0,-2.0,0,test
CCCc1c(-c2nc(-c3ccc(C(O)CN4CCCCC4CC(=O)O)cc3)no2)noc1-c1ccccc1,7.0,-0.8450980400142568,0,train
CCCc1c(-c2nc(-c3ccc([C@H](O)CN4CCCC4CC(=O)O)cc3)no2)noc1-c1ccccc1,36.0,-1.5563025007672873,0,train
CCCc1c(-c2nc(-c3ccc(C(O)CN4CCC(C(=O)O)C4)cc3)no2)noc1-c1ccccc1,0.69,0.1611509092627447,0,train
CCCc1c(-c2nc(-c3ccc(C(O)CNCCC(=O)O)cc3)no2)noc1-c1ccccc1,0.13,0.8860566476931632,0,test
CCCc1c(-c2nc(-c3ccc(C(O)CN)cc3)no2)noc1-c1ccccc1,1.5,-0.1760912590556812,0,train
CCCc1c(-c2nc(-c3ccc(C(O)CN4CCCC(O)C4)cc3)no2)noc1-c1ccccc1,12.999999999999998,-1.1139433523068367,0,test
CCCc1c(-c2nc(-c3ccc(C(O)CN4CCNC(C(=O)O)C4)cc3)no2)noc1-c1ccccc1,9.4,-0.9731278535996988,0,test
O=C(O)C1CN(CC(O)c2ccc(-c3noc(-c4onc(-c5ccccc5)c4C(F)(F)F)n3)cc2)C1,5.800000000000001,-0.7634279935629373,0,train
O=C(O)[C@H]1CCCN(CC(O)c2ccc(-c3noc(-c4onc(-c5ccccc5)c4C(F)(F)F)n3)cc2)C1,0.4699999999999999,0.3279021420642826,0,train
O=C(O)C[C@H]1CCCN(CC(O)c2ccc(-c3noc(-c4onc(-c5ccccc5)c4C(F)(F)F)n3)cc2)C1,0.11,0.958607314841775,0,train
CCC/N=C1\S/C(=C\c2ccc(O)c(Cl)c2)C(=O)N1c1ccccc1C,39.81,-1.599992177584098,1,train
CCC/N=C1\S/C(=C\c2ccc(O)c(Cl)c2)C(=O)N1c1ccccc1OC,63.1,-1.8000293592441343,0,train
CCC/N=C1\S/C(=C\c2ccc(O)c(Cl)c2)C(=O)N1C(C)C,158.49,-2.200001865406602,0,train
CCC/N=C1\S/C(=C\c2ccc(O)c(Cl)c2)C(=O)N1C1CCOCC1,39.81,-1.599992177584098,1,train
CCC/N=C1\S/C(=C\c2ccc(O)c(Cl)c2)C(=O)N1C1CCS(=O)(=O)CC1,199.52999999999992,-2.300008202553813,0,test
CCC/N=C1\S/C(=C\c2ccc(O)c(Cl)c2)C(=O)N1C1CC1,630.96,-2.800001827817969,1,train
CCC/N=C1\S/C(=C\c2ccc(O)c(Cl)c2)C(=O)N1c1ccccc1O,251.18999999999997,-2.400002345927956,1,train
Cc1ccccc1N1C(=O)/C(=C/c2ccc(O)c(Cl)c2)S/C1=N\C1COC1,50.11999999999999,-1.7000110623221123,0,train
Cc1ccccc1N1C(=O)/C(=C/c2ccc(O)c(Cl)c2)S/C1=N\C1CC(F)(F)C1,199.52999999999992,-2.300008202553813,0,train
COCC/N=C1\S/C(=C\c2ccc(O)c(Cl)c2)C(=O)N1c1ccccc1C,501.1899999999998,-2.7000023971422538,1,train
Cc1ccccc1N1C(=O)/C(=C/c2ccc(O)c(Cl)c2)S/C1=N\CCCF,25.120000000000005,-1.4000196350651586,1,train
CCC/N=C1\S/C(=C\c2ccc(O)c(Br)c2)C(=O)N1c1ccccc1C,19.95,-1.299942900022767,1,train
CCC/N=C1\S/C(=C\c2ccc(O)c(C(F)(F)F)c2)C(=O)N1c1ccccc1C,31.619999999999997,-1.4999618655961902,0,train
CCC/N=C1\S/C(=C\c2ccc(O)cn2)C(=O)N1c1ccccc1C,100.0,-2.0,0,train
CCC/N=C1\S/C(=C\c2ccc(O)cc2)C(=O)N1c1ccccc1C,79.42999999999999,-1.899984562549391,0,train
CCC/N=C1\S/C(=C\c2ccc(O)c(C)c2)C(=O)N1c1ccccc1C,25.120000000000005,-1.4000196350651586,1,test
CCOCCC[C@H]1CCc2cc([C@H]3CC[C@](N)(COP(=O)(O)O)C3)ccc2C1,0.04,1.3979400086720375,0,train
COCCCCC[C@@H]1CCc2cc([C@H]3CC[C@](N)(COP(=O)(O)O)C3)ccc2C1,0.016,1.7958800173440752,0,train
COc1ccccc1CC[C@@H]1CCc2cc([C@H]3CC[C@](N)(COP(=O)(O)O)C3)ccc2C1,0.0139999999999999,1.853871964321762,0,test
OCc1ccc(-c2noc(-c3ccc(OCC[18F])c(C(F)(F)F)c3)n2)cc1,6.7,-0.8260748027008264,0,train
OCCOCc1ccc(-c2noc(-c3ccc(OCC[18F])c(C(F)(F)F)c3)n2)cc1,13.999999999999998,-1.146128035678238,0,train
OCC(O)c1ccc(-c2noc(-c3ccc(OCC[18F])c(C(F)(F)F)c3)n2)cc1,15.4,-1.187520720836463,0,train
Cc1ccccc1-c1ccc(-c2nc(-c3ccc(CN(C)CCC(=O)O)c(F)c3)no2)cc1C(F)(F)F,2.13,-0.3283796034387377,0,train
