smiles,exp_mean [nM],y,cliff_mol,split
COc1ccc(NCc2cnc3nc(N)nc(N)c3c2C)c(OC)c1,50599.99999999996,-4.704150516839799,0,train
COc1ccc(NCc2cnc3nc(N)nc(N)c3c2C)c2ccccc12,85.00000000000003,-1.9294189257142929,0,test
COc1ccc(OC)c(N(C)Cc2cnc3nc(N)nc(N)c3c2C)c1,5560.0,-3.7450747915820575,0,train
Cc1cc(-c2nc3ccccc3s2)ccc1N,43651.57999999998,-4.639999967923897,0,train
Cc1cc(-c2nc3ccc(O)cc3s2)ccc1N,39810.72,-4.600000032123142,0,test
Cc1c2ccncc2c(C)c2c1[nH]c1ccc(CN(CCO)CCO)cc12,220.0,-2.342422680822206,0,train
Cc1c2ccncc2c(C)c2c1[nH]c1ccc(CNCCN(C)C)cc12,249.99999999999997,-2.397940008672037,0,train
CCN(CC)CCNCc1ccc2[nH]c3c(C)c4ccncc4c(C)c3c2c1,60.0,-1.7781512503836436,0,train
Cc1c2ccncc2c(C)c2c1[nH]c1ccc(CO)cc12,620.0,-2.792391689498254,0,train
O=C(Nc1cccc2nsnc12)c1cc2c(cc1Cl)Sc1nccn1S2(=O)=O,1778.2799999999995,-3.2500001440812936,0,train
Cc1ccc2cccc(NC(=O)c3cc4c(cc3Cl)Sc3nccn3S4(=O)=O)c2n1,12022.640000000005,-4.079999843002943,0,test
N#Cc1cc(-c2nc3cc(F)ccc3s2)ccc1N,11.48,-1.0599418880619549,0,train
O=C(Nc1nccs1)c1cc2c(cc1Cl)Sc1nccn1S2(=O)=O,17378.01,-4.240000042797308,0,test
C=C1CC(COc2ccc3ccccc3c2)(c2ccccc2)OC1=O,12882.500000000004,-4.110000151133113,0,train
C=C1CC(COc2cccc3ccccc23)(c2ccccc2)OC1=O,15848.930000000002,-4.199999947261554,0,train
C=C1CC(COc2cccc3ccc(C)nc23)(c2ccccc2)OC1=O,12022.640000000005,-4.079999843002943,0,train
C=C1CC(COc2ccc3cccc(O)c3n2)(c2ccccc2)OC1=O,8511.379999999997,-3.9299999805071786,0,train
C=C1CC(COc2cccc3cccnc23)(c2ccccc2)OC1=O,14791.080000000014,-4.169999886026384,0,train
C=C1CC(COc2ccccc2)(c2ccccc2)OC1=O,15488.170000000013,-4.190000106858478,0,train
COc1ccc(N(C)c2ccc3nc(N)nc(N)c3n2)cc1,20.000000000000004,-1.3010299956639813,0,train
COc1cc(N(C)c2ccc3nc(N)nc(N)c3n2)cc(OC)c1OC,11000.000000000007,-4.041392685158225,0,train
Nc1nc(N)c2nc(Nc3ccccc3)ccc2n1,8019.999999999998,-3.9041743682841634,0,test
CN(c1ccccc1)c1ccc2nc(N)nc(N)c2n1,70.00000000000001,-1.845098040014257,0,train
Cc1c2cnccc2c(C)c2c1c1ccccc1n2CC(=O)NCCCCCCNC(=O)C[C@]1(O)CC[C@H]2[C@@H]3CCc4cc(O)ccc4[C@H]3CC[C@@]21C,71399.99999999994,-4.853698211776174,0,train
Cc1c2c(c(C)c3c1[nH]c1ccccc13)CN(C(=O)NCCCCCCNC(=O)C[C@]1(O)CC[C@H]3[C@@H]4CCc5cc(O)ccc5[C@H]4CC[C@@]31C)C=C2,2680.000000000001,-3.428134794028789,1,train
Cc1c2ccncc2c(C)c2c1[nH]c1ccc(C(=O)NCCCCCCNC(=O)C[C@]3(O)CC[C@H]4[C@@H]5CCc6cc(O)ccc6[C@H]5CC[C@@]43C)cc12,28000.00000000001,-4.447158031342219,1,train
Cc1c2ccncc2c(C)c2c1[nH]c1ccccc12,309.99999999999994,-2.4913616938342726,0,train
COc1cc2c(cc1OC)[C@H]1c3cc(OC)c(OC)c(OC)c3OC[C@H]1[C@H](CO)C2,8709.64,-3.940000204462932,0,train
COc1cc2c(cc1OC)[C@]1(c3cc(OC)c(OC)c(OC)c3)OC[C@H](C2)[C@@H]1C,2137.96,-3.3299995755491936,1,train
COc1cc2c(c(OC)c1OC)OC[C@H]1[C@H](COC(C)=O)Cc3cc4c(cc3[C@@H]21)OCO4,21877.620000000006,-4.340000074650098,0,train
COc1cc([C@]23OC[C@H](Cc4cc5c(cc42)OCO5)[C@@H]3COC(C)=O)cc(OC)c1OC,4365.16,-3.6400001669061024,0,train
COc1cc([C@]23OC[C@H](Cc4cc5c(cc42)OCO5)[C@@H]3CO)cc(OC)c1OC,6165.95,-3.7899999986888777,0,train
COc1cc2c(c(OC)c1OC)OC[C@H]1[C@H](CO)Cc3cc4c(cc3[C@@H]21)OCO4,47863.01000000001,-4.680000006966206,0,train
COc1cc2c(cc1OC)[C@]1(c3cc(OC)c(OC)c(OC)c3)OC[C@H](C2)[C@@H]1CO,43651.57999999998,-4.639999967923897,1,test
O=C(Oc1ccc(Cl)cc1)c1ccccc1Nc1ccnc(C(F)(F)F)c1,17000.000000000007,-4.230448921378274,0,train
O=C(Oc1ccc(Cl)cc1Cl)c1ccccc1Nc1ccnc(C(F)(F)F)c1,14000.000000000004,-4.146128035678238,0,train
O=C(Oc1cccc(Cl)c1)c1ccccc1Nc1ccnc(C(F)(F)F)c1,23000.00000000001,-4.361727836017593,0,train
O=C(Oc1c(Cl)cc(Cl)cc1Cl)c1ccccc1Nc1ccnc(C(F)(F)F)c1,20000.000000000004,-4.301029995663981,0,train
O=C(Oc1ccccc1Cl)c1ccccc1Nc1ccnc(C(F)(F)F)c1,4799.999999999999,-3.681241237375587,0,train
O=C(Oc1cccnc1)c1ccccc1Nc1ccnc(C(F)(F)F)c1,2900.0,-3.462397997898956,0,train
CCOC(=O)CNC(=O)c1ccccc1Nc1ccnc(C(F)(F)F)c1,32000.000000000025,-4.505149978319906,0,train
COc1cccc(OC(=O)c2ccccc2Nc2ccnc(C(F)(F)F)c2)c1,7400.000000000001,-3.869231719730976,0,train
CCCCc1c2c(c(C)c3c1C(=O)OC3)Oc1ccccc1O2,933.2499999999995,-2.969997998598342,0,train
COc1ccc(-n2cnnc2-c2cc(OC)c(OC)c(OC)c2)cc1,5623.410000000002,-3.7499997488564176,1,train
COc1cc(-c2nncn2-c2ccc(N(C)C)cc2)cc(OC)c1OC,2630.269999999999,-3.4200003315663743,0,train
COc1ccc(-n2cnnc2-c2cc(OC)c(OC)c(OC)c2)cc1O,91201.07999999996,-4.959999981258934,1,train
COc1ccc(-n2cnnc2-c2cc(OC)c(OC)c(OC)c2)cc1F,8128.31,-3.910000258512931,1,train
COc1cc(/C=C/c2cc(O)c(CC=C(C)C)c(O)c2)cc2c1O[C@]1(C)C[C@@H](O)[C@@H](O)C(C)(C)[C@H]1C2,288.40000000000003,-2.4599952560473914,0,train
CN(/N=N/c1nc(OCc2ccccc2)c2nc[nH]c2n1)C(=O)Oc1ccc([N+](=O)[O-])cc1,9332.539999999995,-3.969999860022617,0,train
CN(/N=N/c1nc(OCc2ccccc2)c2nc[nH]c2n1)C(=O)N(C)/N=N/c1nc(OCc2ccccc2)c2nc[nH]c2n1,41686.94000000002,-4.620000017220603,0,train
C=CCC(NCc1ccccc1)c1cn(C(=O)OCC)c2ccccc12,33113.11000000002,-4.519999971824542,0,test
C=CC[C@@H](N[C@@H](CO)c1ccccc1)c1cn(Cc2ccccc2Cl)c(=O)n(Cc2ccccc2Cl)c1=O,26915.349999999984,-4.430000031637508,0,test
C=CC[C@@H](N[C@@H](CO)c1ccccc1)c1cn(S(=O)(=O)c2ccc(C)cc2)c2ccccc12,11220.18,-4.049999824155409,0,train
C=CC[C@H](N[C@H](CO)C(C)C)c1cn(C(=O)OCC)c2ccccc12,25118.86,-4.399999925393822,0,train
O=C(Cc1csc2nc(-c3ccc(Br)cc3)cn12)N/N=C/c1ccccc1,19054.60999999999,-4.280000064282089,1,test
Nc1nc2[nH]cnc2c(=S)[nH]1,7413.100000000003,-3.8699998586345257,0,train
O=C(Cc1csc2nc(-c3ccc(Br)cc3)cn12)N/N=C/c1ccc(Cl)cc1Cl,24547.089999999986,-4.390000014917257,0,train
COc1cccc(OC)c1/C=N/NC(=O)Cc1csc2nc(-c3ccc(Br)cc3)cn12,14791.080000000014,-4.169999886026384,0,train
O=C(Cc1csc2nc(-c3ccc(Br)cc3)cn12)N/N=C/c1ccc(O)cc1,4365.16,-3.6400001669061024,0,train
O=C(Cc1csc2nc(-c3ccc(Br)cc3)cn12)N/N=C/c1ccccc1O,2137.96,-3.3299995755491936,0,train
CN(CCCCCl)P(=O)(OCc1ccc([N+](=O)[O-])o1)OC[C@H]1O[C@@H](n2ccc(N)nc2=O)C(F)(F)[C@@H]1O,3500.0000000000005,-3.544068044350276,0,train
C/C=C1\NC(=O)[C@H](Cc2ccccc2)NC(=O)[C@@H](C(C)C)NC(=O)[C@@H]([C@@H](C)CC)NC(=O)[C@H](NC(=O)[C@H](NC(=O)[C@H](CCCNCc2ccc(F)cc2)NC(=O)[C@H]2CCCN2C(=O)[C@@H](NC(=O)[C@H](NC(=O)[C@H](NC(=O)[C@@H](NC(=O)CCCC(C)C)C(C)C)[C@H](C)O)C(C)C)C(C)C)[C@@H](C)CC)[C@@H](C)OC(=O)[C@H](C(C)C)NC1=O,203.00000000000003,-2.307496037913213,0,train
CC(=O)O[C@H]1C(=O)[C@@]2(C)[C@H]([C@H](OC(=O)c3ccccc3)[C@]3(O)C[C@H](OC(=O)[C@H](O)[C@@H](NC(=O)c4ccccc4)c4ccccc4)C(C)=C1C3(C)C)[C@]1(OC(C)=O)CO[C@@H]1C[C@@H]2O,12.75,-1.105510184769974,0,train
C/C=C1\NC(=O)[C@H](Cc2ccccc2)NC(=O)[C@@H](C(C)C)NC(=O)[C@@H]([C@@H](C)CC)NC(=O)[C@H](NC(=O)[C@H](NC(=O)[C@H](CCCNC(=O)c2cc3ccc(N(CC)CC)cc3oc2=O)NC(=O)[C@H]2CCCN2C(=O)[C@@H](NC(=O)[C@H](NC(=O)[C@H](NC(=O)[C@@H](NC(=O)CCCC(C)C)C(C)C)[C@H](C)O)C(C)C)C(C)C)[C@@H](C)CC)[C@@H](C)OC(=O)[C@H](C(C)C)NC1=O,165.0,-2.2174839442139063,0,train
C/C=C1\NC(=O)[C@H](Cc2ccccc2)NC(=O)[C@@H](C(C)C)NC(=O)[C@@H]([C@@H](C)CC)NC(=O)[C@H](NC(=O)[C@H](NC(=O)[C@H](CCCNCc2cccs2)NC(=O)[C@H]2CCCN2C(=O)[C@@H](NC(=O)[C@H](NC(=O)[C@H](NC(=O)[C@@H](NC(=O)CCCC(C)C)C(C)C)[C@H](C)O)C(C)C)C(C)C)[C@@H](C)CC)[C@@H](C)OC(=O)[C@H](C(C)C)NC1=O,167.0,-2.2227164711475837,0,train
C/C=C1\NC(=O)[C@H](Cc2ccccc2)NC(=O)[C@@H](C(C)C)NC(=O)[C@@H]([C@H](C)CC)NC(=O)[C@H](NC(=O)[C@H](NC(=O)[C@H](CCCN)NC(=O)[C@H]2CCCN2C(=O)[C@H](NC(=O)[C@@H](NC(=O)[C@@H](NC(=O)[C@H](NC(=O)CCCC(C)C)C(C)C)[C@@H](C)O)C(C)C)C(C)C)[C@H](C)CC)[C@H](C)OC(=O)[C@H](C(C)C)NC1=O,191.00000000000009,-2.281033367247728,0,train
C/C=C1\NC(=O)[C@H](Cc2ccccc2)NC(=O)[C@@H](C(C)C)NC(=O)[C@@H]([C@@H](C)CC)NC(=O)[C@H](NC(=O)[C@H](NC(=O)[C@H](CCCNCc2ccncc2)NC(=O)[C@H]2CCCN2C(=O)[C@@H](NC(=O)[C@H](NC(=O)[C@H](NC(=O)[C@@H](NC(=O)CCCC(C)C)C(C)C)[C@H](C)O)C(C)C)C(C)C)[C@@H](C)CC)[C@@H](C)OC(=O)[C@H](C(C)C)NC1=O,131.00000000000006,-2.1172712956557644,0,train
O=c1/c(=C/c2ccc(Cl)cc2)sc2ncnn12,13182.570000000002,-4.120000086131552,0,train
COc1ccc(NC(=O)CC2Sc3ncnn3C2=O)cc1,97723.72000000004,-4.989999990687018,0,train
CC(=O)O[C@H]1C[C@H]2[C@@H]([C@H](OC(C)=O)C[C@@H]3CC4(CC[C@@]32C)OOC2(CCC(C)CC2)OO4)[C@@H]2CC[C@H]([C@H](C)CCC(=O)NCCN(C)C)[C@@]12C,1460.0000000000002,-3.164352855784437,0,test
C[As](C)SCC(O)CO,1122.0199999999998,-3.0500005982857616,0,test
C[As](C)SCC(COC(=O)C(Cl)c1ccccc1)OC(=O)C(Cl)c1ccccc1,1659.5899999999992,-3.220000809286663,0,train
CC(C)[As](SCC(O)CO)C(C)C,2570.4,-3.4100007125434617,0,train
CCC[As](CCC)SCC(O)CO,1412.54,-3.150000754922137,0,train
CC[As](CC)SCC(O)CO,2511.8899999999985,-3.40000061697638,0,train
Cn1cc(-c2cc(-c3cn(C)c4ccc(Cl)cc34)[nH]n2)c2cc(Cl)ccc21,5729.999999999998,-3.75815462196739,0,test
COc1ccc2[nH]c(-c3ccc(-c4c[nH]c5ccc(OC)cc45)s3)cc2c1,21800.00000000001,-4.338456493604605,0,train
CCCc1cc(=O)c2c(OC)c3c(OC)cc(O)c(Oc4c(O)cc(OC)c5c(OC)c6c(=O)cc(CCC)oc6cc45)c3cc2o1,13489.629999999996,-4.130000037799257,0,test
COc1cc(O)cc2cc3oc(C)cc(=O)c3c(O)c12,26915.349999999984,-4.430000031637508,0,train
CCCc1cc(=O)c2c(O)c3c(OC)cc(O)cc3cc2o1,26302.680000000004,-4.420000001338187,0,train
CC(=O)[C@@H]1[C@@H](O)C[C@H]2C3CC[C@H]4C(C)(C)CCC[C@]4(CO)[C@H]3C[C@H]3OC(=O)[C@@H]1[C@@]32C,44668.35999999999,-4.650000007631338,0,train
CC(=O)O[C@@H]1C[C@H]2[C@]3(C)CC[C@H]4C(C)(C)CCC[C@]4(C)[C@H]3C[C@H](O)[C@]2(C)[C@@H](C=O)[C@@H]1C(C)=O,2137.96,-3.3299995755491936,0,train
CC(=O)O[C@H]1C[C@H]2[C@@](C)(CC[C@H]3C(C)(C)CCC[C@@]32CO)[C@@H]2CC=C(C(C)=O)[C@H](C=O)[C@@]12C,1905.4599999999991,-3.279999836361079,0,train
CC1OC(=O)[C@H]2[C@H]1[C@@H](O)C[C@H]1[C@]3(C)CC[C@H]4C(C)(C)CCC[C@]4(C)[C@H]3C[C@@H](O)[C@]21C,31622.78000000002,-4.500000046671104,0,train
CC(=O)C1=CC[C@H]2[C@]3(C)CC[C@H]4C(C)(C)CCC[C@]4(C(=O)O)[C@H]3CC(=O)[C@]2(C)[C@H]1C=O,3548.130000000001,-3.549999523574668,0,train
COc1cc(/C=C/C(=O)c2ccccc2O)ccc1OCCCOc1cc2c(cc1OC)C(=O)N1CCC[C@H]1C=N2,307.0,-2.4871383754771865,0,train
O=C1C(NCc2ccccc2)=CC2=NCCc3c[nH]c1c32,630.96,-2.800001827817969,0,train
COc1ccc(CCNC2=CC3=NCCc4c[nH]c(c43)C2=O)cc1OC,2818.3799999999987,-3.4499995483109744,0,train
O=C1C(NCCc2ccc3c(c2)OCO3)=CC2=NCCc3c[nH]c1c32,2818.3799999999987,-3.4499995483109744,0,train
O=C1C(NCc2ccc(F)cc2)=CC2=NCCc3c[nH]c1c32,1174.9000000000003,-3.070000903802345,0,train
C[C@@H]1[C@]2(O[C@H]3C=C4[C@@H]5CC[C@H]6Cc7nc8c(nc7C[C@]6(C)[C@H]5C[C@@H](O)[C@]4(C)[C@]31O)C[C@@H]1CC[C@H]3C4=CC[C@@H]5[C@H](C)[C@@]6(OC[C@]45C(=O)C[C@]3(O)[C@@]1(C)C8)OC(C)(C)C[C@H]6O)O[C@](C)(CO)C[C@H]2O,28.180000000000003,-1.4499409887733377,0,train
Cn1c2ccccc2c2c(=O)n(CCCC(=O)NCCc3c[nH]cn3)c3c(-c4ccccc4)nnn3c21,10964.77999999999,-4.03999992231135,0,train
CCCCN(CCCC)CCCn1c(=O)c2c3ccccc3n(C)c2n2nnc(-c3ccccc3)c12,28840.31999999998,-4.460000074822121,0,train
COc1cc2c(cc1OCCCCCn1c(-c3ccco3)nc3ccccc31)N=C[C@@H]1CCCN1C2=O,30.0,-1.4771212547196624,1,train
COc1cc2c(cc1OCCCCn1c(-c3cccs3)nc3ccccc31)N=C[C@@H]1CCCN1C2=O,2700.0000000000005,-3.431363764158988,1,train
COc1ccc(C(=O)O[C@H]2[C@H](O[C@@H]3[C@@H](OC(C)=O)[C@H](O[C@H]4C[C@H]5[C@@H]6CC=C7C[C@@H](O)CC[C@]7(C)[C@H]6CC[C@]5(C)[C@@]4(O)[C@H](C)C(=O)CCC(C)C)OC[C@@H]3O)OC[C@@H](O)[C@@H]2O)cc1,26.92,-1.4300750555519393,0,train
Cc1cc(O)c2c(c1)C(=O)c1cc(O)cc(O)c1C2=O,35481.33999999997,-4.550000013178191,0,train
C[C@H]1[C@H](O[C@@H]2O[C@@H]3O[C@]4(C)CC[C@H]5[C@H](C)CC[C@@H]([C@H]2C)[C@@]35OO4)O[C@@H]2O[C@]3(C)CC[C@H]4[C@H](C)CC[C@@H]1[C@@]24OO3,10799.999999999993,-4.033423755486949,1,test
Nc1ccccc1C#C/C=C\C#Cc1ccccc1C(F)(F)F,12099.999999999993,-4.08278537031645,0,train
Nc1cc(N)c2nc(-c3ccccc3)c(Nc3ccc(Cl)c(Cl)c3)nc2c1,30199.51999999998,-4.480000040208542,0,train
COc1cc(Nc2nc3cc(N)cc(N)c3nc2-c2ccccc2)cc(OC)c1OC,79432.82,-4.899999981014695,1,train
COc1cc(Nc2nc3cc(N)cc(N)c3nc2-c2ccccc2)cc(OC)c1,13803.839999999997,-4.139999916751019,0,train
COc1ccc(Nc2nc3cc(N)cc(N)c3nc2-c2ccccc2)cc1,23442.29,-4.370000034214039,0,test
Nc1cc(N)c2nc(-c3ccccc3)c(Nc3ccc(F)cc3)nc2c1,16982.440000000006,-4.230000088876488,0,test
CCOC(=O)CCC(NC(=O)c1ccc(Nc2nc3cc(N)cc(N)c3nc2-c2ccccc2)cc1)C(=O)OCC,41686.94000000002,-4.620000017220603,0,train
Cc1cc(S(=O)(=O)Nc2nc3cscc3c(=O)n2Cc2ccccc2)c(S)cc1Cl,18200.00000000001,-4.260071387985075,0,train
Cc1cc(S(=O)(=O)Nc2nc3ccsc3c(=O)n2Cc2ccccc2)c(S)cc1Cl,19500.00000000001,-4.290034611362518,0,train
Cc1ccc(C2=Nc3c(N)ncnc3NC(c3ccc4c(c3)OCO4)C2)cc1,16500.000000000015,-4.217483944213907,0,test
Nc1ncnc2c1N=C(c1ccc3c(c1)OCO3)CC(c1ccc(Cl)cc1)N2,16900.000000000015,-4.227886704613674,0,train
Nc1nn(C(=O)Nc2ccc(Cc3ccccc3)cc2)c2ccccc12,27800.0,-4.444044795918076,0,test
CCCCOc1ccc(NC(=O)n2nc(N)c3ccccc32)cc1,20599.999999999996,-4.313867220369153,0,test
O=C(Nc1ccccc1OC(F)(F)F)Nc1n[nH]c2ccccc12,81599.99999999994,-4.911690158753861,0,train
CCOC(=O)[C@H](CCC(=O)O)NC(=O)c1ccc(Oc2nc3cc(N)cc(N)c3nc2-c2ccccc2)cc1,67608.30000000006,-4.830000015807419,0,test
COc1ccc(Sc2nc3cc(N)cc(N)c3nc2-c2ccccc2)cc1,35481.33999999997,-4.550000013178191,0,train
CCOC(=O)[C@H](CCC(=O)O)NC(=O)c1ccc(Sc2nc3cc(N)cc(N)c3nc2-c2ccccc2)cc1,34673.68999999998,-4.540000062059139,0,train
Nc1cc(N)c2nc(-c3ccccc3)c(Oc3ccc(Cl)c(Cl)c3)nc2c1,21379.620000000003,-4.329999981818983,0,test
Nc1cc(N)c2nc(-c3ccccc3)c(Sc3ccc(F)cc3)nc2c1,20417.379999999983,-4.310000011769247,0,test
Nc1cc(N)c2nc(-c3ccccc3)c(Oc3ccc(F)cc3)nc2c1,16982.440000000006,-4.230000088876488,0,test
Nc1cc(N)c2nc(-c3ccccc3)c(Sc3ccc(Cl)c(Cl)c3)nc2c1,7079.459999999998,-3.850000132271096,0,train
COc1cc(OC)cc(Oc2nc3cc(N)cc(N)c3nc2-c2ccccc2)c1,2238.7200000000007,-3.349999779126545,0,train
COc1cc(CNc2nc3cc(N)cc(N)c3nc2-c2ccccc2)cc(OC)c1,44668.35999999999,-4.650000007631338,1,train
COc1ccc(CNc2nc3cc(N)cc(N)c3nc2-c2ccccc2)cc1,22908.680000000004,-4.360000065827037,0,train
COc1ccc(CNc2nc3cc(N)cc(N)c3nc2-c2ccccc2)cc1OC,22908.680000000004,-4.360000065827037,0,train
Nc1cc(N)c2nc(-c3ccccc3)c(NCc3ccc(Cl)c(Cl)c3)nc2c1,13489.629999999996,-4.130000037799257,0,train
Nc1cc(N)c2nc(-c3ccccc3)c(NCc3ccc(F)cc3)nc2c1,3467.3699999999985,-3.540000187311,0,train
COc1cc(CNc2nc3cc(N)cc(N)c3nc2-c2ccccc2)cc(OC)c1OC,3019.950000000001,-3.479999752591636,1,train
C#C[C@@H](O)/C=C/CCCCCCCCC/C=C\CCCCCC,53.70000000000001,-1.7299742856995557,1,train
CC1=CC(=O)c2[nH]c3ccccc3c2C1=O,25118.86,-4.399999925393822,0,test
COc1cc(C)cc2c1[nH]c1ccccc12,12882.500000000004,-4.110000151133113,0,train
COc1ccc2c([nH]c3cc(O)c(C)cc32)c1CC=C(C)C,10715.190000000006,-4.029999876284985,0,train
CC(C)=CCCC1(C)C=Cc2c(ccc3c2[nH]c2cc(O)c(C)cc23)O1,6606.929999999998,-3.819999705510485,0,train
C=C(C)C(O)CCC1(C)C=Cc2c(c(C)cc3c2[nH]c2ccccc23)O1,7943.280000000002,-3.899999871665804,0,train
Cc1cc2c(cc1O)[nH]c1cc3c(cc12)C=CC(C)(C)O3,13182.570000000002,-4.120000086131552,0,train
COc1cc(Cn2c3ccccc3c3cc(C)cc(OC)c32)cc2c1[nH]c1ccccc12,25118.86,-4.399999925393822,0,train
COc1cc(Cc2c(C)cc(OC)c3[nH]c4ccccc4c23)cc2c1[nH]c1ccccc12,7244.36,-3.860000023934774,0,train
COc1cc(C(=O)O)cc2c1[nH]c1ccccc12,25118.86,-4.399999925393822,0,train
C#C[C@H](O)/C=C/CCCCCCCCCC/C=C\CCCCCCC[C@H](O)C#CC#CC#CCO,3311.3100000000013,-3.519999840669677,1,train
CC(C)=CCC/C(C)=C/Cc1c(O)cc(/C=C/c2cc(O)c3c(c2)C[C@@H]2C(C)(C)[C@H](O)[C@H](O)C[C@@]2(C)O3)cc1O,6165.95,-3.7899999986888777,0,train
COc1cc(/C=C/c2cc(O)c(C/C=C(\C)CCC=C(C)C)c(O)c2)cc2c1O[C@]1(C)C[C@@H](O)[C@@H](O)C(C)(C)[C@H]1C2,3388.4400000000014,-3.5299997998772934,0,train
C=C1CCCC(C)(C)C1CC[C@@]1(C)CC[C@H]([C@@H](C)C(=O)O)OO1,12499.999999999996,-4.096910013008056,0,train
C=C1CCCC(C)(C)C1CC[C@]1(C)CC[C@H]([C@@H](C)C(=O)OC)OO1,6899.999999999998,-3.838849090737255,0,test
C[C@H]1[C@H](OCCO[C@H]2O[C@@H]3O[C@@]4(C)CC[C@H]5[C@H](C)CC[C@@H]([C@H]2C)[C@@]35OO4)O[C@@H]2O[C@@]3(C)CC[C@H]4[C@H](C)CC[C@@H]1[C@@]24OO3,7899.999999999999,-3.8976270912904414,1,train
C[C@H]1[C@H](OCCCCO[C@H]2O[C@@H]3O[C@@]4(C)CC[C@H]5[C@H](C)CC[C@@H]([C@H]2C)[C@@]35OO4)O[C@@H]2O[C@@]3(C)CC[C@H]4[C@H](C)CC[C@@H]1[C@@]24OO3,16000.00000000001,-4.204119982655925,1,train
COCC(CO[C@H]1O[C@@H]2O[C@@]3(C)CC[C@H]4[C@H](C)CC[C@@H]([C@H]1C)[C@@]24OO3)O[C@H]1O[C@@H]2O[C@@]3(C)CC[C@H]4[C@H](C)CC[C@@H]([C@H]1C)[C@@]24OO3,5960.000000000002,-3.775246259740237,0,train
C[C@H]1[C@@H](O[C@@H](C)CO[C@H]2O[C@@H]3O[C@@]4(C)CC[C@H]5[C@H](C)CC[C@@H]([C@H]2C)[C@@]35OO4)O[C@@H]2O[C@@]3(C)CC[C@H]4[C@H](C)CC[C@@H]1[C@@]24OO3,88.00000000000001,-1.944482672150169,1,train
C[C@H]1[C@@H](OCC(O)CO[C@@H]2C[C@@H]3CC[C@@H](C)[C@@H]4CC[C@@]5(C)OO[C@@]34[C@H](O2)O5)O[C@@H]2O[C@@]3(C)CC[C@H]4[C@H](C)CC[C@@H]1[C@@]24OO3,62499.99999999996,-4.795880017344075,0,train
C[C@H]1[C@@H](OCC(=O)CO[C@H]2O[C@@H]3O[C@@]4(C)CC[C@H]5[C@H](C)CC[C@@H]([C@H]2C)[C@@]35OO4)O[C@@H]2O[C@@]3(C)CC[C@H]4[C@H](C)CC[C@@H]1[C@@]24OO3,8420.0,-3.9253120914996495,1,train
C[C@H]1[C@@H](OCC(CO[C@H]2O[C@@H]3O[C@@]4(C)CC[C@H]5[C@H](C)CC[C@@H]([C@H]2C)[C@@]35OO4)OC(=O)CCC(=O)O)O[C@@H]2O[C@@]3(C)CC[C@H]4[C@H](C)CC[C@@H]1[C@@]24OO3,10200.00000000001,-4.008600171761918,0,train
C=C1[C@@H](OCCCO[C@H]2O[C@@H]3O[C@@]4(C)CC[C@H]5[C@H](C)CC[C@@H](C2=C)[C@@]35OO4)O[C@@H]2O[C@@]3(C)CC[C@H]4[C@H](C)CC[C@@H]1[C@@]24OO3,11200.00000000001,-4.049218022670182,0,train
O=C1N[C@H]2[C@H](O)[C@H](O)[C@@H](O)C[C@@H]2c2cc3c(cc21)OCO3,70.78999999999999,-1.84997191232885,0,train
C=C(C)[C@@H](O)[C@H](O)C[C@H](C)[C@@H]1CC[C@]2(C)C1=CC[C@@H]1[C@@]3(C)CC[C@@H](OC(C)=O)C(C)(C)[C@@H]3C[C@@H](O[C@@H]3O[C@H](COC(C)=O)[C@@H](O)[C@H](O)[C@H]3O)[C@]12C,1862.0899999999992,-3.2700006678154505,0,train
CC(=O)OC[C@H]1O[C@@H](O[C@@H]2C[C@H]3C(C)(C)[C@H](OC(C)=O)CC[C@]3(C)[C@H]3CCC4=C([C@@H](C)C[C@@H](O)[C@H](O)C(C)(C)O)CC[C@@]4(C)[C@@]32C)[C@H](O)[C@@H](O)[C@@H]1O,17378.01,-4.240000042797308,0,test
CC(=O)OC[C@H]1O[C@@H](O[C@@H]2C[C@H]3C(C)(C)[C@H](OC(C)=O)CC[C@]3(C)[C@H]3CC[C@@H]4[C@]5(CC[C@@]4(C)[C@@]32C)O[C@@H]([C@H](O)C(C)(C)O)C[C@@H]5C)[C@H](O)[C@@H](O)[C@@H]1O,1698.2400000000005,-3.229999065949292,0,test
COC(C)(C)[C@@H](O)[C@H](O)C[C@H](C)C1=C2CC[C@@H]3[C@@]4(C)CC[C@@H](OC(C)=O)C(C)(C)[C@@H]4C[C@@H](O[C@@H]4O[C@H](COC(C)=O)[C@@H](O)[C@H](O)[C@H]4O)[C@@]3(C)[C@]2(C)CC1,12882.500000000004,-4.110000151133113,0,train
COC(C)(C)[C@@H](O)[C@H]1C[C@H](C)[C@@]2(CC[C@]3(C)[C@@H]2CC[C@@H]2[C@@]4(C)CC[C@@H](OC(C)=O)C(C)(C)[C@@H]4C[C@@H](O[C@@H]4O[C@H](COC(C)=O)[C@@H](O)[C@H](O)[C@H]4O)[C@]23C)O1,1905.4599999999991,-3.279999836361079,0,test
CC(=O)OC[C@H]1O[C@@H](O[C@@H]2C[C@H]3C(C)(C)[C@H](OC(C)=O)CC[C@]3(C)[C@H]3CC[C@@]45C[C@H](O)C[C@H](C)[C@@H]4CC=C5[C@@]32C)[C@H](O)[C@@H](O)[C@@H]1O,6606.929999999998,-3.819999705510485,0,train
C=C1[C@@H](O)C[C@@]23CC[C@@H]4[C@@]5(C)CC[C@@H](OC(C)=O)C(C)(C)[C@@H]5C[C@@H](O[C@@H]5O[C@H](COC(C)=O)[C@@H](O)[C@H](O)[C@H]5O)[C@@]4(C)C2=CC[C@H]3[C@H]1C,12882.500000000004,-4.110000151133113,0,train
COc1cn2c(cc1=O)C(=O)c1ccnc(CC(C)C)c1-2,1600.000000000001,-3.204119982655925,0,train
COc1cn2c(cc1=O)C(=O)c1ccnc(Cc3ccccc3)c1-2,1099.9999999999998,-3.041392685158225,0,train
O=C1CC(C(F)(F)F)Cc2nc3c(Br)cc(Br)cc3cc21,6259.999999999999,-3.7965743332104296,0,train
CC[C@H](CO)Nc1nc(NCc2ccccc2)n2ncc(C(C)C)c2n1,1861.045,-3.2697568744824093,0,train
COc1cc2ncnc(-c3c[nH]c4cc(F)c(Cl)cc34)c2cc1OC,254.99999999999991,-2.406540180433955,0,train
COc1cc2ncnc(-c3c[nH]c4cc(F)c(Cl)cc34)c2cc1OCCCN1CCOCC1,37.99999999999999,-1.57978359661681,0,train
COC(=O)/C(=C\N1CCN(C(=O)c2ccco2)C1=S)C(C)=O,12399.999999999987,-4.093421685162235,0,train
COC(=O)/C(C#N)=C/N1CCN(C(=O)c2ccco2)C1=S,14000.000000000004,-4.146128035678238,0,train
CCOC(=O)/C(=C/N1CCN(C(=O)c2ccco2)C1=S)C(=O)c1ccccc1,14200.000000000007,-4.152288344383057,0,train
N#CC(C#N)=CN1CCN(C(=O)c2ccco2)C1=S,15500.000000000013,-4.190331698170292,0,train
N#C/C(=C\N1CCN(C(=O)c2ccco2)C1=S)C(N)=O,17599.999999999985,-4.2455126678141495,0,train
N#C/C(=C\N1CCN(C(=O)c2ccco2)C1=S)C(=O)c1ccccc1,23399.99999999998,-4.369215857410143,0,train
CC(=O)/C(=C/N1CCN(C(=O)c2ccco2)C1=S)C(=O)c1ccccc1,27899.99999999999,-4.445604203273597,0,train
N#C/C(=C\N1CCN(C(=O)c2ccco2)C1=S)C(=O)Nc1ccc(Cl)cc1,28599.999999999975,-4.456366033129043,0,test
N#CC(C#N)=CN1CCN(C(=O)c2ccccc2)C1=S,33400.00000000001,-4.523746466811565,0,train
O=C(c1cccs1)N1CCN(C(=O)c2cccs2)C1=S,15500.000000000013,-4.190331698170292,0,train
O=C(c1ccco1)N1CCN(C(=O)c2ccco2)C1=S,15700.000000000013,-4.195899652409234,0,train
O=CN1CCN(c2ccc(Cl)cc2)C1=S,15800.000000000016,-4.198657086954423,0,train
O=C(c1cc(Cl)cc(Cl)c1)N1CCN(C(=O)c2cc(Cl)cc(Cl)c2)C1=S,16800.00000000002,-4.225309281725863,0,train
O=CN1CCN(c2ccc(Cl)c(Cl)c2)C1=S,16800.00000000002,-4.225309281725863,0,train
COc1cc(C(=O)N2CCN(C(=O)c3cc(OC)c(OC)c(OC)c3)C2=S)cc(OC)c1OC,17399.99999999999,-4.2405492482826,0,train
O=C(c1ccc(Cl)cc1Cl)N1CCN(C(=O)c2ccc(Cl)cc2Cl)C1=S,18100.0,-4.2576785748691846,0,train
O=CN1CCN(C(=O)c2ccco2)C1=S,18500.0,-4.267171728403014,0,train
O=CN1CCN(c2cc(Cl)cc(Cl)c2)C1=S,19700.00000000002,-4.294466226161593,0,test
O=C(c1ccc(Cl)c(Cl)c1)N1CCN(C(=O)c2ccc(Cl)c(Cl)c2)C1=S,19799.999999999996,-4.296665190261531,0,train
COc1cc(C(=O)N2CCN(C=O)C2=S)cc(OC)c1OC,24799.99999999998,-4.394451680826216,0,train
O=C(C(=CN1CCN(C(=O)c2ccco2)C1=S)C(=O)c1ccccc1)c1ccccc1,2199.9999999999995,-3.342422680822206,0,train
CC(=O)C(=CN1CCN(C(=O)c2ccco2)C1=S)C(C)=O,4700.000000000001,-3.6720978579357175,0,train
CC1(C)CC[C@]2(C(=O)O)CC[C@]3(C)C(=CC[C@@H]4[C@@]5(C)CC[C@H](O[C@@H]6O[C@H](C(=O)O)[C@@H](O)[C@H](O[C@@H]7O[C@H](CO)[C@H](O)[C@H](O)[C@H]7O)[C@H]6O[C@@H]6O[C@H](CO)[C@@H](O)[C@H](O)[C@H]6O)C(C)(C)[C@@H]5CC[C@]43C)[C@@H]2C1,26000.00000000001,-4.414973347970818,0,train
COC(=O)[C@H]1O[C@@H](O[C@H]2CC[C@]3(C)[C@H]4CC=C5[C@@H]6CC(C)(C)CC[C@]6(C(=O)O)CC[C@@]5(C)[C@]4(C)CC[C@H]3C2(C)C)[C@H](O)[C@@H](O[C@@H]2O[C@H](CO)[C@H](O)[C@H](O)[C@H]2O)[C@@H]1O,7589.999999999996,-3.88024177589548,0,train
CCCCOC(=O)[C@H]1O[C@@H](O[C@H]2CC[C@]3(C)[C@H]4CC=C5[C@@H]6CC(C)(C)CC[C@]6(C(=O)O[C@@H]6O[C@H](CO)[C@@H](O)[C@H](O)[C@H]6O)CC[C@@]5(C)[C@]4(C)CC[C@H]3C2(C)C)[C@H](O)[C@@H](O)[C@@H]1O,4080.000000000001,-3.61066016308988,0,train
CCCCOC(=O)[C@H]1O[C@@H](O[C@H]2CC[C@]3(C)[C@H]4CC=C5[C@@H]6CC(C)(C)CC[C@]6(C(=O)O)CC[C@@]5(C)[C@]4(C)CC[C@H]3C2(C)C)[C@H](O[C@@H]2O[C@H](CO)[C@@H](O)[C@H](O)[C@H]2O)[C@@H](O[C@@H]2O[C@H](CO)[C@H](O)[C@H](O)[C@H]2O)[C@@H]1O,19000.0,-4.278753600952829,0,test
C[C@@H]1CC[C@@]2(OC1)O[C@H]1C[C@H]3[C@@H]4CC[C@H]5C[C@@H](O[C@@H]6O[C@H](CO)[C@H](O[C@@H]7O[C@H](CO)[C@@H](O)[C@H](O[C@@H]8OC[C@@H](O)[C@H](O)[C@H]8O)[C@H]7O[C@@H]7O[C@H](CO)[C@@H](O)[C@H](O)[C@H]7O)[C@H](O)[C@H]6O)[C@H](O)C[C@]5(C)[C@H]4CC[C@]3(C)[C@H]1[C@@H]2C,12000.000000000007,-4.079181246047625,0,train
C=CC/C=C\Cc1csc(C(C)(C)[C@H](O)C/C=C\C(=C)CCNC(=O)OC)n1,15848.930000000002,-4.199999947261554,0,train
CSc1nc2c(c(=O)[nH]1)NC1=C(C(=O)c3ccccc31)C(c1ccccc1)N2,13500.000000000013,-4.130333768495007,0,train
CSc1nc2c(c(=O)[nH]1)NC1=C(C(=O)c3ccccc31)C(c1ccc(F)cc1)N2,13899.999999999996,-4.143014800254095,0,train
COc1cc2c(cc1OCCCOc1cc3c(cc1OC)C(=O)N1CC(F)(F)C[C@H]1C=N3)N=C[C@@H]1CC(F)(F)CN1C2=O,2190.000000000001,-3.3404441148401185,0,test
COc1cc2c(cc1OCCCN1CCN(CCCOc3cc4c(cc3OC)C(=O)N3CC(F)C[C@H]3C=N4)CC1)N=C[C@@H]1CC(F)CN1C2=O,259.9999999999999,-2.4149733479708178,0,train
Nc1nc(O)c(Cc2nn3c(COc4ccc(Cl)cc4)nnc3s2)s1,11220.18,-4.049999824155409,0,test
Cc1nnc2sc(Cc3sc(N)nc3O)nn12,87096.36000000007,-4.940000005008268,0,test
Cc1onc(-c2c3ccccc3c(Cl)c3ccccc23)c1C(=O)Nc1cc(C(=O)NCCCN(C)CCCNC(=O)c2cc(NC(=O)c3c(-c4c5ccccc5c(Cl)c5ccccc45)noc3C)cn2C)n(C)c1,2183.880000000001,-3.3392287710429467,0,train
COc1ccc(/C=N/c2nc3[nH]nc(C)n3c(=O)c2S(=O)(=O)NN2C(=O)C(CN3CCOCC3)SC2c2ccc(OC)cc2)cc1,39799.99999999998,-4.599883072073688,0,train
COc1ccc(/C=N/c2nc3[nH]nc(C)n3c(=O)c2S(=O)(=O)NN2C(=O)C(CN3CCN(C)CC3)SC2c2cccs2)cc1,8180.000000000003,-3.912753303671323,0,train
COc1ccc(/C=N/c2nc3[nH]nc(C)n3c(=O)c2S(=O)(=O)NN2C(=O)C(CN3CCN(C)CC3)SC2c2ccc(OC)cc2)cc1,21100.00000000002,-4.324282455297693,0,train
COc1ccc(/C=N/c2nc3[nH]nc(C)n3c(=O)c2S(=O)(=O)NN2C(=O)C(CN3CCOCC3)SC2c2cccs2)cc1,56899.99999999996,-4.755112266395071,0,train
O=C(Nc1nccs1)NC(C(F)(F)F)C(F)(F)F,87096.36000000007,-4.940000005008268,0,test
O=C(Nc1nc2ccccc2s1)NC(C(F)(F)F)C(F)(F)F,18197.009999999987,-4.260000033744503,0,train
CC(NC(=O)Nc1nc2ccccc2s1)(C(F)(F)F)C(F)(F)F,26915.349999999984,-4.430000031637508,0,train
CCC(NC(=O)Nc1nc2ccccc2s1)(C(F)(F)F)C(F)(F)F,25703.959999999992,-4.410000036703406,0,train
O=c1[nH]cc(F)c(=O)[nH]1,177.83,-2.250005028486896,0,train
CNC(=O)Nc1ccccc1,100000.0,-5.0,0,train
Fc1cc(-c2nnc3n2N=C(c2ccc(Cl)cc2)CS3)c(Cl)cc1Cl,16199.999999999993,-4.209515014542631,0,test
Fc1cc(-c2nnc3n2N=C(c2ccc(Cl)cc2Cl)CS3)c(Cl)cc1Cl,76399.99999999996,-4.88309335857569,0,train
Fc1cc(C2=Nn3c(nnc3-c3cc(F)c(Cl)cc3Cl)SC2)c(Cl)cc1Cl,29099.99999999997,-4.463892988985907,0,train
CC(/C=C/[C@@H]1C[C@]2(CO2)CC(C)(C)O1)=C\C[C@H]1CC[C@@H](NC(=O)/C=C\[C@H](C)OC(=O)C(C)C)CC1,1995.2599999999995,-3.299999496116984,0,train
COc1ccc(C2CC(c3nc4ccccc4[nH]3)=NN2c2ccccc2)cc1OC,21300.00000000002,-4.328379603438738,0,train
O=C(CCCCCCCn1cc(-c2cccnc2)nn1)Nc1ccccc1-c1ccccc1,23099.99999999998,-4.363611979892144,0,train
CCc1nc2ccc3c(c2[nH]1)C(=O)c1ccccc1C3=O,4870.000000000002,-3.6875289612146345,0,train
O=C1c2ccccc2C(=O)c2c1ccc1nccnc21,16300.000000000013,-4.212187604403958,0,train
O=C1c2ccccc2C(=O)c2c1ccc1nsnc21,17399.99999999999,-4.2405492482826,0,train
C#C[C@@]1(O)[C@@H](CO)O[C@@H](n2ccc(N)nc2=O)[C@@H]1O,19.95,-1.299942900022767,0,train
O=c1[nH]c(=O)n([C@H]2C[C@H](O)[C@@H](CO)O2)cc1F,501.1899999999998,-2.7000023971422538,0,test
CN1C(N)=NC(=O)/C1=C/c1cn(Cc2ccccc2Br)c2ccccc12,11000.000000000007,-4.041392685158225,0,train
COC(=O)c1ccc(Cn2cc(/C=C3/C(=O)N=C(N)N3C)c3ccccc32)cc1,2560.0,-3.4082399653118496,0,train
COc1cc(CCc2cc(O)c(C/C=C(\C)CC/C=C(\C)CO)c(O)c2)cc2c1O[C@]1(C)CC[C@@H](O)C(C)(C)[C@H]1C2,5495.409999999998,-3.740000099688547,0,train
COc1cc(/C=C/c2cc(O)c(CCC(C)C)c(O)c2)cc2c1O[C@]1(C)CC[C@@H](O)C(C)(C)[C@H]1C2,933.2499999999995,-2.969997998598342,0,train
COc1ccc(/C=C/C(=O)c2cc(OC)c(OC)c(OC)c2)cc1B(O)O,8440.000000000002,-3.926342446625655,0,train
CCCCCCCCCCCCCCCCNC(=O)[C@@H]1CSC(c2ccc(NC(C)=O)cc2)N1,280.0000000000001,-2.4471580313422194,0,test
CCCCCCCCCCCCCCCCCCNC(=O)[C@@H]1CSC(c2ccccc2)N1,2280.000000000001,-3.357934847000454,0,train
COc1ccc2c(c1)[nH]c1c(C)c(OS(=O)(=O)c3cccc4c(N(C)C)cccc34)ccc12,12800.000000000013,-4.107209969647869,0,train
O=C1Nc2ncccc2/C1=C1/Nc2ccccc2/C1=N\O,1350.0,-3.130333768495006,0,train
CC(C)=CCC/C(C)=C/CC/C(C)=C/Cc1c(O)cc(/C=C/c2ccc(O)cc2)cc1O,6165.95,-3.7899999986888777,0,test
CC(C)=CCC/C(C)=C/Cc1cc(/C=C/c2cc(O)cc(O)c2)ccc1O,11481.54,-4.060000143170552,0,test
CCOC(=O)C[C@H]1[C@@H](O[Si](C)(C)C(C)(C)C)[C@H](n2cnc3c(NC(=O)Nc4ccccc4)ncnc32)O[C@@H]1COC(=O)NC,31.7,-1.5010592622177514,0,test
C=C(C)[C@@H]1CC[C@]2(C(=O)O)CC[C@]3(C)[C@H](CC[C@@H]4[C@@]5(C)CC[C@H](O)C(C)(C)[C@@H]5CC[C@]43C)[C@@H]12,10000.0,-4.0,0,train
C(=N/Nc1ncnc2sc3c(c12)CCCC3)\c1ccccn1,215.9999999999999,-2.3344537511509307,0,test
OCc1ccc(-c2nn(Cc3ccccc3)c3cc[se]c23)o1,40738.03,-4.610000023662292,0,train
CCSC[C@@H]1C[C@](O)(c2ccccc2)[C@@H](c2ccccc2)[C@H](c2ccc(Cl)cc2)O1,1940.0,-3.287801729930226,0,train
CCSC[C@@H]1C[C@@](O)(c2ccccc2)C[C@H](c2ccc(F)cc2)O1,2179.999999999999,-3.3384564936046046,0,train
N#CSC[C@@H]1C[C@](O)(c2ccccc2)[C@@H](c2ccccc2)[C@H](c2ccc(Cl)cc2)O1,2230.0,-3.3483048630481607,0,train
CCSC[C@@H]1C[C@](O)(c2ccccc2)[C@@H](c2ccccc2)[C@H](c2ccc(F)cc2)O1,2289.9999999999995,-3.359835482339888,0,train
N#CSC[C@@H]1C[C@@](O)(c2ccccc2)C[C@H](c2ccc(F)cc2)O1,3310.000000000001,-3.519827993775719,0,train
N#CSC[C@@H]1C[C@](O)(c2ccccc2)[C@@H](c2ccccc2)[C@H](c2ccc(F)cc2)O1,4779.999999999999,-3.679427896612119,0,train
N#CSC[C@@H]1C[C@@](O)(c2ccccc2)C[C@H](c2ccc(Cl)cc2)O1,5140.000000000002,-3.710963118995276,0,train
COc1cc(C)cc(-c2nn(CC#N)cc2-c2ccc(-c3cccc(C(C)=O)c3)nc2)c1,4359.999999999998,-3.639486489268586,0,train
Cc1cc(O)cc(-c2nn(CC#N)cc2-c2ccnc(-c3ccc(Oc4ccccc4)cc3)c2)c1,5679.999999999999,-3.754348335711019,0,train
Cc1cc(O)cc(-c2nn(CC#N)cc2-c2ccnc(-c3ccc(N(C)C)cc3)c2)c1,6080.000000000003,-3.783903579272735,0,train
COc1cc(C)cc(-c2c(-c3ccnc(-c4ccc(N(C)C)cc4)c3)cnn2CC#N)c1,331.0000000000001,-2.519827993775719,0,train
COc1cc2c(cc1OCCCOc1ccc(-c3cc4ccccc4c4ccccc34)cc1)N=C[C@@H]1CCCN1C2=O,1589.999999999999,-3.2013971243204518,0,test
Nc1nc(N)c2c(n1)NC(c1ccc(F)cc1)C1CCc3ccccc3C1=N2,9630.0,-3.9836262871245354,0,train
COc1cc2c(cc1OCCCCC(=O)Nc1ccc(-c3nc4ccccc4s3)cc1)N=C[C@@H]1CCCN1C2=O,2818.3799999999987,-3.4499995483109744,0,train
COc1cc(-c2nc3ccccc3s2)ccc1OCCCCCOc1cc2c(cc1OC)C(=O)N1CCC[C@H]1C=N2,301.99999999999994,-2.4800069429571505,0,test
COc1cc2c(cc1OCCCCCOc1ccc(-c3nc4ccccc4s3)cc1)N=C[C@@H]1CCCN1C2=O,1949.84,-3.289998975481485,0,train
COc1cc(-c2nc3ccccc3s2)ccc1OCCCCOc1cc2c(cc1OC)C(=O)N1CCC[C@H]1C=N2,2570.4,-3.4100007125434617,0,test
COc1cc2c(cc1OCCCCOc1ccc(-c3nc4ccccc4s3)cc1)N=C[C@@H]1CCCN1C2=O,2187.7599999999998,-3.339999677628228,0,train
COc1ccc(CN2C(=O)C(O)(C3C(=O)NC(=N)N3C)c3cc(Cl)ccc32)cc1,14299.999999999987,-4.155336037465061,0,test
COc1ccc(CN2C(=O)C(O)(C3C(=O)NC(=N)N3C)c3ccccc32)cc1,41100.00000000001,-4.613841821876069,0,train
COc1cc(/C=C/C(=O)c2cccc(-n3cc(-c4ccccc4)[nH]c3=O)c2)ccc1O,3389.9999999999995,-3.530199698203082,0,train
COc1ccc(-c2cn(-c3cccc(C(=O)/C=C/c4ccc(O)c(OC)c4)c3)c(=O)[nH]2)cc1,8200.0,-3.9138138523837167,0,train
COc1cc(/C=C/C(=O)c2cccc(-n3cc(-c4ccc(Cl)cc4)[nH]c3=O)c2)ccc1O,4580.0,-3.660865478003869,0,test
O=C(/C=C/c1cccc(O)c1)c1cccc(-n2cc(-c3ccccc3)[nH]c2=O)c1,10600.000000000004,-4.02530586526477,0,train
O=C(/C=C/c1cccc(O)c1)c1cccc(-n2cc(-c3ccc(Cl)cc3)[nH]c2=O)c1,2520.0000000000005,-3.401400540781544,0,train
COc1cc(/C=C/C(=O)c2cccc(-n3cc(-c4ccccc4)[nH]c3=O)c2)cc(OC)c1OC,2020.0000000000005,-3.305351369446624,0,test
COc1ccc(-c2cn(-c3cccc(C(=O)/C=C/c4cc(OC)c(OC)c(OC)c4)c3)c(=O)[nH]2)cc1,2660.0000000000005,-3.424881636631067,0,train
COc1cc(/C=C/C(=O)c2cccc(-n3cc(-c4cc(OC)c(OC)c(OC)c4)[nH]c3=O)c2)cc(OC)c1OC,3609.999999999998,-3.5575072019056577,0,train
COc1cc(/C=C/C(=O)c2cccc(-n3cc(-c4ccc(Cl)cc4)[nH]c3=O)c2)cc(OC)c1OC,12899.999999999996,-4.110589710299249,0,train
COc1ccc(C2CC(c3cc(OC)c(OC)c(OC)c3)=NN2)cc1,79432.82,-4.899999981014695,0,train
COc1cc(C2=NNC(c3ccc(N(C)C)cc3)C2)cc(OC)c1OC,12589.25,-4.099999857942367,0,test
CCN(CC)c1ccc(C2CC(c3cc(OC)c(OC)c(OC)c3)=NN2)cc1,100000.0,-5.0,0,train
COc1cc(C2CC(c3cccc(Br)c3)=NN2C(C)=O)cc(OC)c1OC,501.1899999999998,-2.7000023971422538,0,train
COc1cc(C2CC(c3cccc(O)c3)=NN2C(C)=O)cc(OC)c1OC,3981.0700000000006,-3.59999981394342,0,train
COc1cc(C2CC(c3ccc(N(C)C)cc3)=NN2C(C)=O)cc(OC)c1OC,3981.0700000000006,-3.59999981394342,0,train
CCN(CC)c1ccc(C2=NN(C(C)=O)C(c3cc(OC)c(OC)c(OC)c3)C2)cc1,501.1899999999998,-2.7000023971422538,0,train
COc1cc(C2=NN(C(C)=O)C(c3cc(OC)c(OC)c(OC)c3)C2)ccc1O,501.1899999999998,-2.7000023971422538,0,train
COc1ccc(/C=C\c2cc(OC)c(OC)c(OC)c2)cc1O,5.816666666666666,-0.7646741765755363,0,train
CC[C@H](C)[C@H]1C(=O)N2CCC[C@H]2C(=O)O[C@H](C(C)(C)C)C[C@@H](C)C[C@H](O)[C@H](C)C2=N[C@@H](/C=C(\C)C(=O)N[C@@H](Cc3ccc(OC)cc3)C(=O)N(C)[C@@H](C)C(=O)N1C)CS2,3.99,-0.6009728956867483,0,train
COc1cc(/C=C/C(=O)N2CCN(C(=O)c3cc(OC)c(OC)c(OC)c3)CC2)ccc1OCCCOc1cc2c(cc1OC)C(=O)N1CCC[C@H]1C=N2,339.99999999999983,-2.531478917042255,0,test
COc1ccc(C2CC(c3cc(OC)c(OC)c(OC)c3)=NO2)cc1OCCCCOc1cc2c(cc1OC)C(=O)N1CCC[C@H]1C=N2,3460.000000000001,-3.5390760987927767,1,train
COc1ccc(C2=NOC(c3cc(OC)c(OC)c(OC)c3)C2)cc1OCCCCOc1cc2c(cc1OC)C(=O)N1CCC[C@H]1C=N2,339.99999999999983,-2.531478917042255,1,train
COc1ccc(N(C)c2nc(C)nc3[nH]ccc23)cc1,428.00000000000017,-2.631443769013172,0,train
COc1ccc2[nH]c(-c3cccc(F)c3)cc(=O)c2c1O,851.14,-2.930001001009076,0,train
O=C(Nc1ccc(Cl)cc1)Nc1ccccc1SCCCSc1ccccc1NC(=O)Nc1ccc(Cl)cc1,3700.0,-3.568201724066995,0,test
CCC(NC(=O)Nc1cc(Cl)ccc1Cl)(C(F)(F)F)C(F)(F)F,1778.2799999999995,-3.2500001440812936,0,test
CN(C)C/C=C/C(=O)Nc1ccc2c(C#N)cnc(Nc3cccc(Br)c3)c2c1,21379.600000000017,-4.329999575549194,0,train
Nc1nn(C(=O)Nc2ccc(Cc3ccccc3)cc2)c2ccc(Cl)cc12,18200.00000000001,-4.260071387985075,0,test
Nc1ccc2c(c1)c(N)nn2C(=O)Nc1ccc(Cc2ccccc2)cc1,13000.000000000004,-4.113943352306837,0,train
COC(=O)c1ccc2c(/C=C3\NC(=O)NC3=O)cn(Cc3ccc(C#N)cc3)c2c1,720.0000000000001,-2.8573324964312685,0,train
N=C1NC(=O)/C(=C/c2cn(Cc3ccc(F)cc3)c3ccc(Cl)cc23)S1,71000.00000000003,-4.851258348719076,0,train
COc1ccc(/C=C(/c2cc(OC)c(OC)c(OC)c2)C(C)O)cc1O,3981.0700000000006,-3.59999981394342,0,test
COc1ccc(/C=C(/C(C)=O)c2cc(OC)c(OC)c(OC)c2)cc1O,512.8599999999999,-2.7099988280251885,0,train
O=c1c2ccccc2nc(-c2ccco2)n1/N=C/c1ccccc1Cl,4110.000000000001,-3.613841821876069,0,train
c1ccc(Cc2cnc(N3CCN(c4ncnc5ccccc45)CC3)nc2)cc1,24700.000000000004,-4.392696953259666,0,train
CCc1cnc(N2CCN(C(=O)c3ccc(CNc4ncnc5ccccc45)cc3)CC2)nc1,48899.99999999996,-4.68930885912362,0,train
O=C(c1cccc(Nc2ncnc3ccccc23)c1)N1CCN(c2ncc(Cc3ccccc3)cn2)CC1,2040.0,-3.3096301674258988,0,train
Oc1ccc(Cc2ccc(O)c(C3CC(c4ccc(Cl)cc4)=NN3)c2)cc1C1CC(c2ccc(Cl)cc2)=NN1,4170.000000000001,-3.6201360549737576,0,train
COc1ccc([C@H]2[C@H](c3cc(OC)c(OC)c(OC)c3)C(C)=NN2C(C)=O)cc1O,4265.800000000001,-3.630000489900912,0,train
O=C1Nc2ccccc2/C1=C\c1nc(-c2ccccc2F)n2ccccc12,4160.0,-3.619093330626743,0,test
CC(C)CCC[C@@H](C)[C@H]1CC[C@H]2C3=CCn4c(=O)ccc(=O)n4[C@@H]3CC[C@]12C,1449.9999999999998,-3.161368002234975,0,train
O=C(/C=C/c1ccc(CN(CCO)CCc2c[nH]c3ccccc23)cc1)NO,2259.999999999999,-3.3541084391474008,0,train
CC(/C=C/c1ccccc1)n1cc(/C=C/C(=O)NO)nn1,1280.0,-3.1072099696478683,0,train
CC(C)C(/C=C/c1ccccc1)n1cc(/C=C/C(=O)NO)nn1,1359.9999999999998,-3.133538908370217,0,train
O=C(/C=C/c1cn(C(/C=C/c2ccccc2)Cc2ccccc2)nn1)NO,1369.9999999999998,-3.1367205671564067,0,test
COc1cc(CCc2cn(Cc3ccccc3)c3nc(N)nc(C)c23)c(OC)c(OC)c1OC,6920.000000000003,-3.840106094456758,0,train
CC(C)CCC[C@@H](C)[C@H]1CC[C@H]2C3=CC[C@@H]4C(=O)C=CC(=O)[C@@H]4[C@@H]3CC[C@]12C,305.00000000000006,-2.484299839346786,0,train
CC1=NN(c2cccc(Cl)c2)C(=O)/C1=C\C=C\c1ccccc1,28100.0,-4.44870631990508,0,train
O=C1/C(=C\c2ccccn2)c2ccccc2N1c1c(Cl)cccc1Cl,2800.0000000000014,-3.4471580313422194,0,train
COc1cc2c(cc1OCCCCCOc1ccc(-n3c(C)nc4ccccc4c3=O)cc1)N=C[C@@H]1CCCN1C2=O,259.9999999999999,-2.4149733479708178,0,train
O=C(NC(=S)Nc1cc(-c2ccc(Br)cc2)n[nH]1)c1ccccc1,4466.840000000001,-3.650000396536852,0,train
O=C1/C(=C\c2coc3ccccc3c2=O)c2ccccc2N1c1c(Cl)cccc1Cl,5800.000000000001,-3.763427993562937,0,train
O=C1Nc2ccccc2/C1=C/c1cn(C(=O)c2c(Cl)cccc2Cl)c2ccccc12,2900.0,-3.462397997898956,0,train
O=C1/C(=C\c2c[nH]c3ccccc23)c2ccccc2N1C(=O)c1c(Cl)cccc1Cl,1899.9999999999995,-3.278753600952829,0,train
CC(C)C[C@@H]1O[C@@H](O[C@H]2CC[C@@]3(C)[C@H](CC[C@@H]4[C@@H]3CC[C@]3(C)[C@@H](C5=CC(=O)OC5)CC[C@]43O)C2)CC[C@H]1O,42.50000000000001,-1.6283889300503116,0,train
CC(C)[C@@H]1O[C@@H](O[C@H]2CC[C@@]3(C)[C@H](CC[C@@H]4[C@@H]3CC[C@]3(C)[C@@H](C5=CC(=O)OC5)CC[C@]43O)C2)CC[C@H]1O,77.4,-1.8887409606828929,0,train
COc1ccc(C(SC[C@H](N)CO)(c2ccccc2)c2ccccc2)cc1,109.99999999999996,-2.041392685158225,0,train
COc1ccc(C(SCCN)(c2ccccc2)c2ccccc2)cc1,60.0,-1.7781512503836436,0,train
CCOC(=O)CC1C(C(=O)OCC)=C(N)Oc2ccc(-c3cc(OC)cc(OC)c3)cc21,4000.000000000001,-3.6020599913279625,0,train
N[C@@H](CSC(c1ccccc1)(c1ccccc1)c1ccccc1)C(=O)O,1260.0,-3.100370545117563,0,train
CCOC(=O)C1=C(C)NC(=S)NC1c1cccc(O)c1,39799.99999999998,-4.599883072073688,0,train
COC(=O)c1ccc2c(c1)nc(-c1ccc(Cl)cc1)n2-c1cc(C(C)(C)C)[nH]n1,10400.00000000001,-4.017033339298781,0,train
COC(=O)c1ccc2c(c1)nc(-c1cc3ccccc3[nH]c1=O)n2-c1cc(C(C)(C)C)[nH]n1,929.0,-2.968015713993642,0,train
Nc1n[nH]c(N)c1/N=N/c1ccc(O)cc1,25100.00000000001,-4.399673721481038,0,train
Clc1ccc(-c2nc3sc(C4CC4)nn3c2Br)cc1,43399.99999999996,-4.63748972951251,0,train
Cc1cc2nc(-c3c(N)ncc(C#N)c3-c3ccc(Cl)cc3)[nH]c2cc1C,27699.999999999975,-4.442479769064448,0,train
COc1ccc(-c2c(C#N)cnc(N)c2-c2nc3cc(C)c(C)cc3[nH]2)cc1,15500.000000000013,-4.190331698170292,0,train
COc1cc(C(=O)c2ccc(OC)c(O)c2OC)cc(OC)c1O,4989.999999999998,-3.6981005456233897,0,train
COc1ccc(C(=O)c2cc(OC)c(O)c(OC)c2)cc1OC,3439.999999999998,-3.53655844257153,0,train
COc1cc(C(=O)c2ccc3c(c2)oc(=O)n3S(C)(=O)=O)cc(OC)c1OC,5380.000000000002,-3.730782275666389,0,train
Cc1cc(O)c(C2=NN(c3ccc(S(N)(=O)=O)cc3)C(c3ccccc3O)C2)cc1Cl,2499.9999999999995,-3.397940008672037,0,train
Cc1cc(O)c(C2=NN(c3ccc(S(N)(=O)=O)cc3)C(c3ccccc3Cl)C2)cc1Cl,2190.000000000001,-3.3404441148401185,0,train
Cc1cc(O)c(C2=NN(c3ccc(S(N)(=O)=O)cc3)C(/C=C/c3ccccc3)C2)cc1Cl,5729.999999999998,-3.75815462196739,0,test
COc1ccc(C2CC(c3cc(Cl)c(C)cc3O)=NN2c2ccc(S(N)(=O)=O)cc2)cc1OC,4449.999999999999,-3.648360010980932,0,test
COc1ccc(C2CC(c3cc(Cl)c(C)cc3O)=NN2c2ccc(S(N)(=O)=O)cc2)c(OC)c1OC,2860.000000000001,-3.456366033129043,0,test
COc1cccc(-c2nc3sccn3c2-c2ccnc(NCCNC(=O)Nc3cccc(C(F)(F)F)c3)n2)c1,7230.000000000002,-3.859138297294531,0,test
O=C(NCCNc1nccc(-c2c(-c3cccc(O)c3)nc3sccn23)n1)Nc1cccc(C(F)(F)F)c1,6130.0,-3.787460474518415,0,train
O=C(NCCNc1nccc(-c2c(-c3cccc(O)c3)nc3sccn23)n1)c1ccccc1,26300.00000000001,-4.419955748489758,0,train
O=C(NCCNc1nccc(-c2c(-c3cccc(O)c3)nc3sccn23)n1)c1ccccc1O,4599.999999999998,-3.662757831681574,0,test
C/C=C1\NC(=O)[C@H](Cc2ccccc2)NC(=O)[C@@H](C(C)C)NC(=O)[C@@H]([C@@H](C)CC)NC(=O)[C@H](NC(=O)[C@H](NC(=O)[C@H](CCCNCc2ccc(F)c(C)c2)NC(=O)[C@H]2CCCN2C(=O)[C@H](NC(=O)[C@@H](NC(=O)[C@@H](NC(=O)[C@H](NC(=O)CCCC(C)C)C(C)C)[C@@H](C)O)C(C)C)C(C)C)[C@@H](C)CC)[C@@H](C)OC(=O)[C@H](C(C)C)NC1=O,131.41500000000008,-2.1186449393898914,0,train
C/C=C1\NC(=O)[C@H](Cc2ccccc2)NC(=O)[C@@H](C(C)C)NC(=O)[C@@H]([C@@H](C)CC)NC(=O)[C@H](NC(=O)[C@H](NC(=O)[C@H](CCCNCc2ccc(N3CCOCC3)cc2)NC(=O)[C@H]2CCCN2C(=O)[C@H](NC(=O)[C@@H](NC(=O)[C@@H](NC(=O)[C@H](NC(=O)CCCC(C)C)C(C)C)[C@@H](C)O)C(C)C)C(C)C)[C@@H](C)CC)[C@@H](C)OC(=O)[C@H](C(C)C)NC1=O,132.41499999999996,-2.1219371848637816,0,train
COc1cc(/C=C/c2cc(O)c3c(c2)C[C@@H]2C(C)(C)[C@H](O)CC[C@@]2(C)O3)cc(O)c1C/C=C(\C)CCC=C(C)C,3388.4400000000014,-3.5299997998772934,1,train
COc1cc(/C=C/c2cc3c(c(SC)c2)O[C@]2(C)CC[C@@H](O)C(C)(C)[C@H]2C3)cc(O)c1C/C=C(\C)CCC=C(C)C,51286.14,-4.71000001355622,1,test
COc1cc(/C=C/c2cc(F)c3c(c2)C[C@@H]2C(C)(C)[C@H](O)CC[C@@]2(C)O3)cc(O)c1C/C=C(\C)CCC=C(C)C,34673.68999999998,-4.540000062059139,1,train
COc1cc(/C=C/c2ccc3c(c2)C[C@@H]2C(C)(C)[C@H](O)CC[C@@]2(C)O3)cc(O)c1C/C=C(\C)CCC=C(C)C,26302.680000000004,-4.420000001338187,0,train
Cc1ccc(C(=O)Nc2c(NC(=O)CCl)ccc3c2C(=O)c2ccccc2C3=O)cc1,3759.999999999998,-3.575187844927661,0,train
COCOc1cc(/C=C/c2cc(C=O)c3c(c2)C[C@@H]2C(C)(C)[C@H](O)CC[C@@]2(C)O3)cc(OC)c1C/C=C(\C)CCC=C(C)C,89125.09000000005,-4.949999981417943,1,train
COCOc1cc(/C=C/c2cc(CO)c3c(c2)C[C@@H]2C(C)(C)[C@H](O)CC[C@@]2(C)O3)cc(OC)c1C/C=C(\C)CCC=C(C)C,22387.210000000014,-4.34999997311882,0,train
COc1cc(/C=C/c2cc3c(c(OC)c2)O[C@]2(C)CC[C@@H](O)C(C)(C)[C@H]2C3)cc(O)c1C/C=C(\C)CCC=C(C)C,6760.829999999999,-3.830000015807418,0,train
Cc1ccc(C)c(COc2cc(NC(=O)c3ccc4c(c3)OCO4)ccc2N(C)S(C)(=O)=O)c1,468.00000000000017,-2.670245853074124,0,train
Cc1cc(O)c(C2=NN(c3ccc(S(N)(=O)=O)cc3)C(c3ccc(Cl)cc3)C2)c(C)c1Cl,18000.000000000015,-4.2552725051033065,0,train
Cc1cc(O)c(C2=NN(c3ccc(S(N)(=O)=O)cc3)C(c3ccc(N(C)C)cc3)C2)c(C)c1Cl,5010.000000000002,-3.699837725867246,0,train
COc1ccc2c(c1)C(c1cc(OC)c3c(c1)OCO3)C1=C(COC1=O)N2,283.0,-2.45178643552429,0,train
COc1cc([C@H]2C3=C(COC3=O)Nc3cc4c(cc32)OCO4)cc2c1OCO2,141.99999999999994,-2.1522883443830563,0,train
COc1ccc2c(c1)OC1=C(C(=O)OC1)C2c1cc(OC)c2c(c1)OCO2,71.29999999999998,-1.8530895298518653,0,train
COc1ccc2c(c1)NC1=C(C(=O)OC1)C2c1cc(OC)c2c(c1)OCO2,58.3,-1.765668554759014,0,train
COc1ccc2c(c1)OC1=C(C(=O)OC1)C2c1cc(OC)c2c(c1)OCCO2,47.39999999999999,-1.675778341674085,0,train
COc1cc([C@@H]2c3cc4c(cc3[C@H](O)[C@H]3COC(=O)[C@H]23)OCO4)cc(OC)c1OC,10.0,-1.0,0,train
N=C1c2nc3n(c2C(=O)c2nc4n(c21)CCCC4)CCCC3,1698.2400000000005,-3.229999065949292,0,train
O=C(CCCCCCC(=O)Nc1ccccc1)NO,789.9999999999999,-2.8976270912904414,0,train
COc1ccc(/C=C/C(=O)c2cc(OC)c(OC)c(OC)c2)cc1OCC(=O)Nc1nc2ccccc2s1,4260.0,-3.629409599102719,0,train
COc1ccc(/C=C/C(=O)c2cc(OC)c(OC)c(OC)c2)cc1OCC(=O)Nc1nc2ccc(F)cc2s1,38099.99999999997,-4.580924975675619,0,train
COc1ccc2nc(NC(=O)COc3cc(/C=C/C(=O)c4cc(OC)c(OC)c(OC)c4)ccc3OC)sc2c1,7159.999999999997,-3.854913022307856,0,train
COc1ccc(/C=C/C(=O)c2cc(OC)c(OC)c(OC)c2)cc1OCC(=O)Nc1nc2ccc(OC(F)(F)F)cc2s1,2770.0000000000005,-3.4424797690644486,0,test
COc1ccc(/C=C/C(=O)c2cc(OC)c(OC)c(OC)c2)cc1OCC(=O)Nc1nc2ccc(C(F)(F)F)cc2s1,6730.000000000002,-3.828015064223977,0,train
Clc1cccc(Cl)c1Nc1nc2cccc(Cl)c2s1,1460.0000000000002,-3.164352855784437,0,train
O=C(CO[N+](=O)[O-])Nc1ccc(C(=O)/C=C/c2ccc(Cl)cc2)cc1,10299.999999999996,-4.012837224705172,0,train
Nc1nc2c(c(Nc3ccc(Cl)cc3)n1)-c1ccccc1C2,1350.0,-3.130333768495006,0,test
COc1ccc2c(c1)/C(=N\OC(C)=O)c1c-2c(Nc2ccc(/C(C)=N/OC(C)=O)cc2)nc2ccccc12,52480.00000000005,-4.719993826367604,0,train
COc1ccc2c(c1)/C(=N\O)c1c-2c(Nc2ccc(/C(C)=N/O)cc2)nc2ccccc12,4170.000000000001,-3.6201360549737576,0,train
COc1ccc2c(c1)/C(=N\OC(C)=O)c1c-2c(Nc2cccc(/C(C)=N/OC(C)=O)c2)nc2ccccc12,53700.00000000004,-4.729974285699556,0,test
COc1ccc2c(c1)/C(=N\O)c1c-2c(Nc2cccc(/C(C)=N/O)c2)nc2ccccc12,28180.000000000004,-4.449940988773338,0,test
COc1ccc2c(c1)C(=O)c1c-2c(Nc2ccc(C(C)=O)cc2)nc2ccccc12,39810.0,-4.599992177584098,0,train
COc1ccc2c(c1)C(=O)c1c-2c(Nc2cccc(C(C)=O)c2)nc2ccccc12,12880.000000000013,-4.109915863023794,0,train
COc1ccc2c(c1)C(=O)c1c-2c(Nc2ccc(Cl)cc2)nc2ccccc12,15139.999999999984,-4.1801258751640535,0,test
COc1ccc2c(c1)C(=O)c1c-2c(NCCCN(C)C)nc2ccccc12,3389.9999999999995,-3.530199698203082,0,test
COc1ccc2c(c1)C(=O)c1c-2c(NCCN(C)C)nc2ccccc12,3469.999999999998,-3.5403294747908736,0,train
N=C(NO)NS(=O)(=O)c1cc(-c2nnc(-c3ccccc3)s2)c(Cl)cc1SCc1ccc2c(c1)OCO2,1580.0,-3.198657086954422,0,test
N=C(NO)NS(=O)(=O)c1cc(-c2nnc(-c3ccc(Cl)cc3)s2)c(Cl)cc1SCc1ccccc1,1930.0000000000005,-3.285557309007774,0,train
N=C(NO)NS(=O)(=O)c1cc(-c2nc(-c3ccccc3)no2)c(Cl)cc1SCc1ccccc1,3479.999999999998,-3.5415792439465807,0,train
CSC1=Nc2c(c(C)c(-c3ccccc3)n2CCCCl)C2=NC(=O)CN12,9772.370000000004,-3.989999901804907,0,train
CSC1=Nc2c(c(C)c(-c3ccccc3)n2CCCN2CCCCC2)C2=NC(=O)CC(C)N12,6165.95,-3.7899999986888777,0,train
COc1ccc(/C=C\c2cc(OC)c(OC)c(OC)c2)cc1OCC(=O)Nc1nc2ccc(C(F)(F)F)cc2s1,5380.000000000002,-3.730782275666389,0,train
COc1ccc(/C=C\c2cc(OC)c(OC)c(OC)c2)cc1OCC(=O)Nc1ccc2nc(C)sc2c1,6740.0,-3.82865989653532,0,train
Cn1c2ccccc2c2c3nc(N)[nH]c(=O)c3c3c4ccccc4n(C)c3c21,5300.000000000001,-3.724275869600789,0,test
O=C(/C=C/c1cc2ccccc2[nH]c1=O)c1ccc(Cl)cc1,13399.999999999987,-4.127104798364807,0,train
O=C(/C=C/c1cc2ccccc2[nH]c1=O)c1ccc(O)cc1,3979.999999999998,-3.599883072073688,0,train
COc1ccc(-c2nn3cc(-c4ccc(O)cc4O)nc3s2)cc1,3230.0000000000005,-3.509202522331103,0,train
COc1ccc(-c2nn3cc(-c4cccc(N)c4)nc3s2)cc1,7150.0,-3.8543060418010806,0,train
CO[C@H](C(=O)[C@@H](O)[C@@H](C)O)[C@@H]1Cc2cc3cc(O[C@H]4C[C@@H](O[C@H]5C[C@@H](O)[C@H](O)[C@@H](C)O5)[C@H](O)[C@@H](C)O4)c(C)c(O)c3c(O)c2C(=O)[C@H]1O[C@H]1C[C@@H](O[C@H]2C[C@@H](O[C@H]3C[C@H](O)[C@H](O)[C@@H](C)O3)[C@H](O)[C@@H](C)O2)[C@H](O)[C@@H](C)O1,57.54,-1.7599698575543072,0,train
CO[C@H](C(=O)C(C)=O)[C@@H]1Cc2cc3cc(O[C@H]4C[C@@H](O[C@H]5C[C@@H](O)[C@H](O)[C@@H](C)O5)[C@H](O)[C@@H](C)O4)c(C)c(O)c3c(O)c2C(=O)[C@H]1O[C@H]1C[C@@H](O[C@H]2C[C@@H](O)[C@H](O)[C@@H](C)O2)[C@H](O)[C@@H](C)O1,138.04,-2.140004950619449,0,train
CO[C@H](C(=O)C(C)=O)[C@@H]1Cc2cc3cc(O[C@H]4C[C@@H](O[C@H]5C[C@@H](O)[C@H](O)[C@@H](C)O5)[C@H](O)[C@@H](C)O4)c(C)c(O)c3c(O)c2C(=O)[C@H]1O[C@H]1C[C@@H](O[C@H]2C[C@@H](O[C@H]3C[C@H](O)[C@H](O)[C@@H](C)O3)[C@H](O)[C@@H](C)O2)[C@H](O)[C@@H](C)O1,15.850000000000003,-1.2000292665537704,0,train
CO[C@@H]([C@@H]1Cc2cc3cc(O[C@H]4C[C@@H](O[C@H]5C[C@@H](O)[C@H](O)[C@@H](C)O5)[C@H](O)[C@@H](C)O4)c(C)c(O)c3c(O)c2C(=O)[C@H]1O[C@H]1C[C@@H](O[C@H]2C[C@@H](O[C@H]3C[C@H](O)[C@H](O)[C@@H](C)O3)[C@H](O)[C@@H](C)O2)[C@H](O)[C@@H](C)O1)[C@@H](O)C(C)=O,23.44,-1.369957607346053,0,train
Nc1cc(Br)c(-c2nnc(CCC(=O)c3nc4ccccc4[nH]3)o2)c(Br)c1,8128.31,-3.910000258512931,0,test
COc1ccc(C2CC(c3ccc4ccccc4c3)=NN2C2=NC(=O)/C(=C3\C(=O)Nc4ccc(Br)cc43)S2)cc1,36.0,-1.5563025007672873,0,test
CC1=C([Se]CC(OC(=O)[C@@H](CSSC(C)(C)C)NC(=O)C(C)(C)C)C(=O)NCCCCCC(=O)OCc2ccccc2)C(=O)c2ccccc2C1=O,398.10999999999984,-2.60000308662774,0,train
CC1=C([Se]CC(OC(=O)[C@@H](CO)NC(=O)OC(C)(C)C)C(=O)NC(C)(C)C)C(=O)c2ccccc2C1=O,446.68,-2.649996507466041,0,train
CC1=C(SCCC(=O)OC(C[Se]C2=C(C)C(=O)c3ccccc3C2=O)C(=O)NCCCCCC(=O)OCc2ccccc2)C(=O)c2ccccc2C1=O,3801.890000000001,-3.579999547278477,0,train
CC1=C([Se]CC(OC(=O)[C@@H](CO)NC(=O)OC(C)(C)C)C(=O)NCCCCCC(=O)OCc2ccccc2)C(=O)c2ccccc2C1=O,416.8700000000001,-2.620000642300068,0,train
CC1(C)CC[C@@]23CC[C@]4(C)[C@@](OC2=O)([C@@H]3C1)[C@@H](Br)C[C@@H]1[C@@]2(C)CC/C(=N\O)C(C)(C)[C@@H]2CC[C@]14C,19952.61999999999,-4.29999993144297,0,test
COC(=O)[C@]12CCC(C)(C)C[C@H]1C1=CC[C@@H]3[C@@]4(C)CC/C(=N\O)C(C)(C)[C@@H]4CC[C@@]3(C)[C@]1(C)CC2,72443.60000000006,-4.860000023934775,0,train
N#Cc1ccc(NC(=O)Nc2nc3ccc(OC(F)(F)F)cc3s2)cc1,2398.8299999999995,-3.379999471528501,0,train
O=C(Nc1ccc(F)cc1)Nc1nc2ccc(OC(F)(F)F)cc2s1,4466.840000000001,-3.650000396536852,0,test
Nc1nc(Cl)c2ncn(Cc3ccc(CCl)cc3)c2n1,21380.0,-4.330007700872759,0,test
ClCc1cccc(Cn2cnc3nc(Cl)nc(Cl)c32)c1,14119.999999999996,-4.149834696715785,1,train
ClCc1ccc(Cn2cnc3c(Cl)nc(Cl)nc32)cc1,12590.000000000002,-4.100025730107863,1,train
Nc1nc(Cl)c2ncn(Cc3ccccc3CCl)c2n1,12300.000000000004,-4.089905111439398,0,train
Nc1nc(Cl)c2ncn(Cc3cccc(CCl)c3)c2n1,10469.999999999998,-4.019946681678842,0,train
ClCc1ccccc1Cn1cnc2ncnc(Cl)c21,4670.000000000001,-3.669316880566112,0,train
ClCc1ccccc1Cn1cnc2nc(Cl)nc(Cl)c21,4260.0,-3.629409599102719,0,train
ClCc1ccccc1Cn1cnc2c(Cl)ncnc21,3979.999999999998,-3.599883072073688,0,train
ClCc1cccc(Cn2cnc3c(Cl)nc(Cl)nc32)c1,2289.9999999999995,-3.359835482339888,0,train
ClCc1cccc(Cn2cnc3ncnc(Cl)c32)c1,1989.9999999999984,-3.2988530764097064,0,train
ClCc1cccc(Cn2cnc3c(Cl)ncnc32)c1,1899.9999999999995,-3.278753600952829,0,train
ClCc1ccc(Cn2cnc3c(Cl)ncnc32)cc1,1819.9999999999995,-3.2600713879850747,0,train
ClCc1ccccc1Cn1cnc2c(Cl)nc(Cl)nc21,1730.0000000000002,-3.2380461031287955,0,train
ClCc1ccc(Cn2cnc3ncnc(Cl)c32)cc1,1619.999999999999,-3.2095150145426308,0,train
ClCc1ccc(Cn2cnc3nc(Cl)nc(Cl)c32)cc1,670.0,-2.8260748027008264,1,train
COc1ccc(-c2cs/c(=N\NC(=O)c3ccc(O)cc3)n2-c2ccc(OC)cc2OC)cc1,22908.680000000004,-4.360000065827037,0,train
Cc1ccc(-c2cs/c(=N\NC(=O)c3ccc(O)cc3)n2-c2c(C)cccc2C)cc1,35481.33999999997,-4.550000013178191,0,train
O=C(c1ccc(O)cc1)n1nc(-c2c(Cl)cccc2Cl)sc1=S,15135.610000000002,-4.179999928714822,0,train
CC12CCC(CN3C(=O)C(=O)c4ccccc43)(CC1=O)C2(C)C,23399.99999999998,-4.369215857410143,0,test
Cc1ccc(Nn2c(SCC(=O)Nc3nc(-c4ccccc4)cs3)nc(C)c2C)cc1,10200.00000000001,-4.008600171761918,0,test
Cc1nc(SCC(=O)Nc2nc(-c3ccc(Cl)cc3)cs2)n(Nc2ccccc2)c1C,4170.000000000001,-3.6201360549737576,0,test
Nc1cc(-c2ccc(Cl)cc2)nn1-c1nc(=O)c(/C=C/c2ccco2)n[nH]1,1474.5549999999996,-3.168660976108589,0,test
N#Cc1c(Nc2ccc(Cl)cc2)nc2sc3cc(Cl)ccc3n2c1=N,28183.83000000003,-4.450000010591701,0,test
COc1ccc(Nc2nc3sc4cc(Cl)ccc4n3c(=N)c2C#N)cc1,3311.3100000000013,-3.519999840669677,0,train
CSc1nc2sc3cc(Cl)ccc3n2c(=N)c1C#N,100000.0,-5.0,0,train
Oc1c(-c2nnc(-c3ccc(Cl)cc3)o2)sc2nnc(-c3ccccc3)c(-c3ccccc3)c12,4.169,-0.6200318951262973,0,train
Cc1c(C(N)=O)sc2nc(C)n(/N=c3\scc(-c4ccccc4)n3Cc3ccccc3)c(=O)c12,3710.000000000002,-3.569373909615046,0,train
COc1ccc(OC)c(/C=C/c2nnc(Nc3ccc(Cl)cc3)o2)c1,30500.000000000004,-4.484299839346786,0,train
COc1ccc(OC)c(/C=C/c2nnc(S)n2-c2ccc(Cl)cc2)c1,26899.999999999975,-4.429752280002408,0,train
COc1ccc(OC)c(/C=C/C(=O)N/N=C/c2ccc(Cl)cc2)c1,665.9999999999999,-2.823474229170301,0,test
COc1ccc(OC)c(/C=C/C(=O)N/N=C/c2ccccc2)c1,5219.999999999999,-3.717670503002262,0,train
COc1cc(/C=C2\CN(C)CC3=C2Nc2nc(SC)[nH]c(=O)c2C3c2cc(OC)c(OC)c(OC)c2)cc(OC)c1OC,6600.000000000002,-3.8195439355418688,0,train
COc1ccc2ccc(=O)oc2c1C1=NN(S(=O)(=O)c2ccc(Cl)cc2)C(c2ccccc2)C1,2389.999999999999,-3.378397900948137,0,train
COc1ccc2ccc(=O)oc2c1C1=NN(S(=O)(=O)c2ccc(C)cc2)C(c2ccccc2)C1,2680.000000000001,-3.428134794028789,0,train
COc1ccc2ccc(=O)oc2c1C1=NN(S(=O)(=O)c2ccccc2)C(c2ccc(C)cc2)C1,2680.000000000001,-3.428134794028789,0,train
COc1ccc(Cn2cc(CCc3cc(OC)c(OC)c(OC)c3)c3c(C)nc(N)nc32)cc1,712.0000000000003,-2.852479993636857,0,train
O=C(Nc1ccc(Cl)cc1)Nc1ccc2c(c1)C(Nc1ccc(Cl)cc1Cl)=NS2(=O)=O,5700.000000000001,-3.755874855672492,0,train
COc1ccc(Nc2nc(-c3ccccc3F)no2)cc1,501.1899999999998,-2.7000023971422538,0,train
O=C(CCc1nnc2sc(-c3ccc(Cl)cc3Cl)nn12)c1nc2ccccc2[nH]1,1769.1399999999996,-3.247762201944017,0,train
CN1CCN(CCCn2c(=O)c3sc4ncccc4c3n3nnc(-c4ccccc4)c23)CC1,6165.95,-3.7899999986888777,0,train
O=C(CCCn1c(=O)c2sc3ncccc3c2n2nnc(-c3ccccc3)c12)NCCc1c[nH]cn1,14791.080000000014,-4.169999886026384,0,train
O=C(CCCn1c(=O)c2sc3ccccc3c2n2nnc(-c3ccccc3)c12)NCCc1c[nH]cn1,2238.7200000000007,-3.349999779126545,0,train
NC(=O)Nc1ccc2ncnc(Nc3ccc(Cl)cc3)c2c1,360.0,-2.5563025007672877,0,train
NNc1nc(-c2ccccn2)nc2sc3c(c12)CCCCCC3,5370.32,-3.730000164674158,0,train
COc1ccc(N2CCN(c3nc(-c4ccccn4)nc4sc5c(c34)CCCCCC5)CC2)cc1,5495.409999999998,-3.740000099688547,0,test
c1ccc(-c2nc(N3CCOCC3)c3c4c(sc3n2)CCCCCC4)nc1,5495.409999999998,-3.740000099688547,0,train
CN1CCN(c2nc(-c3ccncc3)nc3sc4c(c23)CCCCCC4)CC1,13182.570000000002,-4.120000086131552,0,test
O=c1[nH]c(-c2ccccn2)nc2sc3c(c12)CCCCCC3,85113.80000000006,-4.929999980507179,0,train
CN(CCCOc1ccc(O)cc1)c1ccccc1,12599.999999999987,-4.1003705451175625,0,train
Oc1ccc(OCCN(CCOc2ccc(O)cc2)c2ccccc2)cc1,11000.000000000007,-4.041392685158225,0,train
CC(C)=CCC/C(C)=C/CC/C(C)=C/CC[C@]1(C)CCc2c3c(cc(C)c2O1)OCN(CCCCCCO)C3,3750.0,-3.574031267727719,0,train
CC(C)=CCC/C(C)=C/CC/C(C)=C/CC[C@]1(C)CCc2c3c(c(C)c(C)c2O1)OCN(CCCCCCO)C3,2710.0000000000005,-3.432969290874406,0,train
CC(C)=CCC/C(C)=C/CC/C(C)=C/CC[C@]1(C)CCc2c3c(cc(C)c2O1)OCN(CCCCO)C3,17199.999999999993,-4.235528446907549,0,train
CC(C)=CCC/C(C)=C/CC/C(C)=C/CC[C@]1(C)CCc2c3c(cc(C)c2O1)OCN(CCc1ccc(O)cc1)C3,6200.0,-3.792391689498254,0,test
COc1ccc(CCN2COc3cc(C)c4c(c3C2)CC[C@@](C)(CC/C=C(\C)CC/C=C(\C)CCC=C(C)C)O4)cc1OC,2710.0000000000005,-3.432969290874406,0,train
CC(C)=CCC/C(C)=C/CC/C(C)=C/CC[C@]1(C)CCc2c3c(cc(C)c2O1)OCN(CCCCCO)C3,6349.999999999998,-3.802773725291976,0,train
CC(C)=CCC/C(C)=C/CC/C(C)=C/CC[C@]1(C)CCc2c3c(c(C)c(C)c2O1)OCN(CCCCCO)C3,6349.999999999998,-3.802773725291976,0,train
CC(C)=CCC/C(C)=C/CC/C(C)=C/CC[C@]1(C)CCc2c3c(cc(C)c2O1)OCN(CCCO)C3,1870.0,-3.271841606536499,0,test
CC(C)=CCC/C(C)=C/CC/C(C)=C/CC[C@]1(C)CCc2c3c(cc(C)c2O1)OCN(C1CCN(Cc2ccccc2)CC1)C3,1850.0,-3.2671717284030137,0,train
CC(C)=CCC/C(C)=C/CC/C(C)=C/CC[C@]1(C)CCc2c3c(cc(C)c2O1)OCN(CCCCCCCCO)C3,5129.999999999999,-3.710117365111816,0,test
CC(C)=CCC/C(C)=C/CC/C(C)=C/CC[C@]1(C)CCc2c3c(c(C)c(C)c2O1)OCN(CCCCCCCCO)C3,2700.0000000000005,-3.431363764158988,0,train
COc1cc(-c2cc(C(=O)Nc3nc4ccccc4s3)nc3cc(-c4ccccc4)nn23)cc(OC)c1OC,67500.00000000006,-4.829303772831025,0,test
O=C(Nc1nc2ccccc2s1)c1cc(-c2ccc(F)cc2)n2nc(-c3ccccc3)cc2n1,5800.000000000001,-3.763427993562937,0,test
CC(=O)O[C@H]1C[C@H]2OC[C@@]2(OC(C)=O)[C@H]2[C@H](OC(C)=O)[C@]3(C(C)(C)O)C[C@H](OC(=O)[C@H](O)[C@@H](NC(=O)OC(C)(C)C)c4ccccc4)C(C)=C3[C@@H](OC(=O)c3ccccc3)[C@H](OC(C)=O)[C@]12C,50120.00000000005,-4.700011062322113,0,train
C=C1C(=O)C=C[C@@]2(C)[C@@H](OC(C)=O)[C@H](OC(=O)c3ccccc3)C3=C(C)[C@@H](OC(=O)[C@H](O)[C@@H](NC(=O)OC(C)(C)C)c4ccccc4)C[C@@]3(C(C)(C)O)[C@@H](OC(C)=O)[C@H]12,24600.00000000001,-4.390935107103379,0,train
C=C1C(=O)C[C@H](OC(C)=O)[C@@]2(C)[C@@H](OC(C)=O)[C@H](OC(=O)c3ccccc3)C3=C(C)[C@@H](OC(=O)[C@H](O)[C@@H](NC(=O)OC(C)(C)C)c4ccccc4)C[C@@]3(C(C)(C)O)[C@@H](OC(C)=O)[C@H]12,18799.99999999999,-4.27415784926368,0,train
C=C1C(=O)C[C@H](OC(C)=O)[C@@]2(C)[C@@H](OC(C)=O)[C@H](OC(=O)c3ccccc3)C3=C(C)[C@@H](OC(=O)[C@H](O)[C@@H](NC(=O)c4ccccc4)c4ccccc4)C[C@@]3(C(C)(C)O)[C@@H](OC(C)=O)[C@H]12,18500.0,-4.267171728403014,0,train
C=C1C(=O)C=C[C@@]2(C)[C@@H](OC(C)=O)[C@H](OC(=O)c3ccccc3)C3=C(C)[C@@H](OC(=O)[C@H](O)[C@@H](NC(=O)c4ccccc4)c4ccccc4)C[C@@]3(C(C)(C)O)[C@@H](OC(C)=O)[C@H]12,4690.000000000001,-3.6711728427150834,0,train
COc1ccc(N(C)c2nc(N)nc3[nH]c4ccccc4c23)cc1,64.20000000000002,-1.8075350280688531,0,train
CN1CCN(CCCn2c3c(sc4ncccc43)c(=O)n3nnc(-c4ccccc4)c23)CC1,1738.9,-3.2402746074788893,0,train
O=C(CCCn1c2c(sc3ccccc32)c(=O)n2nnc(-c3ccccc3)c12)NCCc1c[nH]cn1,2752.115,-3.4396665773912085,0,test
CC1(C)C[C@@H](O)[C@]2(C(=O)O)CC[C@]3(C)C(=CC[C@@H]4[C@@]5(C)C/C(=C\C=C\c6ccccc6)C(=O)C(C)(C)[C@@H]5CC[C@]43C)[C@@H]2C1,3458.6850000000013,-3.538911010412375,0,train
CC(C)=CC(=O)O[C@@H]1CC(C)(C)C[C@H]2C3=CC[C@@H]4[C@@]5(C)CC[C@H](O)C(C)(C)[C@@H]5CC[C@@]4(C)[C@]3(C)CC[C@@]12C(=O)O,3625.3899999999994,-3.5593547324897425,0,train
C/C=C(/C)C(=O)O[C@@H]1CC(C)(C)C[C@H]2C3=CC[C@@H]4[C@@]5(C)CC[C@H](O)C(C)(C)[C@@H]5CC[C@@]4(C)[C@]3(C)CC[C@@]12C(=O)O,1779.1399999999994,-3.2502101239328223,0,train
CC(C)=CC(=O)O[C@@H]1CC(C)(C)C[C@H]2C3=CC[C@@H]4[C@@]5(C)CCC(=O)C(C)(C)[C@@H]5CC[C@@]4(C)[C@]3(C)CC[C@@]12C(=O)O,2877.0150000000017,-3.4589421261935054,0,train
O=C1NC(=O)/C(=C/C(=O)N2N=C(c3ccc4ccccc4c3)CC2c2ccc(Cl)cc2)S1,2889.9999999999995,-3.460897842756548,0,train
N#Cc1c(-c2ccccc2)nc(SCC2CO2)nc1N1CCOCC1,8309.999999999996,-3.919601023784111,0,train
COc1cc(-c2ccc[nH]2)[nH]c1/C=C1\N=C(C)C(C(=O)CCC(=O)Oc2ccc3c(c2)CC[C@@H]2[C@@H]3CC[C@]3(C)C(=O)CC[C@@H]23)=C1C,32600.00000000003,-4.513217600067939,0,train
CC/C(=C(/c1ccc(OCCN(C)C)cc1)c1ccc(OC(=O)CCCCC(=O)C2=C(C)/C(=C/c3[nH]c(-c4ccc[nH]4)cc3OC)N=C2C)cc1)c1ccccc1,13500.000000000013,-4.130333768495007,0,train
CC/C(=C(/c1ccc(OCCN(C)C)cc1)c1ccc(OC(=O)CCC(=O)C2=C(C)/C(=C/c3[nH]c(-c4ccc[nH]4)cc3OC)N=C2C)cc1)c1ccccc1,11599.99999999999,-4.064457989226918,0,test
COc1cccc2c1C(=O)c1c(O)c3c(c(O)c1C2=O)C[C@@](O)(C(=O)CO)C[C@@H]3O[C@H]1C[C@H](N)[C@H](O)[C@H](C)O1,540.0000000000001,-2.7323937598229686,0,train
COc1cc(O)cc(-c2cc(=O)c3cc(N4CCCC4)ccc3[nH]2)c1,72.44000000000001,-1.8599784416420209,0,train
O=C(CN1CCN(c2cc3c(cc2F)c(=O)c(C(=O)O)cn3C2CC2)CC1)Nc1ccc(C(=O)/C=C/c2ccccc2)cc1,4039.9999999999977,-3.6063813651106047,0,train
COc1cc(/C=C/C(=O)c2ccc(NC(=O)CN3CCN(c4cc5c(cc4F)c(=O)c(C(=O)O)cn5C4CC4)CC3)cc2)cc(OC)c1OC,290.0,-2.462397997898956,0,train
O=C(Nc1cccc(-n2cc(-c3ccncc3)c(-c3ccc(Cl)c(O)c3)n2)c1)Nc1cc(C(F)(F)F)cc(C(F)(F)F)c1,1310.0000000000005,-3.1172712956557644,0,train
O=C(Nc1cccc(-n2cc(-c3ccncc3)c(-c3ccc(Cl)c(O)c3)n2)c1)Nc1ccc(Cl)c(Cl)c1,2889.9999999999995,-3.460897842756548,0,train
O=C(Nc1cccc(-n2cc(-c3ccncc3)c(-c3ccc(Cl)c(O)c3)n2)c1)Nc1ccc(Cl)c(C(F)(F)F)c1,1090.0000000000005,-3.037426497940624,0,train
O=C(Nc1cccc(-n2cc(-c3ccncc3)c(-c3ccc(Cl)c(O)c3)n2)c1)Nc1cccc(C(F)(F)F)c1,6409.999999999997,-3.806858029518817,0,train
COc1cc(-c2nn(-c3cccc(NC(=O)c4ccc(N5CCOCC5)c(C(F)(F)F)c4)c3)cc2-c2ccncc2)ccc1Cl,602.9999999999999,-2.780317312140151,1,test
COc1cc(-c2nn(-c3cccc(NC(=O)c4ccc(Cl)c(C(F)(F)F)c4)c3)cc2-c2ccncc2)ccc1Cl,12800.000000000013,-4.107209969647869,1,train
COc1cc(-c2nn(-c3cccc(NC(=O)c4cccc(C(F)(F)F)c4)c3)cc2-c2ccncc2)ccc1Cl,10799.999999999993,-4.033423755486949,0,test
CCCCN(CCCC)CCCNc1nc2c(c(=N)n1-c1ccccc1)c(=S)n(-c1ccccc1)c(=S)n2-c1ccccc1,1400.0000000000005,-3.146128035678238,0,train
CN(C)CCNc1nc2c(c(=N)n1-c1ccccc1)c(=S)n(-c1ccccc1)c(=S)n2-c1ccccc1,6200.0,-3.792391689498254,0,test
CCCCNCC(=O)Nc1ccc2c(c1)C(=O)c1cc(NC(=O)CNCCCC)ccc1-2,2119.999999999999,-3.326335860928751,0,train
CCN(CC)c1ccc(/C=N/NC(=O)Cc2ccc(Nc3ccnc(C(F)(F)F)c3)cc2)c(O)c1,398.10999999999984,-2.60000308662774,0,train
CCOc1cccc(/C=N/NC(=O)Cc2ccc(Nc3ccnc(C(F)(F)F)c3)cc2)c1O,2511.8899999999985,-3.40000061697638,0,train
O=C(Cc1ccc(Nc2ccnc(C(F)(F)F)c2)cc1)N/N=C/c1ccccc1O,2511.8899999999985,-3.40000061697638,0,train
CCN(CC)c1ccc(/C=N/NC(=O)c2ccc(Nc3ccnc(C(F)(F)F)c3)cc2)c(O)c1,316.23,-2.500003068051693,0,train
O=C(N/N=C/c1ccc(O)cc1O)c1ccc(Nc2ccnc(C(F)(F)F)c2)cc1,19.95,-1.299942900022767,1,train
COc1cc(-c2nn(-c3cccc(NC(=O)c4ccccc4)c3)cc2-c2ccncc2)ccc1Cl,4589.999999999997,-3.661812685537261,0,train
CCOc1cccc(/C=N/NC(=O)c2ccc(Nc3ccnc(C(F)(F)F)c3)cc2)c1O,1258.9299999999994,-3.100001582801352,0,train
COc1ccc(C(=O)N/N=C/c2ccc(O)cc2O)cc1Nc1ccnc(C(F)(F)F)c1,501.1899999999998,-2.7000023971422538,0,train
CCN(CC)c1ccc(/C=N/NC(=O)c2cccc(Nc3ccnc(C(F)(F)F)c3)c2)c(O)c1,199.52999999999992,-2.300008202553813,0,train
O=C(N/N=C/c1ccc(O)cc1O)c1cccc(Nc2ccnc(C(F)(F)F)c2)c1,316.23,-2.500003068051693,1,train
CCOc1cccc(/C=N/NC(=O)c2cccc(Nc3ccnc(C(F)(F)F)c3)c2)c1O,630.96,-2.800001827817969,0,train
O=C(N/N=C/c1cc(Cl)ccc1O)c1ccccc1Nc1ccnc(C(F)(F)F)c1,398.10999999999984,-2.60000308662774,0,train
CCN(CC)c1ccc(/C=N/NC(=O)c2ccccc2Nc2ccnc(C(F)(F)F)c2)c(O)c1,100.0,-2.0,0,train
CCOc1cccc(/C=N/NC(=O)c2ccccc2Nc2ccnc(C(F)(F)F)c2)c1O,398.10999999999984,-2.60000308662774,0,train
COc1cccc(/C=N/NC(=O)c2ccccc2Nc2ccnc(C(F)(F)F)c2)c1O,251.18999999999997,-2.400002345927956,0,train
O=C(N/N=C/c1ccccc1O)c1ccccc1Nc1ccnc(C(F)(F)F)c1,398.10999999999984,-2.60000308662774,0,test
COc1cc(-c2nn(-c3cccc(NC(=O)Nc4cc(C(F)(F)F)cc(C(F)(F)F)c4)c3)cc2-c2ccncc2)ccc1Cl,1020.0,-3.008600171761917,0,test
COc1cc(-c2nn(-c3cccc(NC(=O)Nc4ccc(Cl)c(C(F)(F)F)c4)c3)cc2-c2ccncc2)ccc1Cl,1500.0000000000005,-3.1760912590556813,0,train
COc1cc(-c2nn(-c3cccc(NC(=O)Nc4cccc(C(F)(F)F)c4)c3)cc2-c2ccncc2)ccc1Cl,1210.0000000000005,-3.0827853703164503,1,train
COc1cc(-c2nn(-c3cccc(NC(=O)Nc4ccc(Cl)c(Cl)c4)c3)cc2-c2ccncc2)ccc1Cl,1689.9999999999995,-3.227886704613673,0,train
O=C1Nc2ncccc2/C1=C1/Nc2ncccc2C1=O,281.9999999999999,-2.450249108319361,0,test
COc1ccc(-c2nnc(SCC(=O)Nc3ccc(/C(C)=N/O)cc3)n2-c2ccccc2)cc1OC,4410.000000000001,-3.644438589467839,0,train
COc1ccc(-c2nn[nH]c2-c2cc(OC)c3c(c2OC)OCO3)cc1,2889.9999999999995,-3.460897842756548,1,train
COc1ccc(-c2nn[nH]c2-c2cc(OC)c3c(c2)OCO3)cc1,57.00000000000001,-1.7558748556724917,1,train
COc1ccc(-c2cnnn2-c2cc(OC)c3c(c2)OCO3)cc1,673.0000000000002,-2.828015064223977,1,train
COc1ccc(-n2nc(C)c3c2N(C)C2(C)CC4C3(C)C3CC4(C2)N(C)c2c(c(C)nn2-c2ccc(OC)cc2)C3C)cc1,22400.00000000002,-4.350248018334163,0,train
C=C1c2c(C)nn(-c3ccccc3)c2N(C)C23CC1C1(C)c4c(C)nn(-c5ccccc5)c4N(C)C(C)(CC12)C3,33800.00000000003,-4.528916700277655,0,train
COc1ccc(-c2c(-c3cc(OC)c4c(c3)OCCO4)noc2N)cc1,25400.000000000025,-4.4048337166199385,0,train
COc1ccc(-c2noc(N)c2-c2cc(OC)c3c(c2)OCO3)cc1,6659.999999999999,-3.823474229170301,0,train
COc1ccc(-c2onc(N)c2-c2cc(OC)c3c(c2)OCO3)cc1,5980.0,-3.776701183988411,0,train
COc1ccc(-c2c(-c3cc4c(c(OC)c3OC)OCO4)noc2N)cc1,625.0000000000003,-2.7958800173440754,0,train
COc1ccc(-c2c(-c3cc(OC)c(OC)c(OC)c3)noc2N)cc1,56.70000000000001,-1.7535830588929069,0,train
C=CCn1c(C)nc2cc(Nc3nc(Nc4ccc5nc(C)n(CC=C)c5c4)c4ccccc4n3)ccc21,717.0,-2.8555191556678,0,train
C=CCn1c(C)nc2ccc(Nc3nc(Nc4ccc(F)cc4)nc4ccccc34)cc21,6160.000000000002,-3.7895807121644256,0,test
C=CCn1c(C)nc2ccc(Nc3nc(Nc4ccc5nc(C)n(CC=C)c5c4)c4ccccc4n3)cc21,1709.999999999999,-3.2329961103921536,0,train
CN(C)CCCSc1nc2ccc3c(c2[nH]1)C(=O)c1ccccc1C3=O,720.0000000000001,-2.8573324964312685,0,train
O=C1c2ccccc2C(=O)c2c1ccc1nc(SCCN3CCCC3)[nH]c21,8209.999999999998,-3.9143431571194407,0,train
CCSc1nc2ccc3c(c2[nH]1)C(=O)c1ccccc1C3=O,3239.999999999999,-3.510545010206612,0,train
C[C@@H]1NC(c2ccc(Br)cc2)=Nc2nc3ccccn3c2C1=O,23599.999999999985,-4.372912002970106,0,train
COc1ccc2cc(C(=O)Nc3nc(-c4ccccc4)cs3)sc(=O)c2c1OC,1284.1249999999998,-3.108607301122199,0,train
COc1ccc(C(=O)/C=C/c2ccc(/C=C/c3cc(OC)c(OC)c(OC)c3)cc2)cc1,1979.999999999999,-3.296665190261531,0,train
O=C1/C(=C/c2ccc(Cl)cc2Cl)CN(S(=O)(=O)c2ccccc2)C/C1=C\c1ccc(Cl)cc1Cl,678.0400000000003,-2.831255315204607,0,train
COc1ccc(-c2nc3ccccn3c2/C=C/C(=O)c2cc(OC)c(OC)c(OC)c2)cc1,4630.000000000002,-3.665580991017953,0,train
COc1ccc(/C(C#N)=C/c2cc3ccccc3s2)cc1OC,31.499999999999996,-1.4983105537896004,1,test
COc1ccc(-c2nc3ccccn3c2/C=C/C(=O)c2cc(OC)c(OC)c(OC)c2)cc1OC,2080.0,-3.318063334962761,0,train
COc1cc(C(=O)/C=C/c2c(-c3cccs3)nc3ccccn23)cc(OC)c1OC,3019.999999999999,-3.4800069429571505,0,test
COc1cc(C(=O)/C=C/c2c(C(F)(F)F)nc3ccccn23)cc(OC)c1OC,1659.9999999999995,-3.220108088040055,0,train
COc1ccc(C(=O)/C=C/c2c(C(F)(F)F)nc3ccccn23)cc1OC,3149.9999999999995,-3.4983105537896004,0,test
COc1ccc(-c2nc3ncccn3c2/C=C/C(=O)c2cc(OC)c(OC)c(OC)c2)cc1,1760.0000000000005,-3.24551266781415,0,train
COc1cc(C(=O)/C=C/c2c(-c3ccc(F)cc3)nc3ncccn23)cc(OC)c1OC,2070.0000000000005,-3.315970345456918,0,train
O=C(Nc1nonc1-c1ccc(Cl)cc1)c1ccc(C(F)(F)F)cc1,1779.1399999999994,-3.2502101239328223,0,train
Cc1cc(/C=C2\Cc3c([nH]c4ccccc34)C2=O)cc(C)c1O,10400.00000000001,-4.017033339298781,1,test
Cc1cc(/C=C2\CCc3c(n(C)c4ccccc34)C2=O)cc(C)c1O,2730.0,-3.436162647040756,0,train
Cc1cc(/C=C2\CCc3c([nH]c4ccccc34)C2=O)cc(C)c1O,530.0000000000001,-2.724275869600789,1,train
COc1cc2c(c(N)c1OC)C(=O)/C(=C\c1cc(C)c(O)c(C)c1)C2,10.0,-1.0,0,train
COc1cc2c(cc1OCCCCCn1c3ccccc3c3ccccc31)N=C[C@@H]1CCCN1C2=O,3830.000000000001,-3.583198773968623,1,test
COc1cc2c(cc1OCCCN1CCN(CCCn3c4ccccc4c4ccccc43)CC1)N=C[C@@H]1CCCN1C2=O,249.99999999999997,-2.397940008672037,0,train
CC1(C)[C@H](O)CC[C@@]2(C)Oc3c(O)cc(/C=C/c4cc(O)c5cc[nH]c5c4)cc3C[C@H]12,7079.459999999998,-3.850000132271096,0,test
COc1cc(/C=C/c2cc(O)c3cc[nH]c3c2)cc2c1O[C@]1(C)CC[C@@H](O)C(C)(C)[C@H]1C2,3467.3699999999985,-3.540000187311,0,train
COc1cc(/C=C/c2cc(O)c3cc(CC=C(C)C)[nH]c3c2)cc2c1O[C@]1(C)CC[C@@H](O)C(C)(C)[C@H]1C2,32359.36999999998,-4.510000057804667,0,train
COc1cc(/C=C/c2cc(O)c3c(CC=C(C)C)c[nH]c3c2)cc2c1O[C@]1(C)CC[C@@H](O)C(C)(C)[C@H]1C2,10471.29,-4.02000018744495,0,test
COc1cc(/C=C/c2cc(O)c3c(C/C=C(\C)CCC=C(C)C)c[nH]c3c2)cc2c1O[C@]1(C)CC[C@@H](O)C(C)(C)[C@H]1C2,60255.96,-4.780000010036899,0,train
COc1cc(/C=C/c2cc(OC)c3cc[nH]c3c2)cc2c1O[C@]1(C)CC[C@@H](O)C(C)(C)[C@H]1C2,3548.130000000001,-3.549999523574668,0,train
COc1cc(/C=C/c2cc(O)c3ccn(C)c3c2)cc2c1O[C@]1(C)CC[C@@H](O)C(C)(C)[C@H]1C2,12882.500000000004,-4.110000151133113,0,test
COc1cc(/C=C/c2cc(OC)c3ccn(C)c3c2)cc2c1O[C@]1(C)CC[C@@H](O)C(C)(C)[C@H]1C2,18197.009999999987,-4.260000033744503,0,train
COc1cc(/C=C/c2cc(OC)c3c(C/C=C(\C)CCC=C(C)C)c[nH]c3c2)cc2c1O[C@]1(C)CC[C@@H](O)C(C)(C)[C@H]1C2,19054.60999999999,-4.280000064282089,0,train
COc1cc(/C=C/c2cc(OC)c3c(CC=C(C)C)c[nH]c3c2)cc2c1O[C@]1(C)CC[C@@H](O)C(C)(C)[C@H]1C2,6309.570000000001,-3.799999762890647,0,train
COc1cc(/C=C/c2cc(O)c3c(c2)C[C@@H]2C(C)(C)[C@H](O)CC[C@@]2(C)O3)cc2c1ccn2C,13182.570000000002,-4.120000086131552,0,train
COc1cc(/C=C/c2cc(O)c3c(c2)C[C@@H]2C(C)(C)[C@H](O)CC[C@@]2(C)O3)cc2[nH]cc(CC=C(C)C)c12,18197.009999999987,-4.260000033744503,0,train
COc1c(C(=O)/C=C/c2ccccc2)c(O)cc2occc12,13600.000000000013,-4.133538908370218,0,train
COc1c(C(=O)/C=C/c2ccc(Cl)cc2)c(O)c(Br)c2occc12,5219.999999999999,-3.717670503002262,0,test
C=CCc1c(O)c(C(=O)/C=C/c2ccccc2)c(OC)c2ccoc12,3189.999999999999,-3.503790683057181,0,train
C=CCc1c(O)c(C(=O)/C=C/c2ccc(Cl)cc2)c(OC)c2ccoc12,4879.999999999998,-3.6884198220027113,0,train
COc1c2ccoc2c(/C=C/C=O)c2oc(-c3ccccc3)cc(=O)c12,9689.999999999996,-3.986323777050765,0,test
COc1ccc(-c2cc(=O)c3c(OC)c4ccoc4c(/C=C/C=O)c3o2)cc1,5060.000000000002,-3.7041505168397992,0,train
CC(C)(C)OC(=O)N[C@@H](Cc1ccccc1)C(=O)N(Cc1ccccc1)C1(C(=O)NCc2ccccc2)CCN(Cc2ccccc2)CC1,9332.539999999995,-3.969999860022617,0,train
COc1c2occc2c(OC)c2c(=O)c(CN3CCOCC3)c(/C=C/c3ccc(Cl)cc3)oc12,2540.0,-3.404833716619938,0,train
COc1c2occc2c(OC)c2c(=O)c(CN3CCOCC3)c(/C=C/c3ccc(N(C)C)cc3)oc12,1650.0,-3.2174839442139063,0,train
CC1(C)OB(c2ccc(N(CCCl)CCCl)cc2)OC1(C)C,14700.000000000013,-4.167317334748176,0,train
CC1(C)OB(c2ccc(N(CCCl)CCBr)cc2)OC1(C)C,32500.000000000004,-4.511883360978874,0,train
CC1(C)OB(c2ccc(N(CCCl)CCOS(C)(=O)=O)cc2)OC1(C)C,28199.99999999999,-4.450249108319361,0,train
OB(O)c1ccc(N(CCCl)CCCl)cc1,15100.00000000001,-4.17897694729317,0,train
CC(C)C[C@H](NC(=O)CCn1ccc2ccccc2c1=O)B(O)O,76799.99999999996,-4.885361220031512,0,train
CC(C)C[C@H](NC(=O)[C@H](Cc1ccccc1)NC(=O)c1cnccn1)B(O)O,17.800000000000004,-1.250420002308894,0,train
O=C(NCc1cn(Cc2cccc(Oc3ccccc3)c2)nn1)c1cccnc1Nc1cccc(F)c1,5239.999999999998,-3.7193312869837274,0,train
O=C(NCc1cn(Cc2cccc(Oc3ccccc3)c2)nn1)c1cccnc1Nc1ccc(F)cc1,5289.999999999999,-3.7234556720351857,0,train
COc1cc(Nc2ncccc2C(=O)NCc2cn(Cc3cccc(Oc4ccccc4)c3)nn2)cc(OC)c1,6150.000000000001,-3.788875115775417,0,train
COc1ccc(CCN2COc3c([C@@H](C)CCC=C(C)C)ccc(C)c3C2)cc1OC,3029.999999999998,-3.481442628502305,0,train
CC(C)=CCC[C@H](C)c1ccc(C)c(CNCC2CCNCC2)c1O,7019.999999999997,-3.846337112129805,0,test
CC(C)=CCC[C@H](C)c1ccc(C)c2c1OCN(CC1CCNCC1)C2,19400.00000000002,-4.2878017299302265,0,train
CC(C)[C@@]12SS[C@]3(C(=O)N1C)[C@@H](O)[C@]1(C45c6ccccc6N[C@H]4N4C(=O)[C@@]6(CO)SS[C@@]4(C(=O)N6C)[C@H]5O)c4ccccc4N[C@@H]1N3C2=O,20.000000000000004,-1.3010299956639813,0,test
COc1cc(C2C(C#N)=C(N)Oc3cc(O)ccc32)cc(OC)c1OC,783.0000000000001,-2.8937617620579434,0,train
COc1ccc2c(c1)OC(N)=C(C#N)C2c1cc(OC)c(OC)c(OC)c1,47.99999999999999,-1.6812412373755872,0,train
COc1cccc(C2C(C#N)=C(N)Oc3cc(OC)ccc32)c1,63.1,-1.8000293592441343,0,train
COc1cccc(C2C(C#N)=C(N)Oc3cc4c(cc32)OCO4)c1,2109.9999999999995,-3.3242824552976926,0,train
C/C1=C\CC[C@@]2(C)O[C@@H]2[C@H]2OC(=O)/C(=C/c3ccsc3)[C@@H]2CC1,44700.000000000015,-4.650307523131937,0,train
C/C1=C\CC[C@@]2(C)O[C@@H]2[C@H]2OC(=O)C(Cn3ccnc3I)[C@@H]2CC1,61300.0,-4.787460474518415,0,train
COc1ccc(N(CC(=O)NCCC[Te]c2ccccc2)C(=O)CCSC2=C(C)C(=O)c3ccccc3C2=O)cc1,2089.3,-3.320000804264728,0,train
COc1ccc(N(CC(=O)NCCC[Te]c2ccccc2)C(=O)CNC(=O)OC(C)(C)C)cc1,2290.870000000001,-3.360000444979648,0,train
CC1=C(SCCC(=O)OCC(=O)NCCC[Te]c2ccccc2)C(=O)c2ccccc2C1=O,2884.0300000000016,-3.4599997736502672,0,train
COc1ccc(N(CC(=O)NCCC[Te]c2ccccc2)C(=O)c2ccccc2)cc1,2884.0300000000016,-3.4599997736502672,0,test
COc1cccc(NC(=O)N2CCC(c3nc(-c4ccc(C)cc4)no3)CC2)c1,11748.979999999996,-4.070000164514148,0,train
COc1cccc(-c2noc(Nc3ccc(C)cc3)n2)c1OC,5128.609999999998,-3.7099996748333983,0,train
COC(=O)[C@]1(C)CCC[C@]2(C)[C@H]3C[C@H]4C(C(C)C)=C[C@]3(CC[C@H]21)[C@@H]1/C(=N/O)CC/C(=N\O)[C@@H]14,2691.5300000000016,-3.429999224858319,0,train
COc1ccc2c(c1)nnc1c3cccnc3[nH]c21,10009.999999999993,-4.000434077479318,0,train
COc1cc2nnc3c4cccnc4[nH]c3c2cc1OC,20599.999999999996,-4.313867220369153,0,train
O=Nc1c2cccnc2n2nnc3ccc(Cl)cc3c12,8600.000000000004,-3.934498451243568,0,train
COc1ccc2c(c1)nnn1c3ncccc3c(N=O)c21,9670.0,-3.9854264740830017,0,test
COc1cc2nnn3c4ncccc4c(N=O)c3c2cc1OC,22699.99999999999,-4.3560258571931225,0,train
COc1cc(/C(C#N)=C/c2coc3ccccc23)cc(OC)c1OC,19099.999999999985,-4.281033367247727,1,train
COc1ccc(/C(C#N)=C/c2cc3ccccc3o2)cc1OC,6180.0,-3.790988475088816,1,train
COc1ccc(/C(C#N)=C/c2cc3ccccc3[nH]2)cc1OC,734.9999999999998,-2.8662873390841948,1,test
COc1cc(/C(C#N)=C/c2nc3ccccc3s2)cc(OC)c1OC,2289.9999999999995,-3.359835482339888,1,train
COc1ccc2[nH]cc(/C=C(\C#N)c3cc(OC)c(OC)c(OC)c3)c2c1,44.0,-1.6434526764861874,0,train
COc1ccc(/C(C#N)=C/c2c[nH]c3ccccc23)cc1OC,24300.0,-4.385606273598312,0,train
COc1cc(/C(C#N)=C/c2cc3ccccc3n2Cc2ccc(C#N)cc2)cc(OC)c1OC,465.00000000000006,-2.667452952889954,0,train
Nc1nonc1-c1nc2ccccc2n1Cc1cccc(Br)c1,645.6500000000002,-2.809997155362194,0,train
Nc1nonc1-c1nc2ccccc2n1Cc1cccc(C(F)(F)F)c1,1023.2899999999994,-3.0099987300480606,0,test
COc1cccc(Cn2c(-c3nonc3N)nc3ccccc32)c1,870.9599999999998,-2.9399982099121624,0,train
COc1cc(Cn2c(-c3nonc3N)nc3ccccc32)ccc1C,537.0299999999999,-2.7299985472834227,0,train
Nc1nonc1-c1nc2ccccc2n1CC(=O)Nc1ccccc1Cl,676.0800000000002,-2.8299980886973795,0,test
O=c1oc2ccccc2cc1-c1csc(N/N=C/c2c[nH]c3ccccc23)n1,3161.140000000001,-3.499843730221443,0,train
COc1cc(/C(C#N)=C/c2ccc3ccccc3n2)cc(OC)c1OC,717.9999999999997,-2.8561244442423,1,train
COc1cc(OC)cc(/C(C#N)=C/c2ccc3ccccc3n2)c1,3019.999999999999,-3.4800069429571505,0,train
COc1cc(/C(C#N)=C/c2cnc3ccccc3c2)cc(OC)c1OC,27400.0,-4.437750562820388,1,train
COc1cc(OC)cc(/C(C#N)=C/c2cnc3ccccc3c2)c1,903.0,-2.9556877503135057,0,train
COc1cc([C@@H]2c3cc4c(cc3[C@@H](NC(=O)CN3CCN(CCCCCCCCCCN5CCN(CC(=O)N[C@@H]6c7cc8c(cc7[C@@H](c7cc(OC)c(O)c(OC)c7)[C@H]7C(=O)OC[C@@H]76)OCO8)CC5)CC3)[C@H]3COC(=O)[C@H]23)OCO4)cc(OC)c1O,388.0249999999998,-2.5888597075846103,0,train
CCc1cc(/C=C/c2cc3ccccc3s2)cc(CC)c1CC,648.9999999999999,-2.812244696800369,1,test
COc1cc(/C=C/c2cc3ccccc3o2)cc(OC)c1OC,15900.000000000013,-4.201397124320452,1,test
C[C@]12CC[C@@H]3c4ccc(O)cc4CC[C@H]3[C@@H]1CC[C@@H]2NS(=O)(=O)c1cccc(Br)c1,1000.0,-3.0,0,test
C[C@]12CC[C@@H]3c4ccc(O)cc4CC[C@H]3[C@@H]1CC[C@@H]2NS(=O)(=O)c1cccc(C(F)(F)F)c1,1000.0,-3.0,0,test
C[C@]12CC[C@@H]3c4ccc(O)c([N+](=O)[O-])c4CC[C@H]3[C@@H]1CC[C@@H]2NS(=O)(=O)c1cccc(Br)c1,1000.0,-3.0,0,train
C[C@]12CC[C@@H]3c4ccc(O)c([N+](=O)[O-])c4CC[C@H]3[C@@H]1CC[C@@H]2NS(=O)(=O)c1cccc(C(F)(F)F)c1,1000.0,-3.0,0,train
NC(=O)c1cc(Cl)ccc1NC(=O)COc1ccccc1,7090.000000000001,-3.8506462351830666,1,train
NC(=O)c1cc(I)ccc1NC(=O)COc1ccccc1,705.0000000000002,-2.848189116991399,1,train
COc1ccc(NC(=O)COc2ccccc2)c(C(N)=O)c1,2099.999999999999,-3.322219294733919,0,train
COc1cc(NC(=O)COc2ccccc2)c(C(N)=O)cc1OC,5769.999999999999,-3.7611758131557314,0,train
COC(=O)/C(=C\c1c(C)[nH]c2ccccc12)S(=O)(=O)c1ccccc1,8800.000000000002,-3.9444826721501687,0,train
N#CC(C#N)=Cc1c(-c2ccccc2)[nH]c2ccccc12,11400.000000000004,-4.056904851336473,0,train
CCOC(=O)C(=Cc1c(-c2ccccc2)[nH]c2ccccc12)C(=O)OCC,12700.000000000013,-4.103803720955957,0,train
N#C/C(=C\c1c(-c2ccccc2)[nH]c2ccccc12)C(=O)c1ccccc1,3800.0,-3.57978359661681,0,train
N#C/C(=C\c1c(-c2ccccc2)[nH]c2ccccc12)S(=O)(=O)c1ccccc1,9199.999999999996,-3.963787827345555,0,train
CC(=O)/C(=C\c1c(-c2ccccc2)[nH]c2ccccc12)S(C)(=O)=O,9600.0,-3.982271233039568,0,train
CC(=O)/C(=C\c1c(-c2ccccc2)[nH]c2ccccc12)S(=O)(=O)c1ccccc1,6100.000000000002,-3.785329835010767,0,test
COC(=O)/C(=C\c1c(-c2ccccc2)[nH]c2ccccc12)S(C)(=O)=O,7400.000000000001,-3.869231719730976,0,test
COc1ccc(-c2[nH]c3ccccc3c2C=C(C#N)C#N)cc1,490.0000000000002,-2.690196080028514,0,train
COc1ccc(-c2[nH]c3ccccc3c2/C=C(\C#N)S(=O)(=O)c2ccccc2)cc1,1500.0000000000005,-3.1760912590556813,0,train
COc1ccc2[nH]c(-c3ccccc3)c(C=C(C#N)C#N)c2c1,7400.000000000001,-3.869231719730976,0,test
COc1ccc2[nH]c(-c3ccccc3)c(/C=C(\C#N)S(=O)(=O)c3ccccc3)c2c1,30099.999999999985,-4.478566495593843,0,test
COc1ccc(-c2[nH]c3ccc(OC)cc3c2C=C(C#N)C#N)cc1,380.0,-2.57978359661681,0,test
COc1ccc(-c2[nH]c3ccc(OC)cc3c2/C=C(\C#N)S(=O)(=O)c2ccccc2)cc1,4300.000000000001,-3.633468455579586,0,train
O=C(CCCCCCC(=O)Nc1ccc2c(c1)/C(=C/c1ccc[nH]1)C(=O)N2)NO,1017.0000000000002,-3.0073209529227447,0,train
Clc1ccccc1-c1nnc2c(Cc3ccccc3)nc3ccccc3n12,53899.99999999996,-4.731588765186738,0,train
O=C1c2ccccc2C(=O)c2c1cc(Sc1cccc(Cl)c1)c1nsnc21,18599.99999999999,-4.269512944217916,0,train
O=C1c2ccccc2C(=O)c2c1cc(Sc1ccc(F)cc1F)c1nsnc21,96500.0,-4.984527313343793,0,train
CC(C)Sc1cc2c(c3nsnc13)C(=O)c1ccccc1C2=O,2850.0,-3.45484486000851,0,test
Cc1c(C=C2C(=O)NC(=S)NC2=O)c2ccccc2n1Cc1ccccc1,1629.9999999999995,-3.2121876044039577,0,train
Cc1c(C=C2C(=O)NC(=S)NC2=O)c2ccccc2n1Cc1ccc(C#N)cc1,1930.0000000000005,-3.285557309007774,0,test
COC(=O)c1ccc(Cn2c(C)c(C=C3C(=O)NC(=S)NC3=O)c3ccccc32)cc1,530.0000000000001,-2.724275869600789,0,train
C=C1C(=O)O[C@H]2[C@H]1CC/C(COC(=O)NCCCCCNC(=O)OC/C1=C/CC[C@@]3(C)O[C@H]3[C@H]3OC(=O)C(=C)[C@@H]3CC1)=C\CC[C@@]1(C)O[C@@H]21,16400.000000000004,-4.214843848047698,0,train
C=C1C(=O)O[C@H]2[C@H]1CC/C(COC(=O)NCCCCCCCCNC(=O)OC/C1=C/CC[C@@]3(C)O[C@H]3[C@H]3OC(=O)C(=C)[C@@H]3CC1)=C\CC[C@@]1(C)O[C@@H]21,2140.000000000001,-3.330413773349191,0,train
C[C@H](NC(=O)[C@@H]1CSSC[C@@H](NC(=O)c2nc3ccccc3cc2O)C(=O)NCC(=O)N1C)c1ccccc1,7100.000000000003,-3.851258348719076,0,train
C=C1C(=O)O[C@H]2[C@H]1CC/C(COC(=O)NCCCCNC(=O)OC/C1=C/CC[C@@]3(C)O[C@H]3[C@H]3OC(=O)C(=C)[C@@H]3CC1)=C\CC[C@@]1(C)O[C@@H]21,12599.999999999987,-4.1003705451175625,0,train
Cc1cc(=O)oc2c(C)c(O)c(-c3cc4ccc(F)cc4[nH]3)cc12,3230.0000000000005,-3.509202522331103,0,train
Cc1cc(=O)oc2c(C)c(O)c(-c3ccnc(N)n3)cc12,58999.99999999994,-4.770852011642144,0,test
C=C1CC[C@@H]2[C@](C)(COC(C)=O)[C@H](OC(C)=O)CC[C@@]2(C)[C@@H]1C/C=C1/C(=O)OC[C@H]1OC(C)=O,16000.00000000001,-4.204119982655925,0,train
C=C1CC[C@@H]2[C@](C)(COC(C)=O)[C@H](OC(C)=O)CC[C@@]2(C)[C@@H]1CC(Sc1ccccc1)C1=CCOC1=O,2930.000000000001,-3.4668676203541096,0,train
C=C1CC[C@@H]2[C@](C)(COC(C)=O)[C@H](OC(C)=O)CC[C@@]2(C)[C@@H]1CC(Nc1ccc(S(=O)(=O)NC(C)=O)cc1)C1=CCOC1=O,10299.999999999996,-4.012837224705172,0,test
Cc1nc2cc(Nc3nc(Nc4ccc(F)cc4)nc(N4CCN(C)CC4)n3)ccc2n1Cc1ccccc1,1839.9999999999995,-3.2648178230095364,0,test
Cc1nc2cc(Nc3nc(Nc4ccc(F)cc4)nc(N4CCCC4)n3)ccc2n1Cc1ccccc1,1819.9999999999995,-3.2600713879850747,0,train
Cc1nc2ccc(Nc3nc(NCCN4CCOCC4)nc(Nc4ccc(F)cc4)n3)cc2n1Cc1ccccc1,3209.999999999998,-3.506505032404872,0,train
Cc1nc2cc(Nc3nc(Nc4ccc(F)cc4)nc(-c4ccc(Cl)cc4)n3)ccc2n1Cc1ccccc1,8370.0,-3.92272545799326,0,train
Cc1nc2cc(Nc3nc(Nc4ccc(F)cc4)nc(-c4cccs4)n3)ccc2n1Cc1ccccc1,7620.000000000003,-3.8819549713396007,0,train
COc1ccc(-c2nc(Nc3ccc(F)cc3)nc(Nc3ccc4c(c3)nc(C)n4Cc3ccccc3)n2)cc1,5140.000000000002,-3.710963118995276,0,test
Cc1nc2ccc(Nc3nc(Cl)nc(Nc4ccc(F)cc4)n3)cc2n1Cc1ccccc1,6230.000000000002,-3.7944880466591697,0,test
Cc1nc(NC(=O)CN2CCN(c3nnc(-c4ccccc4)c4ccccc34)CC2)sc1C(=O)Nc1ccccc1,6580.000000000004,-3.818225893613956,0,train
O=C(NC1CCCCC1)c1ccc(Nc2ncnc3c2cnn3-c2ccccc2)cc1,15800.000000000016,-4.198657086954423,0,train
COc1cc(-c2nn(C)nc2-c2cc3ccccc3s2)cc(OC)c1OC,1260.0,-3.100370545117563,0,test
COc1ccc(-c2n[nH]nc2-c2csc3ccccc23)cc1OC,7789.999999999997,-3.891537457672564,0,train
COc1cc(OC)cc(-c2n[nH]nc2-c2c[nH]c3ccccc23)c1,40700.00000000003,-4.60959440922522,0,train
CNC(=O)c1cc(Oc2ccc(NC(=O)Nc3ccc(Cl)c(C(F)(F)F)c3)cc2)ccn1,2509.999999999999,-3.399673721481038,0,train
COc1ncc(-c2ccc3nccc(C#CCN4CCN(S(C)(=O)=O)CC4)c3c2)cc1NS(=O)(=O)c1ccc(F)cc1F,109.65,-2.0400086360135417,0,train
O=C(/C=C/c1ccccc1)n1c(-c2ccc(Cl)cc2)nc2ccccc21,1910.0000000000005,-3.281033367247728,0,test
O=C(Nc1cc(-c2cccnc2)nc(NCCCN2CCOCC2)n1)c1cc(Br)cc(C(F)(F)F)c1,3717.674999999999,-3.5702714209722077,0,train
CCCCCCCCCC(=O)Oc1ccc(/C(=C(/C)c2ccccc2)c2ccc(OCCN3CCCC3)cc2)cc1,8039.999999999997,-3.905256048748451,0,train
C/C(=C(/c1ccc(O)cc1)c1ccc(OCCN2CCCC2)cc1)c1ccccc1,5120.000000000001,-3.709269960975831,0,train
O=C1Nc2ccccc2/C1=C/c1cn(CC(O)Cn2cc(/C=C3\C(=O)Nc4ccccc43)c3ccccc32)c2ccccc12,1799.9999999999998,-3.255272505103306,0,test
COc1cc(/C=C2\C(=O)Nc3ccccc32)cc(OC)c1O,8299.999999999996,-3.9190780923760737,0,train
CNC(=O)c1cc(Oc2ccc3nc(NC(=O)c4cc(C(F)(F)F)cc(C(F)(F)F)c4)sc3c2)ccn1,3700.0,-3.568201724066995,0,train
CNC(=O)c1cc(Oc2ccc3nc(NC(=O)Nc4ccc(Cl)c(C(F)(F)F)c4)sc3c2)ccn1,2619.999999999998,-3.418301291319745,0,test
CNC(=O)c1cc(Oc2ccc3nc(NC(=O)Nc4cc(C(F)(F)F)cc(C(F)(F)F)c4)sc3c2)ccn1,1490.0,-3.173186268412274,0,test
CNC(=O)c1cc(Oc2ccc3nc(NC(=O)Nc4ccc(Cl)c(Cl)c4)sc3c2)ccn1,2450.000000000001,-3.3891660843645326,0,train
CC(C)[C@@]12C[C@@H](NC(=O)CO)[C@@](C)(O1)[C@@H]1CC[C@@H](C)[C@H]1[C@@H]2OC(=O)c1ccc2ccccc2c1,13489.629999999996,-4.130000037799257,0,train
Fc1ccc(-c2nc(Nc3ccc(-c4nc5ccccc5[nH]4)cc3)nc(N3CCOCC3)n2)cc1,3625.3899999999994,-3.5593547324897425,1,train
Clc1ccc(-c2nc(Nc3ccc(-c4nc5ccccc5[nH]4)cc3)nc(N3CCOCC3)n2)cc1,302.50000000000006,-2.480725378988488,1,train
c1ccc(-c2nc(Nc3ccc(-c4nc5ccccc5[nH]4)cc3)nc(N3CCOCC3)n2)cc1,1654.7950000000008,-3.218744199994994,0,train
O=c1ccc2nc(C(F)(F)F)nn(-c3ccccc3)c-2c1,18620.869999999988,-4.269999968126125,0,train
COc1ccc(Nc2nccc(Nc3ccc4[nH]ncc4c3)n2)cc1,4480.0,-3.651278013998144,0,train
COc1cc2cc(Oc3ccc(NC(=O)Nc4cccc(C(F)(F)F)c4)cc3)c(C)nc2cc1OC,2839.999999999999,-3.453318340047037,0,train
COc1cc2cc(Oc3ccc(NC(=O)Nc4ccc(Cl)c(C(F)(F)F)c4)cc3)c(C)nc2cc1OC,2049.9999999999995,-3.311753861055754,0,test
COc1cc2cc(Oc3ccc(NC(=O)Nc4ccc(Cl)c(Cl)c4)cc3)c(C)nc2cc1OC,8660.000000000004,-3.937517892017347,0,train
COc1cc2cc(Oc3ccc(NC(=O)Nc4cc(C(F)(F)F)cc(C(F)(F)F)c4)cc3)c(C)nc2cc1OC,1160.0000000000002,-3.0644579892269186,0,train
Cc1nc2cc(O)c(O)cc2cc1Oc1ccc(NC(=O)Nc2ccc(Cl)c(Cl)c2)cc1,14099.999999999993,-4.14921911265538,0,train
COc1ccc2c(c1O)COCc1cc(OC)c(OC)c(OC)c1-2,519.9999999999998,-2.716003343634799,0,train
COc1ccc2c(c1)COCc1cc(OC)c(OC)c(OC)c1-2,2040.0,-3.3096301674258988,0,train
COc1cc2c(c(OC)c1OC)-c1cc3c(cc1COC2)OCO3,2000.0,-3.3010299956639813,0,train
CCCN1C(=O)c2ccc3c4c(ccc(c24)C1=O)C(=O)N(CCCNCc1ccccc1OC)C3=O,861.0000000000005,-2.935003151453655,0,train
COc1ccccc1CNCCCN1C(=O)c2ccc3c4c(ccc(c24)C1=O)C(=O)N(CCCN)C3=O,1659.9999999999995,-3.220108088040055,0,train
COc1ccccc1CNCCCN1C(=O)c2ccc3c4c(ccc(c24)C1=O)C(=O)N(CCCOCCCCOCCCN)C3=O,1905.0,-3.279894980011638,0,test
CNCCCNCCCCNCCCN1C(=O)c2ccc3c4c(ccc(c24)C1=O)C(=O)N(CCCNCc1ccccc1OC)C3=O,2209.9999999999995,-3.3443922736851106,0,test
CNCCCNCCCN1C(=O)c2ccc3c4c(ccc(c24)C1=O)C(=O)N(CCCNCc1ccccc1OC)C3=O,2220.000000000001,-3.346352974450639,0,train
COc1ccccc1CNCCCN1C(=O)c2ccc3c4c(ccc(c24)C1=O)C(=O)N(CCCCNCCCN)C3=O,2145.000000000001,-3.331427296520743,0,train
COc1ccccc1CNCCCN1C(=O)c2ccc3c4c(ccc(c24)C1=O)C(=O)N(CCCNCCCN)C3=O,1071.9999999999995,-3.030194785356751,0,train
COc1ccccc1CNCCCN1C(=O)c2ccc3c4c(ccc(c24)C1=O)C(=O)N(CCCNCCCCNCCCN)C3=O,1213.0000000000005,-3.083860800866573,0,test
c1ccc2c3c([nH]c2c1)C(c1ccc(C2NCCc4c2[nH]c2ccccc42)cc1)NCC3,1254.4650000000004,-3.098458548855961,0,train
N=C(N)c1ccc(-c2ccc(-c3ccccc3)s2)cc1F,6000.000000000003,-3.778151250383644,1,train
COc1ccc(-c2ccc(-c3ccc(C(=N)N)c(F)c3)s2)cc1,3580.000000000002,-3.5538830266438746,0,train
COc1cc(OC)cc(-c2ccc(-c3ccc(C(=N)N)c(F)c3)s2)c1,501.9999999999999,-2.7007037171450192,0,train
N=C(N)c1ccc(-c2ccc(-c3ccc(Cl)cc3)s2)cc1F,386.00000000000017,-2.586587304671755,1,train
COc1ccc(-c2ccc(-c3ccc(C(=N)N)cc3)s2)cc1,1240.0000000000002,-3.093421685162235,0,test
COc1cc(OC)cc(-c2ccc(-c3ccc(C(=N)N)cc3)s2)c1,1689.9999999999995,-3.227886704613673,0,train
N=C(N)c1ccc(-c2ccc(-c3ccc(Cl)cc3)s2)cc1,181.99999999999997,-2.2600713879850747,0,train
N=C(N)c1ccc(-c2ccc(-c3ccc(F)cc3)s2)cc1,1330.0,-3.123851640967086,0,train
COc1cc2ncnc(Oc3ccc(NC(=O)Nc4ccc(CN5CCOCC5)c(C(F)(F)F)c4)c4ccccc34)c2cc1OC,559.9999999999998,-2.7481880270062,0,train
C=C1CC[C@@H]2[C@](C)(COC(C)=O)[C@H](OC(C)=O)CC[C@@]2(C)[C@H]1CC(Nc1ccc(S(=O)(=O)Nc2cc(C)on2)cc1)C1=CCOC1=O,4680.000000000002,-3.670245853074124,0,train
C=C1CC[C@@H]2[C@](C)(COC(C)=O)[C@H](OC(C)=O)CC[C@@]2(C)[C@H]1CC(Nc1ccc(S(=O)(=O)Nc2nccs2)cc1)C1=CCOC1=O,12000.000000000007,-4.079181246047625,0,train
C=C1CC[C@@H]2[C@](C)(COC(C)=O)[C@H](OC(C)=O)CC[C@@]2(C)[C@H]1CC(Nc1ccc(S(=O)(=O)Nc2ncccn2)cc1)C1=CCOC1=O,3120.0000000000005,-3.494154594018443,0,train
C=C1CC[C@@H]2[C@](C)(COC(C)=O)[C@H](OC(C)=O)CC[C@@]2(C)[C@H]1CC(Nc1ccc(S(=O)(=O)Nc2nccc(C)n2)cc1)C1=CCOC1=O,11300.000000000004,-4.05307844348342,0,train
C=C1CC[C@@H]2[C@](C)(COC(C)=O)[C@H](OC(C)=O)CC[C@@]2(C)[C@H]1CC(Nc1ccc(S(=O)(=O)Nc2ccc(Cl)nn2)cc1)C1=CCOC1=O,2969.9999999999995,-3.4727564493172123,0,train
C=C1C(=O)O[C@H]2[C@H]1CC/C(COC(=O)CCC(=O)NCCCCCCCCCNC(=O)CCC(=O)OC/C1=C/CC[C@@]3(C)O[C@H]3[C@H]3OC(=O)C(=C)[C@@H]3CC1)=C\CC[C@@]1(C)O[C@@H]21,16300.000000000013,-4.212187604403958,0,train
C=C1C(=O)O[C@H]2[C@H]1CC/C(COC(=O)CCC(=O)NCCCCCCCCNC(=O)CCC(=O)OC/C1=C/CC[C@@]3(C)O[C@H]3[C@H]3OC(=O)C(=C)[C@@H]3CC1)=C\CC[C@@]1(C)O[C@@H]21,16300.000000000013,-4.212187604403958,0,train
C=C1C(=O)O[C@H]2[C@H]1CC/C(COC(=O)CCC(=O)N1CCC(C)CC1)=C\CC[C@@]1(C)O[C@@H]21,17599.999999999985,-4.2455126678141495,0,train
C=C1C(=O)O[C@H]2[C@H]1CC/C(COC(=O)CCC(=O)NCc1ccc(Cl)nc1)=C\CC[C@@]1(C)O[C@@H]21,29600.00000000001,-4.471291711058939,0,train
COc1ccc(C(=O)/C=C/c2cccc(Nc3ccnc4cc(Cl)ccc34)c2)cc1,2690.0000000000005,-3.429752280002408,0,train
COc1cc(C(=O)/C=C/c2cccc(Nc3ccnc4cc(Cl)ccc34)c2)cc(OC)c1OC,1520.0000000000002,-3.1818435879447726,0,train
O=CN1N=C(c2ccc(Cl)cc2)CC1c1cccc(Nc2ccnc3cc(Cl)ccc23)c1,5520.000000000001,-3.741939077729199,0,train
COc1ccc(C2=NN(C=O)C(c3cccc(Nc4ccnc5cc(Cl)ccc45)c3)C2)cc1,6509.999999999996,-3.813580988568192,0,train
O=C(Nc1ccc(-c2ccccc2)cn1)c1cncnc1,512.0000000000001,-2.709269960975831,0,train
Cc1ccc(C(=O)Nc2ccc(Cl)c(C(F)(F)F)c2)cc1NC(=O)C1(c2cc(NCC3CCN(C)CC3)ncn2)CC1,2000.0,-3.3010299956639813,0,train
CC(C)(C)OC(=O)Nc1ccc2c(c1)C(NC(=O)Nc1cccc(C#N)c1)CC(C)(C)O2,21877.620000000006,-4.340000074650098,0,test
COc1ccccc1S(=O)(=O)Nc1ccc2c(c1)CN(C)C(=O)N2,6000.000000000003,-3.778151250383644,0,train
Cc1noc(C)c1-c1cc(O)cc(C(O)c2ccccc2)c1,8410.0,-3.924795995797912,0,train
C=C1C(=O)O[C@@H]2[C@H]3O[C@]3(C)CC/C=C(/COC(=O)c3cc4ccccc4o3)CC[C@@H]12,5520.000000000001,-3.741939077729199,0,test
C=C1C(=O)O[C@@H]2[C@H]3O[C@]3(C)CC/C=C(/COC(=O)c3cc4ccccc4s3)CC[C@@H]12,1979.999999999999,-3.296665190261531,0,train
C=C1C(=O)O[C@@H]2[C@H]3O[C@]3(C)CC/C=C(/COC(=O)c3cn(C)c4ccccc34)CC[C@@H]12,3010.0000000000014,-3.478566495593844,0,train
C=C1C(=O)O[C@@H]2[C@H]3O[C@]3(C)CC/C=C(/COC(=O)c3c[nH]c4ccccc34)CC[C@@H]12,1850.0,-3.2671717284030137,0,test
C=C1C(=O)O[C@@H]2[C@H]3O[C@]3(C)CC/C=C(/COC(=O)/C=C/c3c[nH]c4ccccc34)CC[C@@H]12,1730.0000000000002,-3.2380461031287955,0,train
C=C1C(=O)O[C@@H]2[C@H]3O[C@]3(C)CC/C=C(/COC(=O)CCCc3c[nH]c4ccccc34)CC[C@@H]12,13800.000000000013,-4.139879086401237,0,train
C=C1C(=O)O[C@@H]2[C@H]3O[C@]3(C)CC/C=C(/COC(=O)c3cc4cc(Cl)ccc4[nH]3)CC[C@@H]12,4000.000000000001,-3.6020599913279625,0,train
C=C1C(=O)O[C@@H]2[C@H]3O[C@]3(C)CC/C=C(/COC(=O)c3cc4cc(F)ccc4[nH]3)CC[C@@H]12,2690.0000000000005,-3.429752280002408,0,train
C=C1C(=O)O[C@@H]2[C@H]3O[C@]3(C)CC/C=C(/COC(=O)c3cc4cc(OC)ccc4[nH]3)CC[C@@H]12,1879.9999999999989,-3.27415784926368,0,train
C=C1C(=O)O[C@@H]2[C@H]3O[C@]3(C)CC/C=C(/COC(=O)c3cc4ccccc4[nH]3)CC[C@@H]12,1680.0,-3.225309281725863,0,train
COc1ccc(C(=O)/C=C/c2cc(-c3cc(OC)c(OC)c(OC)c3)n[nH]2)cc1,1920.0,-3.2833012287035497,0,test
COc1ccc(C(=O)/C=C/c2cc(-c3cc(OC)c(OC)c(OC)c3)n[nH]2)cc1OC,1520.0000000000002,-3.1818435879447726,0,train
COc1cc(C(=O)/C=C/c2cc(-c3cc(OC)c(OC)c(OC)c3)n[nH]2)cc(OC)c1OC,2000.0,-3.3010299956639813,0,train
COc1cc(-c2cc(/C=C/C(=O)c3ccc4c(c3)OCO4)[nH]n2)cc(OC)c1OC,3010.0000000000014,-3.478566495593844,0,test
COc1cc(-c2cc(/C=C/C(=O)c3ccc(Cl)c(Cl)c3)[nH]n2)cc(OC)c1OC,14500.000000000013,-4.161368002234975,0,test
COc1cc(-c2cc(/C=C/C(=O)c3ccc(F)c(F)c3)[nH]n2)cc(OC)c1OC,3369.9999999999995,-3.5276299008713385,0,test
COc1cc(-c2cc(/C=C/C(=O)c3ccc(N)cc3)[nH]n2)cc(OC)c1OC,2230.0,-3.3483048630481607,0,train
COc1ccc(C(=O)/C=C/c2cc(-c3ccc4c(c3)OCO4)n[nH]2)cc1OC,2480.000000000001,-3.3944516808262164,0,train
COc1cc(C(=O)/C=C/c2cc(-c3ccc4c(c3)OCO4)n[nH]2)cc(OC)c1OC,2090.000000000001,-3.3201462861110542,0,train
COc1ccc(-c2cc(/C=C/C(=O)c3cc(OC)c(OC)c(OC)c3)[nH]n2)cc1OC,2020.0000000000005,-3.305351369446624,0,train
COc1ccc(C(=O)/C=C/c2cc(-c3ccc(OC)c(OC)c3)n[nH]2)cc1OC,2670.000000000001,-3.4265112613645754,0,train
COc1ccc(-c2cc(/C=C/C(=O)c3ccc4c(c3)OCO4)[nH]n2)cc1OC,2670.000000000001,-3.4265112613645754,0,test
COc1ccc(-c2cc(/C=C/C(=O)c3ccc(N)cc3)[nH]n2)cc1OC,4340.000000000001,-3.637489729512511,0,train
COc1ccc(-c2cc(/C=C/C(=O)c3ccc(OC)c(OC)c3)[nH]n2)cc1,1619.999999999999,-3.2095150145426308,0,train
COc1ccc(-c2cc(/C=C/C(=O)c3ccc(N)cc3)[nH]n2)cc1,1839.9999999999995,-3.2648178230095364,0,train
COc1cc2c(cc1OC)C(=O)/C(=C/c1cc(-c3ccc4c(c3)OCO4)n[nH]1)C2,1540.0,-3.187520720836463,0,train
CCCCOc1nc2ccccc2cc1C1CNC(=O)c2ccccc2N1,4499.999999999998,-3.653212513775344,0,train
COc1ccc(-c2nocc2-c2cc(OC)c(OC)c(OC)c2)cc1,739.1550000000002,-2.8687355190256687,0,train
COc1cc2c(=O)n(CCN(C)C)c3c4cc5c(cc4ccc3c2cc1OC)OCO5,428.00000000000017,-2.631443769013172,0,train
O=C1/C(=C\c2cccn2Cc2ccccc2)c2ccccc2N1c1c(Cl)cccc1Cl,14789.999999999996,-4.169968173996892,0,test
COCCn1cc(-c2csc(-c3c[nH]c4ccc(Br)cc34)n2)c2cccnc21,11799.99999999999,-4.071882007306125,0,train
COCCn1cc(-c2nc(-c3c[nH]c4ncccc34)cs2)c2cc(OC)ccc21,1949.9999999999995,-3.290034611362518,0,train
N#CCCCCCn1cc(C2=C(c3cn(CCCCCC#N)c4ccccc34)C(=O)N(O)C2=O)c2ccccc21,8529.999999999996,-3.930949031167523,0,train
COc1ccc(-c2nc3sc(-c4ccc(Cl)cc4)cn3n2)cc1,1760.0000000000005,-3.24551266781415,0,test
C#C[C@@]1(O)[C@@H](CO)O[C@@H](n2cc(F)c3c(N)ncnc32)[C@@H]1O,499.0949999999998,-2.6981832190681128,0,train
C#C[C@@]1(O)[C@@H](CO)O[C@@H](n2ccc3c(N)ncnc32)[C@@H]1O,1284.1249999999998,-3.108607301122199,0,train
C=C1C(=O)O[C@H]2[C@H]1CC/C(Cn1cc(-c3ccccc3)nn1)=C\CC[C@@]1(C)O[C@@H]21,7789.999999999997,-3.891537457672564,0,train
C=C1C(=O)O[C@H]2[C@H]1CC/C(Cn1cc(-c3ccccc3C(F)(F)F)nn1)=C\CC[C@@]1(C)O[C@@H]21,10799.999999999993,-4.033423755486949,0,test
C=C1C(=O)O[C@H]2[C@H]1CC/C(Cn1cc(-c3cccc(Cl)c3)nn1)=C\CC[C@@]1(C)O[C@@H]21,2170.0000000000005,-3.3364597338485296,0,train
C=C1C(=O)O[C@H]2[C@H]1CC/C(Cn1cc(-c3ccc(F)cc3)nn1)=C\CC[C@@]1(C)O[C@@H]21,4389.999999999999,-3.642464520242121,0,train
C=C1C(=O)O[C@H]2[C@H]1CC/C(Cn1cc(-c3ccc(OC)cc3)nn1)=C\CC[C@@]1(C)O[C@@H]21,10700.000000000002,-4.02938377768521,0,train
C=C1C(=O)O[C@H]2[C@H]1CC/C(Cn1cc(-c3cc(C(F)(F)F)cc(C(F)(F)F)c3)nn1)=C\CC[C@@]1(C)O[C@@H]21,1670.0,-3.2227164711475837,0,test
C=C1C(=O)O[C@H]2[C@H]1CC/C(Cn1cc(-c3cc(C)c(C)cc3C)nn1)=C\CC[C@@]1(C)O[C@@H]21,11100.000000000004,-4.045322978786658,0,test
C=C1C(=O)O[C@H]2[C@H]1CC/C(Cn1cc(-c3ccsc3)nn1)=C\CC[C@@]1(C)O[C@@H]21,10500.000000000004,-4.021189299069938,0,train
C=C1C(=O)O[C@H]2[C@H]1CC/C(Cn1cc(-c3ccc(N)cc3)nn1)=C\CC[C@@]1(C)O[C@@H]21,12599.999999999987,-4.1003705451175625,0,train
C=C1C(=O)O[C@H]2[C@H]1CC/C(Cn1cc(CCC)nn1)=C\CC[C@@]1(C)O[C@@H]21,21499.99999999998,-4.332438459915605,0,train
CCCSc1ccc2nc(NC(=O)OCC)sc2c1,6369.999999999999,-3.8041394323353503,0,train
CCOC(=O)Nc1nc2ccc(SCC)cc2s1,24100.0,-4.382017042574868,1,train
CCCOC(=O)Nc1nc2ccc(SCCC)cc2s1,1970.0,-3.294466226161593,1,test
CCCCSc1ccc2nc(NC(=O)OCC)sc2c1,2059.9999999999995,-3.3138672203691533,0,train
CCCCSc1ccc2nc(NC(=O)OCCC)sc2c1,949.9999999999995,-2.977723605288848,0,test
CCCCCSc1ccc2nc(NC(=O)OCC)sc2c1,5099.999999999999,-3.707570176097936,0,train
COc1cc(Cl)cc(-c2nn(-c3cccc(NC(=O)Nc4cc(C(F)(F)F)cc(C(F)(F)F)c4)c3)cc2-c2ccncc2)c1,933.125,-2.9699398250691007,0,train
COc1cc(Cl)cc(-c2nn(-c3cccc(NC(=O)Nc4ccc(Cl)c(C(F)(F)F)c4)c3)cc2-c2ccncc2)c1,3384.2199999999984,-3.529458587724073,0,test
O=C(Nc1cccc(-n2cc(-c3ccncc3)c(-c3cc(O)cc(Cl)c3)n2)c1)Nc1ccc(Cl)c(Cl)c1,1779.1399999999994,-3.2502101239328223,0,train
O=C(Nc1cccc(-n2cc(-c3ccncc3)c(-c3cc(O)cc(Cl)c3)n2)c1)Nc1ccc(Cl)c(C(F)(F)F)c1,3156.1400000000003,-3.499156259391292,0,train
COC(=O)[C@]12CC[C@@H](C)[C@H](C)[C@H]1C1=CC[C@@H]3[C@@]4(C)C[C@@H](O)[C@H](O)[C@@](C)(CO)[C@@H]4[C@H](O)C[C@@]3(C)[C@]1(C)CC2,12899.999999999996,-4.110589710299249,0,train
COC(=O)[C@]12CC[C@@H](C)[C@H](C)[C@H]1C1=CC[C@@H]3[C@@]4(C)C[C@@H](OC(C)=O)[C@H](OC(C)=O)[C@@](C)(COC(C)=O)[C@@H]4[C@H](O)C[C@@]3(C)[C@]1(C)CC2,1700.000000000001,-3.230448921378274,0,test
COC(=O)[C@]12CC[C@@H](C)[C@H](C)[C@H]1C1=CC[C@@H]3[C@@]4(C)C[C@@H](OC(C)=O)[C@H](O)[C@@](C)(CO)[C@@H]4[C@H](O)C[C@@]3(C)[C@]1(C)CC2,11000.000000000007,-4.041392685158225,0,test
COC(=O)[C@]12CC[C@@H](C)[C@H](C)[C@H]1C1=CC[C@@H]3[C@@]4(C)C[C@@H](OC(=O)c5ccco5)[C@H](O)[C@@](C)(CO)[C@@H]4[C@H](O)C[C@@]3(C)[C@]1(C)CC2,2300.000000000001,-3.361727836017593,0,train
COC(=O)[C@]12CC[C@@H](C)[C@H](C)[C@H]1C1=CC[C@@H]3[C@@]4(C)C[C@@H](OC(=O)/C=C/c5ccccc5)[C@H](O)[C@@](C)(CO)[C@@H]4[C@H](O)C[C@@]3(C)[C@]1(C)CC2,2399.9999999999995,-3.380211241711606,0,train
COC(=O)[C@]12CC[C@@H](C)[C@H](C)[C@H]1C1=CC[C@@H]3[C@@]4(C)C[C@@H](O)[C@H](O)[C@@](C)(CO)C4=CC[C@@]3(C)[C@]1(C)CC2,17000.000000000007,-4.230448921378274,0,train
COC(=O)[C@]12CC[C@@H](C)[C@H](C)[C@H]1C1=CC[C@@H]3[C@@]4(C)C=C(O)C(=O)C(C)=C4CC[C@@]3(C)[C@]1(C)CC2,12000.000000000007,-4.079181246047625,0,train
COC(=O)[C@]12CC[C@@H](C)[C@H](C)[C@H]1C1=CC[C@@H]3[C@@]4(C)CC(=O)[C@H](O)[C@@](C)(CO)[C@@H]4C(=O)C[C@@]3(C)[C@]1(C)CC2,10000.0,-4.0,0,test
COC(=O)[C@]12CC[C@@H](C)[C@H](C)[C@H]1C1=CC[C@@H]3[C@@]4(C)CC(=O)[C@H](O)[C@@]5(C)COC(=C45)C[C@@]3(C)[C@]1(C)CC2,18200.00000000001,-4.260071387985075,0,train
COC(=O)[C@]12CC[C@@H](C)[C@H](C)[C@H]1C1=CC[C@@H]3[C@@]4(C)C=C(O)C(=O)[C@@]5(C)COC(=C54)C[C@@]3(C)[C@]1(C)CC2,8900.0,-3.949390006644913,0,test
COC(=O)[C@]12CC[C@@H](C)[C@H](C)[C@H]1C1=CC[C@@H]3[C@@]4(C)C/C(=N\O)[C@H](O)[C@@]5(C)COC(=C45)C[C@@]3(C)[C@]1(C)CC2,6600.000000000002,-3.8195439355418688,0,train
COC(=O)[C@]12CC[C@@H](C)[C@H](C)[C@H]1C1=CC[C@@H]3[C@@](C)(CC#N)C4=C(C[C@@]3(C)[C@]1(C)CC2)OC[C@]4(C)C=O,4900.000000000002,-3.690196080028514,0,test
COC(=O)[C@]12CC[C@@H](C)[C@H](C)[C@H]1C1=CC[C@@H]3[C@@]4(C)CC(=O)[C@H](OC(=O)c5ccco5)[C@@]5(C)COC(=C45)C[C@@]3(C)[C@]1(C)CC2,2300.000000000001,-3.361727836017593,0,train
N=C(N)c1ccc(-c2ccc(-c3ccccc3)o2)o1,2119.999999999999,-3.326335860928751,0,train
COc1ccc(-c2ccc(-c3ccc(C(=N)N)o3)o2)cc1,2259.999999999999,-3.3541084391474008,0,train
COc1cc(OC)cc(-c2ccc(-c3ccc(C(=N)N)o3)o2)c1,2860.000000000001,-3.456366033129043,0,test
N=C(N)c1ccc(-c2ccc(-c3ccc(Cl)cc3)o2)o1,1670.0,-3.2227164711475837,0,train
N=C(N)c1ccc(-c2ccc(-c3ccc(Cl)cc3)s2)s1,1629.9999999999995,-3.2121876044039577,0,test
N=C(N)c1ccc(-c2ccc(-c3ccc(F)cc3)o2)o1,1600.000000000001,-3.204119982655925,0,train
N=C(N)c1ccc(-c2ccc(-c3ccc(F)cc3)s2)s1,1629.9999999999995,-3.2121876044039577,0,train
N=C(N)c1ccc(-c2ccc(-c3cc(Cl)cc(Cl)c3)o2)o1,1619.999999999999,-3.2095150145426308,0,train
N=C(N)c1ccc(-c2ccc(-c3cc(Cl)cc(Cl)c3)s2)s1,1659.9999999999995,-3.220108088040055,0,train
COc1cc(-c2ccc(-c3ccc(C(=N)N)s3)s2)cc(OC)c1OC,2379.9999999999995,-3.376576957056512,0,train
N=C(N)c1ccc(-c2ccc(-c3ccc4ccccc4c3)s2)s1,1640.0000000000002,-3.214843848047698,0,train
COc1ccc2cc(-c3ccc(-c4ccc(C(=N)N)s4)s3)ccc2c1,2020.0000000000005,-3.305351369446624,0,train
N=C(N)c1ccc(-c2ccc(-c3cncc4ccccc34)s2)s1,1659.9999999999995,-3.220108088040055,0,train
O=C1NC2C(CC(O)C(O)C2O)c2cc3c(c(O)c21)OCO3,49.6,-1.6954816764901974,0,test
O=C1NC2C(CC(O)C(O)C2O)c2cc3c(c(O)c21)OCCO3,105.00000000000004,-2.0211892990699383,0,train
O=c1c2ccccc2n(CC2CO2)c2ccccc12,1995.2599999999995,-3.299999496116984,0,train
O=C(OC[C@@H]1CO1)c1cccc2c(=O)c3ccccc3[nH]c12,2187.7599999999998,-3.339999677628228,0,train
COc1cc2c(=O)n(CCN)c3c4cc5c(cc4ccc3c2cc1OC)OCO5,989.9999999999994,-2.9956351945975497,0,train
CNCCn1c(=O)c2cc(OC)c(OC)cc2c2ccc3cc4c(cc3c21)OCO4,146.99999999999997,-2.167317334748176,0,train
COc1ccc(/C(=C/c2ccc3ccccc3c2)c2nnn[nH]2)cc1OC,6879.999999999998,-3.837588438235511,0,train
COC(=O)/C=C1\CC[C@H]2[C@@H](CC(=O)[C@H]3C(C)(C)[C@@H](O)CC[C@]23C)[C@H]1C,1348.9599999999998,-3.129999071957425,0,train
COC(=O)/C=C1\CC[C@H]2[C@@H](CC(=O)[C@H]3C(C)(C)C(=O)CC[C@]23C)[C@H]1C,812.8299999999999,-2.909999724213982,0,train
COc1cc2ncnc(Nc3ccc(Oc4ccc(C)nc4)c(C)c3)c2cc1NC(=O)CC1CCSS1,1070.0000000000002,-3.0293837776852097,0,train
CCOc1cc2ncc(C#N)c(Nc3ccc(OCc4cccc(F)c4)c(Cl)c3)c2cc1NC(=O)CC1CCSS1,599.9999999999997,-2.7781512503836434,0,train
COc1cc2ncnc(Nc3ccc(F)c(Cl)c3)c2cc1OCCCN1CCOCC1,79.99999999999999,-1.9030899869919435,0,train
COc1ccc(C(=O)/C=C/c2ccc(Cl)cc2)cc1S(N)(=O)=O,2040.0,-3.3096301674258988,0,test
COc1ccc(C(=O)/C=C/c2ccc(Cl)cc2)cc1S(=O)(=O)Nc1c(N)nc(SC)[nH]c1=O,2379.9999999999995,-3.376576957056512,0,train
COc1ccccc1S(=O)(=O)Nc1ccc2c3c(cc(CCC(=O)NCCCCNc4cccc5c4C(=O)N(C4CCC(=O)NC4=O)C5=O)cc13)C(=O)N2C,355.0000000000001,-2.550228353055094,0,train
O=C1CC(c2ccccc2)Cc2nc3ccc(Cl)cc3cc21,720.0000000000001,-2.8573324964312685,0,train
O=C1CC(c2ccccc2)Cc2nc3ccc(Br)cc3cc21,623.0000000000001,-2.7944880466591697,0,train
COc1ccc2nc3c(cc2c1)C(=O)CC(C(F)(F)F)C3,1320.0000000000005,-3.12057393120585,0,train
COc1ccc2nc3c(cc2c1)C(=O)CC(c1ccccc1)C3,5780.0,-3.761927838420529,0,train
O=C1CC(c2ccccc2)Cc2nc3c(Br)cc(Br)cc3cc21,74.8,-1.8739015978644613,0,train
CCOC(=O)c1cc2c(n1Cc1ccccc1OC)-c1oncc1CCC2,5229.999999999999,-3.718501688867274,0,test
CCOC(=O)c1cc2c(n1Cc1cc(OC)c(OC)c(OC)c1)-c1oncc1CCC2,319.9999999999999,-2.505149978319906,0,train
CCOC(=O)c1c(Cl)c2c(n1Cc1cc(OC)cc(OC)c1)-c1oncc1CCC2,509.9999999999999,-2.7075701760979363,0,train
Nc1nc2[nH]c(CN3CCN(c4cc(Cl)cc(Cl)c4)CC3)c(CN3CCN(c4cc(Cl)cc(Cl)c4)CC3)c2c(=O)[nH]1,6330.000000000002,-3.801403710017355,0,train
CCCCCCCC(=O)Nc1nc2[nH]c(CN3CCN(Cc4cccc(F)c4)CC3)c(CN3CCN(Cc4cccc(F)c4)CC3)c2c(=O)[nH]1,1460.0000000000002,-3.164352855784437,0,test
C1=C2CNCC3=Cc4c(ccc5ccccc45)OC23Oc2ccc3ccccc3c21,4969.999999999998,-3.696356388733332,0,train
COc1cccc2nc(Nc3cccc(NC(=O)c4ccc(N5CCN(C)CC5)c(C(F)(F)F)c4)c3)ccc12,1650.0,-3.2174839442139063,0,train
CCN1CCN(c2cc(C(=O)Nc3cccc(Nc4ccc5c(OC)cccc5n4)c3)cc(C(F)(F)F)c2)CC1,1330.0,-3.123851640967086,0,test
Cc1ccc(NC(=O)c2ccc(CN3CCN(C)CC3)cc2)cc1Nc1nccc(-c2cccnc2)n1,22800.00000000001,-4.357934847000454,0,train
CN1CCN(CCCOc2cccc3nc(Nc4cc(Cl)cc(Cl)c4)ccc23)CC1,1560.0,-3.1931245983544616,0,train
CN1CCN(CCCOc2cccc3nc(Nc4ccc(F)c(F)c4)ccc23)CC1,3929.999999999999,-3.5943925503754266,0,train
CN1CCN(CCCOc2cccc3nc(Nc4ccc(Cl)c(F)c4)ccc23)CC1,1700.000000000001,-3.230448921378274,0,train
CN1CCN(CCCOc2cccc3nc(Nc4ccc(Cl)c(C(F)(F)F)c4)ccc23)CC1,1440.0000000000005,-3.1583624920952498,0,test
CC(C)c1ccc(Nc2ccc3c(OCCCN4CCN(C)CC4)cccc3n2)cc1,11000.000000000007,-4.041392685158225,0,train
CN1CCN(CCCOc2cccc3nc(Nc4cccc(Cl)c4)ccc23)CC1,2670.000000000001,-3.4265112613645754,0,train
Clc1cc(Cl)cc(Nc2ccc3c(OCCCN4CCOCC4)cccc3n2)c1,2509.999999999999,-3.399673721481038,0,test
Fc1cc(Nc2ccc3c(OCCCN4CCOCC4)cccc3n2)ccc1Cl,2530.0000000000005,-3.403120521175818,0,train
FC(F)(F)c1cc(Nc2ccc3c(OCCCN4CCOCC4)cccc3n2)ccc1Cl,2520.0000000000005,-3.401400540781544,0,train
CN1CCc2nc3sc(C(N)=O)c(N)c3c(-c3cccs3)c2C1,3849.999999999999,-3.5854607295085006,0,train
COc1cccc(NC(=O)c2sc3nc4c(cc3c2N)CN(Cc2ccccc2)CC4)c1,25199.999999999975,-4.401400540781544,0,train
Cc1cc(C)c(NC(=O)c2sc3nc4c(cc3c2N)CN(Cc2ccccc2)CC4)c(C)c1,8650.0,-3.9370161074648142,0,test
Cc1ccc(NC(=O)c2sc3nc4c(cc3c2N)C(=O)CCC4)cc1C,975.0000000000005,-2.989004615698537,0,train
COc1ccc(-n2c(=S)sc3c(Cl)nc(C)nc32)c(OC)c1,2509.999999999999,-3.399673721481038,0,test
COc1cc2nc(-c3ccc(Cl)cc3)cc(OCCCN3CCCC3)c2cc1OC,3360.0000000000005,-3.526339277389844,0,train
COc1cc2nc(-c3ccc(Cl)cc3)cc(OCCCN3CCC(O)CC3)c2cc1OC,3219.999999999999,-3.507855871695831,0,train
COc1cc2nc(-c3ccc(Cl)cc3)cc(OCCCN3CCCCC3)c2cc1OC,4420.0,-3.645422269349092,0,train
COc1cc2nc(-c3ccc(C(F)(F)F)cc3)cc(OCCCN3CCCC3)c2cc1OC,6769.999999999999,-3.830588668685144,0,test
COc1cc2nc(-c3ccc(C(F)(F)F)cc3)cc(OCCCN3CCC(O)CC3)c2cc1OC,10200.00000000001,-4.008600171761918,0,train
COc1cc2nc(-c3ccc(C(F)(F)F)cc3)cc(OCCCN3CCCCC3)c2cc1OC,8700.000000000004,-3.9395192526186182,0,train
COc1cc2nc(-c3ccc(C(F)(F)F)cc3)cc(OCCCN3CCOCC3)c2cc1OC,10500.000000000004,-4.021189299069938,0,train
O=C(CNc1c(Cl)cccc1Cl)Nc1ccc(-c2nc3ccccc3s2)cc1,1799.9999999999998,-3.255272505103306,0,train
O=C(CNc1ccc(Cl)cc1)Nc1ccc(-c2nc3ccccc3s2)cc1,2000.0,-3.3010299956639813,0,train
COc1ccc(N(C)c2nc(Cl)nc3cnn(C)c23)cc1,14.09,-1.1489109931093564,0,test
C[C@]12CC[C@H](O[C@@H]3O[C@H](CO)[C@@H](O)[C@H](O)[C@H]3O)C=C1CC[C@@H]1[C@@H]2[C@@H](O)C[C@]2(C)[C@@H](c3ccc(=O)oc3)CC[C@]12O,30.0,-1.4771212547196624,0,test
CC(=O)OC[C@H]1O[C@@H](O[C@@H]2C=C3CC[C@@H]4[C@H]([C@@H](O)C[C@]5(C)[C@@H](c6ccc(=O)oc6)CC[C@]45O)[C@@]3(C)CC2)[C@H](OC(C)=O)[C@@H](OC(C)=O)[C@@H]1OC(C)=O,114.00000000000004,-2.0569048513364727,0,train
C[C@]12C[C@H](O)[C@H]3[C@@H](CCC4=C[C@@H](O[C@@H]5O[C@H](CO)[C@@H](O)[C@H](O)[C@H]5O)CC[C@@]43CO)[C@@]1(O)CC[C@@H]2c1ccc(=O)oc1,7.0,-0.8450980400142568,0,train
C[C@]12CC[C@H]3[C@@H](CC[C@H]4C[C@@H](O)CC[C@@]43C=O)[C@@]1(O)CC[C@@H]2c1ccc(=O)oc1,3120.0000000000005,-3.494154594018443,0,train
Cc1cc(Nc2nc(SCc3ccc(C(=O)Nc4ccc(F)cc4N)cc3)nn3cccc23)n[nH]1,1010.0,-3.004321373782642,0,test
C=C1C(=O)O[C@H]2[C@H]1CC/C(COC(=O)NCc1cc(OC)cc(OC)c1)=C\CC[C@@]1(C)O[C@@H]21,4719.999999999997,-3.673941998634088,0,train
C=C1C(=O)O[C@H]2[C@H]1CC/C(COC(=O)NCCc1ccc(OC)cc1)=C\CC[C@@]1(C)O[C@@H]21,12599.999999999987,-4.1003705451175625,0,test
O=C(Cc1csc2nc(-c3ccc(Cl)cc3)cn12)N/N=C/c1ccccc1O,1548.8200000000002,-3.1900009480696627,1,train
O=C1CC(N2C(=O)/C(=C/C(Cl)=C/c3ccc([N+](=O)[O-])cc3)SC2=S)C(=O)N1c1ccc(Cl)cc1,3000.0000000000014,-3.4771212547196626,0,train
O=C1CC(N2C(=O)/C(=C/C(Cl)=C/c3ccc([N+](=O)[O-])cc3)SC2=S)C(=O)N1c1ccc(O)cc1,2340.0000000000005,-3.369215857410143,0,train
COc1cc2cc(Oc3ccc(NC(=O)Nc4ccc(F)c(C(F)(F)F)c4)cc3)c(C)nc2cc1OCCN1CCOCC1,3369.9999999999995,-3.5276299008713385,0,train
COc1cc2cc(Oc3ccc(NC(=O)Nc4ccc(Cl)c(C(F)(F)F)c4)cc3)c(C)nc2cc1OCCN1CCOCC1,2819.999999999999,-3.450249108319361,0,train
COc1cc2cc(Oc3ccc(NC(=O)Nc4cc(C(F)(F)F)cc(C(F)(F)F)c4)cc3)c(C)nc2cc1OCCN1CCOCC1,1819.9999999999995,-3.2600713879850747,0,train
N#Cc1c(-c2ccccc2)nc2c(c(-c3ccccc3)nn2-c2ccccc2)c1-c1ccc(O)cc1,1569.999999999999,-3.1958996524092336,0,train
NS(=O)(=O)c1ccc(Nc2nc(N/N=C/c3ccc(C(F)(F)F)cc3)nc(Nc3ccccc3)n2)cc1,3310.000000000001,-3.519827993775719,0,train
NS(=O)(=O)c1ccc(Nc2nc(N/N=C/c3ccccn3)nc(Nc3ccccc3)n2)cc1,400.0000000000001,-2.6020599913279625,0,test
Cc1nn(-c2ccccc2)cc1/C=N/Nc1nc(Nc2ccccc2)nc(Nc2ccc(S(N)(=O)=O)cc2)n1,2440.0000000000014,-3.3873898263387296,0,test
