smiles,exp_mean [nM],y,cliff_mol,split
O=C1OCC/C=C/CC/C=C/C(=N/OCC(=O)N2CCCCC2)Cc2c(Cl)c(O)cc(O)c21,3.0,-0.4771212547196624,0,train
O=C1OCC/C=C/CC/C=C/C(=N/OCC(=O)N2CCCCC2)Cc2cc(O)cc(O)c21,2.0,-0.3010299956639812,0,test
C[C@@H]1C/C=C/CC/C=C/C(=N/OCC(=O)N2CCCCC2)Cc2cc(O)cc(O)c2C(=O)O1,3.0,-0.4771212547196624,0,train
C=CCNC1=C2C[C@@H](C)C[C@H](OC)[C@H](O)[C@@H](C)/C=C(\C)[C@H](OC(N)=O)[C@@H](OC)/C=C\C=C(/C)C(=O)NC(=CC1=O)C2=O,10.999999999999996,-1.041392685158225,0,train
CNC(=O)c1cc(Oc2ccc(NC(=O)Nc3ccc(Cl)c(C(F)(F)F)c3)cc2)ccn1,36.49999999999999,-1.5622928644564746,0,train
Cc1ccc(F)c(NC(=O)Nc2ccc(-c3cccc4[nH]nc(N)c34)cc2)c1,40.000000000000014,-1.6020599913279625,0,train
Cc1nc(Nc2cc(-c3cccc(NS(=O)(=O)c4ccccc4)c3)n[nH]2)cc(N2CCN(C)CC2)n1,27.000000000000004,-1.4313637641589874,0,train
O=C(NCc1ccc(-c2cc(NC(=O)c3ccc(OCCN4CCCC4)cc3)[nH]n2)cc1)OCc1ccccc1,3.0,-0.4771212547196624,0,train
O=C1/C(=C/c2c[nH]c3ccccc23)Oc2c1ccc(O)c2CN1CCNCC1,270.00000000000006,-2.431363764158988,0,train
COc1ccc2c(c1CN1CCNCC1)O/C(=C\c1c[nH]c3ccccc13)C2=O,95.0,-1.977723605288848,0,train
COc1ccc2c(c1CN1CCNCC1)O/C(=C\c1n[nH]c3ccccc13)C2=O,43.000000000000014,-1.6334684555795866,0,train
COc1ccc2cc1COCC=CCOCc1cc(ccc1OCCN1CCCC1)Nc1nccc-2n1,85.00000000000003,-1.9294189257142929,0,test
Cc1cnc2nc1-c1cccc(c1)COCC=CCOCc1cc(ccc1OCCN1CCCC1)N2,50.99999999999999,-1.7075701760979365,0,train
CCN(CC)CCOc1ccc2cc1COCC=CCOCc1cccc(c1)-c1ccnc(n1)N2,37.0,-1.568201724066995,0,test
COc1c(O)cc2oc(-c3ccccc3)cc(=O)c2c1O,5589.999999999998,-3.747411807886423,0,train
O=c1c(O)c(-c2ccc(O)c(O)c2)oc2cc(O)cc(O)c12,13100.000000000004,-4.117271295655764,0,train
O=c1c(O)c(-c2ccc(O)cc2)oc2cc(O)cc(O)c12,3340.0000000000005,-3.523746466811565,0,train
O=c1cc(-c2ccc(O)c(O)c2)oc2cc(O)cc(O)c12,1760.0000000000005,-3.24551266781415,0,test
O=c1cc(-c2ccc(O)cc2)oc2cc(O)cc(O)c12,2809.9999999999995,-3.44870631990508,0,train
CC(C)(C)c1cc(NC(=O)NCc2ccc(-c3cc(NC(=O)c4ccc(OCCN5CCOCC5)cc4)[nH]n3)cc2)no1,2.0,-0.3010299956639812,0,train
Cc1cc(-c2cc(NC(=O)c3ccc(CN4CCN(C)CC4)cc3)[nH]n2)ccc1NC(=O)Nc1cc(C(C)(C)C)on1,2.0,-0.3010299956639812,0,train
CC(C)C1=C(C(=O)N2[C@H](C)CC[C@H]2C(=O)N2CCN(C)C(C)(C)C2)SC2=N[C@@](C)(c3ccc(Cl)cc3)[C@@H](c3ccc(Cl)cc3)N21,280.0000000000001,-2.4471580313422194,0,train
CC(=O)N1CCN(C(=O)[C@@H]2CC[C@@H](C)N2C(=O)C2=C(C(C)C)N3C(=N[C@@](C)(c4ccc(Cl)cc4)[C@H]3c3ccc(Cl)cc3)S2)CC1,270.00000000000006,-2.431363764158988,0,train
CC(C)C1=C(C(=O)N2[C@H](C)CC[C@H]2C(=O)N2CCN(C)CC2)SC2=N[C@@](C)(c3ccc(Cl)cc3)[C@@H](c3ccc(Cl)cc3)N21,189.99999999999997,-2.278753600952829,0,test
CC[C@@H]1CC[C@@H](C(=O)N2CCN(C(C)=O)CC2)N1C(=O)C1=C(C(C)C)N2C(=N[C@@](C)(c3ccc(Cl)cc3)[C@H]2c2ccc(Cl)cc2)S1,130.00000000000006,-2.113943352306837,0,test
CC[C@@H]1CC[C@@H](C(=O)N2CCOCC2)N1C(=O)C1=C(C(C)C)N2C(=N[C@@](C)(c3ccc(Cl)cc3)[C@H]2c2ccc(Cl)cc2)S1,93.99999999999996,-1.9731278535996983,0,train
CC[C@@H]1CC[C@@H](C(=O)N2CCN(C)CC2)N1C(=O)C1=C(C(C)C)N2C(=N[C@@](C)(c3ccc(Cl)cc3)[C@H]2c2ccc(Cl)cc2)S1,83.00000000000001,-1.919078092376074,0,train
CC(C)C1=C(C(=O)N2CCC[C@H]2C(=O)N(C)C)SC2=N[C@@](C)(c3ccc(Cl)cc3)[C@@H](c3ccc(Cl)cc3)N21,20.000000000000004,-1.3010299956639813,0,train
CC1=CC(=O)N(Nc2nc(-c3cccs3)nc3scc(C)c23)C1=O,3.0,-0.4771212547196624,1,test
CN1C/C=C/CCOc2cccc(c2)-c2ccnc(n2)Nc2cccc(c2)C1,660.0000000000001,-2.8195439355418688,0,train
O=C(CCCCCCC(=O)Nc1ccccc1)NO,590.0,-2.770852011642144,0,train
O=C(CCCCCCCC(=O)N1C/C=C/COCc2cccc(c2)-c2ccnc(n2)Nc2cccc(c2)C1)NO,779.9999999999999,-2.8920946026904804,0,train
O=C(CCCCCCC(=O)N1C/C=C/COCc2cccc(c2)-c2ccnc(n2)Nc2cccc(c2)C1)NO,1409.999999999999,-3.14921911265538,0,train
O=C(CCCCC(=O)N1C/C=C/COCc2cccc(c2)-c2ccnc(n2)Nc2cccc(c2)C1)NO,2059.9999999999995,-3.3138672203691533,0,train
O=C(CCCCCCN1C/C=C/COCc2cccc(c2)-c2ccnc(n2)Nc2cccc(c2)C1)NO,319.9999999999999,-2.505149978319906,0,train
O=C(CCCCCN1C/C=C/COCc2cccc(c2)-c2ccnc(n2)Nc2cccc(c2)C1)NO,519.9999999999998,-2.716003343634799,0,train
O=C(CCCCN1C/C=C/COCc2cccc(c2)-c2ccnc(n2)Nc2cccc(c2)C1)NO,370.0,-2.568201724066995,0,train
O=C(CCCCCCC(=O)N1C/C=C/CCOc2cccc(c2)-c2ccnc(n2)Nc2cccc(c2)C1)NO,5889.999999999998,-3.7701152947871015,1,train
O=C(CCCCC(=O)N1C/C=C/CCOc2cccc(c2)-c2ccnc(n2)Nc2cccc(c2)C1)NO,1010.0,-3.004321373782642,0,test
O=C(CCCCCCN1C/C=C/CCOc2cccc(c2)-c2ccnc(n2)Nc2cccc(c2)C1)NO,270.00000000000006,-2.431363764158988,1,train
O=C(CCCCCN1C/C=C/CCOc2cccc(c2)-c2ccnc(n2)Nc2cccc(c2)C1)NO,530.0000000000001,-2.724275869600789,1,train
O=C(CCCCN1C/C=C/CCOc2cccc(c2)-c2ccnc(n2)Nc2cccc(c2)C1)NO,660.0000000000001,-2.8195439355418688,0,train
Cc1c(C(N)=O)sc2ncnc(Nc3ccc(=O)n(C)c3)c12,89589.99999999997,-4.95225953659082,0,train
Cc1c(C(=O)O)sc2ncnc(Nc3ccc(=O)n(C)c3)c12,88989.99999999996,-4.949341206770497,0,train
COC(=O)c1sc2ncnc(Nc3ccc(=O)n(C)c3)c2c1C,47820.000000000015,-4.679609571779756,0,train
COCCn1cc(C)cc(Nc2ncnc3sc(C(N)=O)c(C)c23)c1=O,13959.999999999996,-4.144885418287142,0,train
COCCCNC(=O)c1sc2ncnc(Nc3cc(C)cn(C)c3=O)c2c1C,5729.999999999998,-3.75815462196739,0,train
COCCNC(=O)c1sc2ncnc(Nc3cc(C)cn(C)c3=O)c2c1C,11300.000000000004,-4.05307844348342,0,train
CCNC(=O)c1sc2ncnc(Nc3cc(C)cn(C)c3=O)c2c1C,9660.000000000002,-3.984977126415493,0,train
CNC(=O)c1sc2ncnc(Nc3cc(C)cn(C)c3=O)c2c1C,10370.000000000007,-4.015778756389041,0,train
Cc1cc(Nc2ncnc3sc(C(N)=O)c(C)c23)c(=O)n(C)c1,17510.0,-4.243286146083446,0,train
COCCn1cc(C)cc(Nc2ncnc3sc(C(=O)O)c(C)c23)c1=O,59579.99999999995,-4.775100498879024,0,train
Cc1cc(Nc2ncnc3sc(C(=O)O)c(C)c23)c(=O)n(C)c1,15179.999999999996,-4.181271771559461,0,test
COCCn1cc(C)cc(Nc2ncnc3sc(C(=O)OC)c(C)c23)c1=O,26220.00000000002,-4.418632687354066,0,train
COC(=O)c1sc2ncnc(Nc3cc(C)cn(C)c3=O)c2c1C,13439.99999999999,-4.128399268717806,0,train
CC1(C)CN=C(N2CCN(c3ncnc4sc(CC(F)(F)F)cc34)CC2)S1,3000.0000000000014,-3.4771212547196626,0,train
CC[C@@H]1C(=O)Nc2cnc(Nc3ccc(C(=O)NC4CCN(C)CC4)cc3OC)nc2N1C1CCCC1,219.00000000000009,-2.3404441148401185,1,train
CC[C@@H]1C(=O)N(CC)c2cnc(Nc3ccc(C(=O)NC4CCN(C)CC4)cc3OC)nc2N1C1CCCC1,392.0,-2.593286067020457,1,test
CC[C@@H]1C(=O)N(C(C)C)c2cnc(Nc3ccc(C(=O)NC4CCN(C)CC4)cc3OC)nc2N1C1CCCC1,2670.000000000001,-3.4265112613645754,1,train
CC[C@@H]1C(=O)N(CC(C)C)c2cnc(Nc3ccc(C(=O)NC4CCN(C)CC4)cc3OC)nc2N1C1CCCC1,2530.0000000000005,-3.403120521175818,1,test
CC[C@@H]1C(=O)N(Cc2ccccc2)c2cnc(Nc3ccc(C(=O)NC4CCN(C)CC4)cc3OC)nc2N1C1CCCC1,7280.0,-3.862131379313037,0,train
COc1cc(C(=O)NC2CCN(C)CC2)ccc1Nc1ncc2c(n1)N(C1CCCC1)CC(=O)N2C,219.00000000000009,-2.3404441148401185,0,train
COc1cc(C(=O)NC2CCN(C)CC2)ccc1Nc1ncc2c(n1)N(C1CCCC1)[C@H](Cc1ccccc1)C(=O)N2Cc1ccccc1,1870.0,-3.271841606536499,0,test
CC[C@@H]1C(=O)N(C)c2cnc(Nc3ccc(C(=O)NC4CCN(C)CC4)cc3OC)nc2N1CC(C)C,40.000000000000014,-1.6020599913279625,1,train
CC[C@@H]1C(=O)N(C)c2cnc(Nc3ccc(C(=O)NC4CCN(C)CC4)cc3OC)nc2N1Cc1cccc(Br)c1,674.9999999999999,-2.829303772831025,0,test
CC[C@@H]1C(=O)N(C)c2cnc(Nc3ccc(C(=O)NC4CCN(C)CC4)cc3)nc2N1C1CCCC1,3.0,-0.4771212547196624,1,train
CC[C@@H]1C(=O)N(C)c2cnc(Nc3ccc(C(=O)NC4CCN(C)CC4)c(OC)c3)nc2N1C1CCCC1,15.000000000000004,-1.1760912590556811,1,train
CC[C@@H]1C(=O)N(C)c2cnc(Nc3ccc(C(=O)NC4CCN(C)CC4)cc3F)nc2N1C1CCCC1,4.0,-0.6020599913279624,1,test
CC[C@@H]1C(=O)N(C)c2cnc(Nc3ccc(C(=O)NC4CCN(C)CC4)cc3OCC(C)C)nc2N1C1CCCC1,154.0,-2.187520720836463,1,train
CC[C@@H]1C(=O)N(C)c2cnc(Nc3ccc(C(=O)NC4CCN(C)CC4)cc3OCc3ccccc3)nc2N1C1CCCC1,356.0000000000001,-2.5514499979728757,0,train
CC[C@@H]1C(=O)N(C)c2cnc(Nc3ccc(C(=O)NC4CCN(C)CC4)cc3OC3CCCC3)nc2N1C1CCCC1,239.99999999999997,-2.380211241711606,1,train
CC[C@@H]1C(=O)N(C)c2cnc(Oc3ccc(C(=O)NC4CCN(C)CC4)cc3OC)nc2N1C1CCCC1,1340.0000000000002,-3.127104798364808,1,train
Cc1sc2c(c1C)C(c1ccc(Cl)cc1)=N[C@@H](CC(=O)OC(C)(C)C)c1nnc(C)n1-2,79.99999999999999,-1.9030899869919435,0,train
C[C@@H](Oc1cc(-n2cnc3ccc(CN4CCN(C)CC4)cc32)sc1C(N)=O)c1ccccc1C(F)(F)F,679.0,-2.8318697742805017,0,train
O=c1cc(-c2ccccc2)[nH]c2ccc3c(ccn3CCO)c12,311.0,-2.492760389026837,0,train
COc1ccc(-c2cc(=O)c3c(ccc4c3ccn4CC3CC3)[nH]2)cc1OC,1985.9999999999995,-3.2979792441593623,0,test
N#CCCn1ccc2c3c(=O)cc(-c4ccccc4)[nH]c3ccc21,323.00000000000006,-2.509202522331103,0,train
CCOC(=O)Cn1ccc2c3c(=O)cc(-c4ccccc4)[nH]c3ccc21,2305.0000000000014,-3.362670929725667,1,test
CCC(=O)n1ccc2c3c(=O)cc(-c4ccccc4)[nH]c3ccc21,36.0,-1.5563025007672873,1,train
O=C(C1CC1)n1ccc2c3c(=O)cc(-c4ccccc4)[nH]c3ccc21,19.0,-1.2787536009528289,1,train
O=C(C1CC1)N1CCc2c1ccc1[nH]c(-c3ccccc3)cc(=O)c21,512.9999999999999,-2.710117365111816,1,test
CCn1ccc2c3c(OC)cc(-c4ccccc4)nc3ccc21,37.0,-1.568201724066995,0,train
CCn1ccc2c3c(OC(=O)OCc4ccccc4)cc(-c4ccccc4)nc3ccc21,4.0,-0.6020599913279624,0,train
CCn1ccc2c3c(=O)cc(-c4ccccc4)n(C)c3ccc21,1569.0000000000002,-3.1956229435869368,0,test
O=c1cc(-c2ccccc2)[nH]c2ccc3c(ccn3CCCO)c12,77.99999999999999,-1.8920946026904804,0,train
C[C@H]1CCc2c(sc3ncnc(Nc4ccc(F)c(Cl)c4)c23)C1,5300.000000000001,-3.724275869600789,0,test
Ic1ccc(Nc2ncnc3[nH]ncc23)cc1,4950.000000000002,-3.694605198933569,0,train
CCOC(=O)c1sc2ncnc(Nc3ccc(F)cc3)c2c1C,5250.000000000002,-3.720159303405957,1,train
COC(=O)c1sc2ncnc(Nc3ccc(F)cc3)c2c1C,78600.00000000007,-4.895422546039408,1,test
COC(=O)c1sc2ncnc(Nc3ccc(F)cc3C)c2c1C,88100.00000000004,-4.944975908412048,1,test
COC(=O)c1sc2ncnc(Nc3ccc(F)cc3OC(C)C)c2c1C,9380.000000000004,-3.9722028383790646,0,train
Cc1c(C(=O)O)sc2ncnc(Nc3ccc(F)cc3)c12,78300.00000000001,-4.893761762057943,0,train
Cc1cc(F)ccc1Nc1ncnc2sc(C(=O)O)c(C)c12,89400.00000000004,-4.951337518795918,0,train
Cc1c(C(=O)O)sc2ncnc(Nc3ccc(F)cc3OC(C)C)c12,7300.0,-3.863322860120456,0,train
Cc1c(C(N)=O)sc2ncnc(Nc3ccc(F)cc3OC(C)C)c12,6080.000000000003,-3.783903579272735,0,test
CNC(=O)c1sc2ncnc(Nc3ccc(F)cc3OC(C)C)c2c1C,5289.999999999999,-3.7234556720351857,0,train
CCNC(=O)c1sc2ncnc(Nc3ccc(F)cc3OC(C)C)c2c1C,8840.0,-3.946452265013073,0,train
COCCNC(=O)c1sc2ncnc(Nc3ccc(F)cc3OC(C)C)c2c1C,7439.999999999997,-3.871572935545879,0,train
COCCCNC(=O)c1sc2ncnc(Nc3ccc(F)cc3OC(C)C)c2c1C,15299.999999999987,-4.184691430817598,0,train
CS(=O)(=O)N1CC[C@@H](n2nc(-c3ccc(Oc4ccccc4)cc3)c3c(N)ncnc32)C1,419.9999999999999,-2.6232492903979003,0,train
CC(C)C[C@@H](N)C(=O)N1CC[C@@H](n2nc(-c3ccc(Oc4ccccc4)cc3)c3c(N)ncnc32)C1,119.99999999999996,-2.0791812460476247,0,train
CN(C)CC(=O)N1CC[C@@H](n2nc(-c3ccc(Oc4ccccc4)cc3)c3c(N)ncnc32)C1,83.00000000000001,-1.919078092376074,1,train
NCC(=O)N1CC[C@@H](n2nc(-c3ccc(Oc4ccccc4)cc3)c3c(N)ncnc32)C1,179.99999999999997,-2.255272505103306,0,train
CC(C)C[C@@H](N)C(=O)N1CCC(n2nc(-c3ccc(Oc4ccccc4)cc3)c3c(N)ncnc32)CC1,209.99999999999991,-2.322219294733919,0,train
CS(=O)(=O)N1CCC(n2nc(-c3ccc(Oc4ccccc4)cc3)c3c(N)ncnc32)CC1,630.0,-2.7993405494535817,0,train
CN(C)CC(=O)N1CCC(n2nc(-c3ccc(Oc4ccccc4)cc3)c3c(N)ncnc32)CC1,109.99999999999996,-2.041392685158225,0,test
CC(C)C[C@@H](N)C(=O)N1CCC[C@@H](n2nc(-c3ccc(Oc4ccccc4)cc3)c3c(N)ncnc32)C1,32.00000000000001,-1.505149978319906,0,train
CC[C@@H](C)[C@@H](N)C(=O)N1CCC[C@@H](n2nc(-c3ccc(Oc4ccccc4)cc3)c3c(N)ncnc32)C1,119.99999999999996,-2.0791812460476247,0,train
CC(O)[C@@H](N)C(=O)N1CCC[C@@H](n2nc(-c3ccc(Oc4ccccc4)cc3)c3c(N)ncnc32)C1,63.99999999999999,-1.806179973983887,0,train
CC(C)[C@@H](N)C(=O)N1CCC[C@@H](n2nc(-c3ccc(Oc4ccccc4)cc3)c3c(N)ncnc32)C1,27.000000000000004,-1.4313637641589874,0,test
Nc1ncnc2c1c(-c1ccc(Oc3ccccc3)cc1)nn2[C@@H]1CCCN(C(=O)[C@H](N)CO)C1,61.000000000000014,-1.7853298350107671,0,train
C[C@@H](N)C(=O)N1CCC[C@@H](n2nc(-c3ccc(Oc4ccccc4)cc3)c3c(N)ncnc32)C1,54.000000000000014,-1.7323937598229686,1,train
NCCC(=O)N1CCC[C@@H](n2nc(-c3ccc(Oc4ccccc4)cc3)c3c(N)ncnc32)C1,750.0000000000001,-2.8750612633917,1,train
NCC(=O)N1CCC[C@@H](n2nc(-c3ccc(Oc4ccccc4)cc3)c3c(N)ncnc32)C1,22.0,-1.3424226808222062,1,train
CCCS(=O)(=O)N1CCC[C@@H](n2nc(-c3ccc(Oc4ccccc4)cc3)c3c(N)ncnc32)C1,760.0,-2.880813592280792,1,train
CCS(=O)(=O)N1CCC[C@@H](n2nc(-c3ccc(Oc4ccccc4)cc3)c3c(N)ncnc32)C1,570.0000000000001,-2.7558748556724915,1,test
CS(=O)(=O)N1CCC[C@@H](n2nc(-c3ccc(Oc4ccccc4)cc3)c3c(N)ncnc32)C1,170.00000000000006,-2.230448921378274,0,train
CN1CCN(CC(=O)N2CCC[C@@H](n3nc(-c4ccc(Oc5ccccc5)cc4)c4c(N)ncnc43)C2)CC1,230.00000000000009,-2.361727836017593,0,train
CN1CCC(C(=O)N2CCC[C@@H](n3nc(-c4ccc(Oc5ccccc5)cc4)c4c(N)ncnc43)C2)CC1,160.00000000000009,-2.204119982655925,1,train
Nc1ncnc2c1c(-c1ccc(Oc3ccccc3)cc1)nn2[C@@H]1CCCN(C(=O)CC2CC2)C1,410.0,-2.6127838567197355,1,train
Nc1ncnc2c1c(-c1ccc(Oc3ccccc3)cc1)nn2[C@@H]1CCCN(C(=O)C2CC2)C1,6500.000000000002,-3.812913356642856,1,train
CC(C)(C)CC(=O)N1CCC[C@@H](n2nc(-c3ccc(Oc4ccccc4)cc3)c3c(N)ncnc32)C1,2399.9999999999995,-3.380211241711606,1,train
CCC(C)(C)C(=O)N1CCC[C@@H](n2nc(-c3ccc(Oc4ccccc4)cc3)c3c(N)ncnc32)C1,2399.9999999999995,-3.380211241711606,1,train
CCCC(=O)N1CCC[C@@H](n2nc(-c3ccc(Oc4ccccc4)cc3)c3c(N)ncnc32)C1,1199.9999999999995,-3.0791812460476247,1,train
CC(=O)N1CCC[C@@H](n2nc(-c3ccc(Oc4ccccc4)cc3)c3c(N)ncnc32)C1,350.0,-2.544068044350276,1,train
CCC(=O)N1CCC[C@@H](n2nc(-c3ccc(Oc4ccccc4)cc3)c3c(N)ncnc32)C1,130.00000000000006,-2.113943352306837,0,train
C=CC(=O)N1CCC[C@@H](n2nc(-c3ccc(Oc4ccccc4)cc3)c3c(N)ncnc32)C1,330.00000000000006,-2.5185139398778875,1,train
CNc1nc(Nc2ccc(C)c(N)c2)ncc1C(=O)Nc1cc(NC(=O)c2cccc(C(F)(F)F)c2)ccc1C,8000.000000000004,-3.903089986991944,0,train
Cc1nc(Nc2ncc(C(=O)Nc3c(C)cccc3Cl)s2)cc(N2CCN(CCO)CC2)n1,3600.0,-3.5563025007672877,0,train
N#Cc1cc2cc(CN3CCC(Nc4ncnc5sc(CC(F)(F)F)cc45)CC3)c(O)cc2n1Cc1cn[nH]c1,175.0,-2.2430380486862944,0,train
Cc1noc2c1-c1ccc(-c3cnn(C)c3)cc1C(c1ccc(Cl)cc1)=N[C@H]2CC(N)=O,15.000000000000004,-1.1760912590556811,0,test
CC[C@@H]1NC(=O)[C@H](CCCNC(=N)N)NC(=O)[C@](C)(NC(=O)C(C)C)CCCCNC(=O)[C@@H](c2ccccc2)NC1=O,12419.999999999996,-4.094121595840561,0,test
CCN(CC)CCNC(=O)c1c(C)[nH]c(/C=C2\C(=O)Nc3ccc(F)cc32)c1C,1.0,-0.0,0,train
Nc1ccc(Nc2nc(NC3CCCC3)c3ccccc3n2)cc1,4420.0,-3.645422269349092,0,train
Fc1ccc(Nc2nc(NC3CCCC3)c3ccccc3n2)cc1,5430.000000000003,-3.734799829588847,0,test
Oc1ccc(Nc2nc(NC3CCCC3)c3ccccc3n2)cc1,3000.0000000000014,-3.4771212547196626,0,train
O=C(O)c1ccc(Nc2nc(NC3CCCC3)c3ccccc3n2)cc1,7500.000000000001,-3.8750612633917,0,train
N#Cc1ccc(Nc2nc(NCCCO)c3ccccc3n2)cc1,2789.999999999999,-3.4456042032735974,0,train
COc1ccc(Nc2nc(NC3CCCC3)c3ccccc3n2)cc1,4910.000000000002,-3.6910814921229687,0,train
COc1ccc(Nc2nc(NCCCO)c3ccccc3n2)cc1,8749.999999999998,-3.942008053022313,0,train
CCCNc1nc(Nc2ccc(OC)cc2)nc2ccccc12,5880.0,-3.7693773260761385,0,train
CNc1nc(Nc2ccc(OC)cc2)nc2ccccc12,3070.0000000000005,-3.4871383754771865,0,train
COc1ccc(N(C)c2nc(NC3CCCC3)c3ccccc3n2)cc1,2700.0000000000005,-3.431363764158988,1,train
COc1ccc(N(C)c2nc(NCCCO)c3ccccc3n2)cc1,70100.00000000006,-4.845718017966659,1,train
O=C(c1ccccc1)n1ccc2c3c(=O)cc(-c4ccccc4)[nH]c3ccc21,2.0,-0.3010299956639812,1,test
CS(=O)(=O)n1ccc2c3c(=O)cc(-c4ccccc4)[nH]c3ccc21,48.99999999999999,-1.6901960800285136,0,train
Cc1ccc(S(=O)(=O)n2ccc3c4c(=O)cc(-c5ccccc5)[nH]c4ccc32)cc1,64.99999999999999,-1.8129133566428557,0,train
O=c1cc(-c2ccccc2)[nH]c2ccc3c(ccn3S(=O)(=O)c3ccc(C(F)(F)F)cc3)c12,85.99999999999999,-1.934498451243568,0,train
O=C(NC1CC1)n1ccc2c3c(=O)cc(-c4ccccc4)[nH]c3ccc21,85.00000000000003,-1.9294189257142929,0,train
O=C(c1ccccc1)N1CCc2c1ccc1[nH]c(-c3ccccc3)cc(=O)c21,1542.999999999999,-3.188365926063148,1,train
CS(=O)(=O)N1CCc2c1ccc1[nH]c(-c3ccccc3)cc(=O)c21,352.0000000000001,-2.546542663478131,0,train
O=c1cc(-c2ccccc2)[nH]c2ccc3c(c12)CCN3S(=O)(=O)c1ccc(C(F)(F)F)cc1,356.0000000000001,-2.5514499979728757,0,train
O=C(c1ccccc1)N1CCc2cc3[nH]c(-c4ccccc4)cc(=O)c3cc21,1977.9999999999995,-3.2962262872611605,0,train
CC1=CC(=O)N(Nc2nc(-c3cccs3)nc3sc(C)cc23)C1=O,1054.9999999999998,-3.023252459633712,1,train
CC1=CC(=O)N(Nc2nc(-c3nccs3)nc3sc(C)c(C)c23)C1=O,215.9999999999999,-2.3344537511509307,1,train
CC1=CC(=O)N(Nc2nc(-c3nccs3)nc3sc(C)cc23)C1=O,1353.0,-3.131297796597623,1,train
CC1=CC(=O)N(Nc2nc(-c3ccc[nH]3)nc3sc(C)c(C)c23)C1=O,451.9999999999999,-2.655138434811382,0,train
CC1=CC(=O)N(Nc2nc(-c3cccs3)nc3sc(C)c(C)c23)C1=O,191.00000000000009,-2.281033367247728,1,train
CC(C)(C)c1cc(NC(=O)Nc2ccc(-c3cn4c(n3)sc3cc(OCCN5CCOCC5)ccc34)cc2)no1,6.5,-0.8129133566428556,0,train
Cc1nc(NC2CCCC2)sc1-c1ccnc(Nc2ccc(N3CCNCC3)cn2)n1,23.0,-1.3617278360175928,1,train
Cc1nc(NC2CCCC2)sc1-c1ccnc(Nc2ccc(N3CCCNCC3)cn2)n1,29.0,-1.462397997898956,1,train
Cc1nc(NC2CCCC2)sc1-c1ccnc(Nc2ccc(N3CCN(C)CC3)cn2)n1,9.0,-0.9542425094393248,1,train
CCN1CCN(c2ccc(Nc3nccc(-c4sc(NC5CCCC5)nc4C)n3)nc2)CC1,9.0,-0.9542425094393248,0,train
CC(=O)N1CCN(c2ccc(Nc3nccc(-c4sc(NC5CCCC5)nc4C)n3)nc2)CC1,23.999999999999996,-1.380211241711606,1,train
Cc1nc(NC2CCCC2)sc1-c1ccnc(Nc2ccc(N3CCOCC3)cn2)n1,208.9999999999999,-2.320146286111054,1,train
Cc1nc(NC2CCCC2)sc1-c1ccnc(Nc2ccc(N3CCC(N)CC3)cn2)n1,12.999999999999998,-1.1139433523068367,1,train
Cc1nc(NC2CCCC2)sc1-c1ccnc(Nc2ccc(N3CCCCC3)cn2)n1,191.00000000000009,-2.281033367247728,1,test
Cc1nc(NC2CCCC2)sc1-c1ccnc(Nc2ccc(N3CCN(S(C)(=O)=O)CC3)cn2)n1,176.00000000000006,-2.24551266781415,1,train
Cc1nc(NC2CCCC2)sc1-c1ccnc(Nc2ccccn2)n1,300.0000000000001,-2.4771212547196626,1,train
Cc1nc(N(C)C2CCCC2)sc1-c1ccnc(Nc2ccc(N3CCNCC3)cn2)n1,285.0,-2.45484486000851,1,train
Cc1nc(N(C)C2CCCC2)sc1-c1ccnc(Nc2ccc(N3CCN(C)CC3)cn2)n1,20.000000000000004,-1.3010299956639813,1,train
CC(=O)N1CCN(c2ccc(Nc3nccc(-c4sc(N(C)C5CCCC5)nc4C)n3)nc2)CC1,328.0000000000001,-2.515873843711679,1,train
Cc1nc(N(C2CCCC2)C2CCCC2)sc1-c1ccnc(Nc2ccc(N3CCNCC3)cn2)n1,714.0000000000001,-2.8536982117761744,0,train
Cc1nc(Nc2ccccc2)sc1-c1ccnc(Nc2ccc(N3CCNCC3)cn2)n1,56.00000000000001,-1.7481880270062005,0,train
Cc1nc(Nc2ccccc2)sc1-c1ccnc(Nc2ccc(N3CCN(C)CC3)cn2)n1,508.00000000000006,-2.7058637122839198,1,train
Cc1nc(N(C)c2ccccc2)sc1-c1ccnc(Nc2ccc(N3CCN(C)CC3)cn2)n1,421.0,-2.6242820958356683,1,train
Cc1nc(NC(C)C)sc1-c1ccnc(Nc2ccc(N3CCNCC3)cn2)n1,93.0,-1.968482948553935,0,train
Cc1nc(NC(C)C)sc1-c1ccnc(Nc2ccc(N3CCCNCC3)cn2)n1,254.99999999999991,-2.406540180433955,0,train
Cc1nc(NC(C)C)sc1-c1ccnc(Nc2ccc(N3CCN(C)CC3)cn2)n1,75.00000000000001,-1.8750612633917,0,train
CC(=O)N1CCN(c2ccc(Nc3nccc(-c4sc(NC(C)C)nc4C)n3)nc2)CC1,2071.0000000000005,-3.3161800988934527,1,test
Cc1nc(NC(C)C)sc1-c1ccnc(Nc2ccc(N3CCOCC3)cn2)n1,32.00000000000001,-1.505149978319906,0,test
CC(=O)c1c(C)c2cnc(Nc3ccc(N4CCNCC4)cn3)nc2n(C2CCCC2)c1=O,49.99999999999999,-1.6989700043360187,0,test
FC(F)(F)c1nc(NC2CCCC2)sc1-c1ccnc(Nc2ccc(N3CCNCC3)cn2)n1,2.0,-0.3010299956639812,1,train
CN1CCN(c2ccc(Nc3nccc(-c4sc(NC5CCCC5)nc4C(F)(F)F)n3)nc2)CC1,1.0,-0.0,1,test
CC(=O)N1CCN(c2ccc(Nc3nccc(-c4sc(NC5CCCC5)nc4C(F)(F)F)n3)nc2)CC1,12.000000000000002,-1.0791812460476249,1,train
FC(F)(F)c1nc(NC2CCCC2)sc1-c1ccnc(Nc2ccc(N3CCOCC3)cn2)n1,68.99999999999999,-1.8388490907372552,1,train
O=CN1CCN(c2ccc(Nc3nccc(-c4sc(NC5CCCC5)nc4C(F)(F)F)n3)nc2)CC1,4.0,-0.6020599913279624,0,train
CCN1CCN(Cc2ccc(Nc3nccc(-c4sc(NC5CCCC5)nc4C)n3)nc2)CC1,19.0,-1.2787536009528289,0,train
CCN1CCN(Cc2ccc(Nc3ncc(F)c(-c4sc(NC5CCCC5)nc4C)n3)nc2)CC1,10.0,-1.0,0,train
Cc1nc(NC2CCCC2)sc1-c1nc(Nc2ccc(N3CCNCC3)cn2)ncc1F,53.000000000000014,-1.7242758696007892,0,train
Cc1nc(NC2CCCC2)sc1-c1nc(Nc2ccc(N3CCCNCC3)cn2)ncc1F,29.0,-1.462397997898956,0,train
Cc1nc(NC2CCCC2)sc1-c1nc(Nc2ccc(N3CCN(C)CC3)cn2)ncc1F,73.0,-1.863322860120456,0,train
CCN1CCN(c2ccc(Nc3ncc(F)c(-c4sc(NC5CCCC5)nc4C)n3)nc2)CC1,12.999999999999998,-1.1139433523068367,0,train
CC(=O)N1CCN(c2ccc(Nc3ncc(F)c(-c4sc(NC5CCCC5)nc4C)n3)nc2)CC1,15.000000000000004,-1.1760912590556811,1,train
Cc1nc(NC2CCCC2)sc1-c1nc(Nc2ccc(N3CCOCC3)cn2)ncc1F,290.0,-2.462397997898956,0,test
Cc1nc(NC2CCCC2)sc1-c1nc(Nc2ccc(N3CCN(S(C)(=O)=O)CC3)cn2)ncc1F,2628.0,-3.419625360887743,1,train
Cc1nc(NC2CCCC2)sc1-c1nc(Nc2ccc(N3CCC(N(C)C)CC3)cn2)ncc1F,453.99999999999983,-2.657055852857104,1,test
Cc1cc(OCCCc2c3n(c4c(-c5c(C)nn(C)c5C)c(Cl)ccc24)CCCN(c2cc(C(=O)O)c4ccn(C)c4c2)C3=O)cc(C)c1Cl,770.0,-2.886490725172482,0,train
Cc1cc(OCCCc2c3n(c4c(-c5c(C)nn(C)c5C)c(Cl)ccc24)CCCN(c2cc(C(=O)O)cc4c2ccn4C)C3=O)cc(C)c1Cl,949.9999999999995,-2.977723605288848,0,train
Cc1cc(OCCCc2c3n(c4c(-c5c(C)nn(C)c5C)cc(Cl)cc24)CCCN(c2cc(C(=O)O)c4ccn(C)c4c2)C3=O)cc(C)c1Cl,6200.0,-3.792391689498254,0,train
Cc1cc(OCCCc2c3n(c4c(-c5c(C)nn(C)c5C)cc(Cl)cc24)CCCN(c2cc(C(=O)O)cc4c2ccn4C)C3=O)cc(C)c1Cl,9099.999999999996,-3.959041392321093,0,test
C=CC(=O)Nc1cc(Nc2cc(-c3cccc(NC(=O)c4cc5c(s4)CCCC5)c3C)cn(C)c2=O)ccc1C(=O)N1CCOCC1,2199.9999999999995,-3.342422680822206,0,train
C=CC(=O)Nc1cc(Nc2cc(-c3cccc(NC(=O)c4ccc(N(C)C)cc4)c3C)cn(C)c2=O)ccc1C(=O)N1CCOCC1,1899.9999999999995,-3.278753600952829,0,train
CCC(=O)Nc1cc(Nc2cc(-c3cccc(NC(=O)c4ccc(C(C)(C)C)cc4)c3C)cn(C)c2=O)ccc1C(=O)N1CCOCC1,4799.999999999999,-3.681241237375587,0,test
C=CC(=O)Nc1cc(Nc2cc(-c3cccc(NC(=O)c4ccc(C(C)(C)C)cc4)c3C)cn(C)c2=O)ccc1C(=O)N1CCOCC1,2099.999999999999,-3.322219294733919,0,test
Cc1c(NC(=O)c2ccc(C(C)(C)C)cc2)cccc1-c1cc(Nc2ccc(C(=O)N3CCOCC3)cc2)c(=O)n(C)c1,4700.000000000001,-3.6720978579357175,0,train
COCCNC(=O)c1ccc(Oc2sc(C(N)=O)c3c2-c2sncc2CC3)cn1,1.6,-0.2041199826559248,0,train
CC(C)(C)c1cc(NC(=O)NC2CCC(n3nc(-c4ccc(Oc5ccccc5)cc4)c4c(N)ncnc43)CC2)no1,650.0000000000002,-2.812913356642856,1,train
CC(C)(C)c1cc(NC(=O)Nc2ccc(-n3nc(-c4ccc(Oc5ccccc5)cc4)c4c(N)ncnc43)cc2)no1,21.0,-1.3222192947339193,1,train
CC(C)(C)c1cc(NC(=O)Nc2ccc(-n3nc(-c4ccccc4)c4c(N)ncnc43)cc2)no1,1.0,-0.0,1,train
CC(C)(C)c1cc(NC(=O)Nc2ccc(-n3nc(-c4cccc(OCCN5CCOCC5)c4)c4c(N)ncnc43)cc2)no1,1.0,-0.0,1,train
CC(C)(C)c1cc(NC(=O)Nc2cccc(-n3nc(-c4ccc(OCCN5CCOCC5)cc4)c4c(N)ncnc43)c2)no1,559.9999999999998,-2.7481880270062,1,train
Cc1cc(NC(=O)Nc2ccc(-n3nc(-c4ccc(OCCN5CCOCC5)cc4)c4c(N)ncnc43)cc2)no1,68.99999999999999,-1.8388490907372552,0,train
Nc1ncnc2c1c(-c1ccc(OCCN3CCOCC3)cc1)nn2-c1ccc(NC(=O)Nc2ccon2)cc1,259.9999999999999,-2.4149733479708178,0,train
CC(C)(C)c1csc(NC(=O)Nc2ccc(-n3nc(-c4ccc(OCCN5CCOCC5)cc4)c4c(N)ncnc43)cc2)n1,37.99999999999999,-1.57978359661681,1,test
Nc1ncnc2c1c(-c1ccc(OCCN3CCOCC3)cc1)nn2-c1ccc(NC(=O)Nc2nc(C(F)(F)F)cs2)cc1,259.9999999999999,-2.4149733479708178,1,train
CCCCc1ccc(NC(=O)Nc2ccc(-n3nc(-c4ccc(OCCN5CCOCC5)cc4)c4c(N)ncnc43)cc2)cc1,63.0,-1.7993405494535817,0,train
Cc1ccc(NC(=O)Nc2ccc(-n3nc(-c4ccc(OCCN5CCOCC5)cc4)c4c(N)ncnc43)cc2)cc1C(F)(F)F,2.0,-0.3010299956639812,0,train
COc1cc(NC(=O)Nc2ccc(-n3nc(-c4ccc(OCCN5CCOCC5)cc4)c4c(N)ncnc43)cc2)cc(OC)c1OC,42.00000000000001,-1.6232492903979006,0,train
Cc1cc(-n2nc(-c3ccc(OCCN4CCOCC4)cc3)c3c(N)ncnc32)ccc1NC(=O)Nc1cc(C(C)(C)C)on1,119.99999999999996,-2.0791812460476247,0,train
CC(C)(C)c1cc(NC(=O)Nc2ccc(-n3nc(-c4ccc(OCCCN5CCOCC5)cc4)c4c(N)ncnc43)cc2)no1,1.0,-0.0,1,test
CC(C)(C)c1cc(NC(=O)Nc2ccc(-n3nc(-c4ccc(OCCN5CCCCC5)cc4)c4c(N)ncnc43)cc2)no1,1.0,-0.0,1,train
CC(C)(C)c1cc(NC(=O)Nc2ccc(-n3nc(-c4ccc(N5CCOCC5)cc4)c4c(N)ncnc43)cc2)no1,1.4,-0.146128035678238,1,train
CC(C)(C)c1cc(NC(=O)Nc2ccc(-n3nc(-c4ccc(C(=O)N5CCOCC5)cc4)c4c(N)ncnc43)cc2)no1,2.0,-0.3010299956639812,1,train
CC(C)(C)c1cc(NC(=O)Nc2ccc(-n3nc(-c4ccc(CC(=O)N5CCOCC5)cc4)c4c(N)ncnc43)cc2)no1,1.0,-0.0,1,train
COc1ncccc1-c1c(C2CC2)c2c(n1C)C(c1ccc(Cl)cc1)N(c1cc(C)c3nnc(C)n3c1)C2=O,3.0,-0.4771212547196624,0,train
Cc1cc(N2C(=O)c3c(C4CC4)cn(C4COC4)c3C2c2ccc(Cl)cc2)cn2c(C)nnc12,2.9,-0.4623979978989561,0,train
Cc1cc2cc(NS(=O)(=O)c3ccc(C#N)cc3)ccc2n(C)c1=O,9899.999999999996,-3.9956351945975497,0,train
COc1ccc(Nc2nccc(-c3sc(SC)nc3C)n2)c(OC)c1,530.0000000000001,-2.724275869600789,1,train
CCSc1nc(C)c(-c2ccnc(Nc3ccc(OC)cc3OC)n2)s1,32399.999999999996,-4.510545010206612,1,test
CCCSc1nc(C)c(-c2ccnc(Nc3ccc(OC)cc3OC)n2)s1,2239.9999999999995,-3.3502480183341627,1,train
COc1ccc(Nc2nccc(-c3sc(SC(C)C)nc3C)n2)c(OC)c1,5669.999999999998,-3.7535830588929056,1,train
COCCSc1nc(C)c(-c2ccnc(Nc3ccc(OC)cc3OC)n2)s1,809.9999999999995,-2.908485018878649,1,test
COc1ccc(Nc2nccc(-c3sc(SCCN(C)C)nc3C)n2)c(OC)c1,89.99999999999997,-1.9542425094393248,1,train
COc1ccc(Nc2nccc(-c3sc(SCCCN(C)C)nc3C)n2)c(OC)c1,370.0,-2.568201724066995,1,train
COc1ccc(Nc2nccc(-c3sc(SCc4cccnc4)nc3C)n2)c(OC)c1,270.00000000000006,-2.431363764158988,0,train
COc1ccc(Nc2nccc(-c3sc(SCCN4CCNCC4)nc3C)n2)c(OC)c1,500.0,-2.6989700043360187,0,test
COc1ccc(Nc2nccc(-c3sc(SCCN4CCOCC4)nc3C)n2)c(OC)c1,590.0,-2.770852011642144,0,train
COc1ccc(Nc2nccc(-c3sc(OC)nc3C)n2)c(OC)c1,1400.0000000000005,-3.146128035678238,0,train
CCOc1nc(C)c(-c2ccnc(Nc3ccc(OC)cc3OC)n2)s1,3890.0,-3.589949601325708,1,train
CCCCOc1nc(C)c(-c2ccnc(Nc3ccc(OC)cc3OC)n2)s1,7859.999999999999,-3.895422546039408,1,test
COc1ccc(Nc2nccc(-c3sc(OC(C)C)nc3C)n2)c(OC)c1,8689.999999999996,-3.9390197764486654,1,train
COCCOc1nc(C)c(-c2ccnc(Nc3ccc(OC)cc3OC)n2)s1,1979.999999999999,-3.296665190261531,1,train
CNc1nc(C)c(-c2ccnc(Nc3ccc(OC)cc3OC)n2)s1,300.0000000000001,-2.4771212547196626,1,train
COc1ccc(Nc2nccc(-c3sc(N(C)C)nc3C)n2)c(OC)c1,170.00000000000006,-2.230448921378274,1,train
COc1ccc(Nc2nccc(-c3c[nH]c4ccccc34)n2)c(OC)c1,599.9999999999997,-2.7781512503836434,0,train
COc1ccc(Nc2nccc(-c3cn(C)c4ccccc34)n2)c(OC)c1,3409.999999999998,-3.5327543789924976,0,train
COc1ccc(N(C)c2nccc(-c3cn(C)c4ccccc34)n2)c(OC)c1,2000.0,-3.3010299956639813,0,train
CCn1cc(-c2ccnc(Nc3ccc(OC)cc3OC)n2)c2ccccc21,3589.999999999998,-3.555094448578319,0,train
CCCn1cc(-c2ccnc(Nc3ccc(OC)cc3OC)n2)c2ccccc21,3620.000000000001,-3.558708570533166,0,train
COc1ccc(Nc2nccc(-c3cn(C(C)C)c4ccccc34)n2)c(OC)c1,3250.0000000000005,-3.5118833609788744,0,test
COc1ccc(Nc2nccc(-c3cn(C4CCCC4)c4ccccc34)n2)c(OC)c1,1739.999999999999,-3.2405492482825995,0,train
COc1ccc(Nc2nccc(-c3cn(CCN4CCOCC4)c4ccccc34)n2)c(OC)c1,6649.999999999999,-3.822821645303105,0,train
COCCn1cc(-c2ccnc(Nc3ccc(OC)cc3OC)n2)c2ccccc21,3789.999999999999,-3.578639209968072,0,test
CCOc1ccc(Nc2nccc(-c3cn(CCOC)c4ccccc34)n2)c(OC)c1,3719.999999999998,-3.5705429398818973,0,train
COCCn1cc(-c2ccnc(Nc3ccc(OC)c(F)c3OC)n2)c2ccccc21,3890.0,-3.589949601325708,0,train
COCCn1cc(-c2ccnc(Nc3ccc(OC)cc3OC(F)(F)F)n2)c2ccccc21,4890.0,-3.68930885912362,0,train
COCCn1cc(-c2ccnc(Nc3ccc(OC)cc3OC(F)F)n2)c2ccccc21,3419.999999999998,-3.534026106056135,0,train
COc1ccc(Nc2nccc(-c3c[nH]c4ccccc34)n2)c(OC(F)F)c1,4770.0,-3.678518379040114,0,train
Oc1ccccc1Nc1nccc(-c2c[nH]c3ccccc23)n1,570.0000000000001,-2.7558748556724915,0,train
COc1cc2c(NC3CCN(C)CC3)cc(-c3ccc(C)o3)nc2cc1OCCCN1CCCC1,269.00000000000006,-2.429752280002408,1,train
COc1cc2c(NC3CCN(C)CC3)cc(-c3ccccc3)nc2cc1OCCCN1CCCC1,2595.000000000001,-3.414137362184477,0,train
COc1cc2c(NC3CCN(C)CC3)cc(-c3ccc(C)s3)nc2cc1OCCCN1CCCC1,3095.0000000000005,-3.490660653356137,1,train
COc1cc2c(NC3CCN(C(C)C)CC3)cc(-c3ccc(C)o3)nc2cc1OCCCN1CCCC1,648.9999999999999,-2.812244696800369,0,test
CCc1ccc(-c2cc(NC3CCN(C(C)C)CC3)c3cc(OC)c(OCCCN4CCCC4)cc3n2)o1,970.9999999999995,-2.9872192299080047,0,train
COc1cc2c(NC3CCN(C4CC4)CC3)cc(-c3ccc(C)o3)nc2cc1OCCCN1CCCC1,1589.999999999999,-3.2013971243204518,0,train
CCc1ccc(-c2cc(NC3CCN(C4CC4)CC3)c3cc(OC)c(OCCCN4CCCC4)cc3n2)o1,3506.0,-3.544811911757776,0,train
Cc1cccc(S(=O)(=O)Nc2cc(-c3sc(NC(=O)[C@@H](N)C(C)C)nc3C)cnc2Cl)c1,4799.999999999999,-3.681241237375587,0,test
CN1CCN([C@H]2CC[C@H](n3cc(-c4ccc(Oc5ccccc5)cc4)c4c(N)ncnc43)CC2)CC1,40.000000000000014,-1.6020599913279625,0,train
CC(C)C[C@H](N[C@H]1CC[C@H](n2cc(-c3ccc(Oc4ccccc4)cc3)c3c(N)ncnc32)CC1)C(=O)O,21.0,-1.3222192947339193,0,test
Nc1ncnc2c1c(-c1ccc(Oc3ccccc3)cc1)cn2[C@H]1CC[C@H](NCC(=O)O)CC1,98.0,-1.9912260756924949,0,test
Nc1ncnc2c1c(-c1ccc(Oc3ccccc3)cc1)cn2[C@H]1CC[C@@H](N[C@H]2CCOC2=O)CC1,29.0,-1.462397997898956,0,train
Nc1ncnc2c1c(-c1ccc(Oc3ccccc3)cc1)cn2[C@H]1CC[C@@H](N[C@H](Cc2ccccc2)C(=O)O)CC1,26.0,-1.414973347970818,0,test
Nc1ncnc2c1c(-c1ccc(Oc3ccccc3)cc1)cn2[C@H]1CC[C@@H](N[C@H](Cc2ccc(O)cc2)C(=O)O)CC1,17.999999999999996,-1.255272505103306,0,train
CC(C)n1cnc2c(Nc3ccc(Br)cc3)nc(N[C@H]3CC[C@H](N)CC3)nc21,7.0,-0.8450980400142568,0,train
CC(O)CNc1nc(Nc2ccc(Br)cc2)c2ncn(C(C)C)c2n1,1498.000000000001,-3.175511813363448,0,test
N[C@H]1CC[C@H](Nc2nc(Nc3ccc(Br)cc3)c3ncn(C4CCCC4)c3n2)CC1,10.0,-1.0,1,train
N[C@H]1CC[C@H](Nc2nc(Nc3ccc(Cl)cc3)c3ncn(C4CCCC4)c3n2)CC1,21.0,-1.3222192947339193,1,test
CC(O)CNc1nc(Nc2ccc(Cl)cc2)c2ncn(C3CCCC3)c2n1,235.0,-2.3710678622717363,1,train
CC(O)CNc1nc(Nc2ccc(Br)cc2)c2ncn(C3CCCC3)c2n1,443.99999999999983,-2.64738297011462,0,train
C[C@@H](CO)CNc1nc(Nc2ccc(Br)cc2)c2ncn(C3CCCC3)c2n1,1306.9999999999995,-3.116275587580544,0,train
N[C@H]1CC[C@H](Nc2nc(Nc3ccc(Br)cc3)c3ncn(Cc4ccccc4)c3n2)CC1,2287.0000000000005,-3.3592661646067485,0,test
N[C@H]1CC[C@H](Nc2nc(Nc3ccc(Br)cc3)c3ncn(C4CCCCO4)c3n2)CC1,181.00000000000003,-2.257678574869185,1,train
CC(O)CNc1nc(Nc2ccc(Br)cc2)c2ncn(C3CCCCO3)c2n1,2429.9999999999995,-3.385606273598312,1,train
Brc1ccc(Nc2nc(N3CCOCC3)nc3c2ncn3C2CCCCO2)cc1,3884.0,-3.589279221235967,1,test
CN1CCN(c2nc(Nc3ccc(Br)cc3)c3ncn(C4CCCCO4)c3n2)CC1,3204.0,-3.5056925074122,1,train
N[C@H]1CC[C@H](Nc2nc(Nc3ccc(N4CCCC4)cc3)c3ncn(C4CCCC4)c3n2)CC1,17.999999999999996,-1.255272505103306,1,train
N[C@H]1CC[C@H](Nc2nc(Nc3ccc(N4CCOCC4)cc3)c3ncn(C4CCCC4)c3n2)CC1,2.0,-0.3010299956639812,1,train
CCN1CCN(c2ccc(Nc3nc(N[C@H]4CC[C@H](N)CC4)nc4c3ncn4C3CCCC3)cc2)CC1,1.0,-0.0,0,train
N[C@H]1CC[C@H](Nc2nc(Nc3ccc(CN4CCOCC4)cc3)c3ncn(C4CCCC4)c3n2)CC1,2.0,-0.3010299956639812,1,train
N[C@H]1CC[C@H](Nc2nc(Nc3ccc(N4CC5(COC5)C4)cc3)c3ncn(C4CCCC4)c3n2)CC1,3.0,-0.4771212547196624,0,train
N[C@H]1CC[C@H](Nc2nc(Nc3ccc(N4CCN(Cc5ccccc5)CC4)cc3)c3ncn(C4CCCC4)c3n2)CC1,17.0,-1.230448921378274,1,train
NCCCCNc1nc(Nc2ccc(CN3CCOCC3)cc2)c2ncn(C3CCCC3)c2n1,10.999999999999996,-1.041392685158225,1,test
NCCCCCNc1nc(Nc2ccc(CN3CCOCC3)cc2)c2ncn(C3CCCC3)c2n1,35.0,-1.5440680443502757,0,train
NCCCCCCNc1nc(Nc2ccc(CN3CCOCC3)cc2)c2ncn(C3CCCC3)c2n1,85.99999999999999,-1.934498451243568,0,train
c1ccc(CNc2nc(Nc3ccc(CN4CCOCC4)cc3)c3ncn(C4CCCC4)c3n2)cc1,195.99999999999997,-2.292256071356476,0,train
COc1ccc(CNc2nc(Nc3ccc(CN4CCOCC4)cc3)c3ncn(C4CCCC4)c3n2)cc1,892.0000000000002,-2.950364854376123,0,test
c1cc(Nc2nc(N3CCOCC3)nc3c2ncn3C2CCCC2)ccc1CN1CCOCC1,61.000000000000014,-1.7853298350107671,1,train
CN1CCN(c2nc(Nc3ccc(CN4CCOCC4)cc3)c3ncn(C4CCCC4)c3n2)CC1,66.00000000000001,-1.8195439355418688,1,train
c1cc(Nc2nc(N3CCCCC3)nc3c2ncn3C2CCCC2)ccc1CN1CCOCC1,700.9999999999999,-2.8457180179666586,1,train
OCCNc1nc(Nc2ccc(CN3CCOCC3)cc2)c2ncn(C3CCCC3)c2n1,109.99999999999996,-2.041392685158225,0,train
OCCCNc1nc(Nc2ccc(CN3CCOCC3)cc2)c2ncn(C3CCCC3)c2n1,156.99999999999994,-2.1958996524092336,1,train
OCCCCNc1nc(Nc2ccc(CN3CCOCC3)cc2)c2ncn(C3CCCC3)c2n1,83.00000000000001,-1.919078092376074,0,train
N[C@H]1CC[C@H](Nc2nc(Nc3ccc(N4CCOCC4)nc3)c3ncn(C4CCCC4)c3n2)CC1,4.0,-0.6020599913279624,1,train
c1cc(N2CCOCC2)ncc1Nc1nc(N2CCOCC2)nc2c1ncn2C1CCCC1,70.00000000000001,-1.845098040014257,1,train
NCCCCNc1nc(Nc2ccc(N3CCOCC3)cc2)c2ncn(C3CCCC3)c2n1,10.999999999999996,-1.041392685158225,1,train
CCN1CCN(c2ccc(Nc3nc(NCCCCN)nc4c3ncn4C3CCCC3)cc2)CC1,12.000000000000002,-1.0791812460476249,0,train
CC(=O)N1c2ccc(-c3ccccc3)cc2N(C(=O)c2ccco2)C[C@@H]1C,350.0,-2.544068044350276,0,test
CNC(=O)c1cccc(-c2ccc3c(c2)N(C(=O)c2ccco2)C[C@H](C)N3C(C)=O)c1,770.0,-2.886490725172482,0,train
CC(=O)N1c2ccc(-c3ccc(S(C)(=O)=O)cc3)cc2N(C(=O)c2ccco2)C[C@@H]1C,400.0000000000001,-2.6020599913279625,0,train
CC(=O)N1c2ccc(-c3cnn(C)c3)cc2N(C(=O)c2ccco2)C[C@@H]1C,209.99999999999991,-2.322219294733919,0,train
CCC(=O)N1c2ccc(-c3ccc(S(C)(=O)=O)cc3)cc2N(C(=O)c2ccco2)C[C@@H]1C,549.9999999999998,-2.740362689494244,0,train
C[C@H]1CN(C(=O)c2ccco2)c2cc(-c3ccc(S(C)(=O)=O)cc3)ccc2N1C(=O)C1CC1,280.0000000000001,-2.4471580313422194,0,train
COC(=O)N1c2ccc(-c3ccc(S(C)(=O)=O)cc3)cc2N(C(=O)c2ccco2)C[C@@H]1C,319.9999999999999,-2.505149978319906,0,train
CC(=O)N1c2ccc(-c3ccc(S(C)(=O)=O)cc3)cc2N(C(=O)OC(C)C)C[C@@H]1C,350.0,-2.544068044350276,0,test
CC(=O)N1c2ccc(-c3ccc(S(C)(=O)=O)cc3)cc2N(C(=O)C2CC2)C[C@@H]1C,829.9999999999997,-2.9190780923760737,0,train
CC(=O)N1c2ccc(-c3cnn(C(C)C)c3)cc2N(C(=O)C2CC2)C[C@@H]1C,580.0000000000001,-2.7634279935629373,0,train
CC(=O)N1c2ccc(-c3cnn(C4COC4)c3)cc2N(C(=O)C2CC2)C[C@@H]1C,440.0,-2.6434526764861874,0,test
CC(=O)N1c2ccc(-c3cnn(C4CNC4)c3)cc2N(C(=O)C2CC2)C[C@@H]1C,270.00000000000006,-2.431363764158988,0,test
CC(=O)N1c2ccc(-c3ccc(C(=O)N4CCNCC4)cc3)cc2N(C(=O)C2CC2)C[C@@H]1C,119.99999999999996,-2.0791812460476247,0,train
CC(=O)N1c2ccc(-c3ccc(N4CCS(=O)(=O)CC4)cc3)cc2N(C(=O)C2CC2)C[C@@H]1C,220.0,-2.342422680822206,0,train
CN(C)[C@H]1C[C@@]23CC[C@@]4(O2)C(=CC[C@]2(C)[C@@H](c5ccc6ccncc6c5)CC[C@H]24)C=C3[C@@H](O)[C@@H]1O,6.0,-0.7781512503836436,0,test
O=C(Cc1ccc(Cl)c(Cl)c1)N[C@@H]1CCc2ccc(-c3cn4c(n3)CCC4)cc21,8890.0,-3.9489017609702137,0,test
COc1cc(CC(=O)N[C@@H]2CCc3ccc(-c4cn5c(n4)CCC5)cc32)ccc1C,17199.999999999993,-4.235528446907549,0,train
COc1cc(C(=O)N[C@@H]2CCCc3ccc(-c4cn5c(n4)CCC5)cc32)ccc1C,22300.0,-4.348304863048161,0,train
COc1cc(C(=O)N[C@@H]2CCc3ccc(-c4cn5c(n4)CCC5)cc32)cc(OC)c1C,7249.999999999998,-3.8603380065709936,0,train
COCCN[C@H]1CC[C@H](Nc2cc(-c3csc(NCC4(C#N)CCOCC4)n3)c(Cl)cn2)CC1,12.000000000000002,-1.0791812460476249,1,train
COCCN[C@H]1CC[C@H](Oc2cc(-c3csc(NCC4CCOCC4)n3)c(Cl)cn2)CC1,7699.999999999999,-3.886490725172482,1,train
COCCN[C@H]1CC[C@H](Nc2cc(-c3csc(NCC4CCOC4)n3)c(Cl)cn2)CC1,493.00000000000017,-2.69284691927723,1,train
COCCN[C@H]1CC[C@H](Nc2cc(-c3csc(NCc4ccc(F)cc4)n3)c(Cl)cn2)CC1,880.0000000000001,-2.9444826721501687,0,train
COCCN[C@H]1CC[C@H](Nc2cc(-c3csc(NCc4ccccc4)n3)c(Cl)cn2)CC1,330.00000000000006,-2.5185139398778875,1,train
COCCN[C@H]1CC[C@H](Nc2cc(-c3csc(NCC4C5CC6CC(C5)CC4C6)n3)c(Cl)cn2)CC1,3460.000000000001,-3.5390760987927767,0,test
COCCN[C@H]1CC[C@H](Nc2cc(-c3csc(NCC4CCCCC4)n3)c(Cl)cn2)CC1,820.0,-2.9138138523837167,1,test
COCCN[C@H]1CC[C@H](Nc2cc(-c3csc(NCC4CCCC4)n3)c(Cl)cn2)CC1,2159.999999999999,-3.3344537511509307,1,test
COCCN[C@H]1CC[C@H](Nc2cc(-c3csc(NCC4CC4)n3)c(Cl)cn2)CC1,740.0000000000001,-2.869231719730976,1,train
COCCN[C@H]1CC[C@H](Nc2cc(-c3csc(NCC(F)(F)F)n3)c(Cl)cn2)CC1,751.9999999999998,-2.876217840591642,0,train
CNc1nc(-c2cc(N[C@H]3CC[C@H](NCCOC)CC3)ncc2Cl)cs1,530.0000000000001,-2.724275869600789,0,train
COCCN[C@H]1CC[C@H](Nc2cc(-c3csc(SCC4CCOCC4)n3)c(Cl)cn2)CC1,339.99999999999983,-2.531478917042255,1,test
COCCN[C@H]1CC[C@H](Nc2cc(-c3csc(OCC4CCOCC4)n3)c(Cl)cn2)CC1,570.0000000000001,-2.7558748556724915,1,train
COCCN[C@H]1CC[C@H](Nc2cc(-c3csc(NCC4CCOCC4)n3)c(C)cn2)CC1,1619.999999999999,-3.2095150145426308,1,train
COCCN[C@H]1CC[C@H](Nc2cc(-c3csc(NCC4CCOCC4)n3)ccn2)CC1,909.9999999999995,-2.959041392321093,0,train
CCOCCN[C@H]1CC[C@H](Nc2cc(-c3csc(NCC4CCOCC4)n3)c(Cl)cn2)CC1,497.0000000000003,-2.6963563887333324,1,train
COCCCN[C@H]1CC[C@H](Nc2cc(-c3csc(NCC4CCOCC4)n3)c(Cl)cn2)CC1,1090.0000000000005,-3.037426497940624,1,train
COCCN[C@H]1CC[C@H](Nc2cc(-c3csc(NCC4CCOCC4)n3)c(Cl)cn2)CC1,170.00000000000006,-2.230448921378274,1,train
CC(=O)N[C@H]1CC[C@H](Nc2cc(-c3csc(NCC4CCOCC4)n3)c(Cl)cn2)CC1,3600.0,-3.5563025007672877,1,train
N[C@H]1CC[C@H](CNc2cc(-c3csc(NCC4CCOCC4)n3)c(Cl)cn2)CC1,1899.9999999999995,-3.278753600952829,1,train
N[C@H]1CC[C@H](Nc2cc(-c3csc(NCC4CCOCC4)n3)c(Cl)cn2)CC1,140.00000000000006,-2.146128035678238,1,train
O=C(Nc1cc(-c2csc(NCC3CCOCC3)n2)c(Cl)cn1)c1ccc(F)cc1,549.9999999999998,-2.740362689494244,0,train
C[C@@H]1C(=O)O[C@]23C=CC(=O)[C@H]1[C@]2(C)[C@@H](C)CC[C@H]3O,6399.999999999998,-3.806179973983887,0,test
CC(=O)N1CCN(c2ccc(Nc3ncc(C(F)(F)F)c(N4Cc5cccc(N(C)S(C)(=O)=O)c5C4)n3)cc2)CC1,100.0,-2.0,0,train
COCCN1CCOc2c1cnn1c(-c3ccc4cccc(NCC5CCNCC5)c4n3)nnc21,6460.000000000002,-3.810232517995084,0,train
CS(=O)(=O)CCNCc1ccc(-c2ccc3ncnc(Nc4ccc(OCc5cccc(F)c5)c(Cl)c4)c3c2)o1,10000.0,-4.0,0,train
O=C1NC2(CCCCC2)n2c1c(Cl)cc(Nc1ccncn1)c2=O,26839.999999999975,-4.428782511496954,0,test
Cc1cc(Nc2cc(N)ncn2)c(=O)n2c1C(=O)NC21CCCCC1,9259.999999999996,-3.966610986681934,0,train
CC(=O)c1ccc(NC(=O)N2CCN(c3ccnc(Nc4ccc(N5CCOCC5)cc4)n3)CC2)cc1,11000.000000000007,-4.041392685158225,0,train
CC(=O)c1ccc(NC(=O)N2CCN(c3ccnc(Nc4ccc(N5CCN(C)CC5)cc4)n3)CC2)cc1,32000.000000000025,-4.505149978319906,0,test
CC(=O)c1ccc(NC(=O)N2CCN(c3ccnc(Nc4ccc(N5CCSCC5)cc4)n3)CC2)cc1,17799.999999999985,-4.250420002308894,0,test
CC(=O)c1ccc(NC(=O)N2CCN(c3ccnc(Nc4ccc(OCCCN5CCCC5)cc4)n3)CC2)cc1,11000.000000000007,-4.041392685158225,0,train
CO[C@@H]1[C@H](N(C)C(=O)c2ccccc2)C[C@H]2O[C@]1(C)n1c3ccccc3c3c4c(c5c6ccccc6n2c5c31)C(=O)NC4,37.99999999999999,-1.57978359661681,0,train
Cc1cc(F)ccc1-c1cc(Cn2ccn(C)c2=N)cc(C(=O)NCc2ccccc2)c1,2300.000000000001,-3.361727836017593,0,train
Cc1cccc(CNC(=O)c2cc(Cn3ccn(C)c3=N)cc(-c3ccc(F)cc3C)c2)c1,2399.9999999999995,-3.380211241711606,0,train
Cc1cc(F)ccc1-c1cc(Cn2ccn(C)c2=N)cc(C(=O)NCc2cccc(Cl)c2)c1,870.0000000000003,-2.9395192526186187,0,train
COc1cccc(CNC(=O)c2cc(Cn3ccn(C)c3=N)cc(-c3ccc(F)cc3C)c2)c1,820.0,-2.9138138523837167,0,train
Cc1cc(F)ccc1-c1cc(Cn2ccn(C)c2=N)cc(C(=O)NCc2cccc(OC(F)(F)F)c2)c1,13000.000000000004,-4.113943352306837,0,train
Cc1cc(F)ccc1-c1cc(Cn2ccn(C)c2=N)cc(C(=O)NCc2ccc(Cl)c(Cl)c2)c1,389.9999999999999,-2.591064607026499,0,train
Cc1cc(CNC(=O)c2cc(Cn3ccn(C)c3=N)cc(-c3ccc(F)cc3C)c2)ccc1Cl,1300.0000000000005,-3.113943352306837,0,test
Cc1cc(CNC(=O)c2cc(Cn3ccn(C)c3=N)cc(-c3ccc(F)cc3C)c2)ccc1F,360.0,-2.5563025007672877,0,test
COc1cc(CNC(=O)c2cc(Cn3ccn(C)c3=N)cc(-c3ccc(F)cc3C)c2)ccc1F,239.99999999999997,-2.380211241711606,0,train
Cc1cc(C)cc(CNC(=O)c2cc(Cn3ccn(C)c3=N)cc(-c3ccc(F)cc3C)c2)c1,339.99999999999983,-2.531478917042255,0,train
Cc1cc(F)ccc1-c1cc(Cn2ccn(C)c2=N)cc(C(=O)NCc2cc(Cl)cc(Cl)c2)c1,490.0000000000002,-2.690196080028514,0,test
COc1cc(CNC(=O)c2cc(Cn3ccn(C)c3=N)cc(-c3ccc(F)cc3C)c2)cc(OC)c1,470.00000000000006,-2.672097857935717,0,train
Cc1cc(CN2CCc3c(cc(Cn4ccn(C)c4=N)cc3-c3ccc(F)cc3C)C2=O)ccc1Cl,239.99999999999997,-2.380211241711606,0,train
Cc1cc(CN2CCc3c(cc(Cn4ccn(C)c4=N)cc3-c3ccc(F)cc3C)C2=O)ccc1F,44.0,-1.6434526764861874,0,train
COc1cc(CN2CCc3c(cc(Cn4ccn(C)c4=N)cc3-c3ccc(F)cc3C)C2=O)cc(OC)c1,37.99999999999999,-1.57978359661681,1,train
COc1cc(CN2CCc3c(cc(Cn4ccn(C5CC5)c4=N)cc3-c3ccc(F)cc3C)C2=O)cc(OC)c1,109.99999999999996,-2.041392685158225,0,test
COc1cc(CN2CCc3c(cc(CNC(=N)C4CC4)cc3-c3ccc(F)cc3C)C2=O)cc(OC)c1,150.00000000000003,-2.1760912590556813,0,train
COc1cc(CN2CCc3c(cc(Cn4ccoc4=N)cc3-c3ccc(F)cc3C)C2=O)cc(OC)c1,179.99999999999997,-2.255272505103306,0,train
COc1cc(CN2CCc3c(cc(CN4CCSC4=N)cc3-c3ccc(F)cc3C)C2=O)cc(OC)c1,290.0,-2.462397997898956,0,train
COc1cc(CN2CCc3c(cc(CN4CCCC4=N)cc3-c3ccc(F)cc3C)C2=O)cc(OC)c1,400.0000000000001,-2.6020599913279625,0,train
COc1cc(CN2CCc3c(cc(Cn4cnn(C)c4=N)cc3-c3ccc(F)cc3C)C2=O)cc(OC)c1,83.99999999999999,-1.9242792860618816,1,train
Cc1nc(F)ccc1-c1cc(Cn2ccn(C)c2=N)cc(C(=O)NCc2ccc(Cl)c(Cl)c2)c1,599.9999999999997,-2.7781512503836434,0,test
NS(=O)(=O)c1cccc(Nc2ncc3c(n2)CCCC3)c1,2549.999999999999,-3.406540180433955,0,train
Cc1cccc(Nc2ncc3c(n2)CCCC3)c1,3290.0000000000014,-3.5171958979499744,0,test
COc1cccc(Nc2ncc3c(n2)CCCC3)c1,2280.000000000001,-3.357934847000454,0,test
O=[N+]([O-])c1cccc(Nc2ncc3c(n2)CCCC3)c1,3500.0000000000005,-3.544068044350276,0,train
CCc1cccc(Nc2ncc3c(n2)CCCC3)c1,2599.999999999998,-3.4149733479708178,0,train
Cc1ccc(Nc2ncc3c(n2)CCCC3)cc1,6000.000000000003,-3.778151250383644,0,train
c1ccc(Nc2ncc3c(n2)CCCC3)cc1,9829.999999999996,-3.992553517832136,0,train
O=C(Nc1cccc(CN2CCCC2)c1)c1n[nH]c2ccccc12,8620.0,-3.9355072658247128,0,train
COc1ccc(Nc2ncc3c(n2)CCC3)cc1,839.9999999999999,-2.9242792860618816,0,train
O=C(NCC(O)CN1CCc2ccccc2C1)c1cc2c(s1)CCN(C(=O)c1ccc(Cl)cc1)C2,154.49999999999997,-2.1889284837608534,0,train
NC(=S)c1cccc(-c2c[nH]c3ccc(O)cc23)c1,26999.99999999997,-4.431363764158987,0,train
NC(=S)c1cccc(-c2cn(CC(CF)CF)c3cc(N)ccc23)c1,2000.0,-3.3010299956639813,0,train
NC(=S)c1cccc(-c2cn(CCCC(F)(F)F)c3cc(-c4ccn[nH]4)ccc23)c1,1799.9999999999998,-3.255272505103306,0,train
CC/C(=C\c1ccccc1)[C@@H]1C[C@H]1NC1CC2(C1)CN(CCO)C2,5.000000000000001,-0.6989700043360189,0,train
COCCCOc1ccnc(C[S+](O)c2nc3ccccc3[nH]2)c1C,14099.999999999993,-4.14921911265538,0,train
COc1cccc(N2CCN(C(=O)n3c4ccccc4c(=O)c4ccccc43)CC2)c1,13.5,-1.130333768495006,0,test
C=CCOc1cc(OC)ccc1C(=O)/C=C/c1ccc(OC)cc1,239.99999999999997,-2.380211241711606,0,test
Cn1cc(-c2ccc(-c3cncc(Cl)c3-n3ccc(C(=O)O)c3)cc2)cn1,87070.00000000007,-4.93986854445951,0,train
Cn1cc(-c2ccc(-c3cncc(Cl)c3-n3ccc(C(N)=O)c3)cc2)cn1,9580.000000000002,-3.981365509078545,0,train
CNC(=O)c1ccn(-c2c(Cl)cncc2-c2ccc(-c3cnn(C)c3)cc2)c1,34960.00000000002,-4.543571423962366,0,train
O=C1NCCC12CCN(c1c(Cl)cncc1-c1cnn(-c3ccccc3)c1)CC2,839.9999999999999,-2.9242792860618816,0,train
O=C1NCCC12CCN(c1c(Cl)cncc1-c1cnn(Cc3ccccc3)c1)CC2,5339.999999999997,-3.727541257028556,0,train
O=C1NCCC12CCN(c1c(Cl)cncc1-c1cnn(N3CCOCC3)c1)CC2,7429.999999999995,-3.870988813760575,0,train
CC(C)(C)OC(=O)N1CCC(n2cc(-c3cncc(Cl)c3N3CCC4(CCNC4=O)CC3)cn2)CC1,12200.000000000004,-4.086359830674748,0,train
Cn1cc(-c2ccc(-c3cncc(Cl)c3N3CCC4(CCNC4=O)CC3)cc2)cn1,30.0,-1.4771212547196624,1,train
Cn1ncc2cc(Nc3cncc(Cl)c3N3CCC4(CCNC4=O)CC3)ccc21,1709.999999999999,-3.2329961103921536,1,train
Cn1ncc2c(-c3cncc(Cl)c3N3CCC4(CCNC4=O)CC3)cccc21,27660.000000000004,-4.441852175773292,1,train
Cn1cc2c(-c3cncc(Cl)c3N3CCC4(CCNC4=O)CC3)cccc2n1,5260.000000000003,-3.7209857441537393,0,train
O=C1NCCC12CCN(c1c(Cl)cncc1-c1cccc3[nH]ccc13)CC2,1910.0000000000005,-3.281033367247728,1,train
O=C1NCCC12CCN(c1c(Cl)cncc1-c1cncc3ccccc13)CC2,7550.000000000004,-3.877946951629189,1,train
O=C1NCCC12CCN(c1c(Cl)cncc1-c1ccnc3ccccc13)CC2,53460.00000000004,-4.728028954420519,1,train
O=C1NCCC12CCN(c1c(Cl)cncc1-c1cccc3ncccc13)CC2,3650.0,-3.562292864456474,1,train
O=C1NCCC12CCN(c1c(Cl)cncc1-c1cccc3cnccc13)CC2,62310.00000000002,-4.794557751254762,1,train
O=C1NCCC12CCN(c1c(Cl)cncc1-c1cccc3ccncc13)CC2,64170.00000000001,-4.807332039291191,1,train
O=C1NCCC12CCN(c1c(Cl)cncc1-c1cccc3cccnc13)CC2,9150.000000000004,-3.961421094066449,1,test
O=C1NCCC12CCN(c1c(Cl)cncc1-c1cccc3ccccc13)CC2,820.0,-2.9138138523837167,1,train
Cc1ccc(-c2cncc(Cl)c2N2CCC3(CCNC3=O)CC2)c2ccccc12,710.0000000000003,-2.8512583487190755,1,train
COc1ccc(-c2cncc(Cl)c2N2CCC3(CCNC3=O)CC2)c2ccccc12,33159.99999999999,-4.520614521878236,1,train
O=C1NCCC12CCN(c1c(Cl)cncc1-c1cccc3c1oc1ccccc13)CC2,6680.000000000002,-3.824776462475546,0,train
O=C1NCCC12CCN(c1c(Cl)cncc1-c1cccc3c1sc1ccccc13)CC2,6349.999999999998,-3.802773725291976,0,test
O=C1NCCC12CCN(c1c(Cl)cncc1-c1cc3ccccc3[nH]1)CC2,6839.999999999998,-3.835056101720116,1,train
Cn1c(-c2cncc(Cl)c2N2CCC3(CCNC3=O)CC2)cc2ccccc21,10060.0,-4.002597980719909,0,test
O=C1NCCC12CCN(c1c(Cl)cncc1-c1cn(Cc3ccccc3)c3ccccc13)CC2,30590.00000000001,-4.485579476984679,0,train
O=C1NCCC12CCN(c1c(Cl)cncc1-c1cn(S(=O)(=O)c3ccccc3)c3ccccc13)CC2,28440.0,-4.453929592057729,0,train
O=C1NCCC12CCN(c1c(Cl)cncc1-c1c[nH]c3ccccc13)CC2,8770.000000000004,-3.9429995933660407,1,test
O=C1NCCC12CCN(c1c(Cl)cncc1-c1cn(S(=O)(=O)c3ccccc3)c3ncccc13)CC2,40159.99999999996,-4.6037937041369625,0,test
O=C1NCCC12CCN(c1c(Cl)cncc1-c1c[nH]c3ncccc13)CC2,7820.0,-3.893206753059848,1,test
O=C1NCCC12CCN(c1c(Cl)cncc1-c1cc3ccccc3o1)CC2,360.0,-2.5563025007672877,1,train
O=C1NCCC12CCN(c1c(Cl)cncc1-c1cc3ccccc3s1)CC2,580.0000000000001,-2.7634279935629373,1,train
O=C1NCCC12CCN(c1c(Cl)cncc1-c1coc3ccccc13)CC2,29160.00000000001,-4.464787519645937,1,train
O=C1NCCC12CCN(c1c(Cl)cncc1-c1csc3ccccc13)CC2,350.0,-2.544068044350276,1,train
O=c1[nH]cc(C2CCCCC2)c2nccn12,49999.99999999999,-4.698970004336019,0,train
NC(=O)c1cc2c([nH]1)-c1ccncc1OC2C1CCOCC1,1000.0,-3.0,0,train
COCCn1c(C(N)=O)cc2c1-c1ccncc1OC21CCOCC1,1000.0,-3.0,0,test
CCn1c(C(N)=O)cc2c1-c1ccncc1OC2(C)C,115.00000000000004,-2.060697840353612,0,train
CC1(C)Oc2cnccc2-c2[nH]c(C(N)=O)cc21,1000.0,-3.0,0,train
NC(=O)c1cc2c([nH]1)-c1ccncc1OC21CCN(CC(F)(F)F)CC1,1000.0,-3.0,0,train
O=C1Nc2ccc([N+](=O)[O-])cc2/C1=C1/Nc2ccc(O)cc2/C1=N\O,133.0,-2.123851640967086,0,train
O=C1Nc2ccc([N+](=O)[O-])cc2/C1=C1/Nc2ccc(O)cc2/C1=N\OCCBr,470.00000000000006,-2.672097857935717,0,train
C[C@]12O[C@H](C[C@]1(O)CO)n1c3ccccc3c3c4c(c5c6ccccc6n2c5c31)CNC4=O,33.0,-1.5185139398778875,0,train
COC(=O)c1ccc2c(c1)/C(=C1/Nc3ccccc3/C1=N\OCCN1CCNCC1)C(=O)N2,1.0,-0.0,0,train
O=C1NCCC12CCN(c1c(Cl)cncc1-c1ccco1)CC2,940.0000000000002,-2.9731278535996988,0,train
O=C1NCCC12CCN(c1c(Cl)cncc1-c1ccoc1)CC2,750.0000000000001,-2.8750612633917,1,train
O=C1NCCC12CCN(c1c(Cl)cncc1-c1cccs1)CC2,480.0,-2.681241237375587,1,train
O=C1NCCC12CCN(c1c(Cl)cncc1-c1ccsc1)CC2,189.99999999999997,-2.278753600952829,1,train
O=C1NCCC12CCN(c1c(Cl)cncc1-c1cc[nH]c1)CC2,1050.0000000000005,-3.0211892990699383,0,train
Cc1ccc(-c2cncc(Cl)c2N2CCC3(CCNC3=O)CC2)o1,4950.000000000002,-3.694605198933569,0,train
O=Cc1ccc(-c2cncc(Cl)c2N2CCC3(CCNC3=O)CC2)o1,5189.999999999997,-3.7151673578484576,0,test
CCOCOCc1ccc(-c2cncc(Cl)c2N2CCC3(CCNC3=O)CC2)o1,2969.9999999999995,-3.4727564493172123,0,train
Cc1ccsc1-c1cncc(Cl)c1N1CCC2(CCNC2=O)CC1,909.9999999999995,-2.959041392321093,1,train
Cc1csc(-c2cncc(Cl)c2N2CCC3(CCNC3=O)CC2)c1,650.0000000000002,-2.812913356642856,0,train
Cc1ccc(-c2cncc(Cl)c2N2CCC3(CCNC3=O)CC2)s1,650.0000000000002,-2.812913356642856,0,train
O=C1NCCC12CCN(c1c(Cl)cncc1-c1ccc(Cl)s1)CC2,559.9999999999998,-2.7481880270062,0,train
CC(=O)c1ccc(-c2cncc(Cl)c2N2CCC3(CCNC3=O)CC2)s1,1440.0000000000005,-3.1583624920952498,0,test
O=Cc1ccc(-c2cncc(Cl)c2N2CCC3(CCNC3=O)CC2)s1,750.0000000000001,-2.8750612633917,0,test
Cc1cc(-c2cncc(Cl)c2N2CCC3(CCNC3=O)CC2)sc1C=O,2530.0000000000005,-3.403120521175818,0,train
O=C1NCCC12CCN(c1c(Cl)cncc1-c1ccc(-c3ccccc3)s1)CC2,960.0,-2.9822712330395684,0,train
O=C1NCCC12CCN(c1c(Cl)cncc1-c1ccc(CN3CCCC3)s1)CC2,3369.9999999999995,-3.5276299008713385,0,train
O=C1NCCC12CCN(c1c(Cl)cncc1-c1ccc(CN3CCCCC3)s1)CC2,4009.999999999999,-3.603144372620182,0,train
O=C1NCCC12CCN(c1c(Cl)cncc1-c1ccc(CN3CCOCC3)s1)CC2,2960.000000000001,-3.4712917110589387,0,train
CC(C)(C)OC(=O)N1CCN(Cc2ccc(-c3cncc(Cl)c3N3CCC4(CCNC4=O)CC3)s2)CC1,5150.000000000003,-3.711807229041191,0,train
Cn1cccc1-c1cncc(Cl)c1N1CCC2(CCNC2=O)CC1,899.9999999999998,-2.9542425094393248,1,train
O=Cc1cc(-c2cncc(Cl)c2N2CCC3(CCNC3=O)CC2)co1,5150.000000000003,-3.711807229041191,0,train
O=Cc1sccc1-c1cncc(Cl)c1N1CCC2(CCNC2=O)CC1,28700.000000000004,-4.457881896733992,1,test
O=Cc1cscc1-c1cncc(Cl)c1N1CCC2(CCNC2=O)CC1,27099.999999999975,-4.432969290874405,1,train
O=Cc1cc(-c2cncc(Cl)c2N2CCC3(CCNC3=O)CC2)cs1,730.0,-2.863322860120456,0,test
O=C1NCCC12CCN(c1c(Cl)cncc1-c1cn[nH]c1)CC2,8520.0,-3.9304395947667,1,test
Cn1cc(-c2cncc(Cl)c2N2CCC3(CCNC3=O)CC2)cn1,5530.000000000001,-3.7427251313046974,1,test
O=C1NCCC12CCN(c1c(Cl)cncc1-c1cnn(C(F)F)c1)CC2,6140.000000000002,-3.788168371141168,0,train
Nc1ncc(-c2cc3ccccc3o2)c(N2CCC3(CCNC3=O)CC2)c1Cl,599.9999999999997,-2.7781512503836434,0,train
Nc1ncc(-c2cc3ccccc3s2)c(N2CCC3(CCNC3=O)CC2)c1Cl,160.00000000000009,-2.204119982655925,0,train
Cn1ncc2cc(-c3cnc(N)c(Cl)c3N3CCC4(CCNC4=O)CC3)ccc21,49.99999999999999,-1.6989700043360187,1,train
CC(=O)N1CCN(c2ccc(Nc3nccc(-c4cn(C)c5ncccc45)n3)cc2)CC1,75.5,-1.877946951629188,0,test
CN1CCN(c2cccc(Nc3nccc(-c4c[nH]c5ncccc45)n3)c2)CC1,5.000000000000001,-0.6989700043360189,1,train
CN1CCN(c2cccc(Nc3nccc(-c4cn(C)c5ncccc45)n3)c2)CC1,23.999999999999996,-1.380211241711606,0,train
CC(=O)N1CCCN(c2cccc(Nc3nccc(-c4c[nH]c5ncccc45)n3)c2)CC1,20.000000000000004,-1.3010299956639813,1,train
CC(=O)N1CCCN(c2cccc(Nc3nccc(-c4cnc5n(C)cccc4-5)n3)c2)CC1,23.999999999999996,-1.380211241711606,0,train
CC(=O)N1CCN(c2ccc(Nc3nccc(-c4c[nH]c5cccnc45)n3)cc2)CC1,419.9999999999999,-2.6232492903979003,1,train
CN1CCN(c2cccc(Nc3nccc(-c4c[nH]c5cccnc45)n3)c2)CC1,405.00000000000017,-2.6074550232146687,1,train
CC(=O)N1CCCN(c2cccc(Nc3nccc(-c4c[nH]c5cccnc45)n3)c2)CC1,687.9999999999999,-2.837588438235511,1,test
CCc1nc(C(N)=O)c(Nc2ccc(N3CCC(N4CCN(C)CC4)CC3)c(OC)c2)nc1NC1CCOCC1,2.0,-0.3010299956639812,0,train
CC(=O)N1CCN(c2ccc(Nc3nccc(-c4c[nH]c5ccccc45)n3)cc2)CC1,33.0,-1.5185139398778875,1,train
CC(=O)N1CCN(c2ccc(Nc3nccc(-c4cn(C)c5ccccc45)n3)cc2)CC1,252.00000000000009,-2.401400540781544,0,train
CC(=O)N1CCN(c2ccc(Nc3nccc(-c4cn(S(=O)(=O)c5ccc(C)cc5)c5ccccc45)n3)cc2)CC1,1559.000000000001,-3.192846115188842,0,train
CC(=O)N1CCN(c2ccc(Nc3ncc(C#N)c(-c4c[nH]c5ccccc45)n3)cc2)CC1,4.0,-0.6020599913279624,1,train
CC(=O)N1CCN(c2ccc(Nc3ncc(C#N)c(-c4cn(C)c5ccccc45)n3)cc2)CC1,30.0,-1.4771212547196624,1,train
CC(=O)N1CCN(c2ccc(Nc3ncc(C#N)c(-c4c(C)[nH]c5ccccc45)n3)cc2)CC1,389.9999999999999,-2.591064607026499,1,train
CC(=O)N1CCN(c2ccc(Nc3nccc(-c4n[nH]c5ccccc45)n3)cc2)CC1,346.0000000000001,-2.5390760987927767,1,train
CC(=O)N1CCN(c2ccc(Nc3nccc(-c4nn(C)c5ccccc45)n3)cc2)CC1,181.00000000000003,-2.257678574869185,0,train
CC(=O)N1CCN(c2ccc(Nc3ncc(C#N)c(-c4n[nH]c5ccccc45)n3)cc2)CC1,17.0,-1.230448921378274,1,train
CC(=O)N1CCCN(c2cccc(Nc3nccc(-c4n[nH]c5ccccc45)n3)c2)CC1,17.999999999999996,-1.255272505103306,1,train
CC(C)S(=O)(=O)N1CCC(n2cc(-c3cccc(C(N)=S)c3)c3ccc(CNc4nnc(N)s4)cc32)CC1,2499.9999999999995,-3.397940008672037,0,test
Nc1cccc2c1cnn2-c1ncnc2[nH]ccc12,639.9999999999999,-2.806179973983887,0,test
CCc1nc(C(N)=O)c(Nc2ccc(N3CCC(N4CCN(C)CC4)CC3)c(OC)c2)cc1NC1CCOCC1,8.200000000000001,-0.9138138523837168,0,train
O=C1Nc2ccc(F)cc2/C1=C1/Nc2ccccc2/C1=N\OCCN1CCNCC1,3.69,-0.5670263661590604,0,train
O=C1C=CC(=O)c2c(O)ccc(O)c21,189.99999999999997,-2.278753600952829,0,train
O=C1C=C(Cl)C(=O)c2c(O)cccc21,179.99999999999997,-2.255272505103306,1,test
O=C1C=CC(=O)c2c(O)cccc21,60.0,-1.7781512503836436,0,train
CC1=C(Br)C(=O)c2ccccc2C1=O,3300.0000000000005,-3.5185139398778875,0,train
O=C1c2ccccc2C(=O)c2c(O)c(CCl)cc(O)c21,6300.0,-3.7993405494535817,0,train
CC1=CC(=O)c2cccc(O)c2C1=O,26500.000000000004,-4.423245873936808,1,test
COc1ccc2c(c1)C(=O)C=CC2=O,4300.000000000001,-3.633468455579586,0,train
CC1=CC(=O)c2c(O)cc(C)c(C(=O)C(Cl)Cl)c2C1=O,860.0000000000003,-2.934498451243568,0,train
COC(=O)/C=C(/CC1=C(CCC(=O)CC2(C)OCCO2)C(=O)c2ccccc2C1=O)OC,43099.99999999999,-4.634477270160732,0,test
CC=CCC1=C(O)C(=O)c2ccccc2C1=O,79100.00000000006,-4.898176483497677,0,train
CC1(C)CCC2=C(O1)c1ccccc1C(=O)C2=O,70100.00000000006,-4.845718017966659,0,train
N[C@H]1CC[C@H](Nc2nc(Nc3ccccc3)c3ncn(C4CCCC4)c3n2)CC1,23.0,-1.3617278360175928,1,train
NCCCCNc1ccc(Nc2nc(N[C@H]3CC[C@H](N)CC3)nc3c2ncn3C2CCCC2)cc1,95.0,-1.977723605288848,1,test
NCCCNCCCCNc1ccc(Nc2nc(N[C@H]3CC[C@H](N)CC3)nc3c2ncn3C2CCCC2)cc1,52.00000000000001,-1.7160033436347992,1,train
NCCCNCCCCNCCCNc1ccc(Nc2nc(N[C@H]3CC[C@H](N)CC3)nc3c2ncn3C2CCCC2)cc1,4.0,-0.6020599913279624,1,train
NC(=O)c1ccc(Nc2nc(N[C@H]3CC[C@H](N)CC3)nc3c2ncn3C2CCCC2)cc1,38.99999999999999,-1.591064607026499,1,test
NCCCCNC(=O)c1ccc(Nc2nc(N[C@H]3CC[C@H](N)CC3)nc3c2ncn3C2CCCC2)cc1,23.0,-1.3617278360175928,1,train
NCCCNCCCCNC(=O)c1ccc(Nc2nc(N[C@H]3CC[C@H](N)CC3)nc3c2ncn3C2CCCC2)cc1,25.000000000000007,-1.3979400086720375,1,train
N[C@H]1CC[C@H](Nc2nc(NCc3ccccc3)c3ncn(C4CCCC4)c3n2)CC1,1137.0,-3.0557604646877348,1,train
NCCCCNC(=O)c1ccc(CNc2nc(N[C@H]3CC[C@H](N)CC3)nc3c2ncn3C2CCCC2)cc1,576.9999999999999,-2.761175813155732,1,test
NCCCNCCCCNC(=O)c1ccc(CNc2nc(N[C@H]3CC[C@H](N)CC3)nc3c2ncn3C2CCCC2)cc1,601.9999999999998,-2.7795964912578244,1,train
COc1ncc(C)cc1Nc1ncnc2[nH]ccc12,4639.999999999997,-3.6665179805548807,0,train
Fc1ccc(Nc2ncnc3[nH]ccc23)nc1,8190.000000000003,-3.913283901760418,0,train
Cc1c(-c2ccnc(Nc3ccccc3OC(F)F)n2)sc(=O)n1C,779.9999999999999,-2.8920946026904804,0,train
COC(=O)c1ccc2c(c1)/C(=C1/Nc3ccccc3/C1=N\O)C(=O)N2,54.1,-1.7331972651065697,0,train
C[C@H]1CN(c2cc(F)c(-c3cnc(N4CCOCC4)nc3)cc2NC(=O)c2c[nH]c(=O)cc2C(F)(F)F)CCN1C,49.99999999999999,-1.6989700043360187,0,test
CC[C@@H]1NC(=O)[C@H](CCCNC(=N)N)NC(=O)[C@H](NC(=O)C(C)C)CCCCNC(=O)[C@@H](c2ccccc2)NC1=O,12419.999999999996,-4.094121595840561,0,train
Cc1c(F)c(N)cc(C(=O)Nc2cc(-c3ccc(C(=O)NCCCN)cc3)ccc2N2CCN(C)CC2)c1Cl,7400.000000000001,-3.869231719730976,0,train
CN1CCN(c2cc(F)c(-c3ccc(C(=O)N(C)C)cc3)cc2Nc2ncnc(Cl)c2N)CC1,12570.0,-4.099335277685958,0,train
Cc1c(F)c(N)cc(C(=O)Nc2cc(-n3cc(C(=O)NCCCN4CCOCC4)nn3)ccc2N2CCN(C)CC2)c1Cl,8000.000000000004,-3.903089986991944,0,train
Cc1c(F)c(N)cc(C(=O)N(C)c2cc(C(=O)Oc3ccccc3)ccc2N2CCN(C)CC2)c1Cl,66499.99999999999,-4.8228216453031045,0,test
Cc1ncccc1-c1cc(Cn2ccn(C)c2=O)cc(C(=O)NCc2cc(Cl)cc(Cl)c2)c1,3199.999999999999,-3.505149978319906,0,test
COc1cc(CNC(=O)c2ccc(F)c(CNC3=NCCN3)c2)cc(OC)c1,6670.000000000003,-3.824125833916549,0,test
COc1cc(CN2CCc3c(cc(Cn4ccn(C)c4=N)cc3-c3ccc(F)cc3OC)C2=O)cc(OC)c1,209.99999999999991,-2.322219294733919,0,train
COc1cc(CN2CCc3c(cc(Cn4ccn(C)c4=N)cc3-c3ccc(F)cc3O)C2=O)cc(OC)c1,88.00000000000001,-1.944482672150169,1,train
COc1cc(CN2CCc3c(cc(Cn4ccn(C)c4=N)cc3-c3cccnc3C)C2=O)cc(OC)c1,1199.9999999999995,-3.0791812460476247,1,train
COc1cc(CN2CCc3c(cc(Cn4ccn(C)c4=N)cc3-c3cccnc3OC)C2=O)cc(OC)c1,559.9999999999998,-2.7481880270062,1,train
COc1cc(CN2CCc3c(cc(Cn4ccn(C)c4=N)cc3-c3cc(C)cnc3C)C2=O)cc(OC)c1,639.9999999999999,-2.806179973983887,1,train
COc1cc(CN2CCc3c(cc(Cn4ccn(C)c4=N)cc3-c3cccnc3C(F)(F)F)C2=O)cc(OC)c1,119.99999999999996,-2.0791812460476247,0,train
COc1cc(CN2CCc3c(cc(Cn4ccn(C)c4=N)cc3-c3ccncc3C)C2=O)cc(OC)c1,230.00000000000009,-2.361727836017593,0,train
COc1cc(CN2CCc3c(cc(Cn4ccn(C)c4=N)cc3-c3cc(C)ncc3C)C2=O)cc(OC)c1,200.00000000000003,-2.3010299956639813,1,train
COc1cc(CN2CCc3c(cc(Cn4ccn(C)c4=N)cc3-c3conc3C)C2=O)cc(OC)c1,850.0000000000002,-2.929418925714293,1,train
COc1cc(CN2CCc3c(cc(Cn4ccn(C)c4=N)cc3-c3cn(C)nc3C)C2=O)cc(OC)c1,209.99999999999991,-2.322219294733919,1,train
COc1cc(CN2CCc3c(cc(Cn4ccn(C)c4=N)cc3-c3c(C)nn(C)c3C)C2=O)cc(OC)c1,19000.0,-4.278753600952829,1,test
COc1cc(CN2CCc3c(cc(Cn4ccn(C)c4=N)cc3-c3cc(C)nn3C)C2=O)cc(OC)c1,85.00000000000003,-1.9294189257142929,1,train
COc1cc(CN2CCc3c(cc(Cn4ccn(C)c4=N)cc3-c3cn(C)nc3C(F)(F)F)C2=O)cc(OC)c1,38.99999999999999,-1.591064607026499,1,train
CCn1cc(-c2cc(Cn3ccn(C)c3=N)cc3c2CCN(Cc2cc(OC)cc(OC)c2)C3=O)c(C(F)(F)F)n1,36.0,-1.5563025007672873,0,train
COc1cc(CN2CCc3c(cc(Cn4ccnc4)cc3-c3cn(C)nc3C(F)(F)F)C2=O)cc(OC)c1,59.00000000000001,-1.7708520116421442,1,train
COc1cc(CN2CCc3c(cc(Cn4cccn4)cc3-c3cn(C)nc3C(F)(F)F)C2=O)cc(OC)c1,22000.00000000002,-4.342422680822207,1,train
COc1cc(CN2CCc3c(cc(Cn4cccc4)cc3-c3cn(C)nc3C(F)(F)F)C2=O)cc(OC)c1,15000.000000000004,-4.176091259055681,1,test
COc1cc(CN2CCc3c(cc(Cn4cnnc4)cc3-c3cn(C)nc3C(F)(F)F)C2=O)cc(OC)c1,16000.00000000001,-4.204119982655925,1,test
COc1cc(CN2CCc3c(cc(Cn4ccnc4C)cc3-c3cn(C)nc3C(F)(F)F)C2=O)cc(OC)c1,32.00000000000001,-1.505149978319906,1,train
CCc1nccn1Cc1cc2c(c(-c3cn(C)nc3C(F)(F)F)c1)CCN(Cc1cc(OC)cc(OC)c1)C2=O,93.99999999999996,-1.9731278535996983,0,train
COc1cc(CN2CCc3c(cc(Cn4ccnc4C(C)C)cc3-c3cn(C)nc3C(F)(F)F)C2=O)cc(OC)c1,4700.000000000001,-3.6720978579357175,1,train
COc1cc(CN2CCc3c(cc(Cn4ccnc4C4CC4)cc3-c3cn(C)nc3C(F)(F)F)C2=O)cc(OC)c1,239.99999999999997,-2.380211241711606,1,test
COc1cc(CN2CCc3c(cc(Cn4ccnc4C(F)F)cc3-c3cn(C)nc3C(F)(F)F)C2=O)cc(OC)c1,12000.000000000007,-4.079181246047625,1,train
Cc1nccn1Cc1cc2c(c(-c3cn(C)nc3C(F)(F)F)c1)CCN(Cc1ccccn1)C2=O,1500.0000000000005,-3.1760912590556813,0,train
Cc1cccc(CN2CCc3c(cc(Cn4ccnc4C)cc3-c3cn(C)nc3C(F)(F)F)C2=O)n1,170.00000000000006,-2.230448921378274,1,train
Cc1ccnc(CN2CCc3c(cc(Cn4ccnc4C)cc3-c3cn(C)nc3C(F)(F)F)C2=O)c1,23.0,-1.3617278360175928,1,train
Cc1cccnc1CN1CCc2c(cc(Cn3ccnc3C)cc2-c2cn(C)nc2C(F)(F)F)C1=O,3000.0000000000014,-3.4771212547196626,0,train
Cc1cc(CN2CCc3c(cc(Cn4ccnc4C)cc3-c3cn(C)nc3C(F)(F)F)C2=O)ccn1,270.00000000000006,-2.431363764158988,1,train
COc1ccnc(CN2CCc3c(cc(Cn4ccnc4C)cc3-c3cn(C)nc3C(F)(F)F)C2=O)c1,23.999999999999996,-1.380211241711606,1,test
CCc1ccnc(CN2CCc3c(cc(Cn4ccnc4C)cc3-c3cn(C)nc3C(F)(F)F)C2=O)c1,16.0,-1.2041199826559248,1,train
CCn1cc(-c2cc(Cn3ccnc3C)cc3c2CCN(Cc2cc(OC)ccn2)C3=O)c(C(F)(F)F)n1,34.0,-1.5314789170422551,0,test
CCc1ccnc(CN2CCc3c(cc(Cn4ccnc4C)cc3-c3cn(CC)nc3C(F)(F)F)C2=O)c1,23.999999999999996,-1.380211241711606,1,train
CCn1cc(-c2cc(Cn3ccnc3C)cc3c2CCN([C@@H](c2cc(OC)ccn2)C2CC2)C3=O)c(C(F)(F)F)n1,15.000000000000004,-1.1760912590556811,0,train
CCn1cc(-c2cc(Cn3ccnc3C)cc3c2CCN([C@H](c2cc(C)ccn2)C2CC2)C3=O)c(C(F)(F)F)n1,17.0,-1.230448921378274,0,train
CCn1cc(-c2cc(Cn3ccnc3)cc3c2CCN([C@H](C)c2cc(OC)ccn2)C3=O)c(C(F)(F)F)n1,38.99999999999999,-1.591064607026499,0,train
