smiles,exp_mean [nM],y,cliff_mol,split
CC(C)CN(CCCN1CCN(CCCNc2[nH]cnc3ncnc2-3)CC1)CC(C)C,82000.0,-4.913813852383717,0,train
CC(=O)SCCOP(=O)(COCCn1cnc2c(N)ncnc21)OCCSC(C)=O,148000.00000000003,-5.1702617153949575,0,train
CC(C)CN(CCCN1CCN(CCCNc2cnccn2)CC1)CC(C)C,80000.00000000003,-4.903089986991944,0,test
CC(C)CN(CCCN1CCN(CCCNCc2ccncc2)CC1)CC(C)C,30000.00000000001,-4.477121254719663,0,test
CC(C)CN(CCCN1CCN(CCCNCc2ccccc2)CC1)CC(C)C,21000.00000000001,-4.32221929473392,0,train
CC(C)CN(CCCN1CCN(CCCNc2ccnc3cc(Cl)ccc23)CC1)CC(C)C,8500.000000000002,-3.929418925714293,0,train
CC(C)CN(CCCN1CCN(CCCNCc2ccc(Cl)cc2)CC1)CC(C)C,13000.000000000004,-4.113943352306837,0,train
CCN(CC)CCCC(C)Nc1ccnc2cc(Cl)ccc12,49999.99999999999,-4.698970004336019,0,train
CC(C)CN(CCCN1CCN(CCCNc2nc3ccccc3[nH]2)CC1)CC(C)C,16000.00000000001,-4.204119982655925,0,train
COc1ccc(CNCCCN2CCN(CCCN(CC(C)C)CC(C)C)CC2)cc1,12000.000000000007,-4.079181246047625,0,train
COc1ccc(C(=O)NCCCN2CCN(CCCN(CC(C)C)CC(C)C)CC2)cc1,57700.00000000005,-4.761175813155732,0,train
CC(C)CN(CCCN1CCN(CCCNC(=O)c2ccc3ccccc3c2)CC1)CC(C)C,44000.00000000005,-4.643452676486188,0,train
CC(C)CN(CCCN1CCN(CCCNCc2ccc3ccccc3c2)CC1)CC(C)C,6500.000000000002,-3.812913356642856,0,train
CC(C)CN(CCCN1CCN(CCCNc2ccnc3ccccc23)CC1)CC(C)C,30000.00000000001,-4.477121254719663,0,train
CC(C)(C)C(=O)OCOP(=O)(COCCn1cnc2c(N)ncnc21)OCOC(=O)C(C)(C)C,15700.000000000013,-4.195899652409234,0,train
Nc1ncnc2c1ncn2CCOCP(=O)(OCCSC(=O)c1ccccc1)OCCSC(=O)c1ccccc1,18699.99999999998,-4.271841606536499,0,train
CC(C)C(=O)SCCOP(=O)(COCCn1cnc2c(N)ncnc21)OCCSC(=O)C(C)C,30200.000000000025,-4.480006942957151,0,train
CC(C)(C)C(=O)SCCOP(=O)(COCCn1cnc2c(N)ncnc21)OCCSC(=O)C(C)(C)C,48500.00000000004,-4.685741738602264,0,train
CC(C)CN(CCCN1CCN(CCCNc2ccc([N+](=O)[O-])cn2)CC1)CC(C)C,49000.00000000002,-4.690196080028514,0,train
CC(C)CN(CCCN1CCN(CCCNC(=O)c2ccc(Cl)cc2)CC1)CC(C)C,92999.99999999993,-4.968482948553935,0,test
O=C(NNC(=O)c1ccc([N+](=O)[O-])o1)c1ccc([N+](=O)[O-])o1,4000.000000000001,-3.6020599913279625,0,train
Nc1nc(N)nc(Nc2ccc([As]3SCC(CO)S3)cc2)n1,12499.999999999996,-4.096910013008056,0,train
O=C(NNC(=O)c1ccc([N+](=O)[O-])o1)c1ccc2ccccc2c1,2000.0,-3.3010299956639813,0,train
NNC(=O)c1ccc([N+](=O)[O-])o1,8999.999999999998,-3.9542425094393248,0,test
O=C(NNS(=O)(=O)c1ccc2ccccc2c1)c1ccc([N+](=O)[O-])o1,18000.000000000015,-4.2552725051033065,1,train
CC(C)(C)OC(=O)NNC(=O)c1ccc([N+](=O)[O-])o1,12000.000000000007,-4.079181246047625,0,train
O=C(NNS(=O)(=O)c1cccc2ccccc12)c1ccc([N+](=O)[O-])o1,750.0000000000001,-2.8750612633917,1,train
O=C(Cc1ccccc1)NNC(=O)c1ccc([N+](=O)[O-])o1,2000.0,-3.3010299956639813,0,train
CC(C)(C)OC(=O)N[C@@H](C(=O)NNC(=O)c1ccc([N+](=O)[O-])o1)c1ccccc1,6000.000000000003,-3.778151250383644,0,train
O=C(NNC(=O)c1cccc2ccccc12)c1ccc([N+](=O)[O-])o1,1000.0,-3.0,0,train
CC(C)(C)OC(=O)Nc1ccc2cc(C(=O)NNC(=O)c3ccc([N+](=O)[O-])o3)ccc2c1,2000.0,-3.3010299956639813,0,test
O=C(Cc1ccc2ccccc2c1)NNC(=O)c1ccc([N+](=O)[O-])o1,4000.000000000001,-3.6020599913279625,0,test
O=C(NNS(=O)(=O)c1ccccc1)c1ccc([N+](=O)[O-])o1,4000.000000000001,-3.6020599913279625,0,train
O=C(NNC(=O)c1ccc([N+](=O)[O-])o1)c1ccccc1,17000.000000000007,-4.230448921378274,0,train
Nc1nc(Cl)c2ncn(C3CC(O)C(CO)S3)c2n1,2000.0,-3.3010299956639813,0,test
Nc1nc(NC2CC2)c2ncn(C3CC(O)C(CO)S3)c2n1,15000.000000000004,-4.176091259055681,0,train
Nc1nc(O)c2ncn(C3CC(O)C(CO)S3)c2n1,2000.0,-3.3010299956639813,0,train
Clc1ccc2c(NCCCN3CCN(CCCN(Cc4ccc(Oc5ccccc5)cc4)Cc4ccc(Oc5ccccc5)cc4)CC3)ccnc2c1,4000.000000000001,-3.6020599913279625,0,train
O=C(NCCCN1CCN(CCCNc2ccnc3cc(Cl)ccc23)CC1)c1cccc(Oc2ccccc2)c1,4999.999999999999,-3.6989700043360183,0,train
O=C(NCCCN1CCN(CCCNc2ccnc3cc(Cl)ccc23)CC1)c1ccc([N+](=O)[O-])cc1,3899.999999999999,-3.591064607026499,0,train
Clc1ccc2c(NCCCN3CCN(CCCN(CC4CC4)CC4CC4)CC3)ccnc2c1,4000.000000000001,-3.6020599913279625,0,train
O=C(NCCCN1CCN(CCCNc2ccnc3cc(Cl)ccc23)CC1)c1cccc2ccccc12,4000.000000000001,-3.6020599913279625,0,train
Clc1ccc2c(NCCCN3CCN(CCCN(CCc4ccccc4)CCc4ccccc4)CC3)ccnc2c1,1000.0,-3.0,0,test
O=C(Cc1ccccc1)NCCCN1CCN(CCCNc2ccnc3cc(Cl)ccc23)CC1,4000.000000000001,-3.6020599913279625,0,test
O=C(NCCCN1CCN(CCCNc2ccnc3cc(Cl)ccc23)CC1)C1CCc2ccccc2C1,5400.000000000001,-3.7323937598229686,0,train
Nc1nc(O)c2ncn(C[C@@H]3CC[C@@H](P(=O)(O)O)O3)c2n1,88825.1603611377,-4.948536000218718,0,train
O=C(NCCCN1CCN(CCCNc2ccnc3cc(Cl)ccc23)CC1)c1ccsc1,20500.0,-4.311753861055754,1,test
COc1ccc(C(=O)NCCCN2CCN(CCCNc3ccnc4cc(Cl)ccc34)CC2)cc1,4000.000000000001,-3.6020599913279625,0,test
Clc1ccc2c(NCCCN3CCN(CCCN(Cc4ccnc5ccccc45)Cc4ccnc5ccccc45)CC3)ccnc2c1,5599.999999999998,-3.7481880270062,0,train
O=C(NCCCN1CCN(CCCNc2ccnc3cc(Cl)ccc23)CC1)C1CCCCC1,4000.000000000001,-3.6020599913279625,0,train
Clc1ccc(CN(CCCN2CCN(CCCNc3ccnc4cc(Cl)ccc34)CC2)Cc2ccc(Cl)cc2)cc1,1000.0,-3.0,1,train
O=C(NCCCN1CCN(CCCNc2ccnc3cc(Cl)ccc23)CC1)c1ccnc2ccccc12,16400.000000000004,-4.214843848047698,0,train
CCCCCCC(=O)NCCCN1CCN(CCCNc2ccnc3cc(Cl)ccc23)CC1,14500.000000000013,-4.161368002234975,0,train
CCCC(=O)NCCCN1CCN(CCCNc2ccnc3cc(Cl)ccc23)CC1,16000.00000000001,-4.204119982655925,0,train
Nc1ccn(C[C@@H](CO)OCP(=O)(O)O)c(=O)n1,68054.25715196512,-4.832855297794724,0,train
COc1ccc(CNCCCN2CCN(CCCNc3ccnc4cc(Cl)ccc34)CC2)cc1,4000.000000000001,-3.6020599913279625,0,test
Oc1ccc(CNCCCN2CCN(CCCNc3ccnc4cc(Cl)ccc34)CC2)cc1,21000.00000000001,-4.32221929473392,1,train
CCCN(CCC)CCCN1CCN(CCCNc2ccnc3cc(Cl)ccc23)CC1,100.0,-2.0,1,train
Clc1ccc2c(NCCCN3CCN(CCCN(Cc4cccc5ccccc45)Cc4cccc5ccccc45)CC3)ccnc2c1,4000.000000000001,-3.6020599913279625,0,train
Clc1ccc2c(NCCCN3CCN(CCCNCc4ccccc4)CC3)ccnc2c1,4999.999999999999,-3.6989700043360183,0,train
CC(C)(C)CNCCCN1CCN(CCCNc2ccnc3cc(Cl)ccc23)CC1,4100.0,-3.612783856719736,1,train
CCN(CC)CCCN1CCN(CCCNc2ccnc3cc(Cl)ccc23)CC1,100.0,-2.0,1,train
CC(C)(C)C(=O)NCCCN1CCN(CCCNc2ccnc3cc(Cl)ccc23)CC1,20500.0,-4.311753861055754,0,train
CC(C)C(=O)NCCCN1CCN(CCCNc2ccnc3cc(Cl)ccc23)CC1,17000.000000000007,-4.230448921378274,0,train
CCCNCCCN1CCN(CCCNc2ccnc3cc(Cl)ccc23)CC1,16000.00000000001,-4.204119982655925,1,train
Clc1ccc2c(NCCCN3CCN(CCCN(Cc4ccsc4)Cc4ccsc4)CC3)ccnc2c1,1000.0,-3.0,1,train
Oc1ccc(CN(CCCN2CCN(CCCNc3ccnc4cc(Cl)ccc34)CC2)Cc2ccc(O)cc2)cc1,14000.000000000004,-4.146128035678238,1,test
Clc1ccc2c(NCCCN3CCN(CCCNCCCc4ccccc4)CC3)ccnc2c1,1000.0,-3.0,0,train
Clc1ccc2c(NCCCN3CCN(CCCN(Cc4ccccc4)Cc4ccccc4)CC3)ccnc2c1,1000.0,-3.0,1,train
Clc1ccc2c(NCCCN3CCN(CCCNCc4cccc5ccccc45)CC3)ccnc2c1,5499.999999999997,-3.740362689494244,0,train
Clc1ccc2c(NCCCN3CCN(CCCNCCc4ccccc4)CC3)ccnc2c1,4999.999999999999,-3.6989700043360183,0,train
O=C(NCCCN1CCN(CCCNc2ccnc3cc(Cl)ccc23)CC1)C1CCCN1,24999.999999999996,-4.3979400086720375,1,train
Clc1ccc2c(NCCCN3CCN(CCCN(CC4CCCCC4)CC4CCCCC4)CC3)ccnc2c1,5099.999999999999,-3.707570176097936,0,test
CCC(=O)NCCCN1CCN(CCCNc2ccnc3cc(Cl)ccc23)CC1,32000.000000000025,-4.505149978319906,1,train
CC(C)CNCCCN1CCN(CCCNc2ccnc3cc(Cl)ccc23)CC1,4000.000000000001,-3.6020599913279625,1,test
Clc1ccc2c(NCCCN3CCN(CCCNCC4CCCCC4)CC3)ccnc2c1,5499.999999999997,-3.740362689494244,0,train
Clc1ccc2c(NCCCN3CCN(CCCNCc4cccc(Oc5ccccc5)c4)CC3)ccnc2c1,1000.0,-3.0,0,train
O=C(O)CNCCCN1CCN(CCCNc2ccnc3cc(Cl)ccc23)CC1,24999.999999999996,-4.3979400086720375,0,train
O=C(NCCCN1CCN(CCCNc2ccnc3cc(Cl)ccc23)CC1)c1ccccc1,15599.999999999984,-4.193124598354461,1,train
O=C(NCCCN1CCN(CCCNc2ccnc3cc(Cl)ccc23)CC1)C1CC1,16000.00000000001,-4.204119982655925,1,test
CCNCCCN1CCN(CCCNc2ccnc3cc(Cl)ccc23)CC1,32000.000000000025,-4.505149978319906,1,train
COc1ccc(CN(CCCN2CCN(CCCNc3ccnc4cc(Cl)ccc34)CC2)Cc2ccc(OC)cc2)cc1,1000.0,-3.0,1,train
Clc1ccc2c(NCCCN3CCN(CCCNCc4ccsc4)CC3)ccnc2c1,1000.0,-3.0,1,train
O=C(NCCCN1CCN(CCCNc2ccnc3cc(Cl)ccc23)CC1)c1ccc(F)cc1,6799.999999999997,-3.832508912706236,0,train
Clc1ccc(CNCCCN2CCN(CCCNc3ccnc4cc(Cl)ccc34)CC2)cc1,1000.0,-3.0,1,train
CCCCNCCCN1CCN(CCCNc2ccnc3cc(Cl)ccc23)CC1,16000.00000000001,-4.204119982655925,1,train
CCCCN(CCCC)CCCN1CCN(CCCNc2ccnc3cc(Cl)ccc23)CC1,5099.999999999999,-3.707570176097936,1,train
O=C(NCCCN1CCN(CCCNc2ccnc3cc(Cl)ccc23)CC1)c1ccc(Cl)cc1,1000.0,-3.0,1,train
O=C(CCc1ccccc1)NCCCN1CCN(CCCNc2ccnc3cc(Cl)ccc23)CC1,4000.000000000001,-3.6020599913279625,0,train
CC(=O)NCCCN1CCN(CCCNc2ccnc3cc(Cl)ccc23)CC1,32000.000000000025,-4.505149978319906,1,train
Clc1ccc2c(NCCCN3CCN(CCCN(CCCc4ccccc4)CCCc4ccccc4)CC3)ccnc2c1,1000.0,-3.0,0,train
O=S1(=O)N=C(OCc2ccccc2-c2ccccc2)c2ccccc2N1Cc1ccccc1-c1ccccc1,46999.99999999996,-4.672097857935717,0,train
O=S1(=O)N=C(OCc2ccccc2)c2ccccc2N1Cc1ccccc1,65999.99999999994,-4.819543935541868,0,train
O=C1c2ccccc2N(Cc2ccccc2)S(=O)(=O)N1Cc1ccccc1Cl,60000.00000000003,-4.778151250383644,0,train
O=C1c2ccccc2N(Cc2cccc(Cl)c2)S(=O)(=O)N1Cc1ccccc1,60000.00000000003,-4.778151250383644,0,train
CC(C)CN1c2ccccc2C(=O)N(Cc2ccccc2)S1(=O)=O,71999.99999999994,-4.857332496431268,0,train
O=S1(=O)N=C(OCc2ccccc2)c2ccccc2N1Cc1ccc(Cl)c(Cl)c1,56000.00000000004,-4.748188027006201,0,train
C#CCCN1c2ccccc2C(=O)N(Cc2ccccc2)S1(=O)=O,77000.00000000007,-4.886490725172482,0,train
O=S1(=O)N=C(OCc2ccc(-c3ccccc3)cc2)c2ccccc2N1Cc1ccc(-c2ccccc2)cc1,46999.99999999996,-4.672097857935717,0,train
O=C1c2ccccc2N(Cc2ccccc2Cl)S(=O)(=O)N1Cc1ccccc1Cl,56000.00000000004,-4.748188027006201,0,test
O=C1c2ccccc2N(Cc2ccc(Cl)c(Cl)c2)S(=O)(=O)N1Cc1ccc(Cl)c(Cl)c1,48000.00000000005,-4.681241237375588,0,test
N#Cc1ccc(CN2c3ccccc3C(=O)N(Cc3ccccc3)S2(=O)=O)cc1,61999.99999999994,-4.792391689498253,0,train
Cc1ccc(CN2c3ccccc3C(=O)N(Cc3ccccc3)S2(=O)=O)cc1,63000.00000000006,-4.799340549453582,0,train
COc1ccc(CN2c3ccccc3C(=O)N(Cc3ccccc3)S2(=O)=O)cc1,61000.000000000015,-4.785329835010767,0,train
N#Cc1ccc(CN2c3ccccc3C(OCc3ccccc3)=NS2(=O)=O)cc1,61999.99999999994,-4.792391689498253,0,train
O=C1c2ccccc2N(Cc2ccc(Cl)cc2)S(=O)(=O)N1Cc1ccc(Cl)cc1,56000.00000000004,-4.748188027006201,0,train
O=C1c2ccccc2N(Cc2ccc(C(F)(F)F)cc2)S(=O)(=O)N1Cc1ccc(C(F)(F)F)cc1,48000.00000000005,-4.681241237375588,0,test
COc1ccc(CN2C(=O)c3ccccc3N(Cc3ccc(OC)cc3)S2(=O)=O)cc1,57000.00000000001,-4.755874855672492,0,train
COc1ccc(CN2c3ccccc3C(OCc3ccccc3)=NS2(=O)=O)cc1,61000.000000000015,-4.785329835010767,0,test
O=C1c2ccccc2N(Cc2cccnc2)S(=O)(=O)N1Cc1ccccc1,65999.99999999994,-4.819543935541868,0,train
Cc1ccc(CN2c3ccccc3C(OCc3ccccc3)=NS2(=O)=O)cc1,63000.00000000006,-4.799340549453582,0,train
O=C1c2ccccc2N(Cc2ccc(Cl)cc2)S(=O)(=O)N1Cc1ccccc1,60000.00000000003,-4.778151250383644,0,train
O=S1(=O)N=C(OCc2ccc(Cl)c(Cl)c2)c2ccccc2N1Cc1ccc(Cl)c(Cl)c1,48000.00000000005,-4.681241237375588,0,train
O=[N+]([O-])c1ccc(COC2=NS(=O)(=O)N(Cc3ccc([N+](=O)[O-])cc3)c3ccccc32)cc1,53000.000000000015,-4.724275869600789,0,train
O=C1c2ccccc2N(Cc2ccc(C(F)(F)F)cc2)S(=O)(=O)N1Cc1ccccc1,56000.00000000004,-4.748188027006201,0,test
O=C1c2ccccc2N(Cc2ccccc2)S(=O)(=O)N1Cc1ccc(Cl)cc1,60000.00000000003,-4.778151250383644,0,train
O=C1c2ccccc2N(Cc2ccc(Cl)c(Cl)c2)S(=O)(=O)N1Cc1ccccc1,56000.00000000004,-4.748188027006201,0,train
O=C1c2ccccc2N(Cc2ccccc2)S(=O)(=O)N1Cc1ccccc1,65999.99999999994,-4.819543935541868,0,train
O=C1c2ccccc2N(Cc2ccc([N+](=O)[O-])cc2)S(=O)(=O)N1Cc1ccc([N+](=O)[O-])cc1,53000.000000000015,-4.724275869600789,0,test
CO/N=C(\C(=O)N[C@H]1CN2CC(C#N)=C(C(=O)O)N2C1=O)c1csc(N)n1,60000.00000000003,-4.778151250383644,0,test
Nc1nc2c(ncn2COC(CO)CO)c(=O)[nH]1,98000.00000000006,-4.991226075692495,0,test
O=C1c2ccccc2N(Cc2ccccc2Cl)S(=O)(=O)N1Cc1ccccc1,60000.00000000003,-4.778151250383644,0,train
O=S1(=O)N=C(OCc2ccc(C(F)(F)F)cc2)c2ccccc2N1Cc1ccc(C(F)(F)F)cc1,48000.00000000005,-4.681241237375588,0,train
CC(=O)O[C@@H]1C[C@]2(C)[C@@]3(CCC4[C@@]5(C)CC[C@H](O[C@@H]6OC(C(=O)O)[C@@H](O)C(O[C@@H]7OC(CO)[C@H](O)C(O)[C@@H]7OC7O[C@@H](C)C(O)[C@H](O)C7OC7O[C@@H](C)[C@H](O)C(O)[C@@H]7O)[C@@H]6O[C@@H]6OC(CO)[C@@H](O)C(O)[C@@H]6O)C(C)(C)C5CC[C@]42C)O[C@H](O)[C@]12C3CC(C)(C)[C@@H](OC(=O)c1ccccc1)[C@@H]2OC(=O)/C=C/c1ccccc1,5077.092476066269,-3.705615073879201,1,test
C/C=C(/C)C(=O)O[C@H]1[C@H](OC(=O)/C=C/c2ccccc2)[C@@]23C(CC1(C)C)[C@]1(CCC4[C@@]5(C)CC[C@H](O[C@@H]6OC(C(=O)O)[C@@H](O)C(O[C@@H]7OC(CO)[C@H](O)C(O)[C@@H]7OC7O[C@@H](C)C(O)[C@H](O)C7OC7O[C@@H](C)[C@H](O)C(O)[C@@H]7O)[C@@H]6O[C@@H]6OC(CO)[C@@H](O)C(O)[C@@H]6O)C(C)(C)C5CC[C@@]4(C)[C@]1(C)C[C@H]2OC(C)=O)O[C@@H]3O,5149.002477313814,-3.711723100777217,1,test
C[C@@H]1OC(O[C@H]2C(O)[C@@H](O)C(CO)O[C@H]2OC2[C@H](O)C(C(=O)O)O[C@@H](O[C@H]3CC[C@@]4(C)C(CC[C@]5(C)C4CC[C@]46O[C@H](O)[C@]7(C4CC(C)(C)[C@@H](OC(=O)c4ccccc4)[C@@H]7OC(=O)CCc4ccccc4)[C@H](O)C[C@]65C)C3(C)C)[C@H]2O[C@@H]2OC(CO)[C@@H](O)C(O)[C@@H]2O)C(OC2O[C@@H](C)[C@H](O)C(O)[C@@H]2O)[C@@H](O)C1O,195.35268974606743,-2.290819395257926,1,train
C/C=C(/C)C(=O)O[C@H]1[C@H](OC(=O)CCc2ccccc2)[C@@]23C(CC1(C)C)[C@]1(CCC4[C@@]5(C)CC[C@H](O[C@@H]6OC(C(=O)O)[C@@H](O)C(O[C@@H]7OC(CO)[C@H](O)C(O)[C@@H]7OC7O[C@@H](C)C(O)[C@H](O)C7OC7O[C@@H](C)[C@H](O)C(O)[C@@H]7O)[C@@H]6O[C@@H]6OC(CO)[C@@H](O)C(O)[C@@H]6O)C(C)(C)C5CC[C@@]4(C)[C@]1(C)C[C@H]2O)O[C@@H]3O,396.38549281947655,-2.5981177515051126,1,test
CC1(C)CC2C3=CCC4[C@@]5(C)CC[C@H](O)C(C)(C)C5CC[C@@]4(C)[C@]3(C)C[C@@H](O)[C@@]2(C=O)[C@@H](OC(=O)/C=C/c2ccccc2)[C@@H]1OC(=O)c1ccccc1,44262.292814431705,-4.646033906899528,0,train
O=C(C1CC1)N(CCCN1CCN(CCCNc2ccnc3cc(Cl)ccc23)CC1)CC1CC1,13500.000000000013,-4.130333768495007,0,train
O=C(CCCO)N(CCCN1CCN(CCCNc2ccnc3cc(Cl)ccc23)CC1)CC1CC1,21000.00000000001,-4.32221929473392,0,train
CC(C)(C)OC(=O)NCCC(=O)N(CCCN1CCN(CCCNc2ccnc3cc(Cl)ccc23)CC1)CC1CC1,4000.000000000001,-3.6020599913279625,0,train
N#CCCCCN(CCCN1CCN(CCCNc2ccnc3cc(Cl)ccc23)CC1)CC1CC1,4000.000000000001,-3.6020599913279625,0,train
CC(C)(C)OC(=O)NCCCN(CCCN1CCN(CCCNc2ccnc3cc(Cl)ccc23)CC1)CC1CC1,4000.000000000001,-3.6020599913279625,0,train
Clc1ccc2c(NCCCN3CCN(CCCN(CC4CC4)N4CCCC4)CC3)ccnc2c1,20000.000000000004,-4.301029995663981,0,train
Clc1ccc2c(NCCCN3CCN(CCCN(CC4CC4)N4CCCCC4)CC3)ccnc2c1,5099.999999999999,-3.707570176097936,0,train
Clc1ccc2c(NCCCN3CCN(CCCN(CC4CC4)N4CCCCCC4)CC3)ccnc2c1,4999.999999999999,-3.6989700043360183,0,test
COc1ccc2nc(N/N=C/C(=O)NCCCCCCCNc3ccnc4cc(Cl)ccc34)nnc2c1,2499.9999999999995,-3.397940008672037,0,test
O=C(/C=N/OCc1ccc([N+](=O)[O-])cc1)NCCCCCCCNc1ccnc2cc(Cl)ccc12,1700.000000000001,-3.230448921378274,0,train
O=C(/C=N/Nc1ccc([N+](=O)[O-])cc1[N+](=O)[O-])NCCCCCCCNc1ccnc2cc(Cl)ccc12,11100.000000000004,-4.045322978786658,0,train
O=C(/C=N/NCc1ccccc1)NCCCCCCCNc1ccnc2cc(Cl)ccc12,14600.000000000002,-4.164352855784437,0,train
O=C(/C=N/Nc1ccnc2cc(Cl)ccc12)NCCCCCCCNc1ccnc2cc(Cl)ccc12,1400.0000000000005,-3.146128035678238,0,train
O=C(/C=N/Nc1c(Cl)cc(C(F)(F)F)cc1Cl)NCCCCCCCNc1ccnc2cc(Cl)ccc12,9199.999999999996,-3.963787827345555,0,train
Cc1cc(N/N=C/C(=O)NCCCCCCCNc2ccnc3cc(Cl)ccc23)nc2c1c(C)nn2C,1799.9999999999998,-3.255272505103306,0,train
O=C1[C@@H]2Cc3ccccc3CN2C(=O)N1CCCNCCCCc1ccccc1,31000.00000000003,-4.491361693834273,0,train
CN(CCN1C(=O)[C@@H]2Cc3ccccc3CN2C1=O)Cc1ccccc1,107000.0,-5.02938377768521,0,train
CN(CCCc1ccccc1)CCN1C(=O)[C@@H]2Cc3ccccc3CN2C1=O,136000.00000000012,-5.133538908370218,0,train
CN(CCCN1C(=O)[C@@H]2Cc3ccccc3CN2C1=O)Cc1ccccc1,196000.00000000012,-5.292256071356476,0,train
CN(CCCCN1C(=O)[C@@H]2Cc3ccccc3CN2C1=O)CCc1ccccc1,106000.00000000004,-5.02530586526477,0,train
CN(CCCCCN1C(=O)[C@@H]2Cc3ccccc3CN2C1=O)Cc1ccccc1,100999.99999999993,-5.004321373782642,0,train
CCN(CC)c1ccc(/C=N/NC(=O)c2ccccc2)c(O)c1,1099.9999999999998,-3.041392685158225,0,train
CC(C)(C)c1ccc(O)c(/C=N/NC(=O)c2ccc([N+](=O)[O-])cc2)c1,1099.9999999999998,-3.041392685158225,0,train
CC(C)(C)c1ccc(O)c(/C=N/NC(=O)c2ccc(Cl)cc2)c1,3600.0,-3.5563025007672877,0,train
CC(C)(C)c1ccc(O)c(/C=N/NC(=O)c2cccs2)c1,12000.000000000007,-4.079181246047625,0,train
CC(C)(C)c1ccc(O)c(/C=N/NC(=O)c2ccccc2)c1,2599.999999999998,-3.4149733479708178,0,train
Cc1ccc(O)c(/C=N/NC(=O)c2ccc(C(C)(C)C)cc2)c1,16300.000000000013,-4.212187604403958,0,train
CCN(CC)c1ccc(/C=N/NC(=O)c2ccc([N+](=O)[O-])cc2)c(O)c1,2499.9999999999995,-3.397940008672037,0,train
CCN(CC)c1ccc(/C=N/NC(=O)c2ccc(C(C)(C)C)cc2)c(O)c1,1099.9999999999998,-3.041392685158225,0,train
Clc1ccc2c(NCCCN3CCN(CCCN(Cc4cccc(Oc5ccccc5)c4)Cc4cccc(Oc5ccccc5)c4)CC3)ccnc2c1,4000.000000000001,-3.6020599913279625,0,test
O=C(NCCCN1CCN(CCCNc2ccnc3cc(Cl)ccc23)CC1)[C@H]1Cc2ccccc2CN1,22000.00000000002,-4.342422680822207,0,test
O=[N+]([O-])c1cc(C(F)(F)F)ccc1S(=O)(=O)NCCCN1CCN(CCCNc2ccnc3cc(Cl)ccc23)CC1,2000.0,-3.3010299956639813,0,train
Cc1c(C)c(C)c(S(=O)(=O)NCCCN2CCN(CCCNc3ccnc4cc(Cl)ccc34)CC2)c(C)c1C,1000.0,-3.0,0,train
Cc1c(Cl)cccc1S(=O)(=O)NCCCN1CCN(CCCNc2ccnc3cc(Cl)ccc23)CC1,1000.0,-3.0,0,test
CN(C)c1cccc2c(S(=O)(=O)NCCCN3CCN(CCCNc4ccnc5cc(Cl)ccc45)CC3)cccc12,5800.000000000001,-3.763427993562937,0,train
O=S(=O)(NCCCN1CCN(CCCNc2ccnc3cc(Cl)ccc23)CC1)c1ccccc1,4000.000000000001,-3.6020599913279625,0,train
CN(C)c1cccc2c(S(=O)(=O)NCCCCCCCNc3ccnc4cc(Cl)ccc34)cccc12,4000.000000000001,-3.6020599913279625,0,train
Clc1ccc2c(NCCNCCNc3ccnc4cc(Cl)ccc34)ccnc2c1,24999.999999999996,-4.3979400086720375,1,train
Clc1ccc2c(NCCCNCCCNc3ccnc4cc(Cl)ccc34)ccnc2c1,700.0000000000001,-2.845098040014257,1,test
CC(C)(C)c1ccc(S(=O)(=O)NCCCN2CCN(CCCNc3ccnc4cc(Cl)ccc34)CC2)cc1,1000.0,-3.0,0,train
NCC(=O)NCCCN1CCN(CCCNc2ccnc3cc(Cl)ccc23)CC1,24999.999999999996,-4.3979400086720375,0,train
COc1ccc(S(=O)(=O)NCCCN2CCN(CCCNc3ccnc4cc(Cl)ccc34)CC2)cc1,3899.999999999999,-3.591064607026499,0,train
O=S(=O)(NCCCN1CCN(CCCNc2ccnc3cc(Cl)ccc23)CC1)c1cccc2ccccc12,1000.0,-3.0,0,train
CCc1cc(Nc2cc(=O)n(CCCCO)c(=O)[nH]2)ccc1C,144932.55909940164,-5.161165960687081,0,train
CCCCCCCCCCCCCCCCOCCCOP(=O)(O)CC/C=C\Cn1cnc2c(N)ncnc21,17299.999999999985,-4.238046103128795,0,train
CCCCCCCCCCCCCCCCOCCCOP(=O)(O)CC/C=C\Cn1cc(C)c(=O)[nH]c1=O,7400.000000000001,-3.869231719730976,0,train
CCCCCCCCCCCCCCCCOCCCOP(=O)(O)CC/C=C\Cn1ccc(N)nc1=O,11200.00000000001,-4.049218022670182,0,train
CCCCCCCCCCCCCCCCOCCCOP(=O)(O)CC/C=C\Cn1ccc(=O)[nH]c1=O,51000.00000000005,-4.707570176097937,0,train
CCCCCCCCCCCCCCCCOCCCOP(=O)(O)CC/C=C\Cn1cnc2c(=O)nc(N)[nH]c21,12200.000000000004,-4.086359830674748,0,train
COc1ccc2c(c1OC)C(C(Cl)(Cl)Cl)N1CCc3cc4c(cc3C1=C2)OCO4,8399.999999999998,-3.9242792860618816,0,train
COc1ccc2c(c1OC)CN1CCc3cc4c(cc3C1=C2)OCO4,155000.00000000012,-5.190331698170292,0,train
COc1ccc2c(c1OC)CN1CCc3cc4c(cc3[C@@H]1C2)OCO4,124999.99999999996,-5.096910013008056,0,train
COc1ccc(C[C@H]2COC(=O)[C@@H]2Cc2ccc(O[C@@H]3O[C@H](CO)[C@@H](O)[C@H](O)[C@H]3O)c(OC)c2)cc1OC,240000.00000000015,-5.380211241711606,0,train
COc1cc(C[C@H]2C(=O)OC[C@@H]2Cc2ccc(OC)c(OC)c2)ccc1O,76000.0,-4.880813592280791,0,train
COc1cc(OC)c2c(=O)c(O)c(-c3ccc(OC)c(OC)c3)oc2c1,20000.000000000004,-4.301029995663981,0,test
COc1ccc(C2CC(=O)c3c(OC)cc(O)cc3O2)cc1,12000.000000000007,-4.079181246047625,0,train
COc1cc(OC)c2c(c1)OC(c1ccc(OC)c(OC)c1)C(O)C2,189999.99999999997,-5.278753600952829,0,test
COc1cc(OC)c2c(c1)OC(c1ccc(OC)c(OC)c1)C(OC)C2,68000.00000000004,-4.832508912706237,0,train
O=C(CN1CCCCC1)Nc1cc(CO)cc(Nc2ccnc3cc(Cl)ccc23)c1,12499.999999999996,-4.096910013008056,0,test
CN(C)CCNC(=O)OCc1cc(NC(=O)CN2CCCCC2)cc(Nc2ccnc3cc(Cl)ccc23)c1,3099.9999999999995,-3.4913616938342726,0,test
O=C(CN1CCCCC1)Nc1cc(COC(=O)NCCN2CCCCC2)cc(Nc2ccnc3cc(Cl)ccc23)c1,12499.999999999996,-4.096910013008056,0,train
CCN(CC)CCCNC(=O)OCc1cc(NC(=O)CN2CCCCC2)cc(Nc2ccnc3cc(Cl)ccc23)c1,6300.0,-3.7993405494535817,0,test
O=C(CN1CCCCC1)Nc1cc(COC(=O)NCCCN2CCNCC2)cc(Nc2ccnc3cc(Cl)ccc23)c1,6300.0,-3.7993405494535817,0,train
CN(C)CCNC(=O)c1cc(NC(=O)CN2CCCCC2)cc(Nc2ccnc3cc(Cl)ccc23)c1,15000.000000000004,-4.176091259055681,0,train
CN(C)CCN(C)C(=O)c1cc(NC(=O)CN2CCCCC2)cc(Nc2ccnc3cc(Cl)ccc23)c1,16000.00000000001,-4.204119982655925,0,train
O=C(CN1CCCCC1)Nc1cc(Nc2ccnc3cc(Cl)ccc23)cc(C(=O)NCCN2CCCC2)c1,17000.000000000007,-4.230448921378274,0,test
CN1CCN(C(=O)c2cc(NC(=O)CN3CCCCC3)cc(Nc3ccnc4cc(Cl)ccc34)c2)CC1,16000.00000000001,-4.204119982655925,0,train
O=C(CN1CCCCC1)Nc1cc(Nc2ccnc3cc(Cl)ccc23)cc(C(=O)N2CCN(c3ccccc3)CC2)c1,16000.00000000001,-4.204119982655925,0,train
O=C(CN1CCCCC1)Nc1cc(Nc2ccnc3cc(Cl)ccc23)cc(C(=O)N2CCN(Cc3ccccc3)CC2)c1,15000.000000000004,-4.176091259055681,0,train
CC(=O)c1cccc(-n2cnc3c(Cl)ncnc32)c1,238000.00000000015,-5.376576957056512,0,test
OCc1cccc(-n2cnc3c(Cl)ncnc32)c1,229000.0000000002,-5.359835482339888,0,train
COc1cccc(N2CCN(C3=Nc4c(F)cccc4[C@H](CC(=O)O)N3c3cc(C(F)(F)F)ccc3OC)CC2)c1,127000.00000000012,-5.103803720955957,0,test
COc1ccc2c(O[C@@H]3C[C@H]4C(=O)N[C@]5(C(=O)NS(=O)(=O)C6CC6)C[C@H]5/C=C\CCCCN(C)C(=O)[C@@H]4C3)cc(-c3nc(C(C)C)cs3)nc2c1C,16000.00000000001,-4.204119982655925,0,train
CN(C/C=C/C#CC(C)(C)C)Cc1cccc2ccccc12,63000.00000000006,-4.799340549453582,0,train
Clc1ccc(COC(Cn2ccnc2)c2ccc(Cl)cc2Cl)c(Cl)c1,29670.0,-4.472317546316842,0,train
CCC(C)n1ncn(-c2ccc(N3CCN(c4ccc(OCC5COC(Cn6cncn6)(c6ccc(Cl)cc6Cl)O5)cc4)CC3)cc2)c1=O,49330.0,-4.693111115462141,0,test
CC(C)N1CCN(c2ccc(N3CCN(c4ccc(OC[C@H]5CO[C@](Cn6cncn6)(c6ccc(F)cc6F)O5)cc4)CC3)cc2)C1=O,53330.00000000004,-4.726971583682877,0,test
CC[C@@]1(O)C(=O)OCc2c1cc1n(c2=O)Cc2cc3ccccc3nc2-1,200.00000000000003,-2.3010299956639813,0,train
O=C1[C@H]2Cc3c([nH]c4ccccc34)[C@@H](c3ccc4c(c3)OCO4)N2C(=O)CN1[C@@H]1CCN(Cc2ccccc2)C1,10000.0,-4.0,0,train
O=C1[C@H]2Cc3c([nH]c4ccccc34)[C@@H](c3ccc4c(c3)OCO4)N2C(=O)CN1C1CCN(Cc2ccccc2)CC1,7000.000000000002,-3.845098040014257,0,train
O=C1[C@H]2Cc3c([nH]c4ccccc34)[C@@H](c3ccc4c(c3)OCO4)N2C(=O)CN1[C@@H]1CCN(CCCCCO)C1,3000.0000000000014,-3.4771212547196626,0,train
O=C1[C@H]2Cc3c([nH]c4ccccc34)[C@@H](c3ccc4c(c3)OCO4)N2C(=O)CN1[C@@H]1CCN(CCc2ccccc2)C1,1000.0,-3.0,1,train
O=C1[C@H]2Cc3c([nH]c4ccccc34)[C@@H](c3ccc4c(c3)OCO4)N2C(=O)CN1[C@@H]1CCN(Cc2ccc3c(c2)OCO3)C1,78000.00000000007,-4.892094602690481,1,train
O=C1[C@H]2Cc3c([nH]c4ccccc34)[C@@H](c3ccc4c(c3)OCO4)N2C(=O)CN1[C@@H]1CCN(CCOc2ccccc2)C1,11000.000000000007,-4.041392685158225,1,test
O=C1[C@H]2Cc3c([nH]c4ccccc34)[C@@H](c3ccc4c(c3)OCO4)N2C(=O)CN1[C@@H]1CCN(Cc2ccccn2)C1,13000.000000000004,-4.113943352306837,1,train
Cn1ccnc1CN1CC[C@@H](N2CC(=O)N3[C@H](c4ccc5c(c4)OCO5)c4[nH]c5ccccc5c4C[C@@H]3C2=O)C1,49999.99999999999,-4.698970004336019,0,test
O=C1[C@H]2Cc3c([nH]c4ccccc34)[C@@H](c3ccc4c(c3)OCO4)N2C(=O)CN1[C@@H]1CCN(CC2CCCC2)C1,22000.00000000002,-4.342422680822207,1,train
CC(C)(C)OC(=O)NCCN1CC[C@@H](N2CC(=O)N3[C@H](c4ccc5c(c4)OCO5)c4[nH]c5ccccc5c4C[C@@H]3C2=O)C1,153999.99999999985,-5.187520720836463,0,train
O=C1[C@H]2Cc3c([nH]c4ccccc34)[C@@H](c3ccc4c(c3)OCO4)N2C(=O)CN1[C@@H]1CCN(CC2CCCCC2)C1,7000.000000000002,-3.845098040014257,1,train
O=C1[C@H]2Cc3c([nH]c4ccccc34)[C@@H](c3ccc4nsnc4c3)N2C(=O)CN1[C@@H]1CCN(Cc2ccccc2)C1,30000.00000000001,-4.477121254719663,0,train
O=C1[C@H]2Cc3c([nH]c4ccccc34)[C@@H](c3ccc4nnnn4c3)N2C(=O)CN1[C@@H]1CCN(Cc2ccccc2)C1,21000.00000000001,-4.32221929473392,0,test
O=C1[C@H]2Cc3c([nH]c4ccccc34)[C@@H](c3ccc(Cl)nc3)N2C(=O)CN1[C@@H]1CCN(Cc2ccccc2)C1,14000.000000000004,-4.146128035678238,0,train
COc1ccc([C@@H]2c3[nH]c4ccccc4c3C[C@@H]3C(=O)N([C@@H]4CCN(Cc5ccccc5)C4)CC(=O)N23)cc1OC,32000.000000000025,-4.505149978319906,0,train
COc1ccc([C@@H]2c3[nH]c4ccccc4c3C[C@@H]3C(=O)N([C@@H]4CCN(Cc5ccccc5)C4)CC(=O)N23)cc1O,22000.00000000002,-4.342422680822207,0,train
COc1cc([C@@H]2c3[nH]c4ccccc4c3C[C@@H]3C(=O)N([C@@H]4CCN(Cc5ccccc5)C4)CC(=O)N23)ccc1O,23000.00000000001,-4.361727836017593,0,test
O=C1[C@H]2Cc3c([nH]c4ccccc34)[C@@H](c3ccc4c(c3)OC(F)(F)O4)N2C(=O)CN1[C@@H]1CCN(Cc2ccccc2)C1,8000.000000000004,-3.903089986991944,0,train
COc1ccc([C@@H]2c3[nH]c4ccccc4c3C[C@@H]3C(=O)N([C@@H]4CCN(Cc5ccc6c(c5)OCO6)C4)CC(=O)N23)cc1OC,24999.999999999996,-4.3979400086720375,0,test
COc1ccc([C@@H]2c3[nH]c4ccccc4c3C[C@@H]3C(=O)N([C@@H]4CCN(CCNC(=O)OC(C)(C)C)C4)CC(=O)N23)cc1OC,10000.0,-4.0,0,train
COc1ccc([C@@H]2c3[nH]c4ccccc4c3C[C@@H]3C(=O)N([C@@H]4CCN(Cc5nccn5C)C4)CC(=O)N23)cc1OC,37000.0,-4.568201724066995,0,train
Nc1ncnn1/C(S)=N/Cc1ccccc1,42999.99999999997,-4.633468455579586,0,train
CCCCCCCCCCCCc1cn(C2CCOC2=O)nn1,669999.9999999993,-5.826074802700826,0,train
Cc1cn(-c2ccc(C(N)=O)c(N[C@H]3CC[C@H](O)CC3)c2)c2c1C(=O)CC(C)(C)C2,24930.0,-4.396722278503773,0,test
CC1(C)CC(=O)c2c(C(F)(F)F)nn(-c3ccc(C(N)=O)c(N[C@H]4CC[C@H](O)CC4)c3)c2C1,21339.999999999996,-4.329194415088451,0,train
Cc1nn(-c2ccc(C(N)=O)c(N[C@H]3CC[C@H](O)CC3)c2)c2c1C(=O)CC(C)(C)C2,54130.000000000015,-4.733438027091061,0,train
COc1ccc(C2=NN(C3CCCCCC3)C(=O)C2(C)C)cc1OCc1cc(C)on1,32999.99999999997,-4.518513939877887,0,train
COc1ccc(CCOc2cc(C3=NN(C(C)C)C(=O)C3(C)C)ccc2OC)cc1,48100.000000000015,-4.682145076373832,0,train
COc1ccc(C2=NN(C3CCCCCC3)C(=O)C2(C)C)cc1Br,30000.00000000001,-4.477121254719663,0,train
COc1ccc(C2=NN(C3CCCCCC3)C(=O)C2(C)C)cc1Cl,32000.000000000025,-4.505149978319906,0,train
COc1ccc(C2=NN(C(C)C)C(=O)C2(C)C)cc1OCc1ccccc1,52000.00000000004,-4.7160033436348,0,train
COc1ccc(C2=NNC(=O)C2(C)C)cc1OCc1ccccc1,55000.00000000004,-4.740362689494244,0,test
Cc1cn([C@@H]2C[C@H](O)[C@@H](CNC(=O)Nc3ccc(OCc4ccccc4Cl)cc3)O2)c(=O)[nH]c1=O,28999.99999999997,-4.462397997898956,0,test
Cc1cn([C@@H]2C[C@H](O)[C@@H](CNC(=O)Nc3ccc(Oc4ccccc4)cc3)O2)c(=O)[nH]c1=O,44000.00000000005,-4.643452676486188,0,train
CC(C)CC(=O)[C@@H](O)Cc1ccccc1,764999.9999999992,-5.883661435153617,0,train
CC(C)(C)OC(=O)N1CCCC1C(=O)O/N=C1\c2ccccc2-c2c1c(-n1ccnc1)nc1ccc(Br)cc21,8000.000000000004,-3.903089986991944,0,train
CCCC(=O)O/N=C1\c2ccccc2-c2c1c(-n1ccnc1)nc1ccc(Br)cc21,8230.0,-3.91539983521227,0,train
CC(C)CC(NC(=O)OCC1c2ccccc2-c2ccccc21)C(=O)O/N=C1\c2ccccc2-c2c1c(N1CCN(c3ccccn3)CC1)nc1ccc(Br)cc21,13589.99999999999,-4.133219456732494,0,train
CSCCC(NC(=O)OC(C)(C)C)C(=O)O/N=C1\c2ccccc2-c2c1c(N1CCN(c3ccccn3)CC1)nc1ccc(Br)cc21,64000.00000000005,-4.806179973983888,0,train
CC(C)(C)OC(=O)NC(C(=O)O/N=C1\c2ccccc2-c2c1c(N1CCN(c3ccccn3)CC1)nc1ccc(Br)cc21)C(C)(C)C,35599.99999999997,-4.551449997972875,0,train
CC(C)(C)OC(=O)NCC(=O)O/N=C1\c2ccccc2-c2c1c(N1CCN(c3ccccn3)CC1)nc1ccc(Br)cc21,64000.00000000005,-4.806179973983888,0,train
CC(NC(=O)OC(C)(C)C)C(=O)O/N=C1\c2ccccc2-c2c1c(N1CCN(c3ccccn3)CC1)nc1ccc(Br)cc21,26909.99999999999,-4.429913697763754,0,train
O/N=C1\c2ccccc2-c2c1c(N1CCN(c3ccccn3)CC1)nc1ccc(Br)cc21,64000.00000000005,-4.806179973983888,1,train
O=C1c2ccccc2-c2c1c(N1CCN(c3ccccn3)CC1)nc1ccc(Br)cc21,4330.000000000001,-3.6364878963533656,1,test
CCCCC(=O)OC1(C)c2ccccc2-c2c1c(-n1ccnc1)nc1ccc(Br)cc21,21769.99999999998,-4.337858429041094,0,train
CC(=O)OC1(C)c2ccccc2-c2c1c(-n1ccnc1)nc1ccc(Br)cc21,32219.99999999997,-4.508125536083199,0,test
CC1(O)c2ccccc2-c2c1c(-n1ccnc1)nc1ccc(Br)cc21,11450.00000000001,-4.058805486675907,0,train
COc1nc2ccc(Br)cc2c2c1C(C)(OC(=O)N(C)C)c1ccccc1-2,64000.00000000005,-4.806179973983888,0,train
COc1nc2ccc(Br)cc2c2c1C(C)(OCC(O)Cn1ccc(-c3cccc(C(F)(F)F)c3)n1)c1ccccc1-2,24110.000000000007,-4.382197210377454,0,train
COc1nc2ccc(Br)cc2c2c1C(C)(OCC(O)Cn1ccnc1)c1ccccc1-2,8000.000000000004,-3.903089986991944,0,test
CC(C)(C)OC(=O)N1CCCC(C(=O)O/N=C2\c3ccccc3-c3c2c(C(F)(F)F)nc2ccc(Br)cc32)C1,5840.000000000002,-3.7664128471124,0,test
CC1(OCC2CO2)c2ccccc2-c2c1c(C(F)(F)F)nc1ccc(Br)cc21,4000.000000000001,-3.6020599913279625,0,test
O=C1c2ccccc2-c2c1c(Nc1ccncc1)nc1ccc(Br)cc21,750.0000000000001,-2.8750612633917,0,train
CC1(O)c2ccccc2-c2c1c(OCC(F)(F)F)nc1ccc(Br)cc21,19839.999999999996,-4.29754166781816,0,test
COc1cccc(CN2CCN(CC(O)COC3(C)c4ccccc4-c4c3c(N3CCN(C(c5ccccc5)c5ccccc5)CC3)nc3ccc(Br)cc43)CC2)c1,61439.99999999999,-4.788451207023456,0,train
COc1ccccc1NC(=O)NCC(O)COC1(C)c2ccccc2-c2c1c(OC)nc1ccc(Br)cc21,5309.999999999999,-3.725094521081469,0,train
COc1nc2ccc(Br)cc2c2c1C(C)(OCC(O)CN)c1ccccc1-2,1359.9999999999998,-3.133538908370217,0,train
COc1nc2ccc(Br)cc2c2c1C(C)(OCC(O)CN1CCN(C(c3ccccc3)c3ccccc3)CC1)c1ccccc1-2,17549.99999999999,-4.244277120801843,0,train
COc1nc2ccc(Br)cc2c2c1C(C)(OCC(O)CN1CCN(Cc3ccccc3)CC1)c1ccccc1-2,5630.0,-3.750508394851346,0,train
CC(c1cc(F)ccc1Oc1nc2ccc(-n3cc(-c4ccccc4)nn3)cc2cc1Cc1ccccc1)n1ccnc1,64000.00000000005,-4.806179973983888,0,train
COc1ccc(NC(=S)Nc2ccc3nc(Oc4ccc(F)cc4C(C)O)c(Cc4ccccc4)cc3c2)cc1,42330.000000000015,-4.6266482684740105,0,train
COc1cccc(NC(=S)Nc2ccc3nc(Oc4ccc(F)cc4C(C)O)c(Cc4ccccc4)cc3c2)c1,64000.00000000005,-4.806179973983888,0,test
COc1ccccc1NC(=S)Nc1ccc2nc(Oc3ccc(F)cc3C(C)O)c(Cc3ccccc3)cc2c1,16000.00000000001,-4.204119982655925,0,train
COc1cccc(NC(=O)Nc2ccc3nc(Oc4ccc(F)cc4C(C)O)c(Cc4ccccc4)cc3c2)c1,64000.00000000005,-4.806179973983888,0,train
COc1ccccc1NC(=O)Nc1ccc2nc(Oc3ccc(F)cc3C(C)O)c(Cc3ccccc3)cc2c1,6209.999999999997,-3.79309160017658,0,test
CC(O)c1cc(F)ccc1Oc1nc2ccc(NC(=O)Nc3cccc([N+](=O)[O-])c3)cc2cc1Cc1ccccc1,2199.9999999999995,-3.342422680822206,0,train
COc1cccc(-c2ccn(CC(O)c3cc(F)ccc3Oc3nc4ccc([N+](=O)[O-])cc4cc3Cc3ccccc3)n2)c1,64000.00000000005,-4.806179973983888,0,train
COc1ccc(-c2ccn(CC(O)c3cc(F)ccc3Oc3nc4ccc([N+](=O)[O-])cc4cc3Cc3ccccc3)n2)cc1,64000.00000000005,-4.806179973983888,0,train
O=[N+]([O-])c1ccc2nc(Oc3ccc(F)cc3C(O)CN3CCCCC3)c(Cc3ccccc3)cc2c1,8099.999999999995,-3.9084850188786495,0,test
O=[N+]([O-])c1ccc2nc(Oc3ccc(F)cc3C(O)Cn3ccnc3)c(Cc3ccccc3)cc2c1,31439.99999999997,-4.49748253736737,0,test
CC(O)c1cc(F)ccc1Oc1nc2ccc(NS(=O)(=O)c3cccc(C(F)(F)F)c3)cc2cc1Cc1ccccc1,8000.000000000004,-3.903089986991944,0,train
COc1nc2ccc(Br)cc2cc1C(c1ccccc1)n1cnc([N+](=O)[O-])c1,64000.00000000005,-4.806179973983888,0,train
COc1nc2ccc(Br)cc2cc1C(c1ccccc1)n1ccnc1,30829.99999999999,-4.488973524726508,0,train
OC(c1ccccc1)c1c(C(F)(F)F)nc2ccc(Br)cc2c1Br,1509.999999999999,-3.1789769472931693,0,train
COc1ccc(-c2cc3cn(C4CC(CO)N(C)O4)c(=O)nc3o2)cc1,31249.999999999975,-4.494850021680094,1,train
CCCCCc1ccc(-c2cc3cn(C4CC(CO)N(C)O4)c(=O)nc3o2)cc1,1500.0000000000005,-3.1760912590556813,1,train
CN1OC(n2cc3cc(-c4ccccc4)oc3nc2=O)CC1CO,124999.99999999996,-5.096910013008056,0,train
CCCc1cc2cn(C3CC(CO)N(C)O3)c(=O)nc2o1,31249.999999999975,-4.494850021680094,0,train
OC[C@H]1O[C@@H](n2cc(F)c3c(-c4ccsc4)ncnc32)[C@H](O)[C@@H]1O,49999.99999999999,-4.698970004336019,0,train
CCc1ncnc2c1ccn2[C@@H]1O[C@H](CO)[C@@H](O)[C@H]1O,49999.99999999999,-4.698970004336019,1,train
OC[C@H]1O[C@@H](n2cc(F)c3c(-c4cc[nH]c4)ncnc32)[C@H](O)[C@@H]1O,48940.00000000005,-4.689663965015771,1,train
OC[C@H]1O[C@@H](n2cc(F)c3c(-c4cccs4)ncnc32)[C@H](O)[C@@H]1O,47209.99999999999,-4.674034000431255,0,train
OC[C@H]1O[C@@H](n2ccc3c(-c4ccoc4)ncnc32)[C@H](O)[C@@H]1O,45379.99999999996,-4.656864491548917,1,train
CCCCCCCCCCCCCCCCCCOP(=O)(O)OC[C@H]1O[C@@H](n2ccc3c(-c4ccco4)ncnc32)[C@H](O)[C@@H]1O,45259.99999999996,-4.655714549618709,0,train
OC[C@H]1O[C@@H](n2cc(F)c3c(-c4ccc[nH]4)ncnc32)[C@H](O)[C@@H]1O,44450.00000000005,-4.647871765306233,1,test
OC[C@H]1O[C@@H](n2ccc3c(-c4cccc5c4sc4ccccc45)ncnc32)[C@H](O)[C@@H]1O,43760.00000000003,-4.641077313325375,0,train
OC[C@H]1O[C@@H](n2ccc3c(-c4cc[nH]c4)ncnc32)[C@H](O)[C@@H]1O,40150.00000000002,-4.6036855496147,1,train
OC[C@H]1O[C@@H](n2ccc3c(-c4nccs4)ncnc32)[C@H](O)[C@@H]1O,37000.0,-4.568201724066995,1,train
OC[C@H]1O[C@@H](n2cc(F)c3c(-c4ccco4)ncnc32)[C@H](O)[C@@H]1O,29040.000000000007,-4.462996612028056,0,train
OC[C@H]1O[C@@H](n2cc(F)c3c(-c4ccoc4)ncnc32)[C@H](O)[C@@H]1O,15380.0,-4.186956335465412,0,test
OC[C@H]1O[C@@H](n2ccc3c(-c4ccco4)ncnc32)[C@H](O)[C@@H]1O,11830.000000000013,-4.072984744627931,1,test
OC[C@H]1O[C@@H](n2ccc3c(-c4ccn[nH]4)ncnc32)[C@H](O)[C@@H]1O,1160.0000000000002,-3.0644579892269186,1,train
OCc1ncnc2c1ccn2[C@@H]1O[C@H](CO)[C@@H](O)[C@H]1O,280.0000000000001,-2.4471580313422194,1,test
Cc1ncnc2c1ccn2[C@@H]1O[C@H](CO)[C@@H](O)[C@H]1O,81.0,-1.9084850188786495,1,train
Nc1ncnc2c1c(-c1cc3ccccc3c3ccccc13)cn2[C@@H]1O[C@H](CO)[C@@H](O)[C@H]1O,65999.99999999994,-4.819543935541868,0,train
Nc1ncnc2c1c(-c1ccc3c(c1)OCO3)cn2[C@@H]1O[C@H](CO)[C@@H](O)[C@H]1O,46000.00000000003,-4.662757831681574,0,train
CC(C)Oc1ccc(-c2cn([C@@H]3O[C@H](CO)[C@@H](O)[C@H]3O)c3ncnc(N)c23)cc1,50200.00000000004,-4.70070371714502,0,test
Nc1ncnc2c1c(-c1ccc(C(F)(F)F)cc1)cn2[C@@H]1O[C@H](CO)[C@@H](O)[C@H]1O,78799.99999999994,-4.896526217489555,0,train
CC(C)(C)c1ccc(-c2cn([C@@H]3O[C@H](CO)[C@@H](O)[C@H]3O)c3ncnc(N)c23)cc1,96300.00000000007,-4.983626287124535,0,train
Nc1ncnc2c1c(-c1c[nH]nn1)cn2[C@@H]1O[C@H](CO)[C@@H](O)[C@H]1O,100.0,-2.0,1,train
Nc1ncnc2c1c(-c1cc3ccccc3o1)cn2[C@@H]1O[C@H](CO)[C@@H](O)[C@H]1O,35099.999999999985,-4.545307116465824,0,train
Cc1ccc(-c2cn([C@@H]3O[C@H](CO)[C@@H](O)[C@H]3O)c3ncnc(N)c23)cc1C,37899.99999999999,-4.578639209968072,0,test
CC(C)c1ccc(-c2cn([C@@H]3O[C@H](CO)[C@@H](O)[C@H]3O)c3ncnc(N)c23)cc1,52900.00000000005,-4.723455672035186,0,train
Nc1ncnc2c1c(-c1ncc[nH]1)cn2[C@@H]1O[C@H](CO)[C@@H](O)[C@H]1O,150.00000000000003,-2.1760912590556813,1,train
Nc1ncnc2c1c(-c1c[nH]cn1)cn2[C@@H]1O[C@H](CO)[C@@H](O)[C@H]1O,330.00000000000006,-2.5185139398778875,1,train
Nc1ncnc2c1c(-c1cn[nH]c1)cn2[C@@H]1O[C@H](CO)[C@@H](O)[C@H]1O,71199.99999999996,-4.852479993636856,1,train
Nc1ncnc2c1c(-c1cc[nH]n1)cn2[C@@H]1O[C@H](CO)[C@@H](O)[C@H]1O,179.99999999999997,-2.255272505103306,1,train
Nc1ncnc2c1c(-c1nccs1)cn2[C@@H]1O[C@H](CO)[C@@H](O)[C@H]1O,25100.00000000001,-4.399673721481038,1,train
Nc1ncnc2c1c(-c1cc[nH]c1)cn2[C@@H]1O[C@H](CO)[C@@H](O)[C@H]1O,5050.0,-3.703291378118661,1,train
Nc1ncnc2c1c(-c1ccc[nH]1)cn2[C@@H]1O[C@H](CO)[C@@H](O)[C@H]1O,99600.00000000004,-4.998259338423699,1,test
Nc1ncnc2c1c(-c1ccsc1)cn2[C@@H]1O[C@H](CO)[C@@H](O)[C@H]1O,42500.00000000001,-4.628388930050312,1,train
Nc1ncnc2c1c(-c1cccs1)cn2[C@@H]1O[C@H](CO)[C@@H](O)[C@H]1O,39399.99999999996,-4.595496221825574,1,train
Nc1ncnc2c1c(-c1ccoc1)cn2[C@@H]1O[C@H](CO)[C@@H](O)[C@H]1O,67899.99999999993,-4.831869774280501,1,test
Nc1ncnc2c1c(-c1ccco1)cn2[C@@H]1O[C@H](CO)[C@@H](O)[C@H]1O,9490.000000000004,-3.977266212427293,1,train
Nc1ncnc2c1c(-c1ccc3ccccc3c1)cn2[C@@H]1O[C@H](CO)[C@@H](O)[C@H]1O,13600.000000000013,-4.133538908370218,0,train
Nc1ncnc2c1c(-c1cccc3ccccc13)cn2[C@@H]1O[C@H](CO)[C@@H](O)[C@H]1O,94399.99999999996,-4.974971994298069,0,train
CSc1ccc(-c2cn([C@@H]3O[C@H](CO)[C@@H](O)[C@H]3O)c3ncnc(N)c23)cc1,45600.00000000002,-4.658964842664435,0,test
COc1ccc(-c2cn([C@@H]3O[C@H](CO)[C@@H](O)[C@H]3O)c3ncnc(N)c23)cc1,61399.99999999995,-4.788168371141167,0,train
Nc1ncnc2c1c(-c1ccccc1)cn2[C@@H]1O[C@H](CO)[C@@H](O)[C@H]1O,21000.00000000001,-4.32221929473392,1,train
C#Cc1cn([C@@H]2O[C@H](CO)[C@@H](O)[C@H]2O)c2ncnc(N)c12,13399.999999999987,-4.127104798364807,0,test
Nc1ncnc2c1c(-c1cccc3c1oc1ccccc13)cn2[C@@H]1O[C@H](CO)[C@@H](O)[C@H]1O,100000.0,-5.0,0,train
Nc1ncnc2c1c(-c1cccc3c1Oc1ccccc1S3)cn2[C@@H]1O[C@H](CO)[C@@H](O)[C@H]1O,95099.99999999996,-4.978180516937414,0,test
Nc1ncnc2c1c(-c1cccc3c1Sc1ccccc1S3)cn2[C@@H]1O[C@H](CO)[C@@H](O)[C@H]1O,68499.99999999997,-4.835690571492425,0,train
Nc1ncnc2c1c(/C=C/c1ccccc1)cn2[C@@H]1O[C@H](CO)[C@@H](O)[C@H]1O,48200.0,-4.68304703823885,0,train
Nc1ncnc2c1c(-c1ccc(-c3ccccc3)cc1)cn2[C@@H]1O[C@H](CO)[C@@H](O)[C@H]1O,93700.0,-4.971739590887778,1,train
Nc1ncnc2c1c(-c1ccc(-c3ccc4ccccc4c3)cc1)cn2[C@@H]1O[C@H](CO)[C@@H](O)[C@H]1O,64200.00000000005,-4.807535028068854,0,train
Nc1ncnc2c1c(-c1ccc(COc3cccc4ccccc34)cc1)cn2[C@@H]1O[C@H](CO)[C@@H](O)[C@H]1O,92099.99999999996,-4.964259630196849,0,train
CCOC(=O)[C@H](C)NP(=O)(OC[C@@]1(C)O[C@@H](n2ccc3c(-c4ccccc4)ncnc32)[C@H](O)[C@@H]1O)Oc1ccccc1,107500.00000000012,-5.031408464251625,0,train
CCOC(=O)[C@H](C)NP(=O)(OC[C@@]1(C)O[C@@H](n2ccc3c(-c4cccs4)ncnc32)[C@H](O)[C@@H]1O)Oc1ccccc1,105500.00000000007,-5.023252459633712,0,train
C#Cc1cn([C@@H]2O[C@](C)(CO)[C@@H](O)[C@H]2O)c2ncnc(N)c12,125100.00000000006,-5.09725730969342,0,train
C[C@]1(CO)O[C@@H](n2cc(-c3cc4ccccc4o3)c3c(N)ncnc32)[C@H](O)[C@@H]1O,83719.99999999994,-4.9228292196666485,0,test
C[C@]1(CO)O[C@@H](n2cc(I)c3c(N)ncnc32)[C@H](O)[C@@H]1O,40799.99999999996,-4.61066016308988,0,train
O=C(Nc1ccc(/N=C(\S)Nc2cc(C(F)(F)F)cc(C(F)(F)F)c2)cc1)c1csnn1,35999.99999999996,-4.556302500767287,0,train
O=C(Cc1ccc(NC(=O)c2cscn2)cc1)Nc1cc(C(F)(F)F)cc(C(F)(F)F)c1,35999.99999999996,-4.556302500767287,0,train
O=C(Nc1ccc(-c2c[nH]c(-c3cc(C(F)(F)F)cc(C(F)(F)F)c3)n2)cc1)c1cscn1,7799.999999999999,-3.89209460269048,0,train
O=C(Cn1ccc(NC(=O)c2cscn2)cc1=O)Nc1cc(C(F)(F)F)cc(C(F)(F)F)c1,28000.00000000001,-4.447158031342219,0,train
CNCCC(Oc1ccc(C(F)(F)F)cc1)c1ccccc1,11400.000000000004,-4.056904851336473,0,train
CN1CCCN(C(c2ccccc2)c2ccc(Cl)cc2)CC1,31800.000000000025,-4.502427119984433,0,test
Cc1ccc(-c2cc(C(=O)Nc3cccnc3)c3cc(Br)ccc3n2)cc1,20000.000000000004,-4.301029995663981,0,train
CCN(CC)S(=O)(=O)c1ccc(C(=O)Nc2cc(C)nn2-c2nc(C)c(C)c(=O)[nH]2)cc1,6600.000000000002,-3.8195439355418688,0,train
O=C(NCCN1CCCC1)c1cc(NCCN2CCOCC2)nc2ccc(Cl)cc12,33500.00000000003,-4.525044807036846,0,train
Cc1nc(-c2ccccn2)nc(N(C)CCc2ccccc2)c1Cl,21699.99999999998,-4.336459733848529,0,train
Cc1nc(-c2ccccn2)nc(N2CCC(Cc3ccccc3)C2)c1Cl,15500.000000000013,-4.190331698170292,0,train
CO[C@@H](C(=O)N1Cc2[nH]nc(NC(=O)c3ccc(N4CCN(C)CC4)cc3)c2C1)c1ccccc1,2700.0000000000005,-3.431363764158988,0,train
CNC(=O)c1nn(C)c2c1C(C)(C)Cc1cnc(Nc3ccc(N4CCN(C)CC4)cc3)nc1-2,1099.9999999999998,-3.041392685158225,0,train
Cc1ncc(-c2ccnc(Nc3ccc(S(C)(=O)=O)cc3)n2)n1C(C)C,1000.0,-3.0,0,train
c1ccc(Oc2ccc(-c3cc(N4CCNCC4)[nH]n3)cc2)cc1,16000.00000000001,-4.204119982655925,0,test
c1ccc(Oc2ccc(-c3cc(C4CCOCC4)[nH]n3)cc2)cc1,22800.00000000001,-4.357934847000454,0,test
c1ccc(Oc2ccc(-c3cncc(-c4ccc5[nH]ccc5c4)n3)cc2)cc1,20000.000000000004,-4.301029995663981,0,test
N=C(N)Nc1ccc(-c2ccc(-c3ccc(NC(=N)N)cc3Cl)o2)c(Cl)c1,11599.99999999999,-4.064457989226918,0,train
Cc1nn(C)c(C)c1NS(=O)(=O)c1c(Cl)cc(-c2ccnc(N3CCNCC3)c2)cc1Cl,2000.0,-3.3010299956639813,0,train
COc1ccc(-c2cnc3cnc(-c4cccc(OC(C)C)c4)cn23)cc1,40099.99999999999,-4.603144372620182,0,test
N=C(N)Nc1ccc(-c2ccc(-c3ccc(N=C(N)N)c(Cl)c3)o2)cc1Cl,15399.999999999984,-4.187520720836463,0,train
O=C(CN1CCOCC1)Nc1ccc2ncnc(Nc3ccc(OCc4cccc(F)c4)c(Cl)c3)c2c1,6399.999999999998,-3.806179973983887,0,train
CC1=Nc2ccc(Cl)cc2C(O)(c2ccc(C)cc2)N1CCN1CCCCC1,16000.00000000001,-4.204119982655925,0,train
COc1ccc(-c2nnc3ccc(-c4cccc(C(C)C)c4)cn23)cc1OC,18599.99999999999,-4.269512944217916,0,train
NCCN(C(=O)c1ccc(Cl)cc1Cl)c1ccc(OCc2ccc(Cl)cc2)cc1,4000.000000000001,-3.6020599913279625,0,train
O=C(Nc1ccc(F)c(-c2nc3cc(-c4ccccc4)cnc3[nH]2)c1)N1CCCC1,400.0000000000001,-2.6020599913279625,0,train
CC1=Nc2ccc(Cl)cc2C(c2ccccc2)N1CCNC(=O)CN(C)C,16000.00000000001,-4.204119982655925,0,train
CCCCN(CCCC)c1c(C#N)cc(S(=O)(=O)Nc2ccccc2)cc1C#N,3899.999999999999,-3.591064607026499,0,train
N=C(N)c1ccc(-c2cc(-c3ccccc3)on2)cc1,12200.000000000004,-4.086359830674748,0,train
CS(=O)(=O)c1ccc(C(=O)N(CC2CCCO2)c2nc3ccccc3s2)cc1[N+](=O)[O-],6200.0,-3.792391689498254,0,train
c1ccc(-c2[nH]c3ccccc3c2C(c2ccccn2)N2CCCC2)cc1,85999.99999999994,-4.934498451243568,0,train
COc1ccc(-c2onc(C(F)(F)F)c2-c2ccc(Cl)cc2)c(O)c1,8299.999999999996,-3.9190780923760737,0,train
CCc1nn(C)c(C(=O)NCc2ccc(Oc3ccc(C)cc3)cc2)c1Cl,56000.00000000004,-4.748188027006201,0,train
CC1COC(Cn2cncn2)(c2ccc(Oc3ccc(Cl)cc3)cc2Cl)O1,30900.0,-4.489958479424835,0,train
O=C(NCCc1csc(-c2ccccc2)n1)c1ccccc1,35899.99999999998,-4.555094448578319,0,train
CC(=O)Nc1ccc(-c2noc(CC3CCCN(Cc4cccc(F)c4C)C3)n2)cc1,29400.00000000003,-4.468347330412158,0,test
CC(c1cc(Cl)cc(Cl)c1)N(C)c1ncc2c(N)nc(N)nc2n1,5900.000000000001,-3.770852011642144,0,train
COc1ccc(Oc2ccc([C@@H](C)N(C)c3ncc4c(N)nc(N)nc4n3)cc2)cc1,5400.000000000001,-3.7323937598229686,0,test
C[C@H](c1ccc2c(c1)CCCC2)N(C)c1ncc2c(N)nc(N)nc2n1,7100.000000000003,-3.851258348719076,0,train
Cc1c(O)c2ccccc2[nH]c1=O,84699.99999999997,-4.927883410330707,0,train
Oc1nc2ccccc2c(O)c1-c1ccccc1,96500.0,-4.984527313343793,0,train
COc1ccc2[nH]c(=O)c(-c3ccccc3)c(O)c2c1,75399.99999999996,-4.877371345869774,0,train
COc1ccc2c(O)c(-c3ccccc3)c(=O)[nH]c2c1,58999.99999999994,-4.770852011642144,0,train
COc1cccc2c(O)c(-c3ccccc3)c(O)nc12,104199.99999999996,-5.0178677189635055,0,train
O=c1[nH]c2cc(O)ccc2c(O)c1-c1ccccc1,92099.99999999996,-4.964259630196849,0,train
O=c1[nH]c2c(O)cccc2c(O)c1-c1ccccc1,84100.0,-4.924795995797912,0,train
Cc1cc2[nH]c(=O)c(-c3ccccc3)c(O)c2cc1C,61800.00000000001,-4.790988475088816,0,test
O=c1[nH]c2ccc(F)cc2c(O)c1-c1ccccc1,67400.0,-4.82865989653532,0,train
CC(=O)Oc1c(-c2ccccc2)c(=O)[nH]c2ccc(F)cc12,88399.99999999991,-4.946452265013073,0,train
CC(=O)O[C@H]1[C@H](O)[C@@H]2[C@H](Cc3occc3[C@@]2(C)O)[C@@]2(C)CCCC(C)(C)[C@H]12,139299.99999999994,-5.143951116423963,0,train
CC(=O)OC[C@@H]1c2ccoc2C[C@H]2[C@H]1C[C@H](OC(C)=O)[C@H]1C(C)(C)CCC[C@]21C,44099.99999999996,-4.644438589467838,0,train
CCOC(=O)c1c(CSc2ccccc2)n(C)c2cc(Br)c(O)c(CN(C)C)c12,375999.9999999998,-5.575187844927661,0,train
COc1ccc(C2=NN(C(C)C)C(=O)[C@@H]3CC=CC[C@H]23)cc1-c1ccc(C(=O)NCC(N)=O)cc1,35000.0,-4.544068044350276,0,test
COc1ccc(C2=NN(C3CCCCCC3)C(=O)[C@@H]3CC=CC[C@H]23)cc1-c1ccc(C(=O)NCC(N)=O)cc1,35999.99999999996,-4.556302500767287,0,train
CCOC(=O)[C@H](CC(C)C)NP(=O)(CCCC(=O)N(C)OCCCc1ccccc1)N[C@@H](CC(C)C)C(=O)OCC,23099.99999999998,-4.363611979892144,0,train
CCOC(=O)[C@H](CC(C)C)NP(=O)(CCCC(=O)N(C)OCCCCc1ccccc1)N[C@@H](CC(C)C)C(=O)OCC,7230.000000000002,-3.859138297294531,0,test
CCOC(=O)[C@H](CC(C)C)NP(=O)(CCCC(=O)N(C)OCc1ccc(C(C)C)cc1)N[C@@H](CC(C)C)C(=O)OCC,7219.999999999997,-3.858537197569639,0,train
CCOC(=O)[C@H](CC(C)C)NP(=O)(CCCC(=O)N(C)OCc1ccc(Cl)cc1)N[C@@H](CC(C)C)C(=O)OCC,18400.00000000001,-4.264817823009537,0,train
CCOC(=O)[C@H](CC(C)C)NP(=O)(CCCC(=O)N(C)OCc1ccc2ccccc2c1)N[C@@H](CC(C)C)C(=O)OCC,5470.000000000002,-3.737987326333431,0,train
CCOC(=O)[C@H](CC(C)C)NP(=O)(CCCC(=O)N(C)OCc1ccc(-c2ccccc2)cc1)N[C@@H](CC(C)C)C(=O)OCC,5940.0,-3.7737864449811935,0,train
CCNC(=O)ON(C)C(=O)CCCP(=O)(OCOC(=O)C(C)(C)C)OCOC(=O)C(C)(C)C,25900.000000000004,-4.413299764081252,0,test
CN(OC(=O)NCc1ccccc1)C(=O)CCCP(=O)(OCOC(=O)C(C)(C)C)OCOC(=O)C(C)(C)C,27899.99999999999,-4.445604203273597,0,train
CN(OC(=O)Nc1ccccc1)C(=O)CCCP(=O)(OCOC(=O)C(C)(C)C)OCOC(=O)C(C)(C)C,33400.00000000001,-4.523746466811565,0,train
CN(OCc1ccc([N+](=O)[O-])cc1)C(=O)CCCP(=O)(OCOC(=O)C(C)(C)C)OCOC(=O)C(C)(C)C,26500.000000000004,-4.423245873936808,0,train
CN(OCc1ccc([N+](=O)[O-])o1)C(=O)CCCP(=O)(OCOC(=O)C(C)(C)C)OCOC(=O)C(C)(C)C,26300.00000000001,-4.419955748489758,0,train
CN(OCc1ccc([N+](=O)[O-])s1)C(=O)CCCP(=O)(OCOC(=O)C(C)(C)C)OCOC(=O)C(C)(C)C,20500.0,-4.311753861055754,0,train
OC1(Cc2ccccc2)c2ccccc2C2=NCCN21,182240.0,-5.260643706735025,0,train
OC1(Cc2ccc(Cl)cc2)c2ccccc2C2=NCCN21,79969.99999999996,-4.902927096017263,0,train
OC1(Cc2ccccc2Cl)c2c(Cl)ccc(Cl)c2C2=NCCN21,41029.99999999996,-4.613101516966912,0,train
OC1(Cc2ccc(Cl)cc2)c2c(Cl)ccc(Cl)c2C2=NCCN21,33820.00000000003,-4.529173603261723,0,train
CSc1ccc(CC2(O)c3c(Cl)ccc(Cl)c3C3=NCCN32)cc1,77409.99999999996,-4.8887970674566805,0,train
OC1(Cc2ccc(Cl)cc2)c2cc(Cl)c(Cl)cc2C2=NCCN21,8910.000000000002,-3.949877704036875,0,train
CSc1ccc(CC2(O)c3cc(Cl)c(Cl)cc3C3=NCCN32)cc1,8479.999999999998,-3.9283958522567137,0,train
CC[C@H]1OC(=O)C[C@@H](O)[C@H](C)C(O[C@@H]2O[C@H](C)[C@@H](O)[C@H](N(C)C)[C@H]2O)C(CC=O)C[C@@H](C)C(=N\OCCCc2cn(-c3cnc4ccccc4c3)nn2)/C=C/C(C)=C/[C@@H]1CO[C@@H]1O[C@H](C)[C@@H](O)[C@@H](OC)[C@H]1OC,42023.58207058989,-4.623493068707408,0,test
CCC#Cc1c[nH]c(=O)[nH]c1=O,119599.99999999988,-5.077731179652392,0,test
CC#Cc1c[nH]c(=O)[nH]c1=O,117199.99999999994,-5.068927611682072,0,test
C[Si](C)(C)C#Cc1c[nH]c(=O)[nH]c1=O,123999.9999999999,-5.093421685162235,0,train
O=c1[nH]cc(C#Cc2ccccc2)c(=O)[nH]1,75099.99999999994,-4.875639937004168,0,test
CCCCC#Cc1c[nH]c(=O)[nH]c1=O,112800.0,-5.052309099647323,0,train
CCCCCCC#Cc1c[nH]c(=O)[nH]c1=O,94900.00000000004,-4.977266212427293,0,train
O=c1[nH]cc(C#CC2CC2)c(=O)[nH]1,101199.99999999994,-5.00518051250378,0,train
O=c1[nH]cc(C#CC2CCCCC2)c(=O)[nH]1,62800.00000000006,-4.7979596437371965,0,train
O=c1[nH]cc(C#CC(O)c2ccccc2)c(=O)[nH]1,38399.99999999997,-4.5843312243675305,0,train
O=c1[nH]c(=O)n([C@@H]2O[C@H](CO)[C@@H](O)[C@H]2O)cc1C#Cc1ccccc1,1199.9999999999995,-3.0791812460476247,1,test
CCCCC#Cc1cn([C@@H]2O[C@H](CO)[C@@H](O)[C@H]2O)c(=O)[nH]c1=O,11599.99999999999,-4.064457989226918,0,train
CCCCCCC#Cc1cn([C@@H]2O[C@H](CO)[C@@H](O)[C@H]2O)c(=O)[nH]c1=O,15700.000000000013,-4.195899652409234,0,train
O=c1[nH]c(=O)n([C@@H]2O[C@H](CO)[C@@H](O)[C@H]2O)cc1C#CC1CC1,24199.99999999999,-4.383815365980431,1,train
O=c1[nH]c(=O)n([C@@H]2O[C@H](CO)[C@@H](O)[C@H]2O)cc1C#CC1CCCCC1,36800.00000000004,-4.565847818673518,1,train
O=c1[nH]c(=O)n([C@@H]2O[C@H](CO)[C@@H](O)[C@H]2O)cc1C#CC(O)c1ccccc1,899.9999999999998,-2.9542425094393248,0,train
O=[N+]([O-])c1ccc(F)c(-c2c3nc(c4ccc([nH]4)c(-c4cc([N+](=O)[O-])ccc4F)c4ccc([nH]4)c(-c4cc([N+](=O)[O-])ccc4F)c4ccc2[nH]4)C=C3)c1,3700.0,-3.568201724066995,0,train
O=[N+]([O-])c1ccc(-c2c3nc(c4ccc([nH]4)c(-c4ccc([N+](=O)[O-])cc4F)c4ccc([nH]4)c(-c4ccc([N+](=O)[O-])cc4F)c4ccc2[nH]4)C=C3)c(F)c1,3399.999999999998,-3.531478917042255,0,train
O=[N+]([O-])c1cc(F)cc(-c2c3nc(c4ccc([nH]4)c(-c4cc(F)cc([N+](=O)[O-])c4)c4ccc([nH]4)c(-c4cc(F)ccc4[N+](=O)[O-])c4ccc2[nH]4)C=C3)c1,18000.000000000015,-4.2552725051033065,0,train
O=[N+]([O-])c1ccc(-c2c3ccc([nH]3)c(-c3c(F)c(F)cc(F)c3F)c3nc(c4ccc([nH]4)c(-c4c(F)c(F)cc(F)c4F)c4ccc2[nH]4)C=C3)s1,4170.000000000001,-3.6201360549737576,1,train
O=[N+]([O-])c1ccc(-c2c3ccc([nH]3)c(-c3c(F)c(F)cc(F)c3F)c3nc(c4ccc([nH]4)c(-c4c(F)c(F)cc(F)c4F)c4ccc2[nH]4)C=C3)c(C(F)(F)F)c1,11000.000000000007,-4.041392685158225,0,train
O=[N+]([O-])c1cc(F)cc(-c2c3ccc([nH]3)c(-c3c(F)c(F)cc(F)c3F)c3nc(c4ccc([nH]4)c(-c4c(F)c(F)cc(F)c4F)c4ccc2[nH]4)C=C3)c1,49999.99999999999,-4.698970004336019,1,train
O=[N+]([O-])c1cc(F)cc(-c2c3nc(c4ccc([nH]4)c(-c4cc(F)cc([N+](=O)[O-])c4)c4ccc([nH]4)c(-c4c(F)c(F)cc(F)c4F)c4ccc2[nH]4)C=C3)c1,36700.00000000004,-4.56466606425209,0,train
Fc1cc(F)c(F)c(-c2c3nc(c4ccc([nH]4)c(-c4c(F)c(F)cc(F)c4F)c4ccc([nH]4)c(-c4c(F)c(F)nc(F)c4F)c4ccc2[nH]4)C=C3)c1F,3399.999999999998,-3.531478917042255,0,train
Fc1cc(F)c(F)c(-c2c3nc(c4ccc([nH]4)c(-c4c(F)c(F)cc(F)c4F)c4ccc([nH]4)c(-c4ccccc4)c4ccc2[nH]4)C=C3)c1F,22300.0,-4.348304863048161,0,train
Fc1cc(F)c(F)c(-c2c3nc(c4ccc([nH]4)c(-c4c(F)c(F)cc(F)c4F)c4ccc([nH]4)c(-c4cccnc4)c4ccc2[nH]4)C=C3)c1F,12800.000000000013,-4.107209969647869,0,train
Fc1cc(-c2c3ccc([nH]3)c(-c3c(F)c(F)cc(F)c3F)c3nc(c4ccc([nH]4)c(-c4c(F)c(F)cc(F)c4F)c4ccc2[nH]4)C=C3)ccn1,650.0000000000002,-2.812913356642856,1,train
Fc1cc(F)c(F)c(-c2c3ccc([nH]3)c(-c3c(F)c(F)cc(F)c3F)c3nc(c4ccc([nH]4)c(-c4c(F)c(F)cc(F)c4F)c4ccc2[nH]4)C=C3)c1,21499.99999999998,-4.332438459915605,1,train
Fc1cc(F)c(F)c(-c2c3nc(c4ccc([nH]4)c(-c4c(F)c(F)cc(F)c4F)c4ccc([nH]4)c(-c4c(F)c(F)c(F)c(F)c4F)c4ccc2[nH]4)C=C3)c1F,16199.999999999993,-4.209515014542631,0,train
Fc1cc(F)c(F)c(-c2c3ccc([nH]3)c(-c3c(F)c(F)c(F)c(F)c3F)c3nc(c4ccc([nH]4)c(-c4c(F)c(F)c(F)c(F)c4F)c4ccc2[nH]4)C=C3)c1F,3029.999999999998,-3.481442628502305,0,train
Fc1cc(-c2c3nc(c4ccc([nH]4)c(-c4ccnc(F)c4)c4ccc([nH]4)c(-c4ccnc(F)c4)c4ccc2[nH]4)C=C3)ccn1,6250.000000000003,-3.795880017344075,0,test
Fc1c(F)c(F)c(-c2c3nc(c4ccc([nH]4)c(-c4c(F)c(F)c(F)c(F)c4F)c4ccc([nH]4)c(-c4c(F)c(F)c(F)c(F)c4F)c4ccc2[nH]4)C=C3)c(F)c1F,3269.999999999999,-3.514547752660286,0,train
CSc1c(-c2ccccc2)c[nH]c(=O)c1C#N,64000.00000000005,-4.806179973983888,0,train
C[S+](O)c1c(-c2ccccc2Oc2ccccc2)c[nH]c(=O)c1C#N,30000.00000000001,-4.477121254719663,0,train
C[S+](O)c1c(-c2cccc(Oc3ccccc3)c2)c[nH]c(=O)c1C#N,32000.000000000025,-4.505149978319906,0,train
C[S+](O)c1c(-c2ccc(Cl)c(Cl)c2)c[nH]c(=O)c1C(N)=O,16000.00000000001,-4.204119982655925,0,train
C[S+](O)c1c(-c2cccc(Oc3ccc(Cl)cc3)c2)c[nH]c(=O)c1C#N,24000.00000000002,-4.380211241711606,0,train
Cc1ccc(Oc2cccc(-c3c[nH]c(=O)c(C#N)c3[S+](C)O)c2)cc1,30000.00000000001,-4.477121254719663,0,test
COc1ccc(Oc2cccc(-c3c[nH]c(=O)c(C#N)c3[S+](C)O)c2)cc1,30000.00000000001,-4.477121254719663,0,train
C[S+](O)c1c(-c2cccc(Oc3ccc(Cl)c(Cl)c3)c2)c[nH]c(=O)c1C#N,8000.000000000004,-3.903089986991944,0,train
C[S+](O)c1c(-c2cccc(OCc3ccccc3)c2)c[nH]c(=O)c1C#N,24999.999999999996,-4.3979400086720375,0,train
C[S+](O)c1c(-c2cccc(OCc3ccc(Cl)cc3)c2)c[nH]c(=O)c1C#N,31000.00000000003,-4.491361693834273,0,test
C[S+](O)c1c(-c2cccc(OCc3ccccc3Cl)c2)c[nH]c(=O)c1C#N,24999.999999999996,-4.3979400086720375,0,test
C[S+](O)c1c(-c2cccc(OCc3ccccc3[N+](=O)[O-])c2)c[nH]c(=O)c1C#N,64000.00000000005,-4.806179973983888,0,train
C[S+](O)c1c(-c2ccc(Oc3ccc(Cl)cc3)cc2)c[nH]c(=O)c1C#N,24999.999999999996,-4.3979400086720375,0,train
Cc1ccc(Oc2ccc(-c3c[nH]c(=O)c(C#N)c3[S+](C)O)cc2)cc1,28000.00000000001,-4.447158031342219,0,train
COc1ccc(Oc2ccc(-c3c[nH]c(=O)c(C#N)c3[S+](C)O)cc2)cc1,23000.00000000001,-4.361727836017593,0,train
C[S+](O)c1c(-c2ccc(Oc3ccc(Cl)c(Cl)c3)cc2)c[nH]c(=O)c1C#N,28000.00000000001,-4.447158031342219,0,train
C[S+](O)c1c(-c2ccc(OCc3ccccc3)cc2)c[nH]c(=O)c1C#N,24999.999999999996,-4.3979400086720375,0,train
C[C@H]1O[C@@H](O[C@H]2CC[C@@]3(C)[C@@H](CC[C@]4(C)[C@@H]3C=CC3=C5CC(C)(C)CC[C@]5(CO)[C@H](O)C[C@]34C)[C@]2(C)CO)[C@H](O)[C@@H](O[C@@H]2O[C@H](CO)[C@@H](O)[C@H](O)[C@H]2O)[C@H]1O,383000.0000000001,-5.583198773968623,0,train
COc1ccc2cc1Oc1ccc(cc1)C[C@H]1c3c(cc4c(c3Oc3cc5c(cc3OC)CCN(OC)[C@@H]5C2)OCO4)CCN1OC,10500.000000000004,-4.021189299069938,0,train
COc1ccc2cc1Oc1ccc(cc1)C[C@H]1c3cc(c(OC)cc3CCN1OC)Oc1c(O)c(OC)cc3c1[C@H](C2)N(OC)CC3,12399.999999999987,-4.093421685162235,0,train
COc1ccc2cc1Oc1ccc(cc1)C[C@H]1c3cc(c(OC)cc3CCN1C)Oc1c(OC)c(OC)cc3c1[C@H](C2)N(OC)CC3,14500.000000000013,-4.161368002234975,0,test
Cc1cn(C2CCN(Cc3ccc4cccc(O)c4n3)CC2)c(=O)[nH]c1=O,53980.00000000003,-4.732232880220498,0,train
Cc1cn(C2CCN(Cc3cc(OCCOC(=O)c4ccc(O)c(O)c4)c4ccccc4n3)CC2)c(=O)[nH]c1=O,6390.000000000001,-3.8055008581584,0,train
Cc1cn(C2CCN(Cc3cc(Oc4ccc(C(=O)NO)cc4)c4ccccc4n3)CC2)c(=O)[nH]c1=O,32219.99999999997,-4.508125536083199,0,train
Cc1cn(C2CCN(Cc3cc(Oc4ccc(/C=N/NC(=S)S)c(O)c4)c4ccccc4n3)CC2)c(=O)[nH]c1=O,1449.9999999999998,-3.161368002234975,0,train
O=c1[nH]c(SCc2ccc([N+](=O)[O-])o2)nc2ccccc12,35000.0,-4.544068044350276,0,train
O=c1[nH]c(SCc2cc([N+](=O)[O-])cc([N+](=O)[O-])c2)nc2ccc([N+](=O)[O-])cc12,34000.00000000002,-4.531478917042255,0,train
CN(C)c1ccc2nc(SCc3cc([N+](=O)[O-])cc([N+](=O)[O-])c3)[nH]c(=O)c2c1,14000.000000000004,-4.146128035678238,0,test
CN1CCN(c2ccc3nc(SCc4cc([N+](=O)[O-])cc([N+](=O)[O-])c4)[nH]c(=O)c3c2)CC1,49000.00000000002,-4.690196080028514,0,train
CCCCCCCCCCCCCCCCOP(=O)(O)OCC[N+](C)(C)C,36800.00000000004,-4.565847818673518,0,train
CN(C)c1nccn2c(-c3cccnc3)c(-c3ccc(F)cc3)nc12,48850.00000000005,-4.688864568054792,0,train
CN(C)c1nccn2c(-c3ccc4[nH]ncc4c3)c(-c3ccc(F)cc3)nc12,24790.000000000025,-4.394276526767822,0,train
CSc1nccc(-c2c(-c3ccccc3)nc3c(Cl)nccn23)n1,33500.00000000003,-4.525044807036846,0,train
CSc1nccc(-c2c(-c3ccccc3)nc3c(N(C)C)nccn23)n1,80999.99999999996,-4.9084850188786495,0,test
CN(C)c1nccn2c(-c3ccnc(N)n3)c(-c3ccccc3)nc12,58400.00000000002,-4.7664128471124,0,train
CSc1nccc(-c2c(-c3ccc(F)cc3)nc3c(Cl)nccn23)n1,79899.99999999996,-4.902546779313991,0,train
CSc1nccc(-c2c(-c3ccc(F)cc3)nc3c(N(C)C)nccn23)n1,66999.99999999993,-4.826074802700826,0,test
CN(C)c1nccn2c(-c3ccnc(N)n3)c(-c3ccc(F)cc3)nc12,100000.0,-5.0,0,test
CSc1nccc(-c2c(-c3ccc(F)cc3)nc3c(N)nccn23)n1,18400.00000000001,-4.264817823009537,0,train
Nc1nccc(-c2c(-c3ccc(F)cc3)nc3c(N)nccn23)n1,32800.00000000001,-4.515873843711679,0,train
CC1(C)[C@H]2CC[C@]1(C)N(Cc1cn(-c3ccccc3C#N)nn1)C(=O)C2,23329.999999999975,-4.367914738793752,0,train
CC1(C)[C@H]2CC[C@]1(C)N(Cc1cn(-c3ccc(C#N)cc3)nn1)C(=O)C2,10750.000000000013,-4.031408464251625,0,train
CC1(C)[C@H]2CC[C@]1(C)N(Cc1cn(-c3ccccc3F)nn1)C(=O)C2,15070.000000000007,-4.178113252314632,0,train
CC1(C)[C@H]2CC[C@]1(C)N(Cc1cn(-c3ccccc3Cl)nn1)C(=O)C2,4130.000000000001,-3.615950051656401,0,train
CC1(C)[C@H]2CC[C@]1(C)N(Cc1cn(-c3cccc(Cl)c3)nn1)C(=O)C2,8840.0,-3.946452265013073,0,test
CC1(C)[C@H]2CC[C@]1(C)N(Cc1cn(-c3cccc(Br)c3)nn1)C(=O)C2,38840.00000000004,-4.589279221235968,0,train
CC1(C)[C@H]2CC[C@]1(C)N(Cc1cn(-c3ccccc3)nn1)C(=O)C2,9730.0,-3.988112840268352,0,test
C=CCNC1=C2C[C@@H](C)C[C@H](OC)[C@H](O)[C@@H](C)/C=C(\C)[C@H](OC(N)=O)[C@@H](OC)/C=C\C=C(/C)C(=O)NC(=CC1=O)C2=O,14239.999999999993,-4.153509989300837,0,train
O=C(Nc1ccc2c(c1)B(O)OC2)c1cn(CCC(F)(F)F)nc1C(F)(F)F,49000.00000000002,-4.690196080028514,0,train
O=C(Nc1ccc2c(c1)B(O)OC2)c1cn(C2CCC2)nc1C(F)(F)F,26000.00000000001,-4.414973347970818,1,train
O=C(Nc1ccc2c(c1)B(O)OC2)c1cn(-c2ccccn2)nc1C(F)(F)F,1099.9999999999998,-3.041392685158225,1,train
O=C(Nc1ccc2c(c1)B(O)OC2)c1cn(-c2ccc(Cl)cc2)nc1C(F)(F)F,2599.999999999998,-3.4149733479708178,0,test
COc1ccccc1-n1cc(C(=O)Nc2ccc3c(c2)B(O)OC3)c(C)n1,15700.000000000013,-4.195899652409234,0,train
Cc1c(C(=O)Nc2ccc3c(c2)B(O)OC3)cnn1-c1ccccn1,61000.000000000015,-4.785329835010767,1,train
COc1cccc(-n2ncc(C(=O)Nc3ccc4c(c3)B(O)OC4)c2C)n1,40000.00000000001,-4.6020599913279625,0,train
Cc1cccc(-n2ncc(C(=O)Nc3ccc4c(c3)B(O)OC4)c2C)n1,40999.99999999999,-4.612783856719736,0,train
O=C(Nc1ccc2c(c1)B(O)OC2)c1cc(-c2ccccn2)n[nH]1,4000.000000000001,-3.6020599913279625,1,train
Cn1nc(C(=O)Nc2ccc3c(c2)B(O)OC3)cc1-c1ccccn1,53999.99999999996,-4.732393759822968,0,train
O=C(Nc1ccc2c(c1)B(O)OC2)c1cn(-c2ccccn2)nn1,44800.00000000005,-4.651278013998144,1,train
Cc1c(-c2ccccn2)coc1C(=O)Nc1ccc2c(c1)B(O)OC2,18000.000000000015,-4.2552725051033065,0,test
Cc1oc(C(=O)Nc2ccc3c(c2)B(O)OC3)cc1-c1ccccn1,45000.00000000003,-4.653212513775344,0,train
Cc1c(-c2ccccn2)csc1C(=O)Nc1ccc2c(c1)B(O)OC2,2300.000000000001,-3.361727836017593,1,train
COc1ccc2c(c1)c(CC(=O)NCCN1CCN(C(=O)CCC(=O)N[C@H](C(=O)N3C[C@H](O)C[C@H]3C(=O)N[C@@H](C)c3ccc(-c4scnc4C)cc3)C(C)(C)C)CC1)c(C)n2C(=O)c1ccc(Cl)cc1,238000.00000000015,-5.376576957056512,0,train
CC1(C)CCC2=C(O1)C(=O)c1ccccc1C2=O,2090.000000000001,-3.3201462861110542,0,train
CC1(C)CCC2=C(O1)c1ccccc1C(=O)C2=O,2090.000000000001,-3.3201462861110542,0,train
Cc1ncnc2c1c(-c1ccc(Cl)cn1)cn2[C@@H]1O[C@H](CO)[C@@H](O)[C@H]1O,26300.00000000001,-4.419955748489758,0,train
Cc1ncnc2c1c(-c1ccc[nH]1)cn2[C@@H]1O[C@H](CO)[C@@H](O)[C@H]1O,12899.999999999996,-4.110589710299249,1,train
Cc1ncnc2c1c(-c1nccs1)cn2[C@@H]1O[C@H](CO)[C@@H](O)[C@H]1O,6059.999999999998,-3.782472624166286,1,train
Cc1ncnc2c1c(-c1cc[nH]n1)cn2[C@@H]1O[C@H](CO)[C@@H](O)[C@H]1O,27899.99999999999,-4.445604203273597,1,train
Cc1ncnc2c1c(-c1cc3ccccc3[nH]1)cn2[C@@H]1O[C@H](CO)[C@@H](O)[C@H]1O,14800.000000000004,-4.1702617153949575,0,train
Cc1ncnc2c1c(-c1cc3ccccc3o1)cn2[C@@H]1O[C@H](CO)[C@@H](O)[C@H]1O,45799.99999999996,-4.660865478003869,0,train
Cc1ncnc2c1c(-c1cccc3c1oc1ccccc13)cn2[C@@H]1O[C@H](CO)[C@@H](O)[C@H]1O,12700.000000000013,-4.103803720955957,0,train
CC1(C)NC(=O)[C@H](CCCCC[C@@H](O)[C@@H](O)CO)NC(=O)[C@H]2CCCN2C(=O)[C@H](Cc2ccccc2)NC1=O,6799.999999999997,-3.832508912706236,0,train
CC1(C)NC(=O)[C@H](CCCCCC(=O)[C@@H](O)CO)NC(=O)[C@H]2CCCN2C(=O)[C@H](Cc2ccccc2)NC1=O,14700.000000000013,-4.167317334748176,0,train
Nc1ncnc2c1ccn2[C@@H]1O[C@H](CO)[C@@H](O)[C@H]1O,2230.0,-3.3483048630481607,1,train
C=CCNc1ncnc2c1ccn2[C@@H]1O[C@H](CO)[C@@H](O)[C@H]1O,8900.0,-3.949390006644913,1,train
OC[C@H]1O[C@@H](n2ccc3c(NC4CCCCC4)ncnc32)[C@H](O)[C@@H]1O,44600.00000000001,-4.649334858712142,0,test
CN(C)c1ncnc2c1ccn2[C@@H]1O[C@H](CO)[C@@H](O)[C@H]1O,7059.999999999997,-3.848804701051804,1,train
Nc1ccnc2c1ccn2[C@@H]1O[C@H](CO)[C@@H](O)[C@H]1O,17900.000000000007,-4.252853030979893,1,test
O=C(N/N=C/c1cccc(Oc2no[n+]([O-])c2S(=O)(=O)c2ccccc2)c1)c1ccncc1,30000.00000000001,-4.477121254719663,0,test
O=C(N/N=C/c1ccc(Oc2no[n+]([O-])c2S(=O)(=O)c2ccccc2)cc1)c1ccncc1,42999.99999999997,-4.633468455579586,0,test
CC1=CC(=O)[C@@H](O)[C@]2(C)[C@H]3[C@]4(O)OC[C@@]35[C@@H](C[C@@H]12)OC(=O)[C@H](O)[C@@]5(O)[C@](C)(O)[C@H]4O,54329.99999999999,-4.735039705033721,0,train
CC1=CC(=O)[C@@H](O)[C@]2(C)[C@H]3[C@]4(O)OC[C@@]35[C@@H](C[C@@H]12)OC(=O)C[C@H]5[C@](C)(O)[C@H]4O,9990.0,-3.9995654882259823,0,train
CC1=CC(=O)[C@@H](O)[C@]2(C)C3[C@@H](O)[C@@H]4OC(=O)[C@@H]([C@H]4C)[C@]3(C)C(=O)C[C@@H]12,31180.00000000002,-4.493876110852823,0,train
O=c1ccc2nccc3c4ccccc4n1c23,91160.0,-4.959804316508338,0,test
