smiles,exp_mean [nM],y,cliff_mol,split
Cc1cn(C2C=CC(COC(=O)CNC(=O)c3ccncn3)O2)c(=O)[nH]c1=O,566999.9999999998,-5.753583058892906,0,train
O=C(O)C(=O)/C=C(\O)c1cccc(Cc2ccccc2F)c1,61999.99999999994,-4.792391689498253,0,train
Cc1cn(C2C=CC(COC(=O)CN(C)C)O2)c(=O)[nH]c1=O,456000.0000000002,-5.658964842664435,0,test
O=C(/C=C(\O)c1cccc(Cc2ccccc2F)c1)C(=O)NCCCCCCNC(=O)C(=O)/C=C(\O)c1cccc(Cc2ccccc2F)c1,123999.9999999999,-5.093421685162235,1,train
O=C(/C=C(\O)c1cccc(Cc2ccccc2F)c1)C(=O)N1CCN(C(=O)C(=O)/C=C(\O)c2cccc(Cc3ccccc3F)c2)CC1,11000.000000000007,-4.041392685158225,0,test
CCn1cc(C(=O)O)c(=O)c2cc(F)c(N3CCN(CC(=O)OCC4C=CC(n5cc(C)c(=O)[nH]c5=O)O4)CC3)cc21,210000.0000000001,-5.32221929473392,0,train
O=C(O)C(=O)/C=C(\O)c1cccc(C(c2cccc(/C(O)=C/C(=O)C(=O)O)c2)c2ccccc2F)c1,80999.99999999996,-4.9084850188786495,0,test
Cc1cn(C2C=CC(COC(=O)CN3CCN(c4cc5c(cc4F)c(=O)c(C(=O)O)cn5C4CC4)CC3)O2)c(=O)[nH]c1=O,694999.9999999998,-5.841984804590114,0,train
O=C(/C=C(\O)c1cccc(Cc2ccccc2F)c1)C(=O)NCCNC(=O)C(=O)/C=C(\O)c1cccc(Cc2ccccc2F)c1,4999.999999999999,-3.6989700043360183,1,train
O=C(/C=C(\O)c1cccc(Cc2ccccc2F)c1)C(=O)NCCCNC(=O)C(=O)/C=C(\O)c1cccc(Cc2ccccc2F)c1,8999.999999999998,-3.9542425094393248,1,train
O=C(/C=C(\O)c1cccc(Cc2ccccc2F)c1)C(=O)NCCCCCNC(=O)C(=O)/C=C(\O)c1cccc(Cc2ccccc2F)c1,12000.000000000007,-4.079181246047625,1,train
Cc1cccc2ncc(CSCCO)n12,98959.575013607,-4.995457821527676,0,train
Cc1c(Br)c(C)n2c(CSCc3ccccc3)cnc2c1Br,79508.59147122689,-4.900414059813012,0,test
Cc1ccn2c(CSCCCO)cnc2c1,71930.26995007193,-4.8569116901854885,0,train
Cc1ccn2c(CSCC(C)O)cnc2c1,253871.5410002539,-5.404614019190858,0,train
COC(=O)c1nc2ccccn2c1CSCCO,326672.22384932515,-5.514112209033756,0,train
Cc1cccn2c(CSCc3ccccc3)cnc12,1862.995323881736,-3.2702117648184608,0,train
Cc1c(Br)c(C)n2c(CSCCO)cnc2c1Br,43132.75755330699,-4.634807224246159,0,train
OCCCSCc1cnc2c(Cl)cc(C(F)(F)F)cn12,83139.59754276297,-4.919807917868292,0,train
Cc1cccn2c(CSCCO)cnc12,42732.5437558757,-4.630758745994317,0,train
CCOC(=O)CSCc1cnc2cc(C)ccn12,139965.95422735022,-5.146022409325865,0,train
Cc1c(Br)cn2c(CSCCO)cnc2c1Br,97341.52405256443,-4.988298141603782,0,train
OCCSCc1cnc2ccccn12,139231.63342711455,-5.143737918191635,0,train
c1ccc(CSCc2cnc3ncccn23)cc1,16448.270190251646,-4.2161202313844655,0,train
Cc1c(Br)cn2c(CSCc3ccccc3)cnc2c1Br,11732.2145493539,-4.069379996411183,0,test
Cc1cccc2ncc(CSCC(O)CO)n12,178331.530203417,-5.251228136124005,0,train
Cc1cccc2ncc(CSCc3ccccc3)n12,36887.30741285843,-4.566876955079993,0,train
CCSCc1cnc2cc(C)ccn12,53316.78897214919,-4.726863985946826,0,train
Cc1ccn2c(CSCc3ccccc3)cnc2c1,11550.571008066774,-4.062603454316715,0,train
CCSCc1cnc2c(C)cccn12,19872.621344164723,-4.298255157508337,0,train
Cc1cccc2ncc(CSCC(C)O)n12,114242.19345011433,-5.057826532966202,0,train
Nc1nc2c(ncn2CCOCP(=O)(O)O)c(=O)[nH]1,200.00000000000003,-2.3010299956639813,0,test
[N-]=[N+]=NC[C@@H](Cn1cnc2c(O)nc(N)nc21)OCP(=O)(O)O,133999.99999999988,-5.127104798364807,0,test
Nc1nc(O)c2ncn(C[C@@H](CCl)OCP(=O)(O)O)c2n1,869999.9999999994,-5.939519252618618,0,train
CCCCCCCCCCCCOCCOP(=O)(O)OCC1OC(n2cc(C)c(=O)[nH]c2=O)CC1N=[N+]=[N-],76899.99999999999,-4.885926339801431,0,train
COc1ccc(O)c(CO)c1,157999.99999999985,-5.198657086954422,0,train
COc1ccc2c(c1)COP(=O)(OC[C@@H]1C=C[C@H](n3cc(C)c(=O)[nH]c3=O)O1)O2,39000.00000000003,-4.5910646070265,0,train
Cc1cn([C@H]2C=C[C@@H](COP3(=O)OCc4cc([N+](=O)[O-])ccc4O3)O2)c(=O)[nH]c1=O,75000.00000000001,-4.8750612633917,0,train
Cc1cn(C2C=CC(COP3(=O)OCc4cc(Cl)ccc4O3)O2)c(=O)[nH]c1=O,49000.00000000002,-4.690196080028514,0,train
Cc1cn(C2C=CC(COP(=O)(NC(C)C(=O)OCc3ccccc3)Oc3ccccc3)O2)c(=O)[nH]c1=O,52000.00000000004,-4.7160033436348,0,train
O=C(O)c1cc(C(=CCC23CC4CC(CC(C4)C2)C3)c2cc(Cl)c(O)c(C(=O)O)c2)cc(Cl)c1O,105000.00000000004,-5.021189299069938,0,train
CC(CCC=C(c1cc(Cl)c(O)c(C(=O)O)c1)c1cc(Cl)c(O)c(C(=O)O)c1)[C@H]1CC[C@H]2[C@@H]3CC[C@@H]4CCCC[C@]4(C)[C@H]3CC[C@]12C,69499.99999999997,-4.841984804590114,0,train
COC(=O)[C@H](C)NP(=O)(OC[C@H]1O[C@@H](n2cc(C)c(=O)[nH]c2=O)C[C@@H]1N=[N+]=[N-])Oc1ccccc1,171999.9999999999,-5.235528446907549,0,train
CC(CCC=C(c1cc(Cl)c(O)c(C(=O)O)c1)c1cc(Cl)c(O)c(C(=O)O)c1)[C@H]1CC[C@H]2[C@@H]3CC[C@@H]4CC(F)(F)CC[C@]4(C)[C@H]3CC[C@]12C,38500.00000000003,-4.585460729508501,0,train
CCCCCC=C(c1cc(Cl)c(O)c(C(=O)NO)c1)c1cc(Cl)c(O)c(C(=O)NO)c1,36200.00000000001,-4.558708570533166,0,train
Cc1c(Sc2ccccc2)n(COCCO)c(=O)[nH]c1=O,400000.0000000001,-5.6020599913279625,0,train
CSS[C@H]1C(O)[C@@H](CO)O[C@H]1n1ccc(N)nc1=O,329999.9999999997,-5.518513939877887,0,train
CSS[C@H]1C[C@H](n2cc(C)c(=O)[nH]c2=O)O[C@@H]1CO,120000.00000000007,-5.079181246047625,0,train
COC(=O)C(C)NP(=O)(OCC1C=CC(n2cc(C)c(=O)[nH]c2=O)O1)Oc1ccc(Br)cc1Br,16000.00000000001,-4.204119982655925,0,train
COC(=O)C(C)NP(=O)(OCC1C=CC(n2cc(C)c(=O)[nH]c2=O)O1)Oc1c(F)c(F)c(F)c(F)c1F,115000.00000000004,-5.060697840353612,0,train
COC(=O)C(CCSC)NP(=O)(OCC1C=CC(n2cc(C)c(=O)[nH]c2=O)O1)Oc1ccccc1,215999.99999999988,-5.334453751150931,0,train
COC(=O)C(Cc1ccccc1)NP(=O)(OCC1C=CC(n2cc(C)c(=O)[nH]c2=O)O1)Oc1ccccc1,215999.99999999988,-5.334453751150931,0,test
COC(=O)C(C)NP(=O)(OC[C@@H]1C=C[C@H](n2cc(C)c(=O)[nH]c2=O)O1)Oc1ccccc1,100000.0,-5.0,0,train
COC(=O)C(C)NP(=O)(OCC1C=CC(n2cc(C)c(=O)[nH]c2=O)O1)Oc1cc(Cl)cc(Cl)c1,26899.999999999975,-4.429752280002408,0,train
CCc1ccc(OP(=O)(NC(C)C(=O)OC)OCC2C=CC(n3cc(C)c(=O)[nH]c3=O)O2)cc1,60000.00000000003,-4.778151250383644,0,train
Cc1cn(C2CC([N+](=O)[O-])C(CO)O2)c(=O)[nH]c1=O,619402.7924742564,-5.791973158969471,0,train
CSCO[C@@]1(C)CO[C@@](C)(CC(=O)OC[C@H]2O[C@@H](n3cc(C)c(=O)[nH]c3=O)C[C@@H]2O[Si](C)(C)C(C)(C)C)C1,35999.99999999996,-4.556302500767287,0,train
CSCOC1(C)COC(C)(CC(=O)OC[C@@H]2C=C(O)[C@H](n3cnc4c(N)ncnc43)O2)C1,85999.99999999994,-4.934498451243568,0,train
Cc1cn([C@H]2C[C@H](N=[N+]=[N-])[C@@H](COP(=O)(OCCSC(=O)C(C)(C)C)Oc3ccccc3)O2)c(=O)[nH]c1=O,10000.0,-4.0,0,test
Cc1cn(C2C/C(=N\O)C(CO)O2)c(=O)[nH]c1=O,38788.54366649685,-4.588703474122423,0,test
CSCOC1(C)COC(C)(CC(=O)OC[C@H]2O[C@@H](n3cc(C)c(=O)[nH]c3=O)C[C@@H]2N=[N+]=[N-])C1,232999.99999999997,-5.367355921026019,0,train
Cc1cn(C2C/C(=[N+](/[O-])O)C(CO)O2)c(=O)[nH]c1=O,910669.5817925072,-5.9593608305032735,0,train
CC1=CN([C@H]2C[C@H](O)[C@@H](CO)O2)C(=O)NC1,130000.00000000006,-5.113943352306837,0,train
Cc1cn([C@@H]2O[C@H](CO[Si](C)(C)C(C)(C)C)[C@@]3(OS(=O)(=O)C=C3N)[C@H]2O[Si](C)(C)C(C)(C)C)c(=O)n(CCCO)c1=O,3860.000000000002,-3.586587304671755,1,train
COC(=O)P(=O)(OC)OCCCn1c(=O)c(C)cn([C@@H]2O[C@H](CO[Si](C)(C)C(C)(C)C)[C@@]3(OS(=O)(=O)C=C3N)[C@H]2O[Si](C)(C)C(C)(C)C)c1=O,20900.00000000001,-4.320146286111054,0,train
Cc1ccc2c(c1)C(=O)N1CSCC1C(=O)S2,35000.0,-4.544068044350276,0,train
Cc1cn([C@@H]2O[C@H](CO[Si](C)(C)C(C)(C)C)[C@@]3(OS(=O)(=O)C=C3N)[C@H]2O[Si](C)(C)C(C)(C)C)c(=O)n(CCCOP(=O)(O)C(=O)OCc2ccccc2)c1=O,138000.00000000012,-5.139879086401237,1,test
Cc1cn([C@@H]2O[C@H](CO[Si](C)(C)C(C)(C)C)[C@@]3(OS(=O)(=O)C=C3N)[C@H]2O[Si](C)(C)C(C)(C)C)c(=O)n(CCCOP(=O)(O)C(=O)O)c1=O,177999.99999999985,-5.250420002308894,1,train
CCOC(=O)P(=O)(O)OCCCn1c(=O)c(C)cn([C@@H]2O[C@H](CO[Si](C)(C)C(C)(C)C)[C@@]3(OS(=O)(=O)C=C3N)[C@H]2O[Si](C)(C)C(C)(C)C)c1=O,135000.00000000015,-5.130333768495007,1,test
Cc1cccc2c1OP(=O)(OCC1CCC(n3cnc4c(O)ncnc43)O1)OC2,57999.99999999995,-4.763427993562937,0,train
CCCCCCCCCCCCCCCCOCC(COP(=O)(O)OCC1OC(n2cc(C)c(=O)[nH]c2=O)CC1N=[N+]=[N-])OC,34300.00000000002,-4.535294120042771,0,train
Cc1cccc2c1OP(=O)(OCC1CC(O)C(n3cnc4c(O)ncnc43)O1)OC2,93999.99999999993,-4.973127853599698,0,train
Cc1cc(C)c2c(c1)COP(=O)(OC[C@@H]1C=C[C@H](n3cnc4c(N)ncnc43)O1)O2,24999.999999999996,-4.3979400086720375,0,train
Nc1ncnc2c1ncn2[C@H]1C=C[C@@H](CO)O1,91000.00000000006,-4.959041392321094,0,train
Cc1cc(C)c2c(c1)COP(=O)(OCC1CCC(n3cnc4c(N)ncnc43)O1)O2,10000.0,-4.0,0,train
Cc1cccc2c1OP(=O)(OC[C@@H]1C=C[C@H](n3cnc4c(N)ncnc43)O1)OC2,49000.00000000002,-4.690196080028514,0,train
OCC1CCC(n2cnc3ncnc(O)c32)O1,156000.00000000015,-5.193124598354462,0,train
Nc1ncnc2c1ncn2[C@H]1C=C[C@@H](COP2(=O)OCc3ccccc3O2)O1,85999.99999999994,-4.934498451243568,0,test
CCCCCCCCCCCCCCCCOP(=O)(O)OCC1OC(n2cc(C)c(=O)[nH]c2=O)CC1N=[N+]=[N-],161000.00000000012,-5.20682587603185,0,train
OC[C@@H]1C=C[C@H](n2cnc3ncnc(O)c32)O1,86999.99999999994,-4.939519252618618,0,train
O=C1c2ccccc2NS(=O)(=O)N1COCc1ccccc1,285845.31684854,-5.456131081337775,0,train
O=C1c2ccccc2N(COCCO)S(=O)(=O)N1Cc1ccccc1,245580.24541468543,-5.390193429030829,0,train
CC(=O)OCCOCN1c2ccccc2C(=O)N(Cc2ccccc2)S1(=O)=O,254670.6095281424,-5.405978827742387,0,train
O=C1NS(=O)(=O)N(COCCO)c2ccccc21,55089.94351444455,-4.741072327076941,0,train
O=C(OCCOCN1c2ccccc2C(=O)N(Cc2ccccc2)S1(=O)=O)c1ccccc1,214355.3797841439,-5.331134387689191,0,train
Nc1ccn([C@@H]2CS[C@H](CO)O2)c(=O)n1,363000.0,-5.559906625036112,1,test
COC(=O)C(C)NP(=O)(OC[C@@H]1C=C[C@H](n2cc(C)c(=O)[nH]c2=O)O1)Oc1ccc(I)cc1,15000.000000000004,-4.176091259055681,0,train
COC(=O)C(C)NP(=O)(OC[C@@H]1C=C[C@H](n2cc(C)c(=O)[nH]c2=O)O1)Oc1ccc(F)cc1,26000.00000000001,-4.414973347970818,0,train
COC(=O)C(C)NP(=O)(OC[C@@H]1C=C[C@H](n2cc(C)c(=O)[nH]c2=O)O1)Oc1cccc(F)c1,30000.00000000001,-4.477121254719663,0,train
COC(=O)C(C)NP(=O)(OC[C@@H]1C=C[C@H](n2cc(C)c(=O)[nH]c2=O)O1)Oc1cccc(I)c1,24999.999999999996,-4.3979400086720375,0,train
COC(=O)C(C)NP(=O)(OC[C@@H]1C=C[C@H](n2cc(C)c(=O)[nH]c2=O)O1)Oc1ccc(C(C)=O)cc1,40000.00000000001,-4.6020599913279625,0,train
COC(=O)C(C)NP(=O)(OC[C@@H]1C=C[C@H](n2cc(C)c(=O)[nH]c2=O)O1)Oc1ccc(Br)cc1,17000.000000000007,-4.230448921378274,0,train
COC(=O)C(C)NP(=O)(OC[C@@H]1C=C[C@H](n2cc(C)c(=O)[nH]c2=O)O1)Oc1ccc(C)cc1,34000.00000000002,-4.531478917042255,0,train
COC(=O)C(C)NP(=O)(OC[C@@H]1C=C[C@H](n2cc(C)c(=O)[nH]c2=O)O1)Oc1ccc([N+](=O)[O-])cc1,73000.0,-4.863322860120456,0,train
COC(=O)C(C)NP(=O)(OC[C@@H]1C=C[C@H](n2cc(C)c(=O)[nH]c2=O)O1)Oc1cccc(C(C)=O)c1,49999.99999999999,-4.698970004336019,0,train
COC(=O)C(C)NP(=O)(OC[C@@H]1C=C[C@H](n2cc(C)c(=O)[nH]c2=O)O1)Oc1ccc(OC(F)(F)F)cc1,34000.00000000002,-4.531478917042255,0,train
COC(=O)C(C)NP(=O)(OC[C@@H]1C=C[C@H](n2cc(C)c(=O)[nH]c2=O)O1)Oc1ccc(C#N)cc1,60000.00000000003,-4.778151250383644,0,test
COC(=O)C(C)NP(=O)(OC[C@@H]1C=C[C@H](n2cc(C)c(=O)[nH]c2=O)O1)Oc1ccc(Cl)cc1,11000.000000000007,-4.041392685158225,0,train
COC(=O)c1ccc(OP(=O)(NC(C)C(=O)OC)OC[C@@H]2C=C[C@H](n3cc(C)c(=O)[nH]c3=O)O2)cc1,31000.00000000003,-4.491361693834273,0,train
COC(=O)C(C)NP(=O)(OC[C@@H]1C=C[C@H](n2cc(C)c(=O)[nH]c2=O)O1)Oc1cccc(Cl)c1,26000.00000000001,-4.414973347970818,0,train
COC(=O)C(C)NP(=O)(OC[C@@H]1C=C[C@H](n2cc(C)c(=O)[nH]c2=O)O1)Oc1ccc(Cl)c(Cl)c1,21000.00000000001,-4.32221929473392,0,train
COC(=O)C(C)NP(=O)(OC[C@@H]1C=C[C@H](n2cc(C)c(=O)[nH]c2=O)O1)Oc1ccc(C(F)(F)F)cc1,13000.000000000004,-4.113943352306837,0,train
COC(=O)C(C)NP(=O)(OC[C@@H]1C=C[C@H](n2cc(C)c(=O)[nH]c2=O)O1)Oc1cccc(Br)c1,13000.000000000004,-4.113943352306837,0,train
COC(=O)C(C)NP(=O)(OC[C@@H]1C=C[C@H](n2cc(C)c(=O)[nH]c2=O)O1)Oc1ccccc1Cl,46999.99999999996,-4.672097857935717,0,train
COC(=O)C(C)NP(=O)(OC[C@@H]1C=C[C@H](n2cc(C)c(=O)[nH]c2=O)O1)Oc1ccc(OC)cc1,35000.0,-4.544068044350276,0,train
Nc1ccn([C@@H]2CC[C@H](CO)S2)c(=O)n1,102999.99999999996,-5.012837224705172,0,train
Cc1cn(C2C=CC(COC(=O)CC3(CC(=O)OCc4ccccc4)OCOC3=O)O2)c(=O)[nH]c1=O,92799.99999999996,-4.967547976218862,0,train
Cc1cn(C2C=CC(COC(=O)CC(O)(CC(=O)O)C(=O)O)O2)c(=O)[nH]c1=O,209000.0000000001,-5.320146286111054,0,train
C=CCOC(=O)CC(O)(CC(=O)OCC1C=CC(n2cc(C)c(=O)[nH]c2=O)O1)C(=O)OCC=C,69000.00000000006,-4.838849090737256,0,test
COC(=O)CC1(CC(=O)OCC2C=CC(n3cc(C)c(=O)[nH]c3=O)O2)OCOC1=O,100000.0,-5.0,0,train
C=CCOC(=O)CC1(CC(=O)OCC2C=CC(n3cc(C)c(=O)[nH]c3=O)O2)OCOC1=O,179000.00000000006,-5.252853030979893,0,test
Cc1cn(C2C=CC(COC(=O)CC(O)(CC(=O)OCc3ccccc3)C(=O)OCc3ccccc3)O2)c(=O)[nH]c1=O,64000.00000000005,-4.806179973983888,0,train
CCOCCOc1ccc(OP(=O)(NC(C)C(=O)OC)OCC2C=CC(n3cc(C)c(=O)[nH]c3=O)O2)cc1,100000.0,-5.0,0,test
COC(=O)C(C)NP(=O)(OCC1CCC(n2cnc3c(N)ncnc32)O1)Oc1ccccc1,2570.0000000000005,-3.4099331233312946,0,train
COCCOc1ccc(OP(=O)(NC(C)C(=O)OC)OCC2C=CC(n3cc(C)c(=O)[nH]c3=O)O2)cc1,46999.99999999996,-4.672097857935717,0,test
COC(=O)C(C)NP(=O)(OCC1C=CC(n2cnc3c(N)ncnc32)O1)Oc1ccc(I)cc1,860.0000000000003,-2.934498451243568,0,train
COCCOCCOc1ccc(OP(=O)(NC(C)C(=O)OC)OCC2C=CC(n3cc(C)c(=O)[nH]c3=O)O2)cc1,114000.00000000004,-5.056904851336473,0,train
COC(=O)C(C)NP(=O)(OCC1C=CC(n2cnc3c(N)ncnc32)O1)Oc1ccccc1,3800.0,-3.57978359661681,0,test
COCCOCCOCCOc1ccc(OP(=O)(NC(C)C(=O)OC)OCC2C=CC(n3cc(C)c(=O)[nH]c3=O)O2)cc1,64000.00000000005,-4.806179973983888,0,test
COC(=O)C(C)NP(=O)(OCC1C=CC(n2cc(C)c(=O)[nH]c2=O)O1)Oc1ccc(CC(NC(=O)OC(C)(C)C)C(=O)OC)cc1,216999.9999999998,-5.336459733848529,0,train
COC(=O)C(C)NP(=O)(OCC1CCC(n2cnc3c(N)ncnc32)O1)Oc1cccc(Br)c1,559.9999999999998,-2.7481880270062,0,train
COC(=O)C(C)NP(=O)(OCC1CCC(n2cnc3c(N)ncnc32)O1)Oc1cccc(I)c1,430.0000000000001,-2.633468455579586,0,train
COC(=O)C(C)NP(=O)(OCC1C=CC(n2cnc3c(N)ncnc32)O1)Oc1ccc(Br)cc1,839.9999999999999,-2.9242792860618816,0,train
CSC1N=CNc2c(C)ncn21,176099.99999999988,-5.245759355967277,0,train
Cc1nc(C)n2c1NC=NC2N,115199.99999999996,-5.061452479087193,0,test
Cc1nc(Cc2ccccc2)c2ncnc(O)n12,262500.00000000006,-5.419129307741976,0,train
CSC1N=CNc2c(C)nc(C)n21,439599.9999999996,-5.643057683751453,0,train
Cc1ccc(Cc2ncn3c(S)ncnc23)cc1,32800.00000000001,-4.515873843711679,0,train
Oc1ncnc2c(Cc3ccccc3)ncn12,632700.0000000003,-5.801197834459149,1,train
Cc1ccc(Cc2ncn3c(N(C)C)ncnc23)cc1,411899.9999999997,-5.614791791956417,0,train
O=c1[nH]c(=S)[nH]c2c(CCCCCOCc3ccccc3)ncn12,258699.99999999997,-5.412796428716543,0,test
O=c1[nH]c(=S)[nH]c2c(Cc3ccccc3)ncn12,430199.99999999977,-5.633670406051444,0,test
Cc1nc(C)n2c(=O)[nH]c(=S)[nH]c12,525500.0000000003,-5.720572720364261,0,test
Cc1ccc(CSC2NC(=O)n3c(C)nc(C)c3N2)cc1,88800.00000000007,-4.948412965778601,0,train
CSC1NC(=O)n2cnc(Cc3ccc(C)cc3)c2N1,75300.00000000007,-4.876794976200701,0,test
Cc1ncn2c(=O)[nH]c(=S)[nH]c12,785700.0000000002,-5.895256753144895,0,test
Cc1ccc(CSC2NC(=O)n3cnc(CCCCCOCc4ccccc4)c3N2)cc1,342600.00000000023,-5.534787358629492,0,test
Cc1nc(C)n2c1NC(SCc1ccccc1)NC2=O,266000.00000000006,-5.424881636631067,0,train
Sc1ncnc2c(Cc3ccccc3)ncn12,35099.999999999985,-4.545307116465824,1,train
Cc1ncn2c(S)ncnc12,789100.0000000001,-5.897132043382094,0,train
CSc1ncnc2c(Cc3ccc(C)cc3)ncn12,388800.0000000002,-5.589726256254237,0,train
Cc1ncn2c1NC=NC2N,745799.9999999998,-5.872622379025288,0,test
Cc1ccc(CSC2NC(=O)n3cnc(Cc4ccc(C)cc4)c3N2)cc1,44600.00000000001,-4.649334858712142,0,train
Nc1ncnc2c1ncn2[C@H]1CC[C@@H](CO)O1,200000.00000000003,-5.301029995663981,0,train
CNC1=C(C)S(=O)(=O)O[C@@]12[C@@H](CO[Si](C)(C)C(C)(C)C)O[C@@H](n1cc(C)c(=O)n(C)c1=O)[C@@H]2O[Si](C)(C)C(C)(C)C,233999.99999999985,-5.369215857410143,1,train
Nc1cc(OC[C@H](CO)OCP(=O)(O)O)nc(N)n1,23000.00000000001,-4.361727836017593,0,train
COC(=O)/C=C/C1=C(N)[C@@]2(OS1(=O)=O)[C@@H](CO[Si](C)(C)C(C)(C)C)O[C@@H](n1cc(C)c(=O)[nH]c1=O)[C@@H]2O[Si](C)(C)C(C)(C)C,39000.00000000003,-4.5910646070265,0,train
Cc1cn([C@@H]2O[C@H](CO[Si](C)(C)C(C)(C)C)[C@@]3(OS(=O)(=O)C(CC(N)=O)=C3NCC(N)=O)[C@H]2O[Si](C)(C)C(C)(C)C)c(=O)n(C)c1=O,3899.999999999999,-3.591064607026499,0,train
CCOC(=O)/C=C/C1=C(N)[C@@]2(OS1(=O)=O)[C@@H](CO[Si](C)(C)C(C)(C)C)O[C@@H](n1cc(C)c(=O)[nH]c1=O)[C@@H]2O[Si](C)(C)C(C)(C)C,24000.00000000002,-4.380211241711606,0,train
C=CCC1=C(N)[C@@]2(OS1(=O)=O)[C@@H](CO[Si](C)(C)C(C)(C)C)O[C@@H](n1cc(C)c(=O)n(C)c1=O)[C@@H]2O[Si](C)(C)C(C)(C)C,45000.00000000003,-4.653212513775344,0,train
Cc1cn([C@@H]2O[C@H](CO[Si](C)(C)C(C)(C)C)[C@@]3(OS(=O)(=O)C(c4ccsc4)=C3N)[C@H]2O[Si](C)(C)C(C)(C)C)c(=O)n(C)c1=O,32999.99999999997,-4.518513939877887,0,train
COC(=O)/C=C/C1=C(N)[C@@]2(OS1(=O)=O)[C@@H](CO[Si](C)(C)C(C)(C)C)O[C@@H](n1cc(C)c(=O)n(C)c1=O)[C@@H]2O[Si](C)(C)C(C)(C)C,37000.0,-4.568201724066995,0,train
Nc1nc(N)c(Cl)c(OCCOCP(=O)(O)O)n1,300000.0000000001,-5.477121254719663,1,test
Cc1cn([C@@H]2O[C@H](CO[Si](C)(C)C(C)(C)C)[C@@]3(OS(=O)(=O)C(Cl)=C3N)[C@H]2O[Si](C)(C)C(C)(C)C)c(=O)[nH]c1=O,7000.000000000002,-3.845098040014257,1,train
Cc1cn([C@@H]2O[C@H](CO[Si](C)(C)C(C)(C)C)[C@@]3(OS(=O)(=O)C(c4ccccc4)=C3N)[C@H]2O[Si](C)(C)C(C)(C)C)c(=O)n(C)c1=O,65000.000000000015,-4.812913356642856,1,test
Cc1c(N)nc(N)nc1OCCOCP(=O)(O)O,15000.000000000004,-4.176091259055681,1,train
CC1=C(N)[C@@]2(OS1(=O)=O)[C@@H](CO[Si](C)(C)C(C)(C)C)O[C@@H](n1cc(C)c(=O)n(C)c1=O)[C@@H]2O[Si](C)(C)C(C)(C)C,10000.0,-4.0,0,test
C=CCNC1=CS(=O)(=O)O[C@@]12[C@@H](CO[Si](C)(C)C(C)(C)C)O[C@@H](n1cc(C)c(=O)n(C)c1=O)[C@@H]2O[Si](C)(C)C(C)(C)C,125999.99999999988,-5.1003705451175625,1,test
Cc1cn([C@@H]2O[C@H](CO[Si](C)(C)C(C)(C)C)[C@@]3(OS(=O)(=O)C(/C=C/CO)=C3N)[C@H]2O[Si](C)(C)C(C)(C)C)c(=O)[nH]c1=O,18000.000000000015,-4.2552725051033065,0,train
CC#CC1=C(N)[C@@]2(OS1(=O)=O)[C@@H](CO[Si](C)(C)C(C)(C)C)O[C@@H](n1cc(C)c(=O)n(C)c1=O)[C@@H]2O[Si](C)(C)C(C)(C)C,4999.999999999999,-3.6989700043360183,0,train
Cc1cn([C@@H]2O[C@H](CO[Si](C)(C)C(C)(C)C)[C@@]3(OS(=O)(=O)C(Br)=C3N)[C@H]2O[Si](C)(C)C(C)(C)C)c(=O)[nH]c1=O,17000.000000000007,-4.230448921378274,0,test
Cc1cn([C@@H]2O[C@H](CO[Si](C)(C)C(C)(C)C)[C@@]3(OS(=O)(=O)C(/C=C/CO)=C3N)[C@H]2O[Si](C)(C)C(C)(C)C)c(=O)n(C)c1=O,18000.000000000015,-4.2552725051033065,0,train
C[C@H](Cn1cnc2c(N)ncnc21)OCP(=O)(O)O,410000.0,-5.612783856719736,0,train
Cc1cn([C@@H]2O[C@H](CO[Si](C)(C)C(C)(C)C)[C@@]3(OS(=O)(=O)C(c4ccccc4)=C3N)[C@H]2O[Si](C)(C)C(C)(C)C)c(=O)[nH]c1=O,37000.0,-4.568201724066995,0,train
Nc1cc(OCCOCP(=O)(O)O)nc(N)n1,42000.00000000003,-4.623249290397901,0,train
Cc1cn([C@@H]2O[C@H](CO[Si](C)(C)C(C)(C)C)[C@@]3(OS(=O)(=O)C(I)=C3N)[C@H]2O[Si](C)(C)C(C)(C)C)c(=O)[nH]c1=O,4000.000000000001,-3.6020599913279625,1,train
Cc1cn([C@@H]2O[C@H](CO[Si](C)(C)C(C)(C)C)[C@@]3(OS(=O)(=O)C(I)=C3N)[C@H]2O[Si](C)(C)C(C)(C)C)c(=O)n(C)c1=O,5599.999999999998,-3.7481880270062,1,train
C=CC1=C(N)[C@@]2(OS1(=O)=O)[C@@H](CO[Si](C)(C)C(C)(C)C)O[C@@H](n1cc(C)c(=O)[nH]c1=O)[C@@H]2O[Si](C)(C)C(C)(C)C,35999.99999999996,-4.556302500767287,0,train
C=CC1=C(N)[C@@]2(OS1(=O)=O)[C@@H](CO)O[C@@H](n1cc(C)c(=O)[nH]c1=O)[C@@H]2O[Si](C)(C)C(C)(C)C,76000.0,-4.880813592280791,0,test
COC(=O)C(C)NP(=O)(OCC1C=CC(Cn2cc(C)c(=O)[nH]c2=O)O1)Oc1ccc(C)cc1,34000.00000000002,-4.531478917042255,0,test
COC(=O)C(C)NP(=O)(OCC1C=CC(Cn2cc(C)c(=O)[nH]c2=O)O1)Oc1cccc(C(C)=O)c1,49999.99999999999,-4.698970004336019,0,train
COC(=O)C(C)NP(=O)(OCC1C=CC(Cn2cc(C)c(=O)[nH]c2=O)O1)Oc1ccc([N+](=O)[O-])cc1,73000.0,-4.863322860120456,0,train
COC(=O)C(C)NP(=O)(OCC1C=CC(Cn2cc(C)c(=O)[nH]c2=O)O1)Oc1ccc(Cl)cc1,11000.000000000007,-4.041392685158225,0,train
COC(=O)C(C)NP(=O)(OCC1C=CC(Cn2cc(C)c(=O)[nH]c2=O)O1)Oc1ccc(C(C)=O)cc1,40000.00000000001,-4.6020599913279625,0,train
COC(=O)c1ccc(OP(=O)(NC(C)C(=O)OC)OCC2C=CC(Cn3cc(C)c(=O)[nH]c3=O)O2)cc1,31000.00000000003,-4.491361693834273,0,train
COC(=O)C(C)NP(=O)(OCC1C=CC(Cn2cc(C)c(=O)[nH]c2=O)O1)Oc1ccc(F)cc1,26000.00000000001,-4.414973347970818,0,train
COC(=O)C(C)NP(=O)(OCC1C=CC(Cn2cc(C)c(=O)[nH]c2=O)O1)Oc1ccc(C#N)cc1,60000.00000000003,-4.778151250383644,0,train
COC(=O)C(C)NP(=O)(OCC1C=CC(Cn2cc(C)c(=O)[nH]c2=O)O1)Oc1ccc(OC)cc1,35000.0,-4.544068044350276,0,test
CCCCCSc1nc(N)nc2c1ncn2/C=C1/C[C@@H]1CO,26000.00000000001,-4.414973347970818,0,train
CCCOc1nc(N)nc2c1ncn2/C=C1/C[C@@H]1CO,32000.000000000025,-4.505149978319906,0,train
Nc1nc(NC2CC2)c2ncn(/C=C3/C[C@@H]3CO)c2n1,70000.00000000001,-4.845098040014257,0,train
Nc1nc(S)c2ncn(/C=C3/C[C@@H]3CO)c2n1,28999.99999999997,-4.462397997898956,0,train
CCCCCOc1nc(N)nc2c1ncn2/C=C1/C[C@@H]1CO,86999.99999999994,-4.939519252618618,0,train
C=CCOc1nc(N)nc2c1ncn2/C=C1/C[C@@H]1CO,26000.00000000001,-4.414973347970818,0,train
Nc1nc(OCC2CC2)c2ncn(/C=C3/C[C@@H]3CO)c2n1,40999.99999999999,-4.612783856719736,0,train
COc1nc(N)nc2c1ncn2/C=C1/C[C@@H]1CO,98000.00000000006,-4.991226075692495,0,test
Nc1nc(O)c2ncn(/C=C3/C[C@@H]3CO)c2n1,90000.00000000007,-4.954242509439325,0,train
COC(=O)CCCC=C(c1cc(Cl)c(OC)c(C(=O)OC)c1)c1cc(Cl)c(OC)c(C(=O)OC)c1,31599.99999999997,-4.4996870826184034,0,train
COC(=O)c1cc(C(=CCCCCBr)c2cc(Cl)c(OC)c(C(=O)OC)c2)cc(Cl)c1OC,98699.99999999996,-4.994317152669637,1,train
COC(=O)c1cc(C(=CCC2OCCO2)c2cc(Cl)c(OC)c(C(=O)OC)c2)cc(Cl)c1OC,26000.00000000001,-4.414973347970818,0,train
COC(=O)c1cc(C(=CCCCC=O)c2cc(Cl)c(OC)c(C(=O)OC)c2)cc(Cl)c1OC,9600.0,-3.982271233039568,1,train
COC(=O)CC=C(c1cc(Cl)c(OC)c(C(=O)OC)c1)c1cc(Cl)c(OC)c(C(=O)OC)c1,13300.0,-4.123851640967086,1,train
COC(=O)c1cc(C(=CCCc2ccccc2)c2cc(Br)c(OC)c(C(=O)OC)c2)cc(Br)c1OC,31500.000000000025,-4.498310553789601,0,train
CCC(=O)CCCC=C(c1cc(Cl)c(OC)c(C(=O)OC)c1)c1cc(Cl)c(OC)c(C(=O)OC)c1,24600.00000000001,-4.390935107103379,0,train
COC(=O)CCCC=C(c1cc(Br)c(OC)c(C(=O)OC)c1)c1cc(Br)c(OC)c(C(=O)OC)c1,13000.000000000004,-4.113943352306837,1,test
CCNC(=O)OCCCCC=C(c1cc(Cl)c(OC)c(C(=O)OC)c1)c1cc(Cl)c(OC)c(C(=O)OC)c1,8399.999999999998,-3.9242792860618816,1,train
COC(=O)CCCC=C(c1cc(F)c(OC)c(C(=O)OC)c1)c1cc(F)c(OC)c(C(=O)OC)c1,68299.99999999996,-4.834420703681532,0,train
CCC1(CCC/C=C(\c2cc(Cl)c(OC)c(C=O)c2)c2cc(Cl)c(OC)c(CO)c2)OCCO1,5800.000000000001,-3.763427993562937,0,train
CCC(=O)CCCC=C(c1cc(Cl)c(OC)c(C=O)c1)c1cc(Cl)c(OC)c(C=O)c1,1130.000000000001,-3.05307844348342,1,train
COC(=O)CCCCC(c1cc(Cl)c(OC)c(C(=O)OC)c1)c1cc(Cl)c(OC)c(C(=O)OC)c1,21300.00000000002,-4.328379603438738,0,test
COC(=O)CCCCC=C(c1cc(Cl)c(OC)c(C(=O)OC)c1)c1cc(Cl)c(OC)c(C(=O)OC)c1,152500.0,-5.183269843682805,1,train
COC(=O)CCC=C(c1cc(Cl)c(OC)c(C(=O)OC)c1)c1cc(Cl)c(OC)c(C(=O)OC)c1,29400.00000000003,-4.468347330412158,0,train
CCC1(CCCC=C(c2cc(Cl)c(OC)c(CO)c2)c2cc(Cl)c(OC)c(CO)c2)OCCO1,16900.000000000015,-4.227886704613674,0,train
CCCCCC=C(c1cc(F)c(OC)c(C(=O)OC)c1)c1cc(F)c(OC)c(C(=O)OC)c1,13399.999999999987,-4.127104798364807,1,train
CCC(=O)CCCC=C(c1cc(Cl)c(OC)c(CO)c1)c1cc(Cl)c(OC)c(CO)c1,14200.000000000007,-4.152288344383057,1,train
CCC1(CCCC=C(c2cc(Cl)c(OC)c(C(=O)OC)c2)c2cc(Cl)c(OC)c(C(=O)OC)c2)OCCO1,19899.99999999999,-4.298853076409706,0,train
COC(=O)c1cc(C(=CCCCCN=[N+]=[N-])c2cc(Cl)c(OC)c(C(=O)OC)c2)cc(Cl)c1OC,175499.99999999988,-5.244277120801843,1,test
Nc1ncnc2c1ncn2C1OC(COP2(=O)OCc3ccccc3O2)C[C@@H]1F,136999.99999999997,-5.136720567156407,0,train
Cc1cn([C@H]2C[C@H](O[Si](C)(C)C(C)(C)C)[C@@H](CO[Si](C)(C)C(C)(C)C)O2)c(=O)n(CC(=O)O)c1=O,20299.99999999998,-4.307496037913213,0,train
Cc1cn([C@@H]2O[C@H](CO[Si](C)(C)C(C)(C)C)[C@@H](O[Si](C)(C)C(C)(C)C)[C@H]2O[Si](C)(C)C(C)(C)C)c(=O)n(CC(=O)OCc2ccccc2)c1=O,102000.00000000007,-5.008600171761918,0,train
Cc1cn(C2OC(CO[Si](C)(C)C(C)(C)C)CC2O[Si](C)(C)C(C)(C)C)c(=O)n(CC(=O)OCc2ccccc2)c1=O,21599.99999999999,-4.334453751150931,0,train
Cc1cn([C@@H]2O[C@H](CO)[C@@H](O)[C@H]2O[Si](C)(C)C(C)(C)C)c(=O)n(CC(=O)OCc2ccccc2)c1=O,26000.00000000001,-4.414973347970818,0,test
Cc1cn([C@H]2C[C@H](O[Si](C)(C)C(C)(C)C)[C@@H](CO[Si](C)(C)C(C)(C)C)O2)c(=O)n(CC(=O)OCc2ccccc2)c1=O,56399.99999999999,-4.751279103983342,0,train
Cc1cn([C@@H]2O[C@H](CO[Si](C)(C)C(C)(C)C)[C@@H](O)[C@H]2O[Si](C)(C)C(C)(C)C)c(=O)n(CC(=O)O)c1=O,23000.00000000001,-4.361727836017593,0,test
Cc1cn(C2O[C@H](CO[Si](C)(C)C(C)(C)C)[C@@H](O)[C@H]2O)c(=O)n(CC(=O)OCc2ccccc2)c1=O,30000.00000000001,-4.477121254719663,0,train
Cc1cn([C@H]2C[C@H](F)[C@@H](CO)O2)c(=O)[nH]c1=O,500000.0,-5.698970004336019,1,train
COc1ccc2c(c1)COP(=O)(OCC1C[C@H](F)C(n3cnc4c(N)ncnc43)O1)O2,120999.99999999993,-5.08278537031645,0,train
Cc1cn([C@@H]2O[C@H](CO[Si](C)(C)C(C)(C)C)[C@@H](O)[C@H]2O[Si](C)(C)C(C)(C)C)c(=O)n(CC(=O)OCc2ccccc2)c1=O,25699.999999999975,-4.409933123331294,0,test
Cc1cn(C2OC(CO[Si](C)(C)C(C)(C)C)CC2O[Si](C)(C)C(C)(C)C)c(=O)n(CC(=O)O)c1=O,20699.99999999998,-4.315970345456917,0,train
Cc1cn([C@@H]2O[C@H](CO[Si](C)(C)C(C)(C)C)[C@@H](O[Si](C)(C)C(C)(C)C)[C@H]2O)c(=O)n(CC(=O)O)c1=O,29299.999999999975,-4.466867620354109,0,train
Cc1cn([C@@H]2O[C@H](CO[Si](C)(C)C(C)(C)C)[C@@H](O[Si](C)(C)C(C)(C)C)[C@H]2O)c(=O)n(CC(=O)OCc2ccccc2)c1=O,57100.000000000015,-4.756636108245848,0,train
COc1nc(N)nc2c1ncn2C1CC(O)C(CO)S1,8000.000000000004,-3.903089986991944,0,train
Nc1nc(OCC2CC2)c2ncn(C3CC(O)C(CO)S3)c2n1,40999.99999999999,-4.612783856719736,0,train
Nc1nc(Cl)c2ncn(C3CC(O)C(CO)S3)c2n1,10000.0,-4.0,0,train
C=CCNc1nc(N)nc2c1ncn2C1CC(O)C(CO)S1,60000.00000000003,-4.778151250383644,0,train
Nc1nc(O)c2ncn(C3CC(O)C(CO)S3)c2n1,8999.999999999998,-3.9542425094393248,0,train
CC(=O)NC(=O)N[C@@H]1O[C@H](CO[Si](C)(C)C(C)(C)C)[C@@]2(OS(=O)(=O)C=C2N)[C@H]1O[Si](C)(C)C(C)(C)C,15000.000000000004,-4.176091259055681,0,train
CC(C)(C)[Si](C)(C)OC[C@H]1O[C@@H](N2CCC(=O)NC2=O)[C@H](O[Si](C)(C)C(C)(C)C)[C@]12OS(=O)(=O)C=C2N,19000.0,-4.278753600952829,1,train
CC(C)(C)[Si](C)(C)OC[C@H]1O[C@@H](NC(=S)Nc2ccccc2)[C@H](O[Si](C)(C)C(C)(C)C)[C@]12OS(=O)(=O)C=C2N,4100.0,-3.612783856719736,0,train
CC(C)(C)[Si](C)(C)OC[C@H]1O[C@H](NC(N)=O)[C@H](O[Si](C)(C)C(C)(C)C)[C@]12OS(=O)(=O)C=C2N,202999.99999999985,-5.307496037913213,1,train
CC(C)(C)[Si](C)(C)OC[C@H]1O[C@@H](N)[C@H](O[Si](C)(C)C(C)(C)C)[C@]12OS(=O)(=O)C=C2N,16000.00000000001,-4.204119982655925,1,train
CC(NP(=O)(OCC1C=CC(n2cnc3c(N)ncnc32)O1)Oc1ccccc1)C(=O)OCc1ccccc1,1899.9999999999995,-3.278753600952829,0,train
Cc1cn(C2C=CC(COP(=O)(NC(C)C(=O)OC3CCCCC3)Oc3ccccc3)O2)c(=O)[nH]c1=O,51399.99999999996,-4.710963118995275,0,train
COC(=O)C(C)NP(=O)(OCC1OC(n2cc(C)c(=O)[nH]c2=O)CC1N=[N+]=[N-])Oc1ccc(C)cc1,42999.99999999997,-4.633468455579586,0,test
O=S1(=O)N=C(OCc2ccccc2)c2ccccc2N1Cc1ccc(Cl)c(Cl)c1,30500.000000000004,-4.484299839346786,0,test
CC=C(c1cc(Br)c(OC)c(C(=O)OC)c1)c1cc(Br)c(OC)c(C(=O)OC)c1,10000.0,-4.0,1,test
O=C1c2ccccc2N(Cc2ccc(Cl)c(Cl)c2)S(=O)(=O)N1Cc1ccccc1,16400.000000000004,-4.214843848047698,1,train
CCCCCOC(=O)C(C)NP(=O)(OCC1C=CC(n2cc(C)c(=O)[nH]c2=O)O1)Oc1ccccc1,40499.99999999997,-4.607455023214668,0,train
O=C1c2ccccc2N(Cc2ccccc2Cl)S(=O)(=O)N1COCc1ccccc1,22200.00000000001,-4.346352974450639,0,train
O=C1c2ccccc2N(Cc2ccc(Cl)cc2)S(=O)(=O)N1Cc1ccc(Cl)cc1,35800.000000000015,-4.553883026643875,0,train
COC(=O)c1cc(C(=CCCO)c2cc(Cl)c(OC)c(C(=O)OC)c2)cc(Cl)c1OC,16800.00000000002,-4.225309281725863,0,train
CC1(C)OC(=O)c2cc(C(=CCCBr)c3cc(Cl)c4c(c3)C(=O)OC(C)(C)O4)cc(Cl)c2O1,175999.99999999985,-5.2455126678141495,0,train
O=C1c2ccccc2N(Cc2ccccc2)S(=O)(=O)N1Cc1ccc(Cl)cc1,27800.0,-4.444044795918076,0,train
O=S1(=O)N=C(OCc2ccccc2)c2ccccc2N1Cc1ccccc1,22200.00000000001,-4.346352974450639,0,train
O=C1c2ccccc2N(Cc2ccccc2Cl)S(=O)(=O)N1Cc1ccccc1Cl,40399.99999999998,-4.606381365110605,0,train
COC(=O)c1cc(C(=CC(=O)O)c2cc(Cl)c(OC)c(C(=O)OC)c2)cc(Cl)c1OC,48000.00000000005,-4.681241237375588,0,test
COC(=O)C(NP(=O)(OCC1OC(n2cc(C)c(=O)[nH]c2=O)CC1N=[N+]=[N-])Oc1ccccc1)C(C)C,123000.00000000004,-5.089905111439398,0,train
CCCCCC=C(c1cc(Br)c(OC)c(C(=O)OC)c1)c1cc(Br)c(OC)c(C(=O)OC)c1,138000.00000000012,-5.139879086401237,1,test
Cc1cn(C2C=CC(COP(=O)(NC(C)C(=O)OCCc3ccccc3)Oc3ccccc3)O2)c(=O)[nH]c1=O,249999.99999999997,-5.3979400086720375,1,train
COC(=O)C(C)NP(=O)(OCC1OC(n2cc(C)c(=O)[nH]c2=O)CC1N=[N+]=[N-])Oc1ccc(OC)cc1,205999.99999999997,-5.313867220369153,0,train
Cc1cn([C@@H]2C=C[C@H](CO)O2)c(=O)n(CCCn2c(=O)c(C)cn([C@@H]3O[C@H](CO[Si](C)(C)C(C)(C)C)[C@@]4(OS(=O)(=O)C=C4N)[C@H]3O[Si](C)(C)C(C)(C)C)c2=O)c1=O,188999.99999999985,-5.276461804173244,0,test
COC(=O)C(C)NP(=O)(OCC1OC(n2cc(C)c(=O)n(CCCBr)c2=O)CC1N=[N+]=[N-])Oc1ccccc1,40999.99999999999,-4.612783856719736,0,train
COC(=O)C(C)NP(=O)(OC[C@@H]1O[C@H](n2cc(C)c(=O)n(CCCCCCn3c(=O)c(C)cn([C@@H]4O[C@H](CO[Si](C)(C)C(C)(C)C)[C@@]5(OS(=O)(=O)C=C5N)[C@H]4O[Si](C)(C)C(C)(C)C)c3=O)c2=O)C[C@H]1O)Oc1ccccc1,104000.00000000007,-5.017033339298781,0,train
Cc1cn([C@@H]2O[C@H](CO[Si](C)(C)C(C)(C)C)[C@@]3(OS(=O)(=O)C=C3N)[C@H]2O[Si](C)(C)C(C)(C)C)c(=O)n(CC#Cc2cn([C@@H]3C[C@@H](O)[C@H](CO)O3)c(=O)[nH]c2=O)c1=O,21000.00000000001,-4.32221929473392,0,train
COC(=O)c1cc(C(=CCCCCO)c2cc(Cl)c(OC)c(C(=O)OC)c2)cc(Cl)c1OC,10200.00000000001,-4.008600171761918,1,train
COC=C(c1cc(Br)c(OC)c(C(=O)OC)c1)c1cc(Br)c(OC)c(C(=O)OC)c1,22000.00000000002,-4.342422680822207,1,test
COC(=O)c1cc(C(=CCCOS(C)(=O)=O)c2cc(Cl)c(OC)c(C(=O)OC)c2)cc(Cl)c1OC,6899.999999999998,-3.838849090737255,1,train
CC1(C)OC(=O)c2cc(C(=CCCO)c3cc(Cl)c4c(c3)C(=O)OC(C)(C)O4)cc(Cl)c2O1,18799.99999999999,-4.27415784926368,0,test
CCOC(=O)C(C)NP(=O)(OCC1C=CC(n2cc(C)c(=O)[nH]c2=O)O1)Oc1ccccc1,55000.00000000004,-4.740362689494244,0,train
Cc1cn(C2C=CC(COP(=O)(NC(C)C(=O)OCC3CCCCC3)Oc3ccccc3)O2)c(=O)[nH]c1=O,12099.999999999993,-4.08278537031645,1,train
Cc1cn([C@@H]2O[C@H](CO[Si](C)(C)C(C)(C)C)[C@@]3(OS(=O)(=O)C=C3N)[C@H]2O[Si](C)(C)C(C)(C)C)c(=O)n(CC#Cc2cn([C@@H]3C=C[C@H](CO)O3)c(=O)[nH]c2=O)c1=O,21000.00000000001,-4.32221929473392,0,train
O=C1c2ccccc2N(Cc2cccc(Cl)c2)S(=O)(=O)N1Cc1ccccc1,2102999.999999998,-6.322839272686321,1,train
CCCCCC=C(c1ccc(OC)c(C(=O)OC)c1)c1ccc(OC)c(C(=O)OC)c1,14000.000000000004,-4.146128035678238,0,train
COC(=O)C(C)NP(=O)(OCC1OC(n2cc(C)c(=O)[nH]c2=O)CC1N=[N+]=[N-])Oc1ccc(F)cc1,128000.00000000012,-5.107209969647869,0,train
COC(=O)C(C)NP(=O)(OCC1OC(n2cc(C)c(=O)n(CCCCCCBr)c2=O)CC1N=[N+]=[N-])Oc1ccccc1,22000.00000000002,-4.342422680822207,0,train
O=C1c2ccccc2N(COCc2ccccc2)S(=O)(=O)N1COCc1ccccc1,27699.999999999975,-4.442479769064448,0,train
COC(=O)c1cc(C(=CCCN=[N+]=[N-])c2cc(Cl)c(OC)c(C(=O)OC)c2)cc(Cl)c1OC,41800.00000000003,-4.621176281775036,0,test
CCCOC(=O)C(C)NP(=O)(OCC1C=CC(n2cc(C)c(=O)[nH]c2=O)O1)Oc1ccccc1,40000.00000000001,-4.6020599913279625,0,train
CCCc1ccc(OP(=O)(NC(C)C(=O)OC)OCC2OC(n3cc(C)c(=O)[nH]c3=O)CC2N=[N+]=[N-])cc1,32700.000000000025,-4.514547752660286,0,train
O=C(OCOCN1c2ccccc2C(=O)N(Cc2ccccc2)S1(=O)=O)c1ccccc1,100000.0,-5.0,0,test
O=C1c2ccccc2N(Cc2ccccc2Cl)S(=O)(=O)N1Cc1ccccc1,27899.99999999999,-4.445604203273597,0,test
Cc1cn([C@@H]2O[C@H](CO[Si](C)(C)C(C)(C)C)[C@@]3(OS(=O)(=O)C=C3N)[C@H]2O[Si](C)(C)C(C)(C)C)c(=O)n(CCCc2cn([C@@H]3C[C@@H](O)[C@H](CO)O3)c(=O)[nH]c2=O)c1=O,21000.00000000001,-4.32221929473392,0,train
Cc1cn(C2C=CC(COP(=O)(NC(C)C(=O)OCc3cccc4ccccc34)Oc3ccccc3)O2)c(=O)[nH]c1=O,21599.99999999999,-4.334453751150931,1,test
COC(=O)c1cc(C(=CCCN)c2cc(Cl)c(OC)c(C(=O)OC)c2)cc(Cl)c1OC,15000.000000000004,-4.176091259055681,0,train
COC(=O)c1cc(C(=CCCCC(=O)O)c2cc(Cl)c(OC)c(C(=O)OC)c2)cc(Cl)c1OC,100400.00000000007,-5.001733712809001,1,train
CCCCCc1ccc(OP(=O)(NC(C)C(=O)OC)OCC2OC(n3cc(C)c(=O)[nH]c3=O)CC2N=[N+]=[N-])cc1,8999.999999999998,-3.9542425094393248,0,train
CCCCOC(=O)C(C)NP(=O)(OCC1C=CC(n2cc(C)c(=O)[nH]c2=O)O1)Oc1ccccc1,60000.00000000003,-4.778151250383644,0,train
COC(=O)C(C)NP(=O)(OC[C@H]1C=C[C@@H](n2cc(C)c(=O)n(CCCn3c(=O)c(C)cn([C@@H]4O[C@H](CO[Si](C)(C)C(C)(C)C)[C@@]5(OS(=O)(=O)C=C5N)[C@H]4O[Si](C)(C)C(C)(C)C)c3=O)c2=O)O1)Oc1ccccc1,123000.00000000004,-5.089905111439398,0,train
Cc1cn(C2C=CC(COP(=O)(NC(C)C(=O)OC(C)(C)C)Oc3ccccc3)O2)c(=O)[nH]c1=O,249999.99999999997,-5.3979400086720375,1,train
C=C(c1cc(Br)c(OC)c(C(=O)OC)c1)c1cc(Br)c(OC)c(C(=O)OC)c1,315999.9999999997,-5.4996870826184034,1,test
COC(=O)C=C(c1cc(Cl)c(OC)c(C(=O)OC)c1)c1cc(Cl)c(OC)c(C(=O)OC)c1,24999.999999999996,-4.3979400086720375,0,train
CCCCCCOC(=O)C(C)NP(=O)(OCC1C=CC(n2cc(C)c(=O)[nH]c2=O)O1)Oc1ccccc1,48000.00000000005,-4.681241237375588,0,train
Cc1cn(C2C=CC(COP(=O)(NC(C)C(=O)OCC(C)(C)C)Oc3ccccc3)O2)c(=O)[nH]c1=O,43499.99999999996,-4.638489256954637,0,test
CCc1ccc(OP(=O)(NC(C)C(=O)OC)OCC2OC(n3cc(C)c(=O)[nH]c3=O)CC2N=[N+]=[N-])cc1,31699.999999999975,-4.501059262217751,0,test
COC(=O)C(Cc1ccccc1)NP(=O)(OCC1OC(n2cc(C)c(=O)[nH]c2=O)CC1N=[N+]=[N-])Oc1ccccc1,161000.00000000012,-5.20682587603185,0,train
Cc1cn(C2C=CC(COP(=O)(NC(C)C(=O)OCCCc3ccccc3)Oc3ccccc3)O2)c(=O)[nH]c1=O,249999.99999999997,-5.3979400086720375,1,test
O=C1c2ccccc2N(Cc2ccccc2)S(=O)(=O)N1Cc1ccccc1,107999.99999999993,-5.033423755486949,1,test
O=C1c2ccccc2N(Cc2ccc(Cl)cc2)S(=O)(=O)N1Cc1ccccc1,19700.00000000002,-4.294466226161593,1,train
CCOCn1c(Cc2ccccc2)c(C(C)C)c(=O)n(C(=O)c2ccc(OP(=O)(OCCSC(=O)C(C)(C)C)OCC3C=CC(n4cc(C)c(=O)[nH]c4=O)O3)cc2)c1=O,32000.000000000025,-4.505149978319906,0,train
CCc1c(Cc2cc(C)cc(C)c2)n(COC/C=C/c2ccc(O)cc2)c(=O)[nH]c1=O,32000.000000000025,-4.505149978319906,0,train
CCc1c(Cc2cc(C)cc(C)c2)n(COC/C=C/c2ccc(O[P@](=O)(OCCSC(=O)C(C)(C)C)OC[C@@H]3C=C[C@H](n4cc(C)c(=O)[nH]c4=O)O3)cc2)c(=O)[nH]c1=O,32000.000000000025,-4.505149978319906,0,train
Cc1cc(C)cc(Cc2c(C(C)C)c(=O)[nH]c(=O)n2COCc2ccc(O)cc2)c1,32000.000000000025,-4.505149978319906,0,train
CCc1c(Cc2cc(C)cc(C)c2)n(COCc2ccc(O[P@](=O)(OCCSC(=O)C(C)(C)C)OC[C@@H]3C=C[C@H](n4cc(C)c(=O)[nH]c4=O)O3)cc2)c(=O)[nH]c1=O,32000.000000000025,-4.505149978319906,0,test
Cc1cn([C@@H]2O[C@@H]3COC4(O)CS(=O)(=O)O[C@@]34[C@H]2O)c(=O)[nH]c1=O,100000.0,-5.0,0,train
Cc1cn([C@@H]2O[C@@H]3COC4(O)CS(=O)(=O)O[C@@]34[C@H]2O[Si](C)(C)C(C)(C)C)c(=O)[nH]c1=O,100000.0,-5.0,0,train
Cc1cn([C@@H]2O[C@@H]3COC(=O)[C@]3(OS(C)(=O)=O)[C@H]2O)c(=O)[nH]c1=O,160000.0000000001,-5.204119982655925,0,train
COC(=O)C(=O)CNC1=CS(=O)(=O)O[C@@]12[C@@H](CO[Si](C)(C)C(C)(C)C)O[C@@H](n1cc(C)c(=O)n(C)c1=O)[C@@H]2O[Si](C)(C)C(C)(C)C,5570.0,-3.745855195173729,1,test
Cc1cn([C@@H]2O[C@H](CO[Si](C)(C)C(C)(C)C)[C@@]3(OS(=O)(=O)C=C3NCC(=O)C(=O)O)[C@H]2O[Si](C)(C)C(C)(C)C)c(=O)n(C)c1=O,72600.0,-4.860936620700094,1,train
Cc1cn([C@@H]2O[C@H](CO[Si](C)(C)C(C)(C)C)[C@@]3(OS(=O)(=O)C=C3NCC(=O)C(N)=O)[C@H]2O[Si](C)(C)C(C)(C)C)c(=O)n(C)c1=O,9960.000000000002,-3.998259338423699,1,train
Cc1cn([C@@H]2O[C@H](CO[Si](C)(C)C(C)(C)C)[C@@]3(OS(=O)(=O)C=C3NCC(=O)C(=O)N3CCC3)[C@H]2O[Si](C)(C)C(C)(C)C)c(=O)n(C)c1=O,21599.99999999999,-4.334453751150931,1,test
CC(=O)NC1=CS(=O)(=O)O[C@@]12[C@@H](CO[Si](C)(C)C(C)(C)C)O[C@@H](n1cc(C)c(=O)n(C)c1=O)[C@@H]2O[Si](C)(C)C(C)(C)C,25699.999999999975,-4.409933123331294,1,train
Cc1cn([C@@H]2O[C@H](CO[Si](C)(C)C(C)(C)C)[C@@]3(OS(=O)(=O)C=C3NC(=O)c3ccccc3)[C@H]2O[Si](C)(C)C(C)(C)C)c(=O)n(C)c1=O,4910.000000000002,-3.6910814921229687,1,train
COC(=O)NC1=CS(=O)(=O)O[C@@]12[C@@H](CO[Si](C)(C)C(C)(C)C)O[C@@H](n1cc(C)c(=O)n(C)c1=O)[C@@H]2O[Si](C)(C)C(C)(C)C,30699.99999999997,-4.487138375477186,1,train
COC(=O)CC(=O)NC1=CS(=O)(=O)O[C@@]12[C@@H](CO[Si](C)(C)C(C)(C)C)O[C@@H](n1cc(C)c(=O)n(C)c1=O)[C@@H]2O[Si](C)(C)C(C)(C)C,29700.0,-4.472756449317212,1,train
Cc1cn([C@@H]2O[C@H](CO[Si](C)(C)C(C)(C)C)[C@@]3(OS(=O)(=O)C=C3NC(N)=O)[C@H]2O[Si](C)(C)C(C)(C)C)c(=O)n(C)c1=O,4359.999999999998,-3.639486489268586,1,train
CCNC(=O)NC1=CS(=O)(=O)O[C@@]12[C@@H](CO[Si](C)(C)C(C)(C)C)O[C@@H](n1cc(C)c(=O)n(C)c1=O)[C@@H]2O[Si](C)(C)C(C)(C)C,4260.0,-3.629409599102719,1,train
Cc1cn([C@@H]2O[C@H](CO[Si](C)(C)C(C)(C)C)[C@@]3(OS(=O)(=O)C=C3NC(=O)NC(=O)c3ccccc3)[C@H]2O[Si](C)(C)C(C)(C)C)c(=O)n(C)c1=O,2289.9999999999995,-3.359835482339888,1,train
CCOC(=O)NC(=O)NC1=CS(=O)(=O)O[C@@]12[C@@H](CO[Si](C)(C)C(C)(C)C)O[C@@H](n1cc(C)c(=O)n(C)c1=O)[C@@H]2O[Si](C)(C)C(C)(C)C,3000.0000000000014,-3.4771212547196626,1,train
C=C(C)C(=O)NC(=O)NC1=CS(=O)(=O)O[C@@]12[C@@H](CO[Si](C)(C)C(C)(C)C)O[C@@H](n1cc(C)c(=O)n(C)c1=O)[C@@H]2O[Si](C)(C)C(C)(C)C,1199.9999999999995,-3.0791812460476247,1,train
CCOC(=O)CNC(=O)NC1=CS(=O)(=O)O[C@@]12[C@@H](CO[Si](C)(C)C(C)(C)C)O[C@@H](n1cc(C)c(=O)n(C)c1=O)[C@@H]2O[Si](C)(C)C(C)(C)C,5019.999999999999,-3.7007037171450192,1,train
CCOC(=O)CN1C(=O)CN(C(=O)NC2=CS(=O)(=O)O[C@@]23[C@@H](CO[Si](C)(C)C(C)(C)C)O[C@@H](n2cc(C)c(=O)n(C)c2=O)[C@@H]3O[Si](C)(C)C(C)(C)C)C1=O,1420.000000000001,-3.1522883443830567,0,train
COC(=O)CNC1=CS(=O)(=O)O[C@@]12[C@@H](CO[Si](C)(C)C(C)(C)C)O[C@@H](n1cc(C)c(=O)n(C)c1=O)[C@@H]2O[Si](C)(C)C(C)(C)C,95999.9999999999,-4.982271233039568,1,train
Cc1cn([C@@H]2O[C@H](CO[Si](C)(C)C(C)(C)C)[C@@]3(OS(=O)(=O)C=C3NCC(=O)OCc3ccccc3)[C@H]2O[Si](C)(C)C(C)(C)C)c(=O)n(C)c1=O,249999.99999999997,-5.3979400086720375,1,train
Cc1cn([C@@H]2O[C@H](CO[Si](C)(C)C(C)(C)C)[C@@]3(OS(=O)(=O)C=C3NCC(=O)O)[C@H]2O[Si](C)(C)C(C)(C)C)c(=O)n(C)c1=O,65000.000000000015,-4.812913356642856,1,train
Cc1cn([C@@H]2O[C@H](CO[Si](C)(C)C(C)(C)C)[C@@]3(OS(=O)(=O)C=C3NCCC(=O)O)[C@H]2O[Si](C)(C)C(C)(C)C)c(=O)n(C)c1=O,19400.00000000002,-4.2878017299302265,1,train
Cc1cn([C@@H]2O[C@H](CO[Si](C)(C)C(C)(C)C)[C@@]3(OS(=O)(=O)C=C3NCC(N)=O)[C@H]2O[Si](C)(C)C(C)(C)C)c(=O)n(C)c1=O,14600.000000000002,-4.164352855784437,0,train
Cc1cn([C@@H]2O[C@H](CO[Si](C)(C)C(C)(C)C)[C@@]3(OS(=O)(=O)C=C3NCCC(N)=O)[C@H]2O[Si](C)(C)C(C)(C)C)c(=O)n(C)c1=O,21000.00000000001,-4.32221929473392,0,train
Cn1cc(C(=O)O)c(=O)c2cc(N)c(N3CCN(c4cccc(C(F)(F)F)c4)CC3)cc21,17919.98279681649,-4.253337588403603,0,test
Cn1cc(C(=O)O)c(=O)c2cc(N)c(N3CCN(c4nc5ccccc5o4)CC3)cc21,5245.07618473158,-3.7197518007027393,0,train
Nc1cc2c(=O)c(C(=O)O)cn(C3CC3)c2cc1N1CCN(c2cccc(C(F)(F)F)c2)CC1,19048.94945043781,-4.279871029331395,0,train
CC12C[N+](C)(C)CC34C5c6cc7c8c9c6-c6c5c5c%10c%11c6C6c%12c%13c%14c%15c%16c%17c%18c(c%19c%20c%21c%22c%23c%24c(c%10c%10c(c%12%11)c%14c%11c%10c%24c%22c%10c%20c%18c%15c%10%11)C5C35C=%23CC%215C%1914)C(C%17=C8C1(C[N+](C)(C)CC%16%131)C96)C72,12499.999999999996,-4.096910013008056,0,train
O=c1ccc2nnn3c2n1C1O[C@H](C3)[C@@H](O)[C@H]1O,13800.000000000013,-4.139879086401237,0,train
Nc1nc(NC2CC2)c2ncn([C@H]3C=C[C@@H](COP(=O)(O)O)C3)c2n1,13000.000000000004,-4.113943352306837,0,train
Nc1nc(NC2CC2)c2ncn([C@H]3C=C[C@@H](CO)C3)c2n1,78000.00000000007,-4.892094602690481,0,train
COC(=O)[C@@H](C)NP(=O)(OC[C@@H]1C=C[C@H](n2cnc3c(O)nc(N)nc32)C1)Oc1ccccc1,78000.00000000007,-4.892094602690481,0,train
Nc1nc2c(ncn2[C@H]2C=C[C@@H](CO)C2)c(=O)[nH]1,160000.0000000001,-5.204119982655925,0,train
CCOC(=O)[C@@H](C)NP(=O)(OC[C@@H]1C=C[C@H](n2cnc3c(NC4CC4)nc(N)nc32)C1)Oc1ccccc1,12000.000000000007,-4.079181246047625,0,train
CC(C)OC(=O)[C@@H](C)NP(=O)(OC[C@@H]1C=C[C@H](n2cnc3c(NC4CC4)nc(N)nc32)C1)Oc1ccccc1,13000.000000000004,-4.113943352306837,0,train
C[C@@H](NP(=O)(OC[C@@H]1C=C[C@H](n2cnc3c(NC4CC4)nc(N)nc32)C1)Oc1ccccc1)C(=O)OC(C)(C)C,8600.000000000004,-3.934498451243568,0,train
C[C@@H](NP(=O)(O)OC[C@@H]1C=C[C@H](n2cnc3c(NC4CC4)nc(N)nc32)C1)C(=O)O,8600.000000000004,-3.934498451243568,0,test
Cc1cn([C@@H]2O[C@H](CO[Si](C)(C)C(C)(C)C)[C@@]3(OS(=O)(=O)C=C3N)[C@H]2O[Si](C)(C)C(C)(C)C)c(=O)n(CC(=O)OCc2ccccc2)c1=O,12899.999999999996,-4.110589710299249,1,train
Cc1cn([C@@H]2O[C@H](CO[Si](C)(C)C(C)(C)C)[C@@]3(OS(=O)(=O)C=C3N)[C@H]2O[Si](C)(C)C(C)(C)C)c(=O)n(CC(N)=O)c1=O,13300.0,-4.123851640967086,1,train
Cc1cn([C@@H]2O[C@H](CO[Si](C)(C)C(C)(C)C)[C@@]3(OS(=O)(=O)C=C3N)[C@H]2O[Si](C)(C)C(C)(C)C)c(=O)n(CC2CC2)c1=O,60400.00000000005,-4.781036938621132,1,train
Cc1cn([C@@H]2O[C@H](CO[Si](C)(C)C(C)(C)C)[C@@]3(OS(=O)(=O)C=C3N)[C@H]2O[Si](C)(C)C(C)(C)C)c(=O)n(Cc2ccccc2)c1=O,53000.000000000015,-4.724275869600789,1,test
Cc1cn([C@@H]2O[C@H](CO[Si](C)(C)C(C)(C)C)[C@@]3(OS(=O)(=O)C=C3N)[C@H]2O[Si](C)(C)C(C)(C)C)c(=O)n(CC(=O)O)c1=O,152000.00000000003,-5.181843587944773,1,test
Cc1cn([C@@H]2O[C@H](CO[Si](C)(C)C(C)(C)C)[C@@]3(OS(=O)(=O)C=C3N)[C@H]2O[Si](C)(C)C(C)(C)C)c(=O)n(CCBr)c1=O,128999.99999999996,-5.110589710299249,1,train
Cc1cn([C@@H]2O[C@H](CO[Si](C)(C)C(C)(C)C)[C@@]3(OS(=O)(=O)C=C3N)[C@H]2O[Si](C)(C)C(C)(C)C)c(=O)n(CCO)c1=O,11300.000000000004,-4.05307844348342,1,train
COCCn1c(=O)c(C)cn([C@@H]2O[C@H](CO[Si](C)(C)C(C)(C)C)[C@@]3(OS(=O)(=O)C=C3N)[C@H]2O[Si](C)(C)C(C)(C)C)c1=O,38799.99999999996,-4.588831725594207,1,train
Cc1cn([C@@H]2O[C@H](CO[Si](C)(C)C(C)(C)C)[C@@]3(OS(=O)(=O)C=C3N)[C@H]2O[Si](C)(C)C(C)(C)C)c(=O)n(CCc2ccccc2)c1=O,14200.000000000007,-4.152288344383057,1,test
Cc1cn([C@@H]2O[C@H](CO[Si](C)(C)C(C)(C)C)[C@@]3(OS(=O)(=O)C=C3N)[C@H]2O[Si](C)(C)C(C)(C)C)c(=O)n(CCCN(C)C)c1=O,10400.00000000001,-4.017033339298781,1,train
Cc1cn([C@@H]2O[C@H](CO[Si](C)(C)C(C)(C)C)[C@@]3(OS(=O)(=O)C=C3N)[C@H]2O[Si](C)(C)C(C)(C)C)c(=O)n(CCc2cccc3cc[nH]c23)c1=O,27600.00000000003,-4.440909082065218,0,test
Cc1cn([C@@H]2O[C@H](CO[Si](C)(C)C(C)(C)C)[C@@]3(OS(=O)(=O)C=C3N)[C@H]2O[Si](C)(C)C(C)(C)C)c(=O)n(CC(=O)N(C)C)c1=O,245000.0000000001,-5.389166084364533,1,train
COC(=O)CCCCn1c(=O)c(C)cn([C@@H]2O[C@H](CO[Si](C)(C)C(C)(C)C)[C@@]3(OS(=O)(=O)C=C3N)[C@H]2O[Si](C)(C)C(C)(C)C)c1=O,124999.99999999996,-5.096910013008056,1,train
CCOC(=O)CCCCCn1c(=O)c(C)cn([C@@H]2O[C@H](CO[Si](C)(C)C(C)(C)C)[C@@]3(OS(=O)(=O)C=C3N)[C@H]2O[Si](C)(C)C(C)(C)C)c1=O,40599.99999999997,-4.608526033577194,0,train
CNC(=O)CCCCCn1c(=O)c(C)cn([C@@H]2O[C@H](CO[Si](C)(C)C(C)(C)C)[C@@]3(OS(=O)(=O)C=C3N)[C@H]2O[Si](C)(C)C(C)(C)C)c1=O,22100.00000000002,-4.344392273685111,0,train
COC(=O)/C=C/Cn1c(=O)c(C)cn([C@@H]2O[C@H](CO[Si](C)(C)C(C)(C)C)[C@@]3(OS(=O)(=O)C=C3N)[C@H]2O[Si](C)(C)C(C)(C)C)c1=O,142000.0000000001,-5.152288344383057,1,test
Cc1cn([C@@H]2O[C@H](CO[Si](C)(C)C(C)(C)C)[C@@]3(OS(=O)(=O)C=C3N)[C@H]2O[Si](C)(C)C(C)(C)C)c(=O)n(C/C=C/CO)c1=O,4410.000000000001,-3.644438589467839,1,train
Cc1cn([C@@H]2O[C@H](CO[Si](C)(C)C(C)(C)C)[C@@]3(OS(=O)(=O)C=C3N)[C@H]2O[Si](C)(C)C(C)(C)C)c(=O)n(CCCCO)c1=O,20500.0,-4.311753861055754,1,train
Cc1cn([C@@H]2O[C@H](CO[Si](C)(C)C(C)(C)C)[C@@]3(OS(=O)(=O)C=C3N)[C@H]2O[Si](C)(C)C(C)(C)C)c(=O)n(CCCNC(=O)OCc2ccccc2)c1=O,229000.0000000002,-5.359835482339888,1,test
CCN(CC)C(=S)N/N=C1\C(=O)N(CN(Cc2ccccc2)Cc2ccccc2)c2ccccc21,8289.999999999996,-3.918554530550274,0,train
CCN(CC)C(=S)N/N=C1\C(=O)N(CN(C)C)c2ccccc21,2860.000000000001,-3.456366033129043,0,train
CCN(CC)C(=S)N/N=C1\C(=O)N(CN2CCN(Cc3ccccc3)CC2)c2ccccc21,14000.000000000004,-4.146128035678238,0,test
CCN(CC)C(=S)N/N=C1\C(=O)N(CN2CCN(c3ccc(F)cc3)CC2)c2ccccc21,14500.000000000013,-4.161368002234975,0,train
CCN(CC)C(=S)N/N=C1\C(=O)N(CN2CCN(c3ccc([N+](=O)[O-])cc3)CC2)c2ccccc21,11900.000000000007,-4.075546961392531,0,train
CCN(CC)C(=S)N/N=C1\C(=O)N(CN2CCN(c3cccc(C(F)(F)F)c3)CC2)c2ccccc21,44900.00000000001,-4.652246341003323,0,test
CCN(CC)C(=S)N/N=C1\C(=O)N(CN2CCN(c3ncccn3)CC2)c2ccccc21,12800.000000000013,-4.107209969647869,0,test
CCN(CC)C(=S)N/N=C1\C(=O)N(CN2CC(C)OC(C)C2)c2ccccc21,13300.0,-4.123851640967086,0,train
CCN(CC)C(=S)N/N=C1\C(=O)N(CN2CCN(c3cc4c(cc3F)c(=O)c(C(=O)O)cn4CC)CC2)c2ccccc21,37500.0,-4.574031267727719,0,train
CC(C)(C)c1cccc2c1OP(=O)(COCCn1cnc3c(N)ncnc31)OC2,28999.99999999997,-4.462397997898956,0,train
CC(C)(C)c1cc2c(c(C(C)(C)C)c1)OP(=O)(COCCn1cnc3c(N)ncnc31)OC2,17000.000000000007,-4.230448921378274,0,train
Nc1ncnc2c1ncn2CCOCP1(=O)Nc2cccc(F)c2CO1,244000.0000000001,-5.38738982633873,0,train
Nc1ncnc2c1ncn2CCOCP1(=O)Nc2ccccc2CO1,183000.0000000001,-5.26245108973043,0,train
O=[N+]([O-])c1ccccc1/C=N/c1nc(NC2CC2)c2ncn(C3C=CC(CO)C3)c2n1,13000.000000000004,-4.113943352306837,0,train
Cc1ccc2c(c1)/C(=N\c1nc(NC3CC3)c3ncn(C4C=CC(CO)C4)c3n1)C(=O)N2,78000.00000000007,-4.892094602690481,0,train
O=C1Nc2ccc(F)cc2/C1=N\c1nc(NC2CC2)c2ncn(C3C=CC(CO)C3)c2n1,56000.00000000004,-4.748188027006201,0,train
O=C1Nc2ccccc2/C1=N\c1nc(NC2CC2)c2ncn(C3C=CC(CO)C3)c2n1,48000.00000000005,-4.681241237375588,0,train
OCC1C=CC(n2cnc3c(NC4CC4)nc(/N=C(\c4ccccc4)c4ccc(Br)cc4)nc32)C1,45000.00000000003,-4.653212513775344,0,train
C/C(=N\c1nc(NC2CC2)c2ncn(C3C=CC(CO)C3)c2n1)c1ccc(O)cc1,61999.99999999994,-4.792391689498253,0,train
COc1ccc(/C=N/c2nc(NC3CC3)c3ncn(C4C=CC(CO)C4)c3n2)c(O)c1,100000.0,-5.0,0,train
O=[N+]([O-])c1ccc(/C=N/c2nc(NC3CC3)c3ncn(C4C=CC(CO)C4)c3n2)cc1,12000.000000000007,-4.079181246047625,0,train
C=CCc1ccc(O)c(-c2ccc(O)c(CC=C)c2)c1,10900.000000000004,-4.037426497940624,0,test
C=CCc1ccc(O)c(-c2cc(CC=C)ccc2O)c1,99499.99999999993,-4.997823080745725,0,train
Cc1cn(C2OC(CO[Si](C)(C)C(C)(C)C)C3(OS(=O)(=O)C=C3N)C2O[Si](C)(C)C(C)(C)C)c(=O)n(CCCNC(=O)[C@@H]2CCCN2C(=O)[C@H](C)N)c1=O,19000.0,-4.278753600952829,0,train
Cc1cn(C2OC(CO[Si](C)(C)C(C)(C)C)C3(OS(=O)(=O)C=C3N)C2O[Si](C)(C)C(C)(C)C)c(=O)n(CCCNC(=O)[C@@H]2CCCN2C(=O)[C@@H](N)Cc2ccccc2)c1=O,14000.000000000004,-4.146128035678238,0,test
Cc1cn(C2OC(CO[Si](C)(C)C(C)(C)C)C3(OS(=O)(=O)C=C3N)C2O[Si](C)(C)C(C)(C)C)c(=O)n(CCCNC(=O)[C@@H]2CCCN2C(=O)[C@@H](N)Cc2ccc(O)cc2)c1=O,10000.0,-4.0,0,train
Cc1cn(C2OC(CO[Si](C)(C)C(C)(C)C)C3(OS(=O)(=O)C=C3N)C2O[Si](C)(C)C(C)(C)C)c(=O)n(CCCNC(=O)[C@@H]2CCCN2C(=O)[C@@H](N)CCCCN)c1=O,46999.99999999996,-4.672097857935717,0,train
Cc1cn(C2OC(CO[Si](C)(C)C(C)(C)C)C3(OS(=O)(=O)C=C3N)C2O[Si](C)(C)C(C)(C)C)c(=O)n(CCCNC(=O)[C@@H]2CCCN2C(=O)CN)c1=O,51000.00000000005,-4.707570176097937,0,train
Cc1cn(C2OC(CO[Si](C)(C)C(C)(C)C)C3(OS(=O)(=O)C=C3N)C2O[Si](C)(C)C(C)(C)C)c(=O)n(CCCNC(=O)[C@@H]2CCCN2C(=O)[C@@H](N)CC(N)=O)c1=O,24999.999999999996,-4.3979400086720375,0,train
Cc1cn(C2OC(CO[Si](C)(C)C(C)(C)C)C3(OS(=O)(=O)C=C3N)C2O[Si](C)(C)C(C)(C)C)c(=O)n(CCCNC(=O)[C@@H]2CCCN2C(=O)[C@@H](N)CCC(=O)O)c1=O,30000.00000000001,-4.477121254719663,0,test
Cc1cn(C2OC(CO[Si](C)(C)C(C)(C)C)C3(OS(=O)(=O)C=C3N)C2O[Si](C)(C)C(C)(C)C)c(=O)n(CCCNC(=O)[C@H](C)NC(=O)[C@@H](N)C(C)C)c1=O,11000.000000000007,-4.041392685158225,0,train
Cc1cn(C2OC(CO[Si](C)(C)C(C)(C)C)C3(OS(=O)(=O)C=C3N)C2O[Si](C)(C)C(C)(C)C)c(=O)n(CCCNC(=O)CNC(=O)[C@@H](N)C(C)C)c1=O,10000.0,-4.0,0,train
Cc1cn(C2OC(CO[Si](C)(C)C(C)(C)C)C3(OS(=O)(=O)C=C3N)C2O[Si](C)(C)C(C)(C)C)c(=O)n(CCCNC(=O)[C@H](CC(C)C)NC(=O)[C@@H](N)C(C)C)c1=O,11000.000000000007,-4.041392685158225,0,train
Cc1cn(C2OC(CO[Si](C)(C)C(C)(C)C)C3(OS(=O)(=O)C=C3N)C2O[Si](C)(C)C(C)(C)C)c(=O)n(CCCNC(=O)[C@H](Cc2ccccc2)NC(=O)[C@@H](N)C(C)C)c1=O,10000.0,-4.0,0,test
Cc1cn(C2OC(CO[Si](C)(C)C(C)(C)C)C3(OS(=O)(=O)C=C3N)C2O[Si](C)(C)C(C)(C)C)c(=O)n(CCCNC(=O)[C@@H]2C[C@@H](OCc3ccccc3)CN2C(=O)[C@@H](N)C(C)C)c1=O,2099.999999999999,-3.322219294733919,1,train
Cc1cn(C2OC(CO[Si](C)(C)C(C)(C)C)C3(OS(=O)(=O)C=C3N)C2O[Si](C)(C)C(C)(C)C)c(=O)n(CCCNC(=O)[C@@H]2[C@@H](O)[C@@H](O)CN2C(=O)[C@@H](N)C(C)C)c1=O,51000.00000000005,-4.707570176097937,1,train
Cc1cn(C2OC(CO[Si](C)(C)C(C)(C)C)C3(OS(=O)(=O)C=C3N)C2O[Si](C)(C)C(C)(C)C)c(=O)n(CCCNC(=O)[C@@H]2C[C@@H](O)CN2C(=O)[C@@H](N)C(C)C)c1=O,15000.000000000004,-4.176091259055681,0,train
Cc1cn(C2OC(CO[Si](C)(C)C(C)(C)C)C3(OS(=O)(=O)C=C3N)C2O[Si](C)(C)C(C)(C)C)c(=O)n(CCCNC(=O)[C@@H](NC(=O)[C@@H]2CCCN2C(=O)[C@@H](N)C(C)C)C(C)C)c1=O,11000.000000000007,-4.041392685158225,0,train
Cc1cn(C2OC(CO[Si](C)(C)C(C)(C)C)C3(OS(=O)(=O)C=C3N)C2O[Si](C)(C)C(C)(C)C)c(=O)n(CCCNC(=O)[C@@H](N)C(C)C)c1=O,9600.0,-3.982271233039568,0,train
Nc1ncnc2c1ncn2/C=C1/[C@@H](F)[C@@H]1CO,8999.999999999998,-3.9542425094393248,0,train
Nc1nc(O)c2c(ncn2/C=C2/[C@@H](F)[C@H]2CO)n1,74000.00000000001,-4.869231719730976,0,train
Cc1ccc(S(=O)(=O)N(Cc2ccccc2)c2ccc(Nc3nc(N4C[C@H](N)C[C@H](N)C4)nc(N4C[C@H](N)C[C@H](N)C4)n3)cc2O)cc1,68000.00000000004,-4.832508912706237,0,train
N[C@@H]1C[C@H](N)CN(c2nc(Nc3ccc(NC(=O)c4ccc(Cl)cc4)c(O)c3)nc(N3C[C@H](N)C[C@H](N)C3)n2)C1,180000.00000000015,-5.2552725051033065,0,train
N[C@@H]1C[C@H](N)CN(c2nc(Nc3ccc(NC(=O)c4ccc5ccccc5c4O)cc3)nc(N3C[C@H](N)C[C@H](N)C3)n2)C1,140000.00000000006,-5.146128035678238,0,train
N[C@@H]1C[C@H](N)CN(c2nc(Nc3ccc(C(=O)CC(=O)Nc4cccc(Br)c4)cc3)nc(N3C[C@H](N)C[C@H](N)C3)n2)C1,123999.9999999999,-5.093421685162235,0,train
N[C@@H]1C[C@H](N)CN(c2nc(Nc3ccc(C(=O)CC(=O)Nc4ccc5c(c4)OC(F)(F)O5)cc3)nc(N3C[C@H](N)C[C@H](N)C3)n2)C1,146000.00000000003,-5.164352855784437,0,train
N[C@@H]1C[C@H](N)CN(c2nc(Nc3ccc(C(=O)CC(=O)Nc4ccc(F)c(F)c4)cc3)nc(N3C[C@H](N)C[C@H](N)C3)n2)C1,179000.00000000006,-5.252853030979893,0,test
N[C@@H]1C[C@H](N)CN(c2nc(Nc3ccc(C(=O)CC(=O)Nc4ccccc4Cl)cc3)nc(N3C[C@H](N)C[C@H](N)C3)n2)C1,71000.00000000003,-4.851258348719076,0,train
N[C@@H]1C[C@H](N)CN(c2nc(Nc3ccc(C(=O)CC(=O)Nc4ccc(-c5ccccc5)cc4)cc3)nc(N3C[C@H](N)C[C@H](N)C3)n2)C1,24000.00000000002,-4.380211241711606,0,train
N[C@@H]1C[C@H](N)CN(c2nc(Nc3ccc(NC(=O)C(=O)c4c[nH]c5ccccc45)c(O)c3)nc(N3C[C@H](N)C[C@H](N)C3)n2)C1,92000.00000000006,-4.963787827345556,0,train
Cc1ccc2nc(-c3ccc(Nc4nc(N5C[C@H](N)C[C@H](N)C5)nc(N5C[C@H](N)C[C@H](N)C5)n4)cc3)sc2c1,32999.99999999997,-4.518513939877887,0,test
Nc1ncn(CCOCP(=O)(O)O)c(=O)n1,383768.2040047815,-5.584068989687365,0,train
Nc1nc2c(ncn2COC(CO)CO)c(=O)[nH]1,4999.999999999999,-3.6989700043360183,1,train
Cc1cc(C(F)(F)F)nc(N2C(=O)CSC2c2c(Cl)cccc2Cl)n1,46699.99999999996,-4.669316880566112,0,train
Fc1cccc(F)c1C1SCc2nc3ccccc3n21,49999.99999999999,-4.698970004336019,0,train
Cc1cc(N2C(=O)CSC2c2c(F)cccc2F)nc(C)n1,271599.99999999977,-5.433929765608464,0,train
Cc1cc(N2C(=O)CSC2c2c(F)cccc2Cl)nc(C)n1,47600.00000000005,-4.6776069527204935,0,train
Cc1cc(N2C(=O)CSC2c2c(Cl)cccc2Cl)nc(C)n1,42000.00000000003,-4.623249290397901,0,train
Cc1cc(-c2ccccc2)nc(N2C(=O)CSC2c2c(F)cccc2F)n1,36499.99999999999,-4.562292864456475,0,train
Cc1cc(-c2ccccc2)nc(N2C(=O)CSC2c2c(F)cccc2Cl)n1,171900.0,-5.235275876687052,0,train
Cc1cc(-c2ccccc2)nc(N2C(=O)CSC2c2c(Cl)cccc2Cl)n1,35299.999999999985,-4.547774705387822,0,train
Cc1cc(C(F)(F)F)nc(N2C(=O)CSC2c2c(F)cccc2F)n1,140399.99999999997,-5.147367107793786,0,train
Cc1cc(C(F)(F)F)nc(N2C(=O)CSC2c2c(F)cccc2Cl)n1,19300.000000000004,-4.285557309007774,0,train
O=C1CSC(c2c(F)cccc2Cl)N1c1nccs1,44159.99999999998,-4.645029064721142,0,train
Cc1nc(N2C(=O)CSC2c2c(F)cccc2Cl)sc1C,32729.99999999997,-4.514946005308004,0,train
Cc1csc(N2C(=O)CSC2c2c(F)cccc2Cl)n1,162559.99999999997,-5.211013690603825,0,train
Cc1csc(N2C(=O)CSC2c2c(Cl)cccc2Cl)n1,249310.0,-5.396739698711229,0,test
CN(C)CCN1C(=O)CSC1C12CC3CC(CC(C3)C1)C2,124999.99999999996,-5.096910013008056,0,train
Cc1ccc(N2C(=O)CSC2C23CC4CC(CC(C4)C2)C3)nc1,58999.99999999994,-4.770852011642144,0,test
Cc1cccnc1N1C(=O)CSC1C12CC3CC(CC(C3)C1)C2,28999.99999999997,-4.462397997898956,0,train
O=C1CSC(C23CC4CC(CC(C4)C2)C3)N1c1ccncc1,159000.0000000001,-5.201397124320452,0,train
O=C1CSC(C23CC4CC(CC(C4)C2)C3)N1c1cccnc1,105000.00000000004,-5.021189299069938,0,train
COc1ccc(N2C(=O)CSC2C23CC4CC(CC(C4)C2)C3)cc1,74000.00000000001,-4.869231719730976,0,train
CCN(CC)CCCN1C(=O)CSC1C12CC3CC(CC(C3)C1)C2,88999.99999999991,-4.949390006644912,0,train
CN(C)CCCN1C(=O)CSC1C12CC3CC(CC(C3)C1)C2,122000.00000000004,-5.086359830674748,0,train
O=C1CSC(C23CC4CC(CC(C4)C2)C3)N1CCN1CCOCC1,140000.00000000006,-5.146128035678238,0,train
O=C1CSC(C23CC4CC(CC(C4)C2)C3)N1CCN1CCCCC1,44000.00000000005,-4.643452676486188,0,train
CCN(CC)CCN1C(=O)CSC1C12CC3CC(CC(C3)C1)C2,56000.00000000004,-4.748188027006201,0,test
CCCCCCCCCCCCCCCCCCOP1(=O)CO[C@@H](Cn2cnc(N)nc2=O)CO1,23316.907867124733,-4.3676709566665615,0,test
CCCCCCCCCCCCCCCCOCCOP1(=O)CO[C@@H](Cn2cnc(N)nc2=O)CO1,3768.983900785268,-3.5762242823646875,0,train
CC(C)(C)C(=O)OCOP1(=O)CO[C@@H](Cn2cnc(N)nc2=O)CO1,47833.41216988302,-4.679731362132585,0,train
CCn1cc(C(=O)O)c(=O)c2cc(F)c(N3CCN(CNC(=O)C4=C(O)[C@@H](N(C)C)[C@@H]5C[C@H]6C(=C(O)[C@]5(O)C4=O)C(=O)c4c(O)cccc4[C@@]6(C)O)CC3)cc21,131000.00000000006,-5.117271295655764,0,train
CN(C)c1ccc(O)c2c1C[C@H]1C[C@H]3[C@H](N(C)C)C(O)=C(C(N)=O)C(=O)[C@@]3(O)C(O)=C1C2=O,52099.99999999997,-4.716837723299524,0,train
CN(C)[C@@H]1C(O)=C(C(=O)NCN2CCCC2)C(=O)[C@@]2(O)C(O)=C3C(=O)c4c(O)cccc4[C@@](C)(O)[C@H]3C[C@@H]12,45500.00000000002,-4.658011396657113,0,test
CN(C)[C@@H]1C(O)=C(C(N)=O)C(=O)[C@@]2(O)C(O)=C3C(=O)c4c(O)cccc4[C@@](C)(O)[C@H]3C[C@@H]12,40499.99999999997,-4.607455023214668,0,train
COc1c(N2CCN(CNC(=O)C3=C(O)[C@@H](N(C)C)[C@@H]4C[C@@H]5Cc6c(N(C)C)ccc(O)c6C(=O)C5=C(O)[C@]4(O)C3=O)C(C)C2)c(F)cc2c(=O)c(C(=O)O)cn(C3CC3)c12,125999.99999999988,-5.1003705451175625,0,train
CN(C)c1ccc(O)c2c1C[C@H]1C[C@H]3[C@H](N(C)C)C(O)=C(C(=O)NCN4CCN(c5cc6c(cc5F)c(=O)c(C(=O)O)cn6C5CC5)CC4)C(=O)[C@@]3(O)C(O)=C1C2=O,120000.00000000007,-5.079181246047625,0,test
CCn1cc(C(=O)O)c(=O)c2cc(F)c(N3CCN(CNC(=O)C4=C(O)[C@@H](N(C)C)[C@@H]5C[C@@H]6Cc7c(N(C)C)ccc(O)c7C(=O)C6=C(O)[C@]5(O)C4=O)CC3)cc21,130100.00000000004,-5.114277296561586,0,train
COc1c(N2CCN(CNC(=O)C3=C(O)[C@@H](N(C)C)[C@@H]4[C@@H](O)[C@H]5C(=C(O)[C@]4(O)C3=O)C(=O)c3c(O)cccc3[C@@]5(C)O)C(C)C2)c(F)cc2c(=O)c(C(=O)O)cn(C3CC3)c12,28900.000000000025,-4.460897842756548,0,train
CN(C)[C@@H]1C(O)=C(C(=O)NCN2CCN(c3cc4c(cc3F)c(=O)c(C(=O)O)cn4C3CC3)CC2)C(=O)[C@@]2(O)C(O)=C3C(=O)c4c(O)cccc4[C@@](C)(O)[C@H]3[C@H](O)[C@@H]12,17699.99999999999,-4.247973266361806,0,train
CCn1cc(C(=O)O)c(=O)c2cc(F)c(N3CCN(CNC(=O)C4=C(O)[C@@H](N(C)C)[C@@H]5[C@@H](O)[C@H]6C(=C(O)[C@]5(O)C4=O)C(=O)c4c(O)cccc4[C@@]6(C)O)C(C)C3)c(F)c21,37399.99999999997,-4.57287160220048,0,train
CCn1cc(C(=O)O)c(=O)c2cc(F)c(N3CCN(CNC(=O)C4=C(O)[C@@H](N(C)C)[C@@H]5[C@@H](O)[C@H]6C(=C(O)[C@]5(O)C4=O)C(=O)c4c(O)cccc4[C@@]6(C)O)CC3)cc21,40000.00000000001,-4.6020599913279625,0,train
COc1c(N2CCN(CNC(=O)C3=C(O)[C@@H](N(C)C)[C@@H]4C[C@H]5C(=C(O)[C@]4(O)C3=O)C(=O)c3c(O)cccc3[C@@]5(C)O)C(C)C2)c(F)cc2c(=O)c(C(=O)O)cn(C3CC3)c12,140000.00000000006,-5.146128035678238,0,test
CN(C)[C@@H]1C(O)=C(C(=O)NCN2CCN(c3cc4c(cc3F)c(=O)c(C(=O)O)cn4C3CC3)CC2)C(=O)[C@@]2(O)C(O)=C3C(=O)c4c(O)cccc4[C@@](C)(O)[C@H]3C[C@@H]12,140999.99999999994,-5.14921911265538,0,train
Cc1cn([C@@H]2O[C@H](CO[Si](C)(C)C(C)(C)C)[C@]3(C(N)=C(c4ccccc4)S(=O)(=O)N3C)[C@H]2O[Si](C)(C)C(C)(C)C)c(=O)n(C)c1=O,10900.000000000004,-4.037426497940624,0,train
Cc1cn([C@@H]2O[C@H](CO[Si](C)(C)C(C)(C)C)[C@@]3(NS(=O)(=O)C=C3N)[C@H]2O[Si](C)(C)C(C)(C)C)c(=O)[nH]c1=O,19099.999999999985,-4.281033367247727,0,train
O=C1CSC(c2c(F)cccc2F)N1CCC12CC3CC(CC(C3)C1)C2,7899.999999999999,-3.8976270912904414,0,train
COc1cc(C2SCC(=O)N2CCC23CC4CC(CC(C4)C2)C3)cc(OC)c1OC,11300.000000000004,-4.05307844348342,0,train
COc1cc(C2SCC(=O)N2CC23CC4CC(CC(C4)C2)C3)cc(OC)c1OC,18000.000000000015,-4.2552725051033065,0,train
O=C1CSC(c2c(F)cccc2Cl)N1CCC12CC3CC(CC(C3)C1)C2,18500.0,-4.267171728403014,0,train
O=C1CSC(c2c(Cl)cccc2Cl)N1CCC12CC3CC(CC(C3)C1)C2,19000.0,-4.278753600952829,0,train
O=C1CSC(c2c(F)cccc2Cl)N1CC12CC3CC(CC(C3)C1)C2,20199.999999999985,-4.305351369446623,0,train
O=C1CSC(c2c(Cl)cccc2Cl)N1CC12CC3CC(CC(C3)C1)C2,21100.00000000002,-4.324282455297693,0,train
Cc1cc(N2C(=O)CSC2CC23CC4CC(CC(C4)C2)C3)nc(C)n1,22100.00000000002,-4.344392273685111,0,train
Cc1cc(C)nc(N2C(=O)CSC2CC23CC4CC(CC(C4)C2)C3)n1,26999.99999999997,-4.431363764158987,0,train
Cc1ccnc(N2C(=O)CSC2CC23CC4CC(CC(C4)C2)C3)n1,27300.000000000025,-4.4361626470407565,0,train
Cc1ccnc(N2C(=O)CSC2CC23CC4CC(CC(C4)C2)C3)c1,29299.999999999975,-4.466867620354109,0,train
Cc1cccc(N2C(=O)CSC2CC23CC4CC(CC(C4)C2)C3)n1,35000.0,-4.544068044350276,0,test
CCN(CC)CCN1C(=O)CSC1CC12CC3CC(CC(C3)C1)C2,42999.99999999997,-4.633468455579586,0,test
O=C1CSC(CC23CC4CC(CC(C4)C2)C3)N1CCN1CCCC1,77000.00000000007,-4.886490725172482,0,test
CN(C)CCN1C(=O)CSC1CC12CC3CC(CC(C3)C1)C2,77000.00000000007,-4.886490725172482,0,test
Cc1cc(N2C(=O)CSC2C23CC4CC(CC(C4)C2)C3)nc(C)n1,93999.99999999993,-4.973127853599698,0,test
Cc1cc(Cl)nc(N2C(=O)CSC2CC23CC4CC(CC(C4)C2)C3)n1,102000.00000000007,-5.008600171761918,0,train
Cc1cc(C)nc(N2C(=O)CSC2CC23CC4CC(CC(C4)C2)C3)c1,115000.00000000004,-5.060697840353612,0,train
Cc1cc(C)nc(N2C(=O)CSC2C23CC4CC(CC(C4)C2)C3)n1,122000.00000000004,-5.086359830674748,0,train
Cc1ccnc(N2C(=O)CSC2C23CC4CC(CC(C4)C2)C3)n1,136000.00000000012,-5.133538908370218,0,train
Nc1ccn([C@@H]2CC[C@H](CO)O2)c(=O)n1,70000.00000000001,-4.845098040014257,0,train
Nc1ccn([C@@H]2C=C[C@H](CO)O2)c(=O)n1,20000.000000000004,-4.301029995663981,1,train
COC(=O)CNC(=O)CCc1ccc2c(c1)COP(=O)(OC[C@@H]1C=C[C@H](n3cc(C)c(=O)[nH]c3=O)O1)O2,220000.0000000002,-5.342422680822207,0,test
Cc1cn([C@H]2C=C[C@@H](COP3(=O)OCc4cc(CCC(=O)O)ccc4O3)O2)c(=O)[nH]c1=O,74000.00000000001,-4.869231719730976,0,train
Cc1cn([C@H]2C=C[C@@H](COP3(=O)OCc4cc(CCC(=O)OCOC(=O)C(C)(C)C)ccc4O3)O2)c(=O)[nH]c1=O,80999.99999999996,-4.9084850188786495,0,train
CC(=O)OCOC(=O)CCc1ccc2c(c1)COP(=O)(OC[C@@H]1C=C[C@H](n3cc(C)c(=O)[nH]c3=O)O1)O2,24000.00000000002,-4.380211241711606,0,test
Cc1cn([C@H]2C=C[C@@H](COP3(=O)OCc4cc(CCC(=O)N5CCC[C@H]5C(=O)OCc5ccccc5)ccc4O3)O2)c(=O)[nH]c1=O,46000.00000000003,-4.662757831681574,0,test
COC(=O)[C@@H]1CCCN1C(=O)CCc1ccc2c(c1)COP(=O)(OC[C@@H]1C=C[C@H](n3cc(C)c(=O)[nH]c3=O)O1)O2,182000.00000000012,-5.260071387985075,0,train
Cc1cn([C@H]2C=C[C@@H](COP3(=O)OCc4cc(CCC(=O)N[C@@H](C)C(=O)O)ccc4O3)O2)c(=O)[nH]c1=O,77000.00000000007,-4.886490725172482,0,train
Cc1cn([C@H]2C=C[C@@H](COP3(=O)OCc4cc(CCC(=O)N[C@@H](C)C(=O)OC(C)(C)C)ccc4O3)O2)c(=O)[nH]c1=O,53000.000000000015,-4.724275869600789,0,test
Cc1cn([C@H]2C=C[C@@H](COP3(=O)OCc4cc(CCC(=O)NCC(=O)OCc5ccccc5)ccc4O3)O2)c(=O)[nH]c1=O,75000.00000000001,-4.8750612633917,0,test
Cn1cc(C(=O)O)c(=O)c2ccc(N3CCN(c4nc5ccccc5s4)CC3)cc21,16028.766165510098,-4.204900093275306,0,train
Cn1cc(C(=O)O)c(=O)c2ccc(N3CCN(c4cccc(C(F)(F)F)c4)CC3)cc21,2781.550900063512,-3.444287011576668,0,train
Cn1cc(C(=O)O)c(=O)c2cc(N)c(N3CCN(c4ccc5ccccc5n4)CC3)cc21,9662.848095371148,-3.985105152274464,0,train
Nc1cc2c(=O)c(C(=O)O)c[nH]c2cc1N1CCN(c2nc3ccccc3o2)CC1,7819.167566980908,-3.893160520283642,0,train
Nc1cc2c(=O)c(C(=O)O)c[nH]c2cc1N1CCN(c2nccs2)CC1,42539.21415532737,-4.628789462737436,0,test
Nc1cc2c(=O)c(C(=O)O)c[nH]c2cc1N1CCN(c2ccccn2)CC1,12999.701691055938,-4.1139333865057015,0,train
O=c1c(F)c(O)ccn1[C@@H]1O[C@H](CO)[C@@H](O)[C@H]1O,9600.0,-3.982271233039568,0,train
O=c1cc(O)ccn1[C@@H]1O[C@H](CO)[C@@H](O)[C@H]1O,11000.000000000007,-4.041392685158225,0,train
O=C1CSC(c2c(Br)cccc2Br)N1c1nccs1,108560.0,-5.035669834651681,0,test
O=C1CSC(c2c(Br)cccc2Br)N1Cc1cccs1,35599.99999999997,-4.551449997972875,0,train
O=C1CSC(c2c(Br)cccc2Br)N1Cc1ccco1,36629.99999999998,-4.563836918664545,0,train
O=C1CSC(c2c(Br)cccc2Br)N1Cc1ccccn1,117459.99999999996,-5.069889996506938,0,train
O=C1CSC(c2c(Br)cccc2Br)N1c1ccccn1,17069.999999999996,-4.2322335211147335,1,train
Cc1cccc(N2C(=O)CSC2c2c(Br)cccc2Br)n1,233219.99999999997,-5.36776579101491,0,train
O=C1CSC(c2c(Br)cccc2Br)N1c1cccc(C(F)(F)F)n1,29790.000000000036,-4.474070503215044,0,train
Cc1nc(N2C(=O)CSC2c2c(Br)cccc2Br)ccc1Br,97979.99999999993,-4.991137435120312,0,train
O=C1CSC(c2c(Br)cccc2Br)N1c1ncccn1,178699.99999999997,-5.252124552505644,1,test
Cc1ccnc(N2C(=O)CSC2c2c(Br)cccc2Br)n1,36260.00000000002,-4.55942779975949,0,test
Cc1cc(C(F)(F)F)nc(N2C(=O)CSC2c2c(Br)cccc2Br)n1,59299.999999999935,-4.773054693364262,0,train
Cc1cc(N2C(=O)CSC2c2c(Br)cccc2Br)nc(C)n1,33529.99999999997,-4.52543355342882,0,test
Cc1cc(-c2cc(C)c3c(c2)COP(=O)(OC[C@@H]2C=C[C@H](n4cc(C)c(=O)[nH]c4=O)O2)O3)cc2c1OP(=O)(OC[C@@H]1C=C[C@H](n3cc(C)c(=O)[nH]c3=O)O1)OC2,64000.00000000005,-4.806179973983888,0,train
Cc1cn([C@H]2C=C[C@@H](COP3(=O)OCc4cc(-c5ccc(O)c(CO)c5)ccc4O3)O2)c(=O)[nH]c1=O,82000.0,-4.913813852383717,0,train
Cc1cc(-c2cc(C)c(O)c(CO)c2)cc(CO)c1O,95999.9999999999,-4.982271233039568,0,train
CC(C)(C)c1cc(-c2cc(CO)c(O)c(C(C)(C)C)c2)cc(CO)c1O,20000.000000000004,-4.301029995663981,0,train
COc1ccc(-c2cn3c(=O)c4ncn([C@H]5C[C@H](N=[N+]=[N-])[C@@H](CO)O5)c4nc3[nH]2)cc1,13500.000000000013,-4.130333768495007,0,test
CCN(CC)c1ccc(-c2cn3c(=O)c4ncn([C@H]5C[C@H](N=[N+]=[N-])[C@@H](CO)O5)c4nc3[nH]2)cc1,14099.999999999993,-4.14921911265538,0,train
[N-]=[N+]=N[C@H]1C[C@H](n2cnc3c(=O)n4cc(-c5ccccc5)[nH]c4nc32)O[C@@H]1CO,21800.00000000001,-4.338456493604605,0,train
CN(C)c1ccc(-c2cn3c(=O)c4ncn([C@H]5C[C@H](N=[N+]=[N-])[C@@H](CO)O5)c4nc3[nH]2)cc1,74600.00000000004,-4.872738827472669,0,train
CCN(CC)c1ccc(-c2cn3c(=O)c4ncn([C@H]5CO[C@@H](CO)O5)c4nc3[nH]2)cc1,80799.99999999996,-4.907411360774586,0,train
CC(C)CC(=O)c1c(O)c(C(=O)CC(C)C)c(O)c(C(c2ccccc2)c2c(O)c(C(=O)CC(C)C)c(O)c(C(=O)CC(C)C)c2O)c1O,3149.9999999999995,-3.4983105537896004,1,test
CC(C)CC(=O)c1c(O)c(C(=O)CC(C)C)c(O)c(C(c2ccccn2)c2c(O)c(C(=O)CC(C)C)c(O)c(C(=O)CC(C)C)c2O)c1O,38049.99999999999,-4.580354661106592,1,train
CC(=O)c1c(O)c(C(C)=O)c(O)c(C(c2ccc(N(C)C)cc2)c2c(O)c(C(C)=O)c(O)c(C(C)=O)c2O)c1O,22069.999999999996,-4.343802333161655,0,train
CC(=O)c1c(O)c(C(C)=O)c(O)c(C(c2c(O)c(C(C)=O)c(O)c(C(C)=O)c2O)c2ccnc3ccccc23)c1O,93349.99999999996,-4.970114322285097,0,train
CC(C)CC(=O)c1c(O)c(C(=O)CC(C)C)c(O)c(C(c2ccc(OCc3ccccc3)cc2)c2c(O)c(C(=O)CC(C)C)c(O)c(C(=O)CC(C)C)c2O)c1O,24000.00000000002,-4.380211241711606,0,train
CC(=O)c1c(O)c(C(C)=O)c(O)c(C(c2ccco2)c2c(O)c(C(C)=O)c(O)c(C(C)=O)c2O)c1O,61180.00000000004,-4.78660947264866,0,train
CC(=O)c1c(O)c(C(C)=O)c(O)c(C(c2c(O)c(C(C)=O)c(O)c(C(C)=O)c2O)C2CCCCC2)c1O,58930.0,-4.770336441095149,0,train
C=CC(C)(C)C1(CC=C(C)C)C(=O)Nc2ccccc2C1=O,55890.000000000015,-4.747334109615905,0,train
CC(C)=CCOc1c(CC=C(C)C)c(O)nc2ccccc12,71169.99999999994,-4.852296965826925,0,train
CC(C)=CCC1(CC=C(C)C)C(=O)Nc2ccccc2C1=O,62620.000000000015,-4.7967130632808965,0,train
CCCC1(CCC)C(=O)Nc2ccccc2C1=O,113459.99999999996,-5.054842779228683,0,train
CC(C)=CCCC1(CCC=C(C)C)C(=O)Nc2ccccc2C1=O,67379.99999999997,-4.828531006645101,0,train
CC(C)=CCCOc1c(CCC=C(C)C)c(O)nc2ccccc12,103380.00000000007,-5.0144365278316725,0,train
CCCCOc1c(CCCC)c(O)nc2ccccc12,191720.0000000001,-5.282667420319751,0,train
CC(C)CCOc1c(CCC(C)C)c(O)nc2ccccc12,160129.99999999994,-5.204472703648964,0,train
C#CCOc1c(CC#C)c(O)nc2ccccc12,146830.0000000001,-5.166814798790912,0,test
CC(C)=CCOc1cc(O)nc2ccccc12,77369.99999999996,-4.8885725968576,0,train
CC(C)CCOc1cc(O)nc2ccccc12,114670.00000000007,-5.059449812507961,0,train
C#CCOc1cc(O)nc2ccccc12,102510.0,-5.010766233518425,0,train
C[C@H](NP(=O)(OC[C@H]1O[C@@H](n2cnc3c(=O)[nH]c(N)nc32)[C@](C)(O)[C@@H]1O)Oc1cccc2ccccc12)C(=O)O[C@@H](C)c1ccccc1,82000.0,-4.913813852383717,0,train
COC(=O)c1cc2c([nH]c3ccccc32)c(C=O)n1,20299.99999999998,-4.307496037913213,0,train
O=C(O)c1cccc(-c2ccc(-c3c4nc(c(-c5ccc(-c6cccc(C(=O)O)c6)cc5)c5ccc([nH]5)c(-c5ccc(-c6cccc(C(=O)O)c6)cc5)c5nc(c(-c6ccc(-c7cccc(C(=O)O)c7)cc6)c6ccc3[nH]6)C=C5)C=C4)cc2)c1,42299.99999999999,-4.626340367375042,0,train
O=C(O)c1ccc(-c2ccc(-c3c4nc(c(-c5ccc(-c6ccc(C(=O)O)cc6)cc5)c5ccc([nH]5)c(-c5ccc(-c6ccc(C(=O)O)cc6)cc5)c5ccc([nH]5)c(-c5ccc(-c6ccc(C(=O)O)cc6)cc5)c5nc3C=C5)C=C4)cc2)cc1,18599.99999999999,-4.269512944217916,0,train
O=C(O)CNC(=O)c1ccc(-c2c3nc(c(-c4ccc(C(=O)NCC(=O)O)cc4)c4ccc([nH]4)c(-c4ccc(C(=O)NCC(=O)O)cc4)c4nc(c(-c5ccc(C(=O)NCC(=O)O)cc5)c5ccc2[nH]5)C=C4)C=C3)cc1,26999.99999999997,-4.431363764158987,0,test
CC1(C)C=Cc2c(ccc3c2C(=O)C(O)=C(C2=C(C4=C(O)C(=O)c5c(ccc6c5C=CC(C)(C)O6)C4=O)C(=O)c4ccccc4C2=O)C3=O)O1,10000.0,-4.0,0,train
COc1ccc2c(c1)C(=O)C(C1=C(O)C(=O)c3c(ccc4c3C=CC(C)(C)O4)C1=O)=C(C1=C(O)C(=O)c3c(ccc4c3C=CC(C)(C)O4)C1=O)C2=O,10000.0,-4.0,0,train
CCCOc1ccc2c(c1)C(=O)C(C1=C(O)C(=O)c3c(ccc4c3C=CC(C)(C)O4)C1=O)=C(C1=C(O)C(=O)c3c(ccc4c3C=CC(C)(C)O4)C1=O)C2=O,1000.0,-3.0,0,test
O=C1C(O)=C(C2=C(C3=C(O)C(=O)c4ccccc4C3=O)C(=O)c3ccccc3C2=O)C(=O)c2ccccc21,48000.00000000005,-4.681241237375588,0,train
Cc1ccc(/C=C/C(=O)c2ccc(NC(=O)c3cc(F)cc(F)c3)cc2)cc1O,18599.99999999999,-4.269512944217916,0,test
O=C(Cc1cccs1)Nc1ccc(C(=O)/C=C/c2ccc(O)c(O)c2)cc1,51399.99999999996,-4.710963118995275,0,train
O=C(/C=C/c1ccc(O)c(O)c1)c1ccc(NC(=O)c2ccccc2)cc1,20299.99999999998,-4.307496037913213,0,train
COc1ccc(C(=O)Nc2ccc(C(=O)/C=C/c3ccc(O)c(O)c3)cc2)cc1,32300.000000000007,-4.509202522331103,0,train
O=C(/C=C/c1ccc(O)c(O)c1)c1ccc(NC(=O)c2ccc(F)c(F)c2)cc1,15700.000000000013,-4.195899652409234,0,train
O=C(/C=C/c1ccc(O)c(O)c1)c1ccc(NC(=O)C23C[C@H]4C[C@@H](C2)C[C@@H](C3)C4)cc1,13500.000000000013,-4.130333768495007,0,train
CCOC(=O)[C@H](C)NP(=O)(OC[C@H]1O[C@@H](n2cnc3c(OC)nc(N)nc32)[C@](C)(F)[C@@H]1O)Oc1ccccc1,55000.00000000004,-4.740362689494244,0,train
CCOC(=O)[C@H](C)NP(=O)(OC[C@H]1O[C@@H](n2cnc3c(OCC)nc(N)nc32)[C@](C)(F)[C@@H]1O)Oc1ccccc1,37000.0,-4.568201724066995,0,train
CCOC(=O)[C@H](C)NP(=O)(OC[C@H]1O[C@@H](n2cnc3c(N4CCC4)nc(N)nc32)[C@](C)(F)[C@@H]1O)Oc1ccccc1,39000.00000000003,-4.5910646070265,0,train
CCOC(=O)[C@H](C)NP(=O)(OC[C@H]1O[C@@H](n2cnc3c(NC4CC4)nc(N)nc32)[C@](C)(F)[C@@H]1O)Oc1ccccc1,45000.00000000003,-4.653212513775344,0,train
COC(=O)[C@H](C)NP(=O)(OC[C@H]1O[C@@H](n2cnc3c(OC)nc(N)nc32)[C@](C)(F)[C@@H]1O)Oc1ccccc1,20000.000000000004,-4.301029995663981,0,train
CCOc1nc(N)nc2c1ncn2[C@@H]1O[C@H](COP(=O)(N[C@@H](C)C(=O)OC)Oc2ccccc2)[C@@H](O)[C@@]1(C)F,74000.00000000001,-4.869231719730976,0,test
CCOc1nc(N)nc2c1ncn2[C@@H]1O[C@H](COP(=O)(N[C@@H](C)C(=O)OC(C)C)Oc2ccccc2)[C@@H](O)[C@@]1(C)F,92999.99999999993,-4.968482948553935,0,train
CCCOc1nc(N)nc2c1ncn2[C@@H]1O[C@H](COP(=O)(N[C@@H](C)C(=O)OC)Oc2ccccc2)[C@@H](O)[C@@]1(C)F,17000.000000000007,-4.230448921378274,0,train
CCCOc1nc(N)nc2c1ncn2[C@@H]1O[C@H](COP(=O)(N[C@@H](C)C(=O)OC(C)C)Oc2ccccc2)[C@@H](O)[C@@]1(C)F,44000.00000000005,-4.643452676486188,0,train
COC(=O)[C@H](C)NP(=O)(OC[C@H]1O[C@@H](n2cnc3c(N4CCC4)nc(N)nc32)[C@](C)(F)[C@@H]1O)Oc1ccccc1,75000.00000000001,-4.8750612633917,0,train
CC(C)OC(=O)[C@H](C)NP(=O)(OC[C@H]1O[C@@H](n2cnc3c(N4CCC4)nc(N)nc32)[C@](C)(F)[C@@H]1O)Oc1ccccc1,74000.00000000001,-4.869231719730976,0,test
COC(=O)[C@H](C)NP(=O)(OC[C@H]1O[C@@H](n2cnc3c(NC4CC4)nc(N)nc32)[C@](C)(F)[C@@H]1O)Oc1ccccc1,34000.00000000002,-4.531478917042255,0,train
[N-]=[N+]=N[C@H]1C[C@H](n2cnc3c(N)ncnc32)O[C@@H]1CO,50599.99999999996,-4.704150516839799,0,train
Cc1cc(C)cc(S(=O)(=O)c2c(C(=O)NCCn3cccc3)[nH]c3ccc(Cl)c(F)c23)c1,9799.999999999996,-3.991226075692495,1,train
Cc1cc(C)cc(S(=O)(=O)c2c(C(=O)NCCN3CCCC3)[nH]c3ccc(Cl)c(F)c23)c1,6399.999999999998,-3.806179973983887,1,test
Cc1cc(C)cc(S(=O)(=O)c2c(C(=O)NCN3CCCC3)[nH]c3ccc(Cl)c(F)c23)c1,9300.000000000002,-3.9684829485539352,0,train
Cc1cc(C)cc(S(=O)(=O)c2c(C(=O)NCN3CCCCC3)[nH]c3ccc(Cl)cc23)c1,9899.999999999996,-3.9956351945975497,1,test
Cc1cc(C)cc(S(=O)(=O)c2c(C(=O)NCN3CCCCC3)[nH]c3ccc(Br)cc23)c1,10000.0,-4.0,1,train
Cc1cc(C)cc(S(=O)(=O)c2c(C(=O)NCc3ccccc3)[nH]c3ccc(Cl)c(F)c23)c1,15000.000000000004,-4.176091259055681,1,train
Cc1cc(C)cc(S(=O)(=O)c2c(C(=O)NCCc3ccccc3)[nH]c3ccc(Cl)c(F)c23)c1,17000.000000000007,-4.230448921378274,1,train
Cc1cc(C)cc(S(=O)(=O)c2c(C(=O)NCN3CCCC3)[nH]c3ccc(Br)cc23)c1,9600.0,-3.982271233039568,1,train
Cc1cc(C)cc(S(=O)(=O)c2c(C(=O)NCCN3CCOCC3)[nH]c3ccc(Cl)c(F)c23)c1,11000.000000000007,-4.041392685158225,1,train
Cc1cc(C)cc(S(=O)(=O)c2c(C(=O)NCN3CCCC3)[nH]c3ccc([N+](=O)[O-])cc23)c1,12000.000000000007,-4.079181246047625,1,train
Cc1cc(C)cc(S(=O)(=O)c2c(C(=O)NCN3CCCCC3)[nH]c3ccc([N+](=O)[O-])cc23)c1,12000.000000000007,-4.079181246047625,1,train
Cc1cc(C)cc(S(=O)(=O)c2c(C(=O)NCN3CCCCC3)[nH]c3ccc(Cl)c(F)c23)c1,32000.000000000025,-4.505149978319906,0,train
Cc1cc(C)cc(S(=O)(=O)c2c(C(=O)NCCN3CCCC3)[nH]c3ccc(Cl)cc23)c1,7100.000000000003,-3.851258348719076,1,train
Cc1cc(C)cc(S(=O)(=O)c2c(C(=O)NCN3CCOCC3)[nH]c3ccc(Cl)cc23)c1,11000.000000000007,-4.041392685158225,1,train
Cc1cc(C)cc(S(=O)(=O)c2c(C(=O)NCCN3CCCC3)[nH]c3ccc(Br)cc23)c1,5599.999999999998,-3.7481880270062,1,train
Cc1cc(C)cc(S(=O)(=O)c2c(C(=O)NCCc3ccccc3)[nH]c3ccc(Cl)cc23)c1,185000.0,-5.267171728403014,1,train
Cc1cc(C)cc(S(=O)(=O)c2c(C(=O)NCN3CCCC3)[nH]c3ccc(Cl)cc23)c1,11000.000000000007,-4.041392685158225,1,train
Cc1cc(C)cc(S(=O)(=O)c2c(C(=O)NCN3CCOCC3)[nH]c3ccc([N+](=O)[O-])cc23)c1,46000.00000000003,-4.662757831681574,0,test
Cc1cc(C)cc(S(=O)(=O)c2c(C(=O)NCN3CCOCC3)[nH]c3ccc(Br)cc23)c1,35000.0,-4.544068044350276,1,train
Cc1cc(C)cc(S(=O)(=O)c2c(C(=O)NCCN3CCCC3)[nH]c3ccc([N+](=O)[O-])cc23)c1,21000.00000000001,-4.32221929473392,1,train
Cc1cc(C)cc(S(=O)(=O)c2c(C(=O)NCN3CCOCC3)[nH]c3ccc(Cl)c(F)c23)c1,37999.99999999999,-4.57978359661681,1,train
Cc1cc(C)cc(S(=O)(=O)c2c(C(=O)NCCn3cccc3)[nH]c3ccc(Cl)cc23)c1,53999.99999999996,-4.732393759822968,0,train
Cc1cc(C)cc(S(=O)(=O)c2c(C(=O)NCc3ccccc3)[nH]c3ccc(Br)cc23)c1,171999.9999999999,-5.235528446907549,1,test
Cc1cc(C)cc(S(=O)(=O)c2c(C(=O)NCCOc3ccccc3)[nH]c3ccc(Cl)cc23)c1,206999.99999999985,-5.315970345456917,1,train
Cc1cc(C)cc(S(=O)(=O)c2c(C(=O)NCCN3CCOCC3)[nH]c3ccc(Cl)cc23)c1,49999.99999999999,-4.698970004336019,0,train
Cc1cc(C)cc(S(=O)(=O)c2c(C(=O)NCCn3cccc3)[nH]c3ccc(Br)cc23)c1,146000.00000000003,-5.164352855784437,1,train
Cc1cc(C)cc(S(=O)(=O)c2c(C(=O)NCCn3cccc3)[nH]c3ccc([N+](=O)[O-])cc23)c1,226000.00000000012,-5.354108439147401,1,train
Cc1cc(C)cc(S(=O)(=O)c2c(C(=O)NCc3ccccc3)[nH]c3ccc(Cl)cc23)c1,244000.0000000001,-5.38738982633873,1,train
Cc1cc(C)cc(S(=O)(=O)c2c(C(=O)NCCN3CCOCC3)[nH]c3ccc(Br)cc23)c1,409000.00000000006,-5.611723308007342,1,train
Cc1cc(C)cc(S(=O)(=O)c2c(C(=O)NCCc3ccccc3)[nH]c3ccc(Br)cc23)c1,409000.00000000006,-5.611723308007342,1,train
Cc1cc(C)cc(S(=O)(=O)c2c(C(=O)NCc3ccccc3)[nH]c3ccc([N+](=O)[O-])cc23)c1,8000.000000000004,-3.903089986991944,1,train
Cc1cc(C)cc(S(=O)(=O)c2c(C(=O)NCCOc3ccccc3)[nH]c3ccc(Cl)c(F)c23)c1,11000.000000000007,-4.041392685158225,1,test
Cc1cc(C)cc(S(=O)(=O)c2c(C(=O)NCCN3CCOCC3)[nH]c3ccc([N+](=O)[O-])cc23)c1,42000.00000000003,-4.623249290397901,0,train
CC(CP(=O)(O)O)OCCn1cnc2c(N)ncnc21,20000.000000000004,-4.301029995663981,0,train
Nc1ncnc2c1ncn2CCOC(Cc1ccccc1)CP(=O)(O)O,530000.0000000001,-5.724275869600789,0,train
Nc1ncnc2c1ncn2CCOCP(=O)(OCCOCCCCCCCCCCO)OCCOCCCCCCCCCCO,13500.000000000013,-4.130333768495007,0,train
Cc1oc(=O)oc1COP(=O)(O)COCCn1cnc2c(N)ncnc21,87999.99999999993,-4.944482672150168,0,train
Cc1cn([C@@H]2O[C@H](CO[Si](C)(C)C(C)(C)C)[C@@]3(OS(=O)(=O)C=C3N)[C@H]2O[Si](C)(C)C(C)(C)C)c(=O)n(C(=O)c2ccccc2)c1=O,53999.99999999996,-4.732393759822968,1,test
Cc1cn([C@@H]2O[C@H](CO[Si](C)(C)C(C)(C)C)[C@@]3(OS(=O)(=O)C=C3N)[C@H]2O[Si](C)(C)C(C)(C)C)c(=O)n(C(=O)CCCBr)c1=O,11000.000000000007,-4.041392685158225,1,train
Cc1cn([C@@H]2O[C@H](CO[Si](C)(C)C(C)(C)C)[C@@]3(OS(=O)(=O)C=C3N)[C@H]2O[Si](C)(C)C(C)(C)C)c(=O)n(C(=O)C2CC2)c1=O,11000.000000000007,-4.041392685158225,1,train
COC(=O)CCCC(=O)n1c(=O)c(C)cn([C@@H]2O[C@H](CO[Si](C)(C)C(C)(C)C)[C@@]3(OS(=O)(=O)C=C3N)[C@H]2O[Si](C)(C)C(C)(C)C)c1=O,9899.999999999996,-3.9956351945975497,1,train
Cc1cn([C@@H]2O[C@H](CO[Si](C)(C)C(C)(C)C)[C@@]3(OS(=O)(=O)C=C3N)[C@H]2O[Si](C)(C)C(C)(C)C)c(=O)n(C(=O)CCCC(N)=O)c1=O,8700.000000000004,-3.9395192526186182,1,train
CNC(=O)CCCC(=O)n1c(=O)c(C)cn([C@@H]2O[C@H](CO[Si](C)(C)C(C)(C)C)[C@@]3(OS(=O)(=O)C=C3N)[C@H]2O[Si](C)(C)C(C)(C)C)c1=O,9099.999999999996,-3.959041392321093,1,train
Cc1cn([C@@H]2O[C@H](CO[Si](C)(C)C(C)(C)C)[C@@]3(OS(=O)(=O)C=C3N)[C@H]2O[Si](C)(C)C(C)(C)C)c(=O)n(C(=O)CCCC(=O)N(C)C)c1=O,9499.999999999996,-3.977723605288848,1,train
CSC(=O)CCCC(=O)n1c(=O)c(C)cn([C@@H]2O[C@H](CO[Si](C)(C)C(C)(C)C)[C@@]3(OS(=O)(=O)C=C3N)[C@H]2O[Si](C)(C)C(C)(C)C)c1=O,9899.999999999996,-3.9956351945975497,1,train
Cc1cn([C@@H]2O[C@H](CO[Si](C)(C)C(C)(C)C)[C@@]3(OS(=O)(=O)C=C3N)[C@H]2O[Si](C)(C)C(C)(C)C)c(=O)n(C(=O)CCCC(=O)OC(C)(C)C)c1=O,11000.000000000007,-4.041392685158225,1,train
Cc1cn([C@@H]2O[C@H](CO[Si](C)(C)C(C)(C)C)[C@@]3(OS(=O)(=O)C=C3N)[C@H]2O[Si](C)(C)C(C)(C)C)c(=O)n(C(=O)CCCC(=O)OCc2ccccc2)c1=O,9199.999999999996,-3.963787827345555,1,train
Cc1cn([C@@H]2O[C@H](CO[Si](C)(C)C(C)(C)C)[C@@]3(OS(=O)(=O)C=C3N)[C@H]2O[Si](C)(C)C(C)(C)C)c(=O)n(C(=O)CCCC(=O)NCc2ccccc2)c1=O,8800.000000000002,-3.9444826721501687,1,train
COC(=O)c1cccc(C(=O)n2c(=O)c(C)cn([C@@H]3O[C@H](CO[Si](C)(C)C(C)(C)C)[C@@]4(OS(=O)(=O)C=C4N)[C@H]3O[Si](C)(C)C(C)(C)C)c2=O)c1,14000.000000000004,-4.146128035678238,0,test
Cc1cn([C@@H]2O[C@H](CO[Si](C)(C)C(C)(C)C)[C@@]3(OS(=O)(=O)C=C3N)[C@H]2O[Si](C)(C)C(C)(C)C)c(=O)n(C)c1=O,115000.00000000004,-5.060697840353612,1,train
COc1ccc(/C=C(\C#N)n2nnc3ccccc32)cc1,200.00000000000003,-2.3010299956639813,0,train
Cc1ccc(/C=C(\C#N)n2nnc3ccccc32)cc1,200.00000000000003,-2.3010299956639813,0,test
N#C/C(=C\c1ccc(Br)cc1)n1nnc2ccccc21,400.0000000000001,-2.6020599913279625,0,test
N#C/C(=C\c1ccc2c(c1)OCO2)n1nnc2ccccc21,899.9999999999998,-2.9542425094393248,0,train
Sc1ncnc2nc[nH]c12,1000.0,-3.0,0,train
COc1cc([C@@H]2c3cc4c(cc3[C@@H](O[C@@H]3O[C@@H]5CO[C@@H](C)O[C@H]5[C@H](O)[C@H]3O)[C@H]3COC(=O)[C@H]23)OCO4)cc(OC)c1O,89.99999999999997,-1.9542425094393248,0,train
Cc1ccc(/C=C(\C#N)n2nnc3cc(Cl)c(Cl)cc32)cc1,2800.0000000000014,-3.4471580313422194,0,train
N#C/C(=C\c1ccc(Br)cc1)n1nnc2cc(Cl)c(Cl)cc21,5300.000000000001,-3.724275869600789,0,test
Cc1ccc(OCCn2ccc(=O)[nH]c2=O)c(Cc2ccccc2)c1,48000.00000000005,-4.681241237375588,0,train
Cc1cccc(Cc2cc(C)ccc2OCCn2ccc(=O)[nH]c2=O)c1,53000.000000000015,-4.724275869600789,0,test
Cc1cc(C)cc(Cc2cc(C)ccc2OCCn2ccc(=O)[nH]c2=O)c1,65999.99999999994,-4.819543935541868,0,train
Cc1nc(N)nc2c1ncn2[C@@H]1O[C@H](CO)[C@@H](O)[C@@]1(C)O,13000.000000000004,-4.113943352306837,0,train
C[C@@]1(OC(=O)c2ccccc2)[C@H](OC(=O)c2ccccc2)[C@@H](COC(=O)c2ccccc2)O[C@H]1n1cnc2c(N)nc(NO)nc21,26999.99999999997,-4.431363764158987,0,train
C[C@@]1(OC(=O)c2ccccc2)[C@H](OC(=O)c2ccccc2)[C@@H](COC(=O)c2ccccc2)O[C@H]1n1cnc2c(Cl)nc(NO)nc21,7300.0,-3.863322860120456,0,test
O=[N+]([O-])c1ccc(-c2nc3cc4cccnc4c(Cl)c3[nH]2)cc1,49000.00000000002,-4.690196080028514,0,test
O=c1[nH]c2cc3cccnc3c(Cl)c2nc1-c1ccccc1,16000.00000000001,-4.204119982655925,0,train
O=c1[nH]c2cc3cccnc3c(Cl)c2nc1Cc1ccccc1,19000.0,-4.278753600952829,0,train
CC[C@@]1(O)C(=O)OCc2c1cc1n(c2=O)Cc2cc3ccccc3nc2-1,3.0,-0.4771212547196624,0,train
COC(=O)N[C@H](C(=O)N1CCC[C@H]1c1ncc(-c2ccc(Oc3ccc(-c4cnc([C@@H]5CCCN5C(=O)[C@@H](NC(=O)OC)C(C)C)[nH]4)cc3)cc2)[nH]1)C(C)C,16000.00000000001,-4.204119982655925,0,train
COC(=O)N[C@H](C(=O)N1CCC[C@H]1c1ncc(-c2ccc(NS(=O)(=O)c3ccc(-c4cnc([C@@H]5CCCN5C(=O)[C@@H](NC(=O)OC)C(C)C)[nH]4)cc3)cc2)[nH]1)C(C)C,13000.000000000004,-4.113943352306837,0,train
COC(=O)N[C@H](C(=O)N1CCC[C@H]1c1ncc(-c2ccc(-c3ccc(-c4cnc([C@@H]5CCCN5C(=O)[C@@H](NC(=O)OC)C(C)C)[nH]4)s3)cc2)[nH]1)C(C)C,48000.00000000005,-4.681241237375588,1,test
COC(=O)N[C@H](C(=O)N1CCC[C@H]1c1ncc(-c2ccc(-c3ccc(-c4ccc(-c5cnc([C@@H]6CCCN6C(=O)[C@@H](NC(=O)OC)C(C)C)[nH]5)cc4)nc3)cc2)[nH]1)C(C)C,2300.000000000001,-3.361727836017593,1,train
COC(=O)N[C@H](C(=O)N1CCC[C@H]1c1ncc(-c2ccc(-c3cccc(-c4ccc(-c5cnc([C@@H]6CCCN6C(=O)[C@@H](NC(=O)OC)C(C)C)[nH]5)cc4)c3)cc2)[nH]1)C(C)C,3000.0000000000014,-3.4771212547196626,1,train
COC(=O)N[C@H](C(=O)N1CCC[C@H]1c1ncc(-c2ccc(-c3ccc(-c4ccc(-c5cnc([C@@H]6CCCN6C(=O)[C@@H](NC(=O)OC)C(C)C)[nH]5)cc4)s3)cc2)[nH]1)C(C)C,12000.000000000007,-4.079181246047625,0,train
COC(=O)N[C@H](C(=O)N1CCC[C@H]1c1ncc(-c2ccc(-c3ccc(-c4ccc(-c5cnc([C@@H]6CCCN6C(=O)[C@@H](NC(=O)OC)C(C)C)[nH]5)cn4)cc3)cc2)[nH]1)C(C)C,31000.00000000003,-4.491361693834273,1,train
COC(=O)N[C@H](C(=O)N1CCC[C@H]1c1ncc(-c2ccc(-c3cn(-c4ccc(-c5cnc([C@@H]6CCCN6C(=O)[C@@H](NC(=O)OC)C(C)C)[nH]5)cc4)nn3)cc2)[nH]1)C(C)C,4999.999999999999,-3.6989700043360183,1,train
COC(=O)N[C@H](C(=O)N1CCC[C@H]1c1ncc(-c2ccc(-c3ccc(-c4cnc([C@@H]5CCCN5C(=O)[C@@H](NC(=O)OC)C(C)C)[nH]4)cc3)cc2)[nH]1)C(C)C,9600.0,-3.982271233039568,0,train
COC(=O)N[C@H](C(=O)N1CCC[C@H]1c1nc(Cl)c(-c2ccc(-c3ccc(-c4[nH]c([C@@H]5CCCN5C(=O)[C@@H](NC(=O)OC)C(C)C)nc4Cl)cc3)cc2)[nH]1)C(C)C,12000.000000000007,-4.079181246047625,0,train
COC(=O)N[C@H](C(=O)N1CCC[C@H]1c1nc(Br)c(-c2ccc(-c3ccc(-c4[nH]c([C@@H]5CCCN5C(=O)[C@@H](NC(=O)OC)C(C)C)nc4Br)cc3)cc2)[nH]1)C(C)C,5700.000000000001,-3.755874855672492,0,train
COC(=O)N[C@H](C(=O)N1CCC[C@H]1c1nc(I)c(-c2ccc(-c3ccc(-c4[nH]c([C@@H]5CCCN5C(=O)[C@@H](NC(=O)OC)C(C)C)nc4I)cc3)cc2)[nH]1)C(C)C,35000.0,-4.544068044350276,1,train
COC(=O)N[C@H](C(=O)N1CCC[C@H]1c1nc(F)c(-c2ccc(-c3ccc(-c4[nH]c([C@@H]5CCCN5C(=O)[C@@H](NC(=O)OC)C(C)C)nc4F)cc3)cc2)[nH]1)C(C)C,3000.0000000000014,-3.4771212547196626,1,train
COC(=O)N[C@H](C(=O)N1CCC[C@H]1c1ncc(-c2ccc(-c3ccc(-c4[nH]c([C@@H]5CCCN5C(=O)[C@@H](NC(=O)OC)C(C)C)nc4F)cc3)cc2)[nH]1)C(C)C,2800.0000000000014,-3.4471580313422194,1,train
COC(=O)N[C@H](C(=O)N1CCC[C@H]1c1nc(-c2ccccc2)c(-c2ccc(-c3ccc(-c4[nH]c([C@@H]5CCCN5C(=O)[C@@H](NC(=O)OC)C(C)C)nc4-c4ccccc4)cc3)cc2)[nH]1)C(C)C,37399.99999999997,-4.57287160220048,1,test
COC(=O)N[C@H](C(=O)N1CCC[C@H]1c1nc(-c2ccco2)c(-c2ccc(-c3ccc(-c4[nH]c([C@@H]5CCCN5C(=O)[C@@H](NC(=O)OC)C(C)C)nc4-c4ccco4)cc3)cc2)[nH]1)C(C)C,2900.0,-3.462397997898956,1,train
COC(=O)N[C@H](C(=O)N1C[C@@H](N=[N+]=[N-])C[C@H]1c1ncc(-c2ccc(-c3ccc(-c4cnc([C@@H]5C[C@H](N=[N+]=[N-])CN5C(=O)[C@@H](NC(=O)OC)C(C)C)[nH]4)cc3)cc2)[nH]1)C(C)C,18400.00000000001,-4.264817823009537,0,test
COC(=O)N[C@H](C(=O)N1C[C@H](n2cc(C(=O)OC)nn2)C[C@H]1c1ncc(-c2ccc(-c3ccc(-c4cnc([C@@H]5C[C@@H](n6cc(C(=O)OC)nn6)CN5C(=O)[C@@H](NC(=O)OC)C(C)C)[nH]4)cc3)cc2)[nH]1)C(C)C,10700.000000000002,-4.02938377768521,0,test
COC(=O)N[C@H](C(=O)N1C[C@H](N=[N+]=[N-])C[C@H]1c1ncc(-c2ccc(-c3ccc(-c4[nH]c([C@@H]5C[C@@H](N=[N+]=[N-])CN5C(=O)[C@@H](NC(=O)OC)C(C)C)nc4Cl)cc3)cc2)[nH]1)C(C)C,31000.00000000003,-4.491361693834273,0,train
Nc1ncnn1/C(S)=N/Cc1ccccc1,39000.00000000003,-4.5910646070265,0,train
COC(=O)N[C@H](C(=O)N1CCC[C@H]1c1nc(Cl)c(-c2ccc(-c3ccc(C(F)(F)F)cc3)cc2)[nH]1)C(C)C,10000.0,-4.0,0,train
COC(=O)N[C@H](C(=O)N1CCC[C@H]1c1ncc(-c2ccc(-c3ccc(N=[N+]=[N-])cc3)cc2)[nH]1)C(C)C,11000.000000000007,-4.041392685158225,0,test
COC(=O)N[C@H](C(=O)N1CCC[C@H]1c1ncc(-c2ccc(-c3ccc(S(C)(=O)=O)cc3)cc2)[nH]1)C(C)C,53999.99999999996,-4.732393759822968,0,train
COC(=O)N[C@H](C(=O)N1CCC[C@H]1c1ncc(-c2ccc(-c3ccc(CO)cc3)cc2)[nH]1)C(C)C,66999.99999999993,-4.826074802700826,0,train
COC(=O)N[C@H](C(=O)N1CCC[C@H]1c1ncc(-c2ccc(-c3ccc(C(=O)OC)cc3)cc2)[nH]1)C(C)C,61000.000000000015,-4.785329835010767,0,train
COC(=O)N[C@H](C(=O)N1CCC[C@H]1c1ncc(-c2ccc(-c3ccc(OC)cc3)cc2)[nH]1)C(C)C,30000.00000000001,-4.477121254719663,0,test
COC(=O)N[C@H](C(=O)N1CCC[C@H]1c1ncc(-c2ccc(-c3ccc(O)cc3)cc2)[nH]1)C(C)C,55000.00000000004,-4.740362689494244,0,train
COC(=O)N[C@H](C(=O)N1CCC[C@H]1c1ncc(-c2ccc(-c3ccc(OC(F)(F)F)cc3)cc2)[nH]1)C(C)C,10000.0,-4.0,0,train
COC(=O)N[C@H](C(=O)N1CCC[C@H]1c1ncc(-c2ccc(-c3cccc(C(F)(F)F)c3)cc2)[nH]1)C(C)C,32000.000000000025,-4.505149978319906,0,train
COC(=O)N[C@H](C(=O)N1CCC[C@H]1c1ncc(-c2ccc(-c3ccccc3C(F)(F)F)cc2)[nH]1)C(C)C,75000.00000000001,-4.8750612633917,0,train
COC(=O)N[C@H](C(=O)N1CCC[C@H]1c1ncc(-c2ccc(-c3ccc(C(F)(F)F)cc3)cc2)[nH]1)C(C)C,12000.000000000007,-4.079181246047625,0,test
COC(=O)N[C@H](C(=O)N1CCC[C@H]1c1ncc(-c2ccc(-c3ccc(C)cc3)cc2)[nH]1)C(C)C,16000.00000000001,-4.204119982655925,0,test
COC(=O)N[C@H](C(=O)N1CCC[C@H]1c1ncc(-c2ccc(-c3ccc(C#N)cc3)cc2)[nH]1)C(C)C,98000.00000000006,-4.991226075692495,0,train
COC(=O)N[C@H](C(=O)N1CCC[C@H]1c1nc(Br)c(-c2ccc(N=[N+]=[N-])cc2)[nH]1)C(C)C,52000.00000000004,-4.7160033436348,0,train
C=CC[C@H](NC(C)=O)C(=O)N1CCC[C@H]1c1ncc(-c2ccc(-c3ccccc3)cc2)[nH]1,73000.0,-4.863322860120456,0,train
C[C@H](NC(=O)OC(C)(C)C)C(=O)N1CCC[C@H]1c1ncc(-c2ccc(-c3ccccc3)cc2)[nH]1,11000.000000000007,-4.041392685158225,0,train
COC(=O)N[C@@H](CC(C)C)C(=O)N1CCC[C@H]1c1ncc(-c2ccc(-c3ccccc3)cc2)[nH]1,61000.000000000015,-4.785329835010767,0,train
COC(=O)N[C@H](C(=O)N1CCC[C@H]1c1ncc(-c2ccc(-c3ccccc3)cc2)[nH]1)C(C)C,70000.00000000001,-4.845098040014257,1,train
COC(=O)N[C@H](C(=O)N1CCC[C@H]1c1ncc(-c2ccc(C#N)cc2)[nH]1)C(C)C,98000.00000000006,-4.991226075692495,0,train
COC(=O)N[C@H](C(=O)N1CCC[C@H]1c1ncc(-c2ccc(Br)cc2)[nH]1)C(C)C,49999.99999999999,-4.698970004336019,0,train
N#Cc1c(Br)n([C@@H]2O[C@H](COC(=O)c3ccccc3)[C@@H](O)[C@H]2O)c2ncnc(N)c12,65099.99999999996,-4.813580988568192,0,test
C[C@@]1(O)[C@H](O)[C@@H](CO)O[C@H]1n1c2ncnc(N)c2c2c(=O)[nH]c(N)nc21,36499.99999999999,-4.562292864456475,0,test
Nc1ncnc2c1c1c(N)ncnc1n2[C@@H]1O[C@H](CO)[C@@H](O)[C@H]1O,29500.00000000003,-4.469822015978163,0,train
Nc1nc2c(c(=O)[nH]1)c1c(N)ncnc1n2[C@@H]1O[C@H](CO)[C@@H](O)[C@H]1O,20199.999999999985,-4.305351369446623,0,train
Cc1ccc(OC[C@H]2O[C@@H](n3c(N)c(C#N)c4c(N)ncnc43)[C@](C)(O)[C@@H]2O)cc1,10000.0,-4.0,0,test
Nc1ncnc2c1c1c(=O)[nH]c(S)nc1n2[C@@H]1O[C@H](CO)[C@@H](O)[C@H]1O,8200.0,-3.9138138523837167,0,train
Nc1ncnc2c1c1c(=O)[nH]c(=O)[nH]c1n2[C@@H]1O[C@H](COC(=O)c2ccccc2)[C@@H](O)[C@H]1O,7899.999999999999,-3.8976270912904414,0,train
CC(C)(C)C(=O)OCOP(=S)(COCCn1cnc2c(N)ncnc21)OCOC(=O)C(C)(C)C,2000.0,-3.3010299956639813,0,test
Cc1cc(C)cc(OCCCCCn2ccc(=O)[nH]c2=O)c1,153999.99999999985,-5.187520720836463,0,train
CC(C)OC(=O)CCc1ccccc1OP(=O)(N[C@@H](C)C(=O)OC(C)C)OC[C@@H]1OC[C@H](n2cnc3c(NC4CC4)ncnc32)O1,84000.00000000007,-4.924279286061882,0,train
CCOC(=O)CCc1ccccc1OP(=O)(N[C@@H](C)C(=O)OCC)OC[C@@H]1OC[C@H](n2cnc3c(N)ncnc32)O1,53000.000000000015,-4.724275869600789,0,train
CCOC(=O)[C@H](C)NP(=O)(OC[C@@H]1OC[C@H](n2cnc3c(N)ncnc32)O1)Oc1ccccc1,18000.000000000015,-4.2552725051033065,0,train
Nc1ncnc2c1ncn2[C@H]1CO[C@@H](CO)O1,28000.00000000001,-4.447158031342219,0,train
CC(C)(C)C(=O)OCOP(=O)(C/C=C/Cn1cc(C(N)=O)nn1)OCOC(=O)C(C)(C)C,52900.00000000005,-4.723455672035186,0,train
CCCCCCCCc1cn(C/C=C/CP(=O)(OCOC(=O)C(C)(C)C)OCOC(=O)C(C)(C)C)nn1,16800.00000000002,-4.225309281725863,0,train
CC(C)(C)C(=O)OCOP(=O)(C/C=C/Cn1cc(-c2cccs2)nn1)OCOC(=O)C(C)(C)C,31599.99999999997,-4.4996870826184034,0,train
CC(C)(C)C(=O)OCOP(=O)(C/C=C/Cn1cc(CO)nn1)OCOC(=O)C(C)(C)C,57400.000000000015,-4.758911892397974,0,train
COc1cc(OC)cc(-c2cn(C/C=C/CP(=O)(OCOC(=O)C(C)(C)C)OCOC(=O)C(C)(C)C)nn2)c1,68199.99999999999,-4.833784374656479,0,train
CC(C)(C)C(=O)OCOP(=O)(C/C=C/Cn1cc(-c2ccc(F)cc2)nn1)OCOC(=O)C(C)(C)C,31599.99999999997,-4.4996870826184034,0,train
CC(C)(C)C(=O)OCOP(=O)(C/C=C/Cn1cc(-c2ccc(OC(F)(F)F)cc2)nn1)OCOC(=O)C(C)(C)C,37599.99999999999,-4.575187844927661,0,train
CCCCCCc1ccc(-c2cn(C/C=C/CP(=O)(OCOC(=O)C(C)(C)C)OCOC(=O)C(C)(C)C)nn2)cc1,16100.000000000013,-4.20682587603185,0,train
CCCc1ccc(-c2cn(C/C=C/CP(=O)(OCOC(=O)C(C)(C)C)OCOC(=O)C(C)(C)C)nn2)cc1,55299.99999999995,-4.742725131304698,0,train
CC(C)(C)C(=O)OCOP(=O)(C/C=C/Cn1cc(-c2ccccc2)nn1)OCOC(=O)C(C)(C)C,31599.99999999997,-4.4996870826184034,0,train
CC(C)(C)C(=O)OCOP(=O)(C/C=C/Cn1ccnn1)OCOC(=O)C(C)(C)C,81800.00000000003,-4.912753303671323,0,train
CC(C)(C)C(=O)OCOP(=O)(C/C=C/Cn1cnc(C(N)=O)n1)OCOC(=O)C(C)(C)C,41800.00000000003,-4.621176281775036,0,train
CCCC(NC(=O)C1N(C(=O)[C@@H](NC(=O)C2CCCCC2)C(C)(C)C)CC12Cc1ccccc1C2)C(=O)C(=O)NC1CC1,22000.00000000002,-4.342422680822207,0,train
CCCC(NC(=O)C1N(C(=O)[C@@H](NC(=O)CC(C)(C)C)C(C)(C)C)CC12Cc1ccccc1C2)C(=O)C(=O)NC1CC1,35000.0,-4.544068044350276,0,train
CC(C)(C)[C@H](NC(=O)NC1CCCCC1)C(=O)N1CC2(Cc3ccccc3C2)C1C(=O)NC(CC1CCC1)C(=O)C(=O)NC1CC1,15000.000000000004,-4.176091259055681,0,test
CCCC(NC(=O)C1N(C(=O)[C@@H](NC(=O)[C@@H](NC(=O)c2cnccn2)C2CCCCC2)C(C)(C)C)CC12CCCCC2)C(=O)C(=O)NCCF,5400.000000000001,-3.7323937598229686,0,train
CCCC(NC(=O)C1N(C(=O)[C@@H](NC(=O)[C@@H](NC(=O)c2cnccn2)C2CCCCC2)C(C)(C)C)CC12CCCCC2)C(=O)C(=O)NC1CC1,16000.00000000001,-4.204119982655925,0,test
CCCC(NC(=O)C1CCN1C(=O)[C@@H](NC(=O)[C@@H](NC(=O)c1cnccn1)C1CCCCC1)C(C)(C)C)C(=O)C(=O)NCCOC,37999.99999999999,-4.57978359661681,0,train
CCCC(NC(=O)C1CCN1C(=O)[C@@H](NC(=O)[C@@H](NC(=O)c1cnccn1)C1CCCCC1)C(C)(C)C)C(=O)C(=O)NCCF,52000.00000000004,-4.7160033436348,0,train
C=CCNC(=O)C(=O)C(CCC)NC(=O)C1CCN1C(=O)[C@@H](NC(=O)[C@@H](NC(=O)c1cnccn1)C1CCCCC1)C(C)(C)C,30000.00000000001,-4.477121254719663,0,train
CC(C)(C)[C@H](NC(=O)[C@@H](NC(=O)c1cnccn1)C1CCCCC1)C(=O)N1CC2(Cc3ccccc3C2)C1C(=O)NC(CC1CC1)C(=O)C(=O)NC1CC1,14000.000000000004,-4.146128035678238,0,train
CCCC(NC(=O)C1N(C(=O)[C@@H](NC(=O)[C@@H](NC(=O)c2cnccn2)C2CCCCC2)C(C)(C)C)CC12Cc1ccccc1C2)C(=O)C(=O)NC1CC1,71999.99999999994,-4.857332496431268,0,train
CC(C)(C)[C@H](NC(=O)[C@@H](NC(=O)c1cnccn1)C1CCCCC1)C(=O)N1CC2(Cc3ccccc3C2)C1C(=O)NC(CC1CCC1)C(=O)C(=O)NC1CC1,42999.99999999997,-4.633468455579586,0,train
O=C1NC(=O)/C(=C/C=C/c2ccccc2)CS1,100000.0,-5.0,0,train
O=C1NC(=O)/C(=C/c2ccc3ccccc3c2)CS1,64000.00000000005,-4.806179973983888,0,train
O=C1NC(=O)/C(=C/c2ccc(Cl)cc2Cl)CS1,40000.00000000001,-4.6020599913279625,0,train
O=C1NC(=O)/C(=C/c2ccccc2Cl)CS1,49000.00000000002,-4.690196080028514,0,train
O=C1NC(=O)/C(=C/c2ccc(Cl)cc2)CS1,95999.9999999999,-4.982271233039568,0,test
Fc1ccc(NC(=S)Nc2cccc(C(F)(F)F)c2)cc1Cl,7000.000000000002,-3.845098040014257,0,train
FC(F)(F)c1cccc(NC(S)=Nc2ccc(Cl)c(Cl)c2)c1,8000.000000000004,-3.903089986991944,0,train
FC(F)(F)c1cccc(NC(=S)Nc2cccc(Cl)c2)c1,9099.999999999996,-3.959041392321093,0,test
FC(F)(F)c1cccc(NC(=S)Nc2ccc(Cl)cc2)c1,12000.000000000007,-4.079181246047625,0,train
N#Cc1ccc(NC(=S)Nc2cccc(C(F)(F)F)c2)cc1,8700.000000000004,-3.9395192526186182,0,train
FC(F)(F)c1cccc(NC(=S)Nc2ccc(I)cc2)c1,8000.000000000004,-3.903089986991944,0,train
O=[N+]([O-])c1ccc(NC(=S)Nc2cccc(C(F)(F)F)c2)cc1,8700.000000000004,-3.9395192526186182,0,train
FC(F)(F)c1cccc(NC(=S)Nc2cccc(Br)c2)c1,9300.000000000002,-3.9684829485539352,0,train
COc1cccc2c1C(=O)c1c(O)c3c(c(O)c1C2=O)C[C@@](O)(C(=O)CO)C[C@@H]3O[C@H]1C[C@H](N)[C@H](O)[C@H](C)O1,20.000000000000004,-1.3010299956639813,0,train
CC(=O)NC1=C(CN2CCOCC2)NC(c2ccccn2)=NC1c1ccc(F)cc1Cl,69000.00000000006,-4.838849090737256,0,test
Fc1ccc(C2N=C(c3nccs3)NC(CN3CCOCC3)=C2I)c(Br)c1,32999.99999999997,-4.518513939877887,0,test
Fc1ccc(C2N=C(c3ccccn3)NC(CN3CCOCC3)=C2I)c(Cl)c1,11000.000000000007,-4.041392685158225,0,train
CC1=C(I)C(c2ccc(F)cc2Br)N=C(c2nccs2)N1,32999.99999999997,-4.518513939877887,0,train
CC1=C(C(=O)OCC(F)(F)F)C(c2ccc(F)cc2Cl)N=C(c2ccccn2)N1,4000.000000000001,-3.6020599913279625,0,train
CC1=C(C(=O)SC(C)C)C(c2ccc(F)cc2Cl)N=C(c2ccccn2)N1,13000.000000000004,-4.113943352306837,0,test
CC1=C(Cl)C(c2ccc(F)cc2Cl)N=C(c2ccccn2)N1,44000.00000000005,-4.643452676486188,0,train
CC1=C(Br)C(c2ccc(F)cc2Cl)N=C(c2ccccn2)N1,23000.00000000001,-4.361727836017593,0,test
CC1=C(I)C(c2ccc(F)cc2Cl)N=C(c2ccccn2)N1,74000.00000000001,-4.869231719730976,0,train
COC(=O)C1=C(CS(=O)(=O)Cc2ccc(C)cc2)NC(c2ccccn2)=NC1c1ccc(F)cc1Cl,46999.99999999996,-4.672097857935717,0,train
CCS(=O)(=O)CC1=C(C(=O)OC)C(c2ccc(F)cc2Cl)N=C(c2ccccn2)N1,39000.00000000003,-4.5910646070265,0,train
CCOP(=O)(CC1=C(C(=O)OC)C(c2ccc(F)cc2Cl)N=C(c2ccccn2)N1)OCC,15000.000000000004,-4.176091259055681,0,test
CC1(C)CC(=O)c2c(Cc3ccc(F)cc3Cl)nc(-c3cccnc3)nc2C1,85999.99999999994,-4.934498451243568,0,train
CC1(C)CC(=O)c2c(Cc3ccc(F)cc3Cl)nc(-c3ccccn3)nc2C1,8999.999999999998,-3.9542425094393248,0,train
CC1(C)CC(=O)c2c(Cc3ccccc3)nc(-c3ccccn3)nc2C1,21000.00000000001,-4.32221929473392,0,train
COC(=O)c1c(Cc2ccc(F)cc2Cl)nc(-c2ccccn2)nc1CN1CCOCC1,11000.000000000007,-4.041392685158225,0,train
COC(=O)c1c(C)nc(-c2ccccn2)nc1Cc1ccccc1,4000.000000000001,-3.6020599913279625,1,train
COC(=O)c1c(CSc2ccccc2)nc(-c2ccccn2)nc1Cc1ccccc1,8999.999999999998,-3.9542425094393248,0,train
COC(=O)c1c(Cc2ccccc2)nc(-c2ccccn2)nc1CN1CCN(C)CC1,85999.99999999994,-4.934498451243568,1,train
COCCOCc1nc(-c2ccccn2)nc(Cc2ccccc2)c1C(=O)OC,55000.00000000004,-4.740362689494244,0,train
COC(=O)c1c(Cc2ccccc2)nc(-c2ccccn2)nc1CN1CCOCC1,2000.0,-3.3010299956639813,1,train
COC(=O)C1=C(CSc2ccccc2)NC(c2ccccn2)=NC1Cc1ccccc1,4999.999999999999,-3.6989700043360183,0,train
COC(=O)C1=C(CN2CCN(C)CC2)NC(c2ccccn2)=NC1Cc1ccccc1,17000.000000000007,-4.230448921378274,0,train
COC(=O)C1=C(C)NC(c2ccccn2)=NC1Cc1ccccc1,61000.000000000015,-4.785329835010767,1,train
Nc1ncnc2c1c(I)cn2[C@@H]1O[C@H](CO)[C@@H](O)[C@]1(F)Cl,7300.0,-3.863322860120456,0,test
CC(C)OC(=O)[C@H](C)NP(=O)(OC[C@H]1O[C@@H](n2cc(I)c3c(N)ncnc32)[C@@](F)(Cl)[C@@H]1O)Oc1ccccc1,69299.99999999997,-4.840733234611807,0,train
Nc1ncnc2c1c(F)cn2[C@@H]1O[C@H](CO)[C@@H](O)[C@]1(F)Cl,19899.99999999999,-4.298853076409706,0,train
CC(C)OC(=O)[C@H](C)NP(=O)(OC[C@H]1O[C@@H](n2cc(F)c3c(N)ncnc32)[C@@](F)(Cl)[C@@H]1O)Oc1ccccc1,55299.99999999995,-4.742725131304698,0,train
CC(C)OC(=O)[C@H](C)NP(=O)(OC[C@H]1O[C@@H](n2ccc3c(N)ncnc32)[C@@](F)(Cl)[C@@H]1O)Oc1ccccc1,69000.00000000006,-4.838849090737256,0,train
CC(C)OC(=O)[C@H](C)NP(=O)(OCC(CO)OCn1cnc2c(=O)[nH]c(N)nc21)Oc1cccc2ccccc12,35000.0,-4.544068044350276,0,test
C[C@H](NP(=O)(OCC(COP(=O)(N[C@@H](C)C(=O)OCc1ccccc1)Oc1ccccc1)OCn1cnc2c(=O)[nH]c(N)nc21)Oc1ccccc1)C(=O)OCc1ccccc1,159000.0000000001,-5.201397124320452,1,train
CC(C)(NP(=O)(OCC(COP(=O)(NC(C)(C)C(=O)OCc1ccccc1)Oc1ccccc1)OCn1cnc2c(=O)[nH]c(N)nc21)Oc1ccccc1)C(=O)OCc1ccccc1,46999.99999999996,-4.672097857935717,0,test
C[C@H](NP(=O)(OCC(CCn1cnc2c(=O)[nH]c(/N=C/N(C)C)nc21)COP(=O)(N[C@@H](C)C(=O)OCc1ccccc1)Oc1ccccc1)Oc1ccccc1)C(=O)OCc1ccccc1,21000.00000000001,-4.32221929473392,0,train
C[C@H](NP(=O)(OCC(CCn1cnc2c(=O)[nH]c(/N=C/N(C)C)nc21)COP(=O)(N[C@@H](C)C(=O)OCc1ccccc1)Oc1cccc2ccccc12)Oc1cccc2ccccc12)C(=O)OCc1ccccc1,19000.0,-4.278753600952829,0,train
C[C@H](NP(=O)(OCC(CCn1cnc2c(=O)[nH]c(N)nc21)COP(=O)(N[C@@H](C)C(=O)OCc1ccccc1)Oc1ccccc1)Oc1ccccc1)C(=O)OCc1ccccc1,76000.0,-4.880813592280791,0,train
CC(C)(NP(=O)(OCC(CCn1cnc2c(=O)[nH]c(N)nc21)COP(=O)(NC(C)(C)C(=O)OCc1ccccc1)Oc1ccccc1)Oc1ccccc1)C(=O)OCc1ccccc1,100000.0,-5.0,0,train
CC(C)(NP(=O)(OCC(CO)CCn1cnc2c(=O)[nH]c(N)nc21)Oc1ccccc1)C(=O)OCc1ccccc1,251999.9999999998,-5.401400540781544,0,train
CC(C)(NP(=O)(OCC(CO)CCn1cnc2c(=O)[nH]c(N)nc21)Oc1cccc2ccccc12)C(=O)OCc1ccccc1,95999.9999999999,-4.982271233039568,0,test
C[C@H](NP(=O)(OCC(CO)CCn1cnc2c(=O)[nH]c(N)nc21)Oc1cccc2ccccc12)C(=O)OCc1ccccc1,138000.00000000012,-5.139879086401237,0,train
C[C@H](NP(=O)(OCC(COP(=O)(N[C@@H](C)C(=O)OCc1ccccc1)Oc1cccc2ccccc12)SCn1cnc2c(=O)[nH]c(/N=C/N(C)C)nc21)Oc1cccc2ccccc12)C(=O)OCc1ccccc1,17000.000000000007,-4.230448921378274,0,train
C[C@H](NP(=O)(OCC(COP(=O)(N[C@@H](C)C(=O)OCc1ccccc1)Oc1ccccc1)SCn1cnc2c(=O)[nH]c(N)nc21)Oc1ccccc1)C(=O)OCc1ccccc1,77000.00000000007,-4.886490725172482,0,train
C[C@H](NP(=O)(OCC(CCn1cnc2c(Cl)nc(N)nc21)COP(=O)(N[C@@H](C)C(=O)OCc1ccccc1)Oc1ccccc1)Oc1ccccc1)C(=O)OCc1ccccc1,14000.000000000004,-4.146128035678238,1,train
C[C@H](NP(=O)(OCC(CO)CCn1cnc2c(Cl)nc(N)nc21)Oc1ccccc1)C(=O)OCc1ccccc1,32999.99999999997,-4.518513939877887,0,train
COc1nc(N)nc2c1ncn2CCC(COP(=O)(N[C@@H](C)C(=O)OCc1ccccc1)Oc1ccccc1)COP(=O)(N[C@@H](C)C(=O)OCc1ccccc1)Oc1ccccc1,19000.0,-4.278753600952829,0,train
COc1nc(N)nc2c1ncn2CCC(COP(=O)(N[C@@H](C)C(=O)OCC(C)(C)C)Oc1cccc2ccccc12)COP(=O)(N[C@@H](C)C(=O)OCC(C)(C)C)Oc1cccc2ccccc12,4599.999999999998,-3.662757831681574,0,train
CCCOC(=O)[C@H](C)NP(=O)(OCC(CCn1cnc2c(OC)nc(N)nc21)COP(=O)(N[C@@H](C)C(=O)OCCC)Oc1cccc2ccccc12)Oc1cccc2ccccc12,6799.999999999997,-3.832508912706236,0,train
CCC(C)(C)COC(=O)[C@H](C)NP(=O)(OCC(CCn1cnc2c(OC)nc(N)nc21)COP(=O)(N[C@@H](C)C(=O)OCC(C)(C)CC)Oc1cccc2ccccc12)Oc1cccc2ccccc12,7200.000000000001,-3.857332496431269,0,train
COc1nc(N)nc2c1ncn2CCC(COP(=O)(N[C@@H](C)C(=O)OC1CCCCC1)Oc1cccc2ccccc12)COP(=O)(N[C@@H](C)C(=O)OC1CCCCC1)Oc1cccc2ccccc12,7200.000000000001,-3.857332496431269,0,train
COc1nc(N)nc2c1ncn2CCC(CO)COP(=O)(N[C@@H](C)C(=O)OCc1ccccc1)Oc1ccccc1,32000.000000000025,-4.505149978319906,0,train
COc1nc(N)nc2c1ncn2CCC(CO)COP(=O)(N[C@@H](C)C(=O)OCc1ccccc1)Oc1cccc2ccccc12,26999.99999999997,-4.431363764158987,0,train
COc1nc(N)nc2c1ncn2CCC(CO)COP(=O)(N[C@@H](C)C(=O)OCC(C)(C)C)Oc1cccc2ccccc12,17000.000000000007,-4.230448921378274,0,train
CCCOC(=O)[C@H](C)NP(=O)(OCC(CO)CCn1cnc2c(OC)nc(N)nc21)Oc1cccc2ccccc12,17000.000000000007,-4.230448921378274,0,train
COC(=O)[C@H](C)NP(=O)(OCC(CO)CCn1cnc2c(OC)nc(N)nc21)Oc1cccc2ccccc12,15000.000000000004,-4.176091259055681,0,train
CCC(C)(C)COC(=O)[C@H](C)NP(=O)(OCC(CO)CCn1cnc2c(OC)nc(N)nc21)Oc1cccc2ccccc12,18000.000000000015,-4.2552725051033065,0,test
COc1nc(N)nc2c1ncn2CCC(CO)COP(=O)(N[C@@H](C)C(=O)OC1CCCCC1)Oc1cccc2ccccc12,15000.000000000004,-4.176091259055681,0,train
C[C@H](NP1(=O)OCC(OCn2cnc3c(Cl)nc(N)nc32)CO1)C(=O)OCc1ccccc1,165000.00000000015,-5.217483944213907,0,train
CC(=O)OCC(COP(=O)(N[C@@H](C)C(=O)OCc1ccccc1)Oc1ccccc1)OCn1cnc2c(Cl)nc(N)nc21,26000.00000000001,-4.414973347970818,0,test
Nc1nc(Cl)c2ncn(CCC(CO)CO)c2n1,400000.0000000001,-5.6020599913279625,1,test
COc1nc(N)nc2c1ncn2CCC(CO)CO,246000.0000000001,-5.390935107103379,0,train
CC(C)C[C@H](NC(=O)[C@H](Cc1cccc2ccccc12)NC(=O)OCc1ccccc1)C(=O)N[C@H](C=O)C[C@@H]1CCNC1=O,39500.00000000003,-4.596597095626461,1,train
CC(C)C[C@H](NC(=O)[C@H](Cc1cccc2ccccc12)NC(=O)OCc1ccccc1)C(=O)N[C@H](CO)CCC(=O)N1CCC1,2199.9999999999995,-3.342422680822206,0,train
CC(C)C[C@H](NC(=O)[C@H](Cc1cccc2ccccc12)NC(=O)OCc1ccccc1)C(=O)N[C@H](CO)CNC(=O)N1CCC1,2199.9999999999995,-3.342422680822206,0,train
CC(C)C[C@H](NC(=O)[C@H](Cc1cccc2ccccc12)NC(=O)OCc1ccccc1)C(=O)N[C@H](CO)Cn1ccnn1,300.0000000000001,-2.4771212547196626,0,train
CC(C)C[C@H](NC(=O)[C@H](Cc1cccc2ccccc12)NC(=O)OCc1ccccc1)C(=O)N[C@H](C=O)C[C@@H]1CCCNC1=O,31599.99999999997,-4.4996870826184034,1,train
CC(C)C[C@H](NC(=O)[C@H](Cc1cccc2ccccc12)NC(=O)OCc1ccccc1)C(=O)NC(/C=C/C=O)C[C@@H]1CCNC1=O,1899.9999999999995,-3.278753600952829,1,train
CC(C)C[C@H](NC(=O)[C@H](Cc1cccc2ccccc12)NC(=O)OCc1ccccc1)C(=O)NC(C[C@@H]1CCNC1=O)C1OC1S(C)(=O)=O,63899.99999999994,-4.8055008581584,0,test
CC(C)C[C@H](NC(=O)[C@H](Cc1cccc2ccccc12)NC(=O)OCc1ccccc1)C(=O)NC(C[C@@H]1CCNC1=O)C1CO1,14000.000000000004,-4.146128035678238,0,test
CC(C)C[C@H](NC(=O)[C@H](Cc1cccc2ccccc12)NC(=O)OCc1ccccc1)C(=O)N[C@H](/C=C(\C#N)C(N)=O)C[C@@H]1CCCNC1=O,9099.999999999996,-3.959041392321093,0,train
CC(C)C[C@H](NC(=O)[C@H](Cc1cccc2ccccc12)NC(=O)OCc1ccccc1)C(=O)N[C@@H](C[C@@H]1CCCNC1=O)C(=O)C(F)(F)F,18300.00000000001,-4.26245108973043,0,train
CC(C)C[C@H](NC(=O)[C@H](Cc1cccc2ccccc12)NC(=O)OCc1ccccc1)C(=O)N[C@H](CCl)C[C@@H]1CCCNC1=O,26600.000000000004,-4.424881636631067,0,train
Nc1ccn([C@@H]2O[C@H](CO)[C@@H](O)C2(Br)Br)c(=O)n1,82000.0,-4.913813852383717,1,train
CC(C)OC(=O)[C@H](C)N[P@](=O)(OC[C@H]1O[C@@H](n2ccc(=O)[nH]c2=O)C(Br)(Br)[C@@H]1O)Oc1ccccc1,94999.99999999996,-4.977723605288848,0,test
CC(C)OC(=O)[C@H](C)N[P@](=O)(OC[C@H]1O[C@@H](n2ccc(N)nc2=O)C(Br)(Br)[C@@H]1O)Oc1ccccc1,73000.0,-4.863322860120456,0,train
CC(C)OC(=O)[C@H](C)N[P@](=O)(OC[C@H]1O[C@@H](n2cnc3c(N)ncnc32)C(Br)(Br)[C@@H]1O)Oc1ccccc1,32999.99999999997,-4.518513939877887,0,train
CC(C)OC(=O)[C@H](C)N[P@](=O)(OC[C@H]1O[C@@H](n2cnc3c(=O)[nH]c(N)nc32)C(Br)(Br)[C@@H]1O)Oc1ccccc1,34000.00000000002,-4.531478917042255,0,train
O=C(Nc1ccc(F)c(F)c1)c1cc(S(=O)(=O)NC2CCCC2)ccc1F,14000.000000000004,-4.146128035678238,0,train
CN(C1CCCC1)S(=O)(=O)c1ccc(F)c(C(=O)Nc2ccc(F)c(F)c2)c1,14500.000000000013,-4.161368002234975,0,train
O=C(Nc1ccc(F)c(F)c1)c1cc(S(=O)(=O)N2CCC(F)(F)CC2)ccc1F,10299.999999999996,-4.012837224705172,0,test
O=C(Nc1ccc(F)c(F)c1)c1cc(S(=O)(=O)N2CCC(F)(F)C2)ccc1F,4799.999999999999,-3.681241237375587,0,test
O=C(Nc1ccc(F)c(F)c1)c1cc(S(=O)(=O)N2CC(F)(F)C2)ccc1F,3700.0,-3.568201724066995,0,train
O=C(Nc1ccc(F)c(F)c1)c1cc(S(=O)(=O)N2CCCC2=O)ccc1F,37799.99999999998,-4.577491799837225,0,train
O=C(Nc1ccc(F)c(F)c1)c1cc(S(=O)(=O)NC2CC2)ccc1F,13600.000000000013,-4.133538908370218,0,train
O=C(Nc1ccc(F)c(F)c1)c1cc(S(=O)(=O)N2CCC3CCCCC32)ccc1F,22900.000000000025,-4.359835482339888,0,train
CC(C)(NS(=O)(=O)c1ccc(F)c(C(=O)Nc2ccc(F)c(F)c2)c1)c1ccccc1,3800.0,-3.57978359661681,0,train
CC(NS(=O)(=O)c1ccc(F)c(C(=O)Nc2ccc(F)c(F)c2)c1)c1ccccc1,3600.0,-3.5563025007672877,0,train
CC(C)OC(=O)[C@H](C)NS(=O)(=O)c1ccc(F)c(C(=O)Nc2ccc(F)c(F)c2)c1,31100.000000000036,-4.492760389026838,0,train
COC(=O)[C@H](Cc1ccccc1)NS(=O)(=O)c1ccc(F)c(C(=O)Nc2ccc(F)c(F)c2)c1,31599.99999999997,-4.4996870826184034,0,test
CCOC(=O)[C@H](CC(C)C)NS(=O)(=O)c1ccc(F)c(C(=O)Nc2ccc(F)c(F)c2)c1,10799.999999999993,-4.033423755486949,0,train
O=C(Nc1ccc(F)c(F)c1)c1cc(S(=O)(=O)NOC2CCCC2)ccc1F,6399.999999999998,-3.806179973983887,1,train
O=C(Nc1ccc(F)c(F)c1)c1cc(NS(=O)(=O)C2CC2)ccc1F,11799.99999999999,-4.071882007306125,0,test
O=C(Nc1ccc(F)c(F)c1)c1cc(NS(=O)(=O)C2CCCC2)ccc1F,54199.99999999996,-4.733999286538387,0,train
O=C(Nc1ccc(F)c(F)c1)c1cc(NS(=O)(=O)C2CCCCC2)ccc1F,74499.99999999999,-4.872156272748293,1,train
O=C(Nc1cc(S(=O)(=O)NC2CCCC2)ccc1F)c1ccc(F)c(F)c1,13600.000000000013,-4.133538908370218,0,train
CC(C)(NC(=O)c1cccc(S(=O)(=O)NC2CCCC2)c1)c1ccc(F)c(F)c1,64000.00000000005,-4.806179973983888,0,train
O=C1c2cc(S(=O)(=O)NC3CCCC3)ccc2CCCN1c1ccc(F)c(F)c1,50599.99999999996,-4.704150516839799,0,test
CN(C1CCCC1)S(=O)(=O)c1ccc2c(c1)C(=O)N(c1ccc(F)c(F)c1)CC2,35999.99999999996,-4.556302500767287,0,train
O=C(O)[C@H]1C2CCC(CC2)[C@@H]1Nc1nc(-c2c[nH]c3ncc(F)cc23)ncc1F,48899.99999999996,-4.68930885912362,1,train
O=C(O)[C@H]1C2C=CC(CC2)[C@@H]1Nc1nc(-c2c[nH]c3ncc(F)cc23)nc2sccc12,4199.999999999999,-3.6232492903979,1,train
O=C(O)[C@H]1C2C=CC(CC2)[C@@H]1Nc1nc(-c2c[nH]c3ncc(F)cc23)nc2ccsc12,31599.99999999997,-4.4996870826184034,0,train
Cc1cc2nc(-c3c[nH]c4ncc(F)cc34)nc(N[C@H]3C4C=CC(CC4)[C@@H]3C(=O)O)c2s1,12899.999999999996,-4.110589710299249,0,train
Cn1cnc2c(N[C@H]3C4C=CC(CC4)[C@@H]3C(=O)O)nc(-c3c[nH]c4ncc(F)cc34)nc21,29099.99999999997,-4.463892988985907,0,train
C[C@@]1(O)[C@H](O)[C@@H](CO)O[C@H]1n1ccc(N)nc1=O,22000.00000000002,-4.342422680822207,0,test
CC(C)OC(=O)[C@H](C)NP(=O)(OC[C@H]1O[C@@H](n2cnc3c(N)ncnc32)[C@](F)(Br)[C@@H]1O)Oc1ccccc1,28999.99999999997,-4.462397997898956,0,test
Nc1ccn([C@@H]2O[C@H](CO)[C@@H](O)[C@@]2(F)Br)c(=O)n1,3199.999999999999,-3.505149978319906,1,train
Nc1ccn([C@@H]2O[C@H](CO)[C@@H](O)[C@@]2(F)Cl)c(=O)n1,11000.000000000007,-4.041392685158225,0,train
CC(C)OC(=O)[C@H](C)NP(=O)(OC[C@H]1O[C@@H](n2ccc(=O)[nH]c2=O)[C@](F)(Cl)[C@@H]1O)Oc1ccccc1,90000.00000000007,-4.954242509439325,0,train
CC(C)OC(=O)[C@H](C)NP(=O)(OC[C@H]1O[C@@H](n2cnc3c(=O)[nH]c(N)nc32)[C@](F)(Cl)[C@@H]1O)Oc1ccccc1,84000.00000000007,-4.924279286061882,0,train
CC1(C)CC(=O)c2cc3c(C#N)cn(Cc4ccccc4)c3nc2C1,3700.0,-3.568201724066995,0,train
CC(=O)c1cc2c(-c3ccc(N(C)C)cc3)c3c(nc2[nH]1)-c1ccccc1C3=O,24000.00000000002,-4.380211241711606,0,train
CCCCn1cc(C#N)c2c(-c3ccc(C(F)(F)F)cc3F)c3c(nc21)-c1ccccc1C3=O,48000.00000000005,-4.681241237375588,0,train
O=c1[nH]c(=O)n([C@H]2C[C@H](O)[C@@H](CO)O2)cc1/C=C/Br,206999.99999999985,-5.315970345456917,0,train
O=c1[nH]c(=O)n([C@H]2C[C@H](F)[C@@H](CO)O2)cc1Cl,187999.99999999988,-5.27415784926368,1,train
Cc1cn([C@H]2C[C@H](O)[C@@H](CO)O2)c(=O)[nH]c1=O,10600.000000000004,-4.02530586526477,1,train
Cc1c(C(=O)C(=O)Nc2nccs2)c(C)n(C)c1C(=O)Nc1ccc(F)c(F)c1,26799.99999999998,-4.4281347940287885,0,train
Cc1c(C(=O)C(=O)NCc2nccn2C)c(C)n(C)c1C(=O)Nc1ccc(F)c(F)c1,46899.99999999996,-4.671172842715083,0,train
Cc1c(C(=O)C(=O)NCc2ccccn2)c(C)n(C)c1C(=O)Nc1ccc(F)c(F)c1,38399.99999999997,-4.5843312243675305,0,train
Cc1c(C(=O)C(=O)Nc2nc3ccccc3[nH]2)c(C)n(C)c1C(=O)Nc1ccc(F)c(F)c1,35800.000000000015,-4.553883026643875,0,test
CCN(CC)C(=O)C(=O)c1c(C)c(C(=O)Nc2ccc(F)c(F)c2)n(C)c1C,16800.00000000002,-4.225309281725863,0,test
Cc1c(C(=O)C(=O)N2CCN(C)CC2)c(C)n(C)c1C(=O)Nc1ccc(F)c(F)c1,24700.000000000004,-4.392696953259666,0,test
Cc1c(C(=O)C(=O)Nc2ccccn2)c(C)n(C)c1C(=O)Nc1ccc(F)c(F)c1,14600.000000000002,-4.164352855784437,0,train
Cn1cc(C(=O)C(=O)NOC2CCCC2)cc1C(=O)Nc1ccc(F)c(F)c1,37899.99999999999,-4.578639209968072,0,train
C#CCNC(=O)C(=O)c1cc(C(=O)Nc2ccc(F)c(F)c2)n(C)c1,70299.99999999999,-4.846955325019824,0,train
CCCCCCCCCC(=O)c1ccc(COP(=O)(OCc2ccc(OC(=O)CCCC)cc2)OP(=O)(O)OP(=O)(O)OC[C@@H]2C=C[C@H](n3cc(C)c(=O)[nH]c3=O)O2)cc1,24999.999999999996,-4.3979400086720375,0,test
CCCCCCCCCCCCCCCCCC(=O)c1ccc(COP(=O)(OCc2ccc(OC(=O)CCCCCC)cc2)OP(=O)(O)OP(=O)(O)OC[C@@H]2C=C[C@H](n3cc(C)c(=O)[nH]c3=O)O2)cc1,34000.00000000002,-4.531478917042255,0,train
CCCCCCCCCCCCCCCCCC(=O)c1ccc(COP(=O)(O)OP(=O)(O)OP(=O)(O)OC[C@@H]2C=C[C@H](n3cc(C)c(=O)[nH]c3=O)O2)cc1,13000.000000000004,-4.113943352306837,0,train
CCCCCCCCCC(=O)c1ccc(COP(=O)(O)OP(=O)(O)OP(=O)(O)OC[C@H]2O[C@@H](n3cc(C)c(=O)[nH]c3=O)C[C@@H]2O)cc1,10000.0,-4.0,0,test
CCCCCCCCCC(=O)c1ccc(COP(=O)(O)OP(=O)(O)OP(=O)(O)OC[C@H]2O[C@@H](n3cnc4c(N)ncnc43)C[C@@H]2O)cc1,74000.00000000001,-4.869231719730976,0,train
CCCCCCCCC(=O)Oc1ccc(COP(=O)(OCc2ccc(OC(=O)CCCCCCCC)cc2)OP(=O)(O)OP(=O)(O)OC[C@@H]2C=C[C@H](n3cc(C)c(=O)[nH]c3=O)O2)cc1,52000.00000000004,-4.7160033436348,0,train
CCCCCCCCCCCCCCCCCC(=O)Oc1ccc(COP(=O)(OCc2ccc(OC(=O)CCCC)cc2)OP(=O)(O)OP(=O)(O)OC[C@@H]2C=C[C@H](n3cc(C)c(=O)[nH]c3=O)O2)cc1,32999.99999999997,-4.518513939877887,0,test
O=C(CN1C(=O)S/C(=C/c2ccco2)C1=O)Nc1ccc(Cl)cc1C(F)(F)F,79899.99999999996,-4.902546779313991,0,train
Cc1cccc2sc(NC(=O)CN3C(=O)S/C(=C/c4ccco4)C3=O)nc12,96800.0,-4.985875357308394,0,train
O=C(CN1C(=O)S/C(=C/c2ccco2)C1=O)Nc1nc2ccccc2s1,1700.000000000001,-3.230448921378274,0,test
O=C(CN1C(=O)S/C(=C/c2ccco2)C1=O)Nc1ccc(Cl)c(Cl)c1,7799.999999999999,-3.89209460269048,0,train
O=C(CN1C(=O)S/C(=C/c2ccco2)C1=O)Nc1ccc(Br)cc1,80999.99999999996,-4.9084850188786495,0,train
Cc1ccc(NC(=O)CN2C(=O)S/C(=C/c3ccco3)C2=O)cc1,102100.00000000004,-5.00902574208691,0,test
Cc1ccc(NC(=O)COc2ccc3cc(/C=C4/SC(=O)NC4=O)ccc3c2)cc1,2800.0000000000014,-3.4471580313422194,0,train
O=C(COc1ccc2cc(/C=C3/SC(=O)NC3=O)ccc2c1)Nc1cccc(Cl)c1,10600.000000000004,-4.02530586526477,0,train
COc1cccc(NC(=O)COc2ccc3cc(/C=C4/SC(=O)NC4=O)ccc3c2)c1,10700.000000000002,-4.02938377768521,0,train
O=C(COc1ccc2cc(/C=C3/SC(=O)NC3=O)ccc2c1)Nc1c(F)cc(F)cc1Br,9600.0,-3.982271233039568,0,test
O=C(COc1ccc2cc(/C=C3/SC(=O)NC3=O)ccc2c1)Nc1ccc(Br)cc1F,40900.00000000001,-4.611723308007342,0,train
O=C(CCCCCCC(=O)Nc1ccccc1)NO,2499.9999999999995,-3.397940008672037,0,train
O=c1c(Cl)c(Cl)cnn1-c1ccc(Cl)c(C(F)(F)F)c1,330.00000000000006,-2.5185139398778875,0,test
