smiles,exp_mean [nM],y,cliff_mol,split
CCOC(=O)/C=C/[C@H](CCC(N)=O)NC(=O)[C@H](Cc1ccccc1)n1cccc(NC(=O)OCc2ccccc2)c1=O,49999.99999999999,-4.698970004336019,0,train
O=C1c2ccccc2N(COCc2ccccc2)S(=O)(=O)N1Cc1ccccc1,61202.65668492138,-4.786770274409604,0,test
O=C(OCCOCN1c2ccccc2C(=O)N(Cc2ccccc2)S1(=O)=O)c1ccccc1,51445.29114819458,-4.711345629400797,0,train
C#CCOCN1c2ccccc2C(=O)N(Cc2ccccc2)S1(=O)=O,64533.68798803596,-4.809786484990684,0,train
Cc1cccc2ncc(CSCCO)n12,449816.2500618496,-5.6530351407054695,0,test
CC(O)CSCc1cnc2ncccn12,1791304.1141777253,-6.253169323368439,0,train
Cc1ccn2c(CSCCCO)cnc2c1,169247.69400016923,-5.228522760135177,0,train
Cc1ccn2c(CSCC(C)O)cnc2c1,1692476.9400016922,-6.228522760135177,0,train
Cc1cccn2c(CSCc3ccccc3)cnc12,14903.96259105389,-4.1733017518104045,0,train
Cc1cccn2c(CSCCO)cnc12,179926.5000247399,-5.255095132033432,0,train
OCCSCc1cnc2ccccn12,960218.1615663084,-5.982369915956661,0,train
c1ccc(CSCc2cnc3ncccn23)cc1,156650.19228811085,-5.194930932314527,0,train
Cc1c(Br)cn2c(CSCc3ccccc3)cnc2c1Br,93857.71639483124,-4.972469983403127,0,train
Cc1cccc2ncc(CSCc3ccccc3)n12,149039.62591053892,-5.1733017518104045,0,test
CCSCc1cnc2cc(C)ccn12,484698.0815649933,-5.685471300788602,0,test
Cc1ccn2c(CSCc3ccccc3)cnc2c1,149039.62591053892,-5.1733017518104045,0,train
Cc1ccn2c(CSCC(O)CO)cnc2c1,1585169.157363706,-6.200075613676623,0,train
CCSCc1cnc2c(C)cccn12,48469.808156499326,-4.685471300788602,0,train
Cc1cccc2ncc(CSCC(C)O)n12,423119.2350004229,-5.626462768807214,0,train
CCCCCCCCc1cc2cn([C@H]3C[C@H](O)[C@@H](CO)O3)c(=O)nc2s1,53000.000000000015,-4.724275869600789,0,train
CCCCCC=C(c1cc(Cl)c(O)c(C(=O)NO)c1)c1cc(Cl)c(O)c(C(=O)NO)c1,4000.000000000001,-3.6020599913279625,0,test
CC(C)C[C@H](NC(=O)OCc1ccccc1)C(=O)N[C@@H](Cc1ccccc1)C(=O)N[C@H](/C=C/C(=O)C1C=CNC1)CCC(N)=O,44000.00000000005,-4.643452676486188,0,test
COc1ccc(C(=O)/C=C/[C@H](CCC(N)=O)NC(=O)[C@H](Cc2ccccc2)NC(=O)[C@H](CC(C)C)NC(=O)OCc2ccccc2)cc1,100000.0,-5.0,0,train
CC(C)C[C@H](NC(=O)OCc1ccccc1)C(=O)N[C@@H](Cc1ccccc1)C(=O)N[C@H](/C=C/C(=O)c1ccco1)CCC(N)=O,19000.0,-4.278753600952829,0,train
CC(C)C[C@H](NC(=O)OCc1ccccc1)C(=O)N[C@@H](Cc1ccccc1)C(=O)N[C@H](/C=C/C(=O)n1ccc2ccccc21)CCC(N)=O,28999.99999999997,-4.462397997898956,0,train
CC(C)C[C@H](NC(=O)OCc1ccccc1)C(=O)N[C@@H](Cc1ccccc1)C(=O)N[C@H](/C=C/C(=O)c1ccccc1)CCC(N)=O,16000.00000000001,-4.204119982655925,0,train
Cc1cn(C2CC3COCC3(CO)O2)c(=O)[nH]c1=O,15320.44328640283,-4.185271331488064,0,train
Nc1ncnc2c1ncn2[C@@H]1C=C(CO)[C@@H](O)[C@H]1O,7597.138917483673,-3.88065006776864,0,test
CC(C)C[C@H](NC(=O)OCc1ccccc1)C(=O)N[C@@H](Cc1ccccc1)C(=O)N[C@H](/C=C/C(=O)N(C)O)CCC(N)=O,42000.00000000003,-4.623249290397901,0,train
CC(C)C[C@H](NC(=O)OCc1ccccc1)C(=O)N[C@@H](Cc1ccccc1)C(=O)N[C@H](/C=C/C(=O)N1CCCCO1)CCC(N)=O,100000.0,-5.0,1,test
CC(C)C[C@H](NC(=O)OCc1ccccc1)C(=O)N[C@@H](Cc1ccccc1)C(=O)N[C@H](/C=C/C(=O)C1Oc2ccccc2O1)CCC(N)=O,45000.00000000003,-4.653212513775344,0,train
CC(C)C[C@H](NC(=O)OCc1ccccc1)C(=O)N[C@@H](Cc1ccccc1)C(=O)N[C@H](/C=C/C(=O)C(C)(C)C)CCC(N)=O,5599.999999999998,-3.7481880270062,1,train
CCN(CC)c1ccc(C(=O)/C=C/[C@H](CCC(N)=O)NC(=O)[C@H](Cc2ccccc2)NC(=O)[C@H](CC(C)C)NC(=O)OCc2ccccc2)cc1,24999.999999999996,-4.3979400086720375,0,train
CC(C)C[C@H](NC(=O)OCc1ccccc1)C(=O)N[C@@H](Cc1ccccc1)C(=O)N[C@H](/C=C/C(=O)c1ccc([N+](=O)[O-])cc1)CCC(N)=O,32000.000000000025,-4.505149978319906,0,train
Nc1ncnc2c1ncn2[C@@H]1C=C(CCO)[C@@H](O)[C@H]1O,2524.487529031606,-3.4021732296220635,0,test
Cc1cn(C2OC3(CO)COCC3C2O)c(=O)[nH]c1=O,351780.71397413674,-5.546272026013416,0,train
CC(C)C[C@H](NC(=O)OCc1ccccc1)C(=O)N[C@@H](Cc1ccccc1)C(=O)N[C@H](/C=C/C(=O)N1CCc2cc(Cl)ccc21)CCC(N)=O,56000.00000000004,-4.748188027006201,0,test
CC(C)C[C@H](NC(=O)OCc1ccccc1)C(=O)N[C@@H](Cc1ccccc1)C(=O)N[C@H](/C=C/C(=O)n1cccc1)CCC(N)=O,6300.0,-3.7993405494535817,1,train
NC(=O)c1ncn([C@@H]2O[C@H](CO)[C@@H](O)[C@H]2O)n1,1228466.01448771,-6.089363146225449,0,test
CC(=O)/C=C/[C@H](CCC(N)=O)NC(=O)[C@H](Cc1ccccc1)NC(=O)[C@H](CC(C)C)NC(=O)OCc1ccccc1,60000.00000000003,-4.778151250383644,0,train
CC(C)C[C@H](NC(=O)OCc1ccccc1)C(=O)N[C@@H](Cc1ccccc1)C(=O)N[C@H](/C=C/[N+](=O)[O-])CCC(N)=O,100000.0,-5.0,0,train
CCOCn1c(Cc2cc(C)cc(C)c2)c(C(C)C)c(=O)[nH]c1=O,52500.000000000015,-4.720159303405957,0,train
CCOCn1c(SC2CCCCC2)c(C(C)C)c(=O)[nH]c1=O,74799.99999999996,-4.873901597864461,0,train
CCOC(=O)c1ccc(OCCCCC(=O)c2cc(C=O)n(C)c2)cc1,56000.00000000004,-4.748188027006201,0,test
Clc1ccc(CCCCCOc2ccc(C3=NCCO3)cc2)s1,71000.00000000003,-4.851258348719076,0,train
Cc1cc(CCCCCCCOc2ccc(C3=NCCO3)cc2)on1,37000.0,-4.568201724066995,0,train
Cc1cc(C(=O)CCCCOc2ccc(C3=NCCO3)cc2)c(C)n1C,140999.99999999994,-5.14921911265538,0,train
Cc1ccc(C(=O)CCCCOc2ccc(C3=NCCO3)cc2)s1,146000.00000000003,-5.164352855784437,0,train
CCOC(=O)c1ccc(OCCCCC(=O)c2ccc(Cl)s2)cc1,273000.0000000003,-5.4361626470407565,0,train
c1ccn(CCCCCOc2ccc(C3=NCCO3)cc2)c1,159000.0000000001,-5.201397124320452,0,train
Cc1ccsc1C(=O)CCCCOc1ccc(C2=NCCO2)cc1,290999.99999999977,-5.463892988985907,0,test
CCOC(=O)c1ccc(OCCCCC(=O)c2ccc(C)o2)cc1,65000.000000000015,-4.812913356642856,0,train
CCOC(=O)c1ccc(OCCCCC(=O)c2cc(C)[nH]c2C)cc1,203999.9999999998,-5.309630167425898,0,train
c1cc(C2=NCCO2)ccc1OCCCCCN1CCCC1,165000.00000000015,-5.217483944213907,0,train
CCOC(=O)c1ccc(OCCCCCc2ccc(C)s2)cc1,300999.9999999998,-5.478566495593843,0,train
Cc1cc(C(=O)CCCCOc2ccc(C3=NCCO3)cc2)c(C)[nH]1,204999.99999999997,-5.311753861055754,0,test
Cc1csc(C(=O)CCCCOc2ccc(C3=NCCO3)cc2)c1,73000.0,-4.863322860120456,0,train
CCOC(=O)c1ccc(OCCCCC(=O)c2sccc2C)cc1,201999.99999999985,-5.305351369446623,0,train
CCOC(=O)c1ccc(OCCCCC(=O)c2cc(C)n(C)c2C)cc1,56000.00000000004,-4.748188027006201,0,train
NC(=S)c1cccc(CSc2nc3ccccc3o2)c1,71901.10649516653,-4.856735573846686,0,train
NC(=S)c1cccc(CSc2nc3ccccc3s2)c1,36700.00000000004,-4.56466606425209,0,train
CCc1ccc(-c2cc3cn([C@H]4C[C@H](O)[C@@H](CO)O4)c(=O)nc3o2)cc1,123000.00000000004,-5.089905111439398,0,test
CCCc1ccc(-c2cc3cn([C@H]4C[C@H](O)[C@@H](CO)O4)c(=O)nc3o2)cc1,187999.99999999988,-5.27415784926368,1,train
CC(C)(C)Cc1ccc(-c2cc3cn([C@H]4C[C@H](O)[C@@H](CO)O4)c(=O)nc3o2)cc1,140000.00000000006,-5.146128035678238,0,train
CCCCCCc1ccc(-c2cc3cn([C@H]4C[C@H](O)[C@@H](CO)O4)c(=O)nc3o2)cc1,18000.000000000015,-4.2552725051033065,1,test
CC(C)c1ccc(-c2cc3cn([C@H]4C[C@H](O)[C@@H](CO)O4)c(=O)nc3o2)cc1,45000.00000000003,-4.653212513775344,0,train
CCCCCCCc1ccc(-c2cc3cn([C@H]4C[C@H](O)[C@@H](CO)O4)c(=O)nc3o2)cc1,18000.000000000015,-4.2552725051033065,1,train
Cc1cc(O)c(Sc2c(O)cc(C)cc2C(C)(C)c2ccccc2)c(C(C)(C)c2ccccc2)c1,70599.99999999997,-4.848804701051804,0,train
CCCCc1ccc(NC(=O)c2ccc(C)cc2)cc1,180200.00000000012,-5.2557547866430445,0,test
O=C(C(=O)c1ccc(C(=O)c2ccc(C(=O)C(=O)c3ccc(Sc4ccccc4)cc3)cc2)cc1)c1ccc(Sc2ccccc2)cc1,262800.0000000003,-5.419625360887744,0,train
CC(C)OC(=O)CC(=O)CSc1nc(-c2ccc(F)cc2)cc(-c2cccs2)c1C#N,220300.0000000001,-5.343014497150768,0,test
Cc1ccc(NC(=O)CC(c2ccccc2)c2ccccc2)cc1C,40299.99999999997,-4.605305046141109,0,train
O=C(/C=C/c1ccc(-c2cc(Cl)cc(Cl)c2)o1)c1cccs1,157299.99999999997,-5.196728722623287,0,train
Oc1ccc(/C=N/c2nccs2)c(O)c1,323599.9999999997,-5.510008512940234,0,train
O=CC(=O)c1ccc2c(c1)Cc1cc(C(=O)C=O)ccc1-2,52699.99999999996,-4.721810615212546,0,train
CCCc1ccc(OCc2ccc(C(=O)N/N=C/c3ccc(Cl)cc3O)o2)cc1,46699.99999999996,-4.669316880566112,0,train
C=C(SCCNC(=O)NCCCCCCNC(=O)NCCSc1ccccc1O)/C(C)=C\C,112600.0,-5.051538390515328,0,train
CC(=O)c1ccc(N/C=C2\C(=O)C(O)=C(C(C)C)c3cc(C)c(-c4c(C)c(C(C)C)c5c(c4O)/C(=C/Nc4ccc(C(C)=O)cc4)C(=O)C(O)=C5)c(O)c32)cc1,82700.00000000007,-4.917505509552547,0,test
CCOC(=O)C1=C(C)OC(N)=C(C#N)C1c1ccc(OCc2ccc(C)cc2)c([N+](=O)[O-])c1,78600.00000000007,-4.895422546039408,0,train
CCCOc1ccc(-c2cc(C(=O)N/N=C/c3ccc(OCC)cc3)[nH]n2)cc1,12300.000000000004,-4.089905111439398,0,train
CC(C)C[C@@H](N)C(=O)Nc1ccc(NC(=O)/C=C/c2ccc(-c3ccc([N+](=O)[O-])cc3)o2)cc1C(=O)c1ccccc1,47800.00000000004,-4.679427896612119,0,train
CN1CCN(C(C(=O)Nc2ccc(NC(=O)/C=C/c3ccc(-c4ccc([N+](=O)[O-])cc4)o3)cc2C(=O)c2ccccc2)c2ccc(Cl)cc2)CC1,38600.000000000015,-4.586587304671755,0,train
O=C(/C=C/c1ccc(-c2ccc([N+](=O)[O-])cc2)o1)Nc1ccc(NC(=O)C(c2ccccc2)N2CCN(C3CCCCC3)CC2)c(C(=O)c2ccccc2)c1,42000.00000000003,-4.623249290397901,0,train
O=C(/C=C/c1ccc(-c2ccc([N+](=O)[O-])cc2)o1)Nc1ccc(NC(=O)C(c2ccccc2)N2CCN(CCO)CC2)c(C(=O)c2ccccc2)c1,71000.00000000003,-4.851258348719076,0,train
CCCN1CCN(C(C(=O)Nc2ccc(NC(=O)/C=C/c3ccc(-c4ccc([N+](=O)[O-])cc4)o3)cc2C(=O)c2ccccc2)c2ccccc2)CC1,68000.00000000004,-4.832508912706237,0,train
CN1CCN(C(C(=O)Nc2ccc(NC(=O)/C=C/c3ccc(-c4ccc([N+](=O)[O-])cc4)o3)cc2C(=O)c2ccccc2)c2ccccc2)CC1,37000.0,-4.568201724066995,0,train
Nc1ccn([C@@H]2CS[C@H](CO)[C@H]2F)c(=O)n1,59279.43280916831,-4.772904039623316,0,test
Cc1ccc(CSc2ccncc2)cc1,99386.49736904436,-4.997327385237895,0,train
Clc1ccc(CSc2ccncc2)cc1,69144.26548004353,-4.83975616747288,0,train
c1ccc(CSc2ccncc2)cc1,117241.4478325235,-5.069081172968319,0,train
Clc1ccc(-n2nnnc2SCc2ccccc2)cc1Cl,144113.15551470043,-5.158703627633266,0,train
Clc1ccc(-n2nnnc2SCc2ccccc2)cc1,165130.94884243218,-5.217828476363115,0,test
c1ccc(CSc2nnnn2-c2ccccc2)cc1,155024.31571298142,-5.190399823020233,0,train
Cc1ccc(-n2nnnc2SCc2ccccc2)cc1,69766.12411995526,-4.843644596276084,0,test
Sc1nnnn1-c1ccc(Cl)c(Cl)c1,134757.8001699648,-5.129553912802973,0,train
Sc1nnnn1-c1ccc(Cl)cc1,229939.10610584705,-5.361612838697227,0,train
CC(C)(O)[C@@H]1CC2=C(O1)C(=O)c1ccccc1C2=O,16649.049649014803,-4.22138944841482,0,train
CC(=O)O[C@H]1C(=O)[C@@]2(C)[C@H]([C@H](OC(=O)c3ccccc3)[C@]3(O)C[C@H](OC(=O)[C@H](O)[C@@H](NC(=O)c4ccccc4)c4ccccc4)C(C)=C1C3(C)C)[C@]1(OC(C)=O)CO[C@@H]1C[C@@H]2O,11.710726322667982,-1.0685838317200609,0,test
CC(C)(O)c1cc2c(o1)C(=O)c1ccccc1C2=O,12487.463757087606,-4.0964742407639925,0,train
CC(=O)O[C@@H]1[C@H](O)[C@H](OCCCCCCCCCCCCCCC(C)C(=O)C2=C(O)N(C)C(C)C2=O)O[C@H](CO)[C@H]1O,44200.00000000005,-4.645422269349092,0,train
CC(CCCCCCCCCCCCCCCCO[C@@H]1O[C@H](CO)[C@@H](O)[C@H](O)[C@@H]1O)C(=O)C1=C(O)N(C)C(C)C1=O,17000.000000000007,-4.230448921378274,0,train
CC(=O)OC[C@H]1O[C@@H](OCCCCCCCCCCCCCCC(C)C(=O)C2=C(O)N(C)C(C)C2=O)[C@@H](O)[C@@H](O)[C@@H]1O,28999.99999999997,-4.462397997898956,0,test
CCCCCCCCCCCC(=O)[C@]1(O)C[C@H](C(=O)O)C(C(=O)OCC)=C2N(Cc3ccccc3)CCN21,47286.68974257128,-4.674738912728609,0,train
CCCCCCCCCCCC(=O)[C@]1(O)C[C@H](C(=O)OCC)C(C(=O)OCC)=C2N(Cc3ccccc3)CCN21,17961.576595347244,-4.254344454636866,0,train
CCCCCCCCCCCC(=O)[C@]1(O)C[C@H](C(=O)OC)C(C(=O)OCC)=C2N(Cc3ccccc3)CCN21,18425.809399742426,-4.265426574420968,0,test
CC(=O)O[C@H]1CC[C@]2(C)[C@H](CC[C@@](C)(O)[C@@H]2COc2ccc3ccc(=O)oc3c2)C1(C)C,35024.13275728051,-4.544367390399196,0,test
C=C1CC[C@@H](O)C(C)(C)C1CC/C(C)=C/COc1ccc2ccc(=O)oc2c1,21437.90849673201,-4.33118241289408,0,train
C/C(=C\COc1ccc2ccc(=O)oc2c1)CCC1C(C)(C)[C@H]2CC[C@]1(C)O2,20130.71895424837,-4.3038592856828455,0,train
C[C@H]1CC=C2[C@H](CC[C@H](O)C2(C)C)[C@@]1(C)COc1ccc2ccc(=O)oc2c1,26143.79084967318,-4.417368560510363,0,test
CO[C@H]1[C@H](O[C@H]2[C@H](O[C@@H](CC[C@@H](C)[C@H]3C[C@@H](O)[C@@H]4[C@]3(C)CC[C@@H]3[C@@]5(C)CC[C@H](O)[C@H](O)[C@@H]5[C@@H](O)C[C@]34O)C(C)C)O[C@H](CO)[C@@H]2O)OC[C@@H](OC)[C@@H]1O,85155.7048408652,-4.9302137479875885,0,train
CO[C@H]1[C@H](O[C@H]2[C@H](O[C@@H](CC[C@@H](C)[C@H]3C[C@@H](O)[C@H]4[C@@H]5C[C@H](O)[C@H]6[C@@H](O)[C@@H](O)CC[C@]6(C)[C@H]5CC[C@@]43C)C(C)C)O[C@H](CO)[C@@H]2O)OC[C@@H](OC)[C@@H]1O,80407.00171821305,-4.9052938680915545,0,train
C=C(CC[C@@H](C)[C@H]1C[C@@H](O)[C@@H]2[C@]1(C)CC[C@@H]1[C@@]3(C)CC[C@H](O)[C@H](O)[C@@H]3[C@@H](O)C[C@]12O)C(C)CO[C@@H]1OC[C@@H](O)[C@H](O)[C@H]1O[C@@H]1OC[C@@H](O)[C@H](O)[C@H]1OC,67857.53343795253,-4.831598069371063,0,test
COC(=O)[C@@]1(Cc2ccc(O)c(CC=C(C)C)c2)OC(=O)C(O)=C1c1ccc(O)cc1,66299.99999999994,-4.821513528404773,0,test
COC(=O)[C@]1(Cc2ccc(O)c(CC=C(C)C)c2)OC(=O)C(OS(=O)(=O)O)=C1c1ccc(O)cc1,80699.99999999996,-4.90687353472207,0,train
C[C@@]12CCC[C@@](C)(C=O)[C@H]1CC[C@]13C[C@](O)(CC[C@H]12)[C@](O)(CCl)C3,107630.49493122364,-5.031935337352676,0,train
C[C@@]12CCC[C@@](C)(C=O)[C@H]1CC[C@@]13CC(=O)[C@](CO)(CC[C@H]12)C3,118383.32961749942,-5.073290550656711,0,train
COC(=O)[C@]1(C)CCC[C@@]2(C)[C@@H]3CC[C@H]4C[C@]3(CC[C@@H]21)C[C@]4(O)CO,115549.54507716144,-5.062768239985034,0,train
COC(=O)[C@]1(C)CCC[C@@]2(C)C3=CC[C@H]4C[C@]3(CC[C@H]12)C[C@]4(O)CO,111052.7629755254,-5.045529368198288,0,train
C[C@@]12CCC[C@@](C)(C=O)[C@H]1CC[C@@]13C[C@@H](CC[C@H]12)[C@@](O)(CO)C3,156019.38384824913,-5.193178558452964,0,train
C[C@@]12CCC[C@@](C)(C(=O)O)[C@H]1CC[C@@]13C[C@H](CO)[C@@H](CC[C@H]12)C3,134176.67010949444,-5.127677009696532,0,train
C[C@@]1(CO)CCC[C@]2(C)[C@@H]1CC[C@@]13C[C@H](CO)[C@@H](CC[C@H]12)C3,116480.14617116375,-5.066251906966301,0,train
C=C1C[C@]23CC[C@H]4[C@@](C)(CCC[C@@]4(C)C=O)[C@@H]2CC[C@@]1(O)C3,139854.1285070986,-5.145675291310954,0,train
C=C1C[C@]23CC[C@@H]4[C@](C)(CO)CCC[C@@]4(C)[C@@H]2CC[C@@]1(O)C3,164217.63434644658,-5.215419791566241,0,train
C=C1C[C@@]23CC[C@@H]4[C@](C)(CO)CCC[C@@]4(C)[C@@H]2CC[C@H]1C3,113701.3606031718,-5.055765661687858,0,train
CC1(C)CCC[C@]2(C)[C@H]3CC[C@H]4C(=O)OC[C@H]4[C@]3(C=O)CC[C@@H]12,44495.803201060095,-4.648319050698378,0,train
CC(=O)O[C@H]1OC(=O)[C@@H]2CC[C@@H]3[C@@]4(C)CCCC(C)(C)[C@@H]4CC[C@@]3(C=O)[C@H]12,16653.696084654952,-4.22151063490126,0,train
CC(=O)OC[C@@H]1[C@H]2CC[C@@H]3[C@@]4(C)CCCC(C)(C)[C@@H]4CC[C@@]13COC2=O,45543.5712118286,-4.658427081983595,0,train
CO[C@H]1CC[C@]2(C)[C@H]3CCc4cocc4[C@]3(C)CC[C@H]2[C@@H]1C,44865.733424144855,-4.651914771595648,0,test
CC1(C)CCC[C@]2(C)[C@H]3CC[C@H]4C(=O)OC5O[C@@H](O)[C@]3(CC[C@@H]12)[C@H]54,44280.86205659335,-4.646216067102288,0,train
COC(=O)[C@@H]1CC[C@@H]2[C@@]3(C)CCCC(C)(C)[C@@H]3CC[C@]23C(O)OC[C@H]13,107218.56553085738,-5.030269992534872,0,train
CC[C@]1(O)C[C@H]2CN(CCc3c([nH]c4ccccc34)[C@@](C(=O)OC)(c3cc4c(cc3OC)N(C=O)[C@H]3[C@@](O)(C(=O)OC)[C@H](OC(C)=O)[C@]5(CC)C=CCN6CC[C@]43[C@@H]65)C2)C1,60.60811760884006,-1.7825307957277343,0,train
CC1=CC[C@H]2C(C)(C)CCC[C@]2(C)[C@H]1/C=C1\C=C2OCOC2=CC1=O,7400.000000000001,-3.869231719730976,0,train
COc1c(C[C@H]2C(C)=CC[C@H]3C(C)(C)CCC[C@]23C)cc2c(c1C=O)OCO2,41399.99999999997,-4.617000341120899,0,train
C=C1CC[C@H]2C(C)(C)CCC[C@]2(C)[C@H]1/C=C1\C=C2OCOC2=CC1=O,20599.999999999996,-4.313867220369153,0,train
COC1=CC(=O)C(OC)=C(/C=C2\[C@@H](C)CC[C@H]3C(C)(C)CCC[C@]23C)C1=O,75300.00000000007,-4.876794976200701,0,test
COC1=CC(=O)C(O)=C(/C=C2\[C@@H](C)CC[C@H]3C(C)(C)CCC[C@]23C)C1=O,75099.99999999994,-4.875639937004168,0,train
C=C1CC[C@@H]2C(C)(C)CCC[C@@]2(C)[C@@H]1CC1=C(O)C(=O)C=C(OC)C1=O,72099.99999999999,-4.857935264719429,0,test
COc1ccc(O)c(O)c1/C=C1\[C@@H](C)CC[C@H]2C(C)(C)CCC[C@]12C,38099.99999999997,-4.580924975675619,0,train
COc1ccc(O)c(O)c1C[C@@]1(C)C2=C(CC[C@@H]1C)C(C)(C)CCC2,41299.99999999997,-4.615950051656401,0,train
COC1=CC(=O)C(=O)C(C[C@@]2(C)C3=C(CC[C@@H]2C)C(C)(C)CCC3)=C1OC,61300.0,-4.787460474518415,0,train
COC1=CC(=O)C(O)=C(C[C@@]2(C)C3=C(CC[C@@H]2C)C(C)(C)CCC3)C1=O,62299.99999999995,-4.794488046659169,0,test
CC(=O)CCCCC[C@H](NC(=O)C1CCN(C)CC1)c1ncc(-c2ccc3ccccc3c2)[nH]1,300.0000000000001,-2.4771212547196626,1,train
CCC(=O)CCCCC[C@H](NC(=O)C1CCN(C)CC1)c1ncc(-c2ccc3ccccc3c2)[nH]1,209.99999999999991,-2.322219294733919,0,train
CCC(=O)CCCCC[C@H](NC(=O)C1CCN(C)CC1)c1ncc(-c2ccc3ccccc3n2)[nH]1,480.0,-2.681241237375587,1,train
CCC(=O)CCCCC[C@H](NC(=O)C1CCN(C)CC1)c1ncc(-c2cc3ccccc3cn2)[nH]1,22.0,-1.3424226808222062,1,train
CCC(=O)CCCCC[C@H](NC(=O)C1CCN(C)CC1)c1ncc(-c2cnc3ccccc3c2)[nH]1,249.99999999999997,-2.397940008672037,1,train
CCC(=O)CCCCC[C@H](NC(=O)C1CCN(C)CC1)c1ncc(-c2ccc3ncccc3c2)[nH]1,200.00000000000003,-2.3010299956639813,0,train
CCC(=O)CCCCC[C@H](NC(=O)C1CCN(C)CC1)c1ncc(-c2cc(OC)c3ccccc3n2)[nH]1,770.0,-2.886490725172482,1,test
CCC(=O)CCCCC[C@H](NC(=O)CCN(C)C)c1ncc(-c2cc(OC)c3ccccc3n2)[nH]1,500.0,-2.6989700043360187,0,train
CCC(=O)CCCCC[C@H](NC(=O)CCN1CCN(C)CC1)c1ncc(-c2cc(OC)c3ccccc3n2)[nH]1,389.9999999999999,-2.591064607026499,0,test
CCC(=O)CCCCC[C@H](NC(=O)C1CN(C)C1)c1ncc(-c2cc(OC)c3ccccc3n2)[nH]1,969.9999999999998,-2.9867717342662448,0,train
CCC(=O)CCCCC[C@H](NC(=O)C1CN(C)C1)c1ncc(-c2ccc3nccnc3c2)[nH]1,1199.9999999999995,-3.0791812460476247,1,train
CCC(=O)CCCCC[C@H](NC(=O)C1CN(C)C1)c1ncc(-c2cnc3ccccc3n2)[nH]1,430.0000000000001,-2.633468455579586,1,train
CCC(=O)CCCCC[C@H](NC(=O)C1CN(C)C1)c1ncc(-c2cc3ccccc3nc2F)[nH]1,189.99999999999997,-2.278753600952829,0,train
CCC(=O)CCCCC[C@H](NC(=O)C1CN(C)C1)c1ncc(-c2cc3ccccc3nc2OC)[nH]1,135.0,-2.130333768495006,0,train
Nc1ccccc1NC(=O)c1ccc(CNC(=O)OCc2cccnc2)cc1,1799.9999999999998,-3.255272505103306,0,train
CC(C)C1=CC2=CC[C@@H]3[C@](C)(CCC[C@@]3(C)C(=O)O)[C@H]2CC1,49263.03817389526,-4.6925211923481855,0,train
CC(C)C1=CC2=CC[C@H]3[C@](C)(CO)CCC[C@]3(C)[C@H]2CC1,18025.82546147846,-4.255895161610979,0,train
CC(C)C1=CC2=CC[C@@H]3[C@](C)(CCC[C@@]3(C)C=O)[C@H]2CC1,19549.04541313068,-4.291125555494979,0,train
CC(C)=C1CCC2=C(CC[C@H]3[C@](C)(C(=O)O)CCC[C@]23C)C1,175561.5655727408,-5.2444294450173805,0,train
COC(=O)[C@]1(C)CCC[C@]2(C)C3=C(CC[C@@H]12)CC(=C(C)C)CC3,147242.36535696784,-5.16803278550125,0,train
CC(C)=C1CCC2=C(CC[C@H]3[C@](C)(CO)CCC[C@]23C)C1,68290.14645983189,-4.8343580441377725,0,train
CC(C)=C1CCC2=C(CC[C@H]3[C@](C)(C=O)CCC[C@]23C)C1,116596.09228545793,-5.066683995300343,0,train
C[C@@H]1CO[C@@]2(C[C@@H]1OC(=O)c1ccccc1)O[C@@H]1C[C@@H](C(=O)O[C@@H]3O[C@H](CO)[C@@H](O)[C@H](O)[C@H]3O[C@@H]3O[C@H](CO)[C@@H](O)[C@H](O)[C@H]3O)C[C@@H](O)[C@]1(O)C2=O,67410.0572582637,-4.828724696029719,0,train
COC(=O)[C@H]1C[C@@H](O)[C@]2(O)C(=O)[C@]3(C[C@H](OC(=O)c4ccccc4)[C@H](C)CO3)O[C@@H]2C1,491666.3022136492,-5.69167044366911,0,train
C[C@@H]1CO[C@@]2(C[C@@H]1OC(=O)c1ccccc1)O[C@@H]1C[C@@H](C(=O)O[C@@H]3O[C@H](CO)[C@@H](O)[C@H](O)[C@H]3O[C@@H]3O[C@H](CO)[C@@H](O)[C@H](O)[C@H]3O[C@@H]3OC[C@@H](O)[C@@H](O)[C@@H]3O)C[C@@H](O)[C@]1(O)C2=O,77211.62257316567,-4.887682679085299,0,train
OC(CO/N=C(\Cl)c1nc2c(ccc3ccccc32)o1)CN1CCCCC1,18899.999999999985,-4.276461804173244,0,train
CN(C)S(=O)(=O)c1ccc2nc(/C(Cl)=N/OCC(O)CN3CCCCC3)oc2c1,45100.00000000003,-4.654176541877961,0,train
CCS(=O)(=O)c1ccc2oc(/C(Cl)=N/OCC(O)CN3CCCCC3)nc2c1,41399.99999999997,-4.617000341120899,0,train
OC(CO/N=C(\Cl)c1nc2ccc(Cl)cc2o1)CN1CCCCC1,44200.00000000005,-4.645422269349092,0,test
OC(CO/N=C(\Cl)c1nc2cc(Cl)ccc2o1)CN1CCCCC1,31400.000000000025,-4.496929648073215,0,train
Cc1ccc2nc(/C(Cl)=N/OCC(O)CN3CCCCC3)oc2c1,18799.99999999999,-4.27415784926368,0,train
OC(CO/N=C(\Cl)c1nc2cccc(F)c2o1)CN1CCCCC1,19300.000000000004,-4.285557309007774,0,test
OC(CO/N=C(\Cl)c1nc2c(F)cccc2o1)CN1CCCCC1,40199.99999999998,-4.60422605308447,0,test
O=C(NCC(O)CO/N=C(\Cl)c1nc2ccccc2o1)N1CCCCC1,46899.99999999996,-4.671172842715083,0,test
CS(=O)(=O)NCC(O)CO/N=C(\Cl)c1nc2ccccc2o1,48500.00000000004,-4.685741738602264,0,train
CC(C)(C)NCC(O)CO/N=C(\Cl)c1nc2ccccc2o1,55399.99999999996,-4.743509764728429,0,train
CC(C)N(CC(O)CO/N=C(\Cl)c1nc2ccccc2o1)CC1CC1,24400.00000000001,-4.38738982633873,0,train
CC(C)N(CCCF)CC(O)CO/N=C(\Cl)c1nc2ccccc2o1,33800.00000000003,-4.528916700277655,0,train
CC(C)N(CCO)CC(O)CO/N=C(\Cl)c1nc2ccccc2o1,50200.00000000004,-4.70070371714502,0,test
CCCN(CC(O)CO/N=C(\Cl)c1nc2ccccc2o1)C(C)C,57599.99999999997,-4.760422483423212,0,train
CC(C)N(CC(O)CO/N=C(\Cl)c1nc2ccccc2o1)C(C)(C)C,45700.00000000002,-4.65991620006985,0,train
CC(C)N(CC(O)CO/N=C(\Cl)c1nc2ccccc2o1)C(C)C,45000.00000000003,-4.653212513775344,0,train
CCCN(CC)CC(O)CO/N=C(\Cl)c1nc2ccccc2o1,40700.00000000003,-4.60959440922522,0,test
CC1CCCC(C)N1CC(O)CO/N=C(\Cl)c1nc2ccccc2o1,78900.00000000006,-4.897077003209421,0,train
CC1CC(C)CN(CC(O)CO/N=C(\Cl)c2nc3ccccc3o2)C1,55299.99999999995,-4.742725131304698,0,train
OC(CO/N=C(\Cl)c1nc2ccccc2o1)CN1CCCC(F)C1,52699.99999999996,-4.721810615212546,0,train
OC(CO/N=C(\Cl)c1nc2ccccc2s1)CN1CCCC1,60099.99999999996,-4.778874472002739,0,train
OC(CO/N=C(\Cl)c1nc2ccccc2s1)CN1CCCCC1,49100.00000000002,-4.691081492122969,0,train
OC(CO/N=C(\Cl)c1nc2ccccc2o1)CN1CCCCC1,41700.00000000001,-4.620136054973758,0,train
CCn1nc(-c2cccs2)nc2c(=O)n(C)c(=O)nc1-2,10500.000000000004,-4.021189299069938,0,train
CCn1nc(-c2ccc(C)s2)nc2c(=O)n(C)c(=O)nc1-2,22200.00000000001,-4.346352974450639,0,train
CCn1nc(-c2ccc(C)s2)[n+]([O-])c2c(=O)n(C)c(=O)nc1-2,15000.000000000004,-4.176091259055681,0,train
CCCCn1nc(-c2ccc(C)s2)nc2c(=O)n(C)c(=O)nc1-2,15299.999999999987,-4.184691430817598,0,train
CCCCn1nc(-c2ccc(C)s2)[n+]([O-])c2c(=O)n(C)c(=O)nc1-2,6600.000000000002,-3.8195439355418688,0,train
CCCCn1nc(-c2ccc(C)o2)nc2c(=O)n(C)c(=O)nc1-2,7799.999999999999,-3.89209460269048,0,train
CCCCn1nc(-c2ccc(C)o2)[n+]([O-])c2c(=O)n(C)c(=O)nc1-2,8999.999999999998,-3.9542425094393248,0,train
CCn1nc(-c2ccc(C)o2)nc2c(=O)n(C)c(=O)nc1-2,22300.0,-4.348304863048161,0,train
CCn1nc(-c2ccc(C)o2)[n+]([O-])c2c(=O)n(C)c(=O)nc1-2,9799.999999999996,-3.991226075692495,0,train
CCn1nc(-c2ccco2)nc2c(=O)n(C)c(=O)nc1-2,5599.999999999998,-3.7481880270062,0,train
CCn1nc(-c2ccc[nH]2)nc2c(=O)n(C)c(=O)nc1-2,10700.000000000002,-4.02938377768521,0,test
CCn1nc(-c2ccc[nH]2)[n+]([O-])c2c(=O)n(C)c(=O)nc1-2,5199.999999999998,-3.716003343634799,0,train
CCCCn1nc(-c2ccc[nH]2)[n+]([O-])c2c(=O)n(C)c(=O)nc1-2,6300.0,-3.7993405494535817,0,test
CCn1nc(-c2ncc[nH]2)nc2c(=O)n(C)c(=O)nc1-2,11900.000000000007,-4.075546961392531,0,train
CCCCn1nc(-c2ncc[nH]2)nc2c(=O)n(C)c(=O)nc1-2,3600.0,-3.5563025007672877,0,test
CCCCn1nc(-c2nccs2)nc2c(=O)n(C)c(=O)nc1-2,2499.9999999999995,-3.397940008672037,0,train
CCCCn1nc(-c2ccc3ccccc3n2)nc2c(=O)n(C)c(=O)nc1-2,9499.999999999996,-3.977723605288848,0,train
CCCCn1nc(-c2nc3ccccc3s2)nc2c(=O)n(C)c(=O)nc1-2,8700.000000000004,-3.9395192526186182,0,train
CC(C)CCn1nc(-c2nc3ccccc3s2)nc2c(=O)n(C)c(=O)nc1-2,16900.000000000015,-4.227886704613674,0,train
CC(C)Cn1nc(-c2nc3ccccc3s2)nc2c(=O)n(C)c(=O)nc1-2,7899.999999999999,-3.8976270912904414,0,train
CCCn1nc(-c2nc3ccccc3s2)nc2c(=O)n(C)c(=O)nc1-2,15599.999999999984,-4.193124598354461,0,train
Cn1c(=O)nc2n(Cc3ccccc3)nc(-c3nc4ccccc4s3)nc-2c1=O,7300.0,-3.863322860120456,0,train
Cn1c(=O)nc2n(Cc3ccc(F)cc3)nc(-c3nc4ccccc4s3)nc-2c1=O,23399.99999999998,-4.369215857410143,0,train
CCCCn1nc(-c2ccccc2)nc2c(=O)n(C)c(=O)nc1-2,18500.0,-4.267171728403014,0,test
CC1=C(O)C(=O)C=C2C1=CC=C1[C@@]2(C)CC[C@@]2(C)[C@@H]3C[C@](C)(C(=O)O)CC[C@]3(C)CC[C@]12C,3000.0000000000014,-3.4771212547196626,0,test
CCC1(C)Cc2ccccc2-c2[nH]c3nnc(S)n3c(=O)c21,80000.00000000003,-4.903089986991944,0,train
Oc1ccc(O)c(-c2ccc(-c3nnc(S)o3)o2)c1,65999.99999999994,-4.819543935541868,0,train
COc1ccc(Nc2nc(N)nc(-c3cc4ccccc4o3)n2)cc1,4000.000000000001,-3.6020599913279625,0,train
Cc1noc(NS(=O)(=O)c2ccc(NC(=O)CSc3nnc(-c4ccccc4)c(-c4ccccc4)n3)cc2)c1C,68000.00000000004,-4.832508912706237,0,test
COc1cc(/C=C2\SC(=S)N(c3ccc([N+](=O)[O-])cc3)C2=O)cc(OC)c1O,11000.000000000007,-4.041392685158225,0,test
COc1cc(C(=O)Nc2nc3ccc(S(=O)(=O)N4CCOCC4)cc3s2)cc(OC)c1OC,70000.00000000001,-4.845098040014257,0,train
CCOc1ccccc1C(=O)Nc1nc2ccc(S(N)(=O)=O)cc2s1,10000.0,-4.0,0,train
Cn1c(SCc2cc(=O)oc3cc(O)c(O)cc23)nc2ccccc21,35000.0,-4.544068044350276,0,train
Cc1c(Cc2ccccc2)c(=O)oc2c(O)c(O)ccc12,10000.0,-4.0,0,train
Cc1c(CCC(=O)O)c(=O)oc2c(C)c(OCc3cccc4ccccc34)ccc12,6000.000000000003,-3.778151250383644,0,train
CC(=O)OC[C@H]1O[C@@H](n2cc(-c3cc(-c4ccccc4)no3)c(=O)[nH]c2=O)C[C@@H]1OC(C)=O,3000.0000000000014,-3.4771212547196626,0,train
CC(C)(C)c1ccc(-c2cc(-c3cn([C@H]4C[C@H](O)[C@@H](CO)O4)c(=O)[nH]c3=O)on2)cc1,3000.0000000000014,-3.4771212547196626,0,train
CCCCCCCCc1cc(-c2cn([C@H]3C[C@H](O)[C@@H](CO)O3)c(=O)[nH]c2=O)on1,3000.0000000000014,-3.4771212547196626,0,test
CCCCCc1cc(-c2cn([C@H]3C[C@H](OC(C)=O)[C@@H](COC(C)=O)O3)c(=O)[nH]c2=O)on1,3000.0000000000014,-3.4771212547196626,0,train
CCCc1cc(-c2cn([C@H]3C[C@H](OC(C)=O)[C@@H](COC(C)=O)O3)c(=O)[nH]c2=O)on1,3000.0000000000014,-3.4771212547196626,0,test
CC(=O)OC[C@H]1O[C@@H](n2cc(-c3cc(C)no3)c(=O)[nH]c2=O)C[C@@H]1OC(C)=O,3000.0000000000014,-3.4771212547196626,0,test
CC(=O)OC[C@H]1O[C@@H](n2cc(-c3cc(-c4ccc(C(C)(C)C)cc4)no3)c(=O)[nH]c2=O)C[C@@H]1OC(C)=O,3000.0000000000014,-3.4771212547196626,0,train
CCCCc1ccc(-c2cc(-c3cn([C@H]4C[C@H](OC(C)=O)[C@@H](COC(C)=O)O4)c(=O)[nH]c3=O)on2)cc1,3000.0000000000014,-3.4771212547196626,0,train
CCc1ccc(-c2cc(-c3cn([C@H]4C[C@H](OC(C)=O)[C@@H](COC(C)=O)O4)c(=O)[nH]c3=O)on2)cc1,3000.0000000000014,-3.4771212547196626,0,train
CC(=O)OC[C@H]1O[C@@H](n2cc(-c3cc(-c4ccc(C(C)C)cc4)no3)c(=O)[nH]c2=O)C[C@@H]1OC(C)=O,3000.0000000000014,-3.4771212547196626,0,train
CS(=O)(=O)Nc1ccc(NC(=S)Nc2ccc([N+](=O)[O-])cc2)cc1Oc1ccccc1,218092.5192084984,-5.338640769099157,0,train
C=CCNC(=S)Nc1ccc(NS(C)(=O)=O)c(Oc2ccccc2)c1,218283.34980171712,-5.3390206098959645,0,train
CS(=O)(=O)Nc1ccc(NC(=S)NCCc2ccccc2)cc1Oc1ccccc1,108701.06753506736,-5.036233809240962,0,train
CS(=O)(=O)Nc1ccc(NC(=S)NC2CCCCC2)cc1Oc1ccccc1,196390.6075715253,-5.293120713708578,0,train
OCc1cccc(-n2cnc3c(Cl)ncnc32)c1,175000.0,-5.243038048686294,0,train
CC(=O)c1cccc(-n2cnc3c(Cl)ncnc32)c1,143999.99999999988,-5.158362492095249,0,train
CN1CCN(C(C(=O)Nc2ccc(NC(=O)c3cccc4ccccc34)cc2C(=O)c2ccccc2)c2ccccc2)CC1,4000.000000000001,-3.6020599913279625,0,train
CN1CCN(C(C(=O)Nc2ccc(NC(=O)c3ccc4ccccc4c3)cc2C(=O)c2ccccc2)c2ccccc2)CC1,4000.000000000001,-3.6020599913279625,0,train
CC(C)N(C(=O)Nc1ccc(NC(=O)C(c2ccccc2)N2CCN(C)CC2)c(C(=O)c2ccccc2)c1)C(C)C,4000.000000000001,-3.6020599913279625,0,test
CN1CCN(C(C(=O)Nc2ccc(NC(=O)CCc3ccccc3)cc2C(=O)c2ccccc2)c2ccccc2)CC1,8000.000000000004,-3.903089986991944,0,train
CN1CCN(CC(=O)Nc2ccc(NC(=O)c3ccc4ccccc4c3)cc2C(=O)c2ccccc2)CC1,8999.999999999998,-3.9542425094393248,0,train
CN1CCN(C(C(=O)Nc2ccc(N(S(=O)(=O)c3ccccc3)S(=O)(=O)c3ccccc3)cc2C(=O)c2ccccc2)c2ccccc2)CC1,12000.000000000007,-4.079181246047625,0,train
CN1CCN(C(C(=O)Nc2ccc(NC(=O)c3ccccc3)cc2C(=O)c2ccccc2)c2ccccc2)CC1,16000.00000000001,-4.204119982655925,0,train
CN1CCN(C(C(=O)Nc2ccc(NC(=O)Cc3ccccc3)cc2C(=O)c2ccccc2)c2ccccc2)CC1,16000.00000000001,-4.204119982655925,0,train
CN1CCN(C(C(=O)Nc2ccc(NS(=O)(=O)c3ccccc3)cc2C(=O)c2ccccc2)c2ccccc2)CC1,26000.00000000001,-4.414973347970818,0,train
CN1CCN(C(C(=O)Nc2ccc(NC(=O)c3cccnc3)cc2C(=O)c2ccccc2)c2ccccc2)CC1,37000.0,-4.568201724066995,0,train
CN1CCN(C(C(=O)Nc2ccc(NC(=O)C(C)(C)C)cc2C(=O)c2ccccc2)c2ccccc2)CC1,45000.00000000003,-4.653212513775344,0,train
CC(=O)Nc1ccc(NC(=O)CN2CCN(C)CC2)c(C(=O)c2ccccc2)c1,53000.000000000015,-4.724275869600789,0,train
CN1CCN(CC(=O)Nc2ccc(NC(=O)CCc3ccccc3)cc2C(=O)c2ccccc2)CC1,80000.00000000003,-4.903089986991944,0,test
CCC(=O)Nc1ccc(NC(=O)C(c2ccccc2)N2CCN(C)CC2)c(C(=O)c2ccccc2)c1,84000.00000000007,-4.924279286061882,0,test
CN1CCN(C(C(=O)Nc2ccc(NS(C)(=O)=O)cc2C(=O)c2ccccc2)c2ccccc2)CC1,98999.99999999994,-4.99563519459755,0,test
CC(=O)Nc1ccc(NC(=O)C(c2ccccc2)N2CCN(C)CC2)c(C(=O)c2ccccc2)c1,105000.00000000004,-5.021189299069938,0,test
CN1CC(C(=O)Nc2ccc(-n3cc4cc(F)cc(C(N)=O)c4n3)cc2F)C1,1600.000000000001,-3.204119982655925,0,train
NC(=O)c1cc(F)cc2cn(-c3ccc(NC(=O)C4CNC4)c(F)c3)nc12,650.0000000000002,-2.812913356642856,0,train
CN1CCC[C@@H](C(=O)Nc2ccc(-n3cc4cc(F)cc(C(N)=O)c4n3)cc2F)C1,1799.9999999999998,-3.255272505103306,0,train
CN1CC(C(=O)Nc2ccc(-n3cc4cc(F)cc(C(N)=O)c4n3)cc2)C1,2599.999999999998,-3.4149733479708178,0,train
NC(=O)c1cc(F)cc2cn(-c3ccc(NC(=O)C4CNC4)cc3)nc12,5900.000000000001,-3.770852011642144,0,train
CN1CCC(C(=O)Nc2ccc(-n3cc4cc(F)cc(C(N)=O)c4n3)cc2)CC1,2700.0000000000005,-3.431363764158988,0,train
CNCc1ccc(-n2cc3cc(F)cc(C(N)=O)c3n2)cc1F,1500.0000000000005,-3.1760912590556813,0,train
CNCc1ccc(-n2cc3cc(F)cc(C(N)=O)c3n2)c(F)c1,4199.999999999999,-3.6232492903979,0,test
CNCc1ccc(-n2cc3c(OC)ccc(C(N)=O)c3n2)cc1,5499.999999999997,-3.740362689494244,0,test
CNCc1ccc(-n2cc3cc(F)cc(C(N)=O)c3n2)cc1,1799.9999999999998,-3.255272505103306,0,train
CNCc1ccc(-n2cc3c(F)ccc(C(N)=O)c3n2)cc1,6300.0,-3.7993405494535817,0,train
CNCc1ccc(-n2cc3cc(Cl)cc(C(N)=O)c3n2)cc1,1000.0,-3.0,0,train
CNCc1ccc(-n2cc3c(Cl)ccc(C(N)=O)c3n2)cc1,4300.000000000001,-3.633468455579586,0,train
CNCc1ccc(-n2nc3c(C(N)=O)cccc3c2Cl)cc1,11000.000000000007,-4.041392685158225,0,train
CNCc1ccc(-n2cc3cccc(C(N)=O)c3n2)cc1F,3800.0,-3.57978359661681,0,train
CNCc1ccc(-n2cc3cccc(C(N)=O)c3n2)cc1OC,11000.000000000007,-4.041392685158225,0,train
CN1CCCC(C(=O)NCc2ccc(-n3cc4cccc(C(N)=O)c4n3)cc2)C1,9400.000000000002,-3.9731278535996983,0,train
CN(Cc1ccc(-n2cc3cccc(C(N)=O)c3n2)cc1)C(=O)C1CNC1,20000.000000000004,-4.301029995663981,0,train
CN1CCC[C@H]1C(=O)Nc1ccc(-n2cc3cccc(C(N)=O)c3n2)cc1,4999.999999999999,-3.6989700043360183,0,train
CN1CCC(C(=O)Nc2ccc(-n3cc4cccc(C(N)=O)c4n3)cc2)CC1,8399.999999999998,-3.9242792860618816,0,train
CN1CCCCC1C(=O)Nc1ccc(-n2cc3cccc(C(N)=O)c3n2)cc1,6700.0,-3.8260748027008256,0,train
NC(=O)c1cccc2cn(-c3ccc(NC(=O)CN4CCCCC4)cc3)nc12,3000.0000000000014,-3.4771212547196626,0,train
NC(=O)c1cccc2cn(-c3ccc(NC(=O)CN4CCCC4)cc3)nc12,2800.0000000000014,-3.4471580313422194,0,train
CN(C)CC(=O)Nc1ccc(-n2cc3cccc(C(N)=O)c3n2)cc1,4999.999999999999,-3.6989700043360183,0,train
NC(=O)c1cccc2cn(-c3ccc(C(=O)NCc4ccncc4)cc3)nc12,8700.000000000004,-3.9395192526186182,0,train
NC(=O)c1cccc2cn(-c3ccc(C(=O)NCCN4CCCCC4)cc3)nc12,6399.999999999998,-3.806179973983887,0,test
NC(=O)c1cccc2cn(-c3ccc(C(=O)NCCN4CCCC4)cc3)nc12,8000.000000000004,-3.903089986991944,0,test
CN(C)CCNC(=O)c1ccc(-n2cc3cccc(C(N)=O)c3n2)cc1,8900.0,-3.949390006644913,0,train
Cc1c(Cc2ccc(F)c(C(=O)N3CCC4(CCCN4)CC3)c2)n[nH]c(=O)c1C,48.99999999999999,-1.6901960800285136,0,train
Cc1c(Cc2ccc(F)c(C(=O)N3CCC4(CCCN4C)CC3)c2)n[nH]c(=O)c1C,100.0,-2.0,0,train
CCN1CCCC12CCN(C(=O)c1cc(Cc3n[nH]c(=O)c(C)c3C)ccc1F)CC2,170.00000000000006,-2.230448921378274,0,train
CNC(C)(C)C(=O)N1CCN(C(=O)c2cc(Cc3n[nH]c(=O)c(C)c3C)ccc2F)CC1,280.0000000000001,-2.4471580313422194,0,test
Cc1c(Cc2ccc(F)c(C(=O)N3CCN(C(=O)C(C)(C)N(C)C)CC3)c2)n[nH]c(=O)c1C,360.0,-2.5563025007672877,0,train
CNC1(C(=O)N2CCN(C(=O)c3cc(Cc4n[nH]c(=O)c(C)c4C)ccc3F)CC2)CC1,239.99999999999997,-2.380211241711606,0,train
CNC1(C(=O)N2CCN(C(=O)c3cc(Cc4n[nH]c(=O)c(C)c4C)ccc3F)CC2)CCCC1,81.0,-1.9084850188786495,0,test
Cc1c(Cc2ccc(F)c(C(=O)N3CCN(C(=O)C4(C)CCCCN4)CC3)c2)n[nH]c(=O)c1C,2000.0,-3.3010299956639813,1,train
Cc1c(Cc2ccc(F)c(C(=O)N3CCN(C(=O)[C@@]4(C)CCN4)CC3)c2)n[nH]c(=O)c1C,77.99999999999999,-1.8920946026904804,1,test
Cc1c(Cc2ccc(F)c(C(=O)N3CCN(C(=O)C4(Cc5ccccc5)CCCN4)CC3)c2)n[nH]c(=O)c1C,53.000000000000014,-1.7242758696007892,0,train
O=C(c1cc(Cc2c[nH]c(=O)c3cc(Cl)c(Cl)n23)ccc1F)N1CCC2(CCCN2)CC1,47.99999999999999,-1.6812412373755872,1,train
CNC(C)(C)C(=O)N1CCN(C(=O)c2cc(Cc3c[nH]c(=O)c4cc(Cl)c(Cl)n34)ccc2F)CC1,53.000000000000014,-1.7242758696007892,1,train
O=C(c1cc(Cc2c[nH]c(=O)c3cc(Cl)c(Cl)n23)ccc1F)N1CCC2(CCN2)CC1,2300.000000000001,-3.361727836017593,1,train
O=C(c1cc(Cc2c[nH]c(=O)c3cc(Cl)c(Cl)n23)ccc1F)N1CCC2(CCCCN2)CC1,220.0,-2.342422680822206,1,test
O=C(c1cc(Cc2c[nH]c(=O)c3cc(Cl)c(Cl)n23)ccc1F)N1CCC(N2CCC2)CC1,179.99999999999997,-2.255272505103306,1,train
O=C(c1cc(Cc2c[nH]c(=O)c3cc(Cl)c(Cl)n23)ccc1F)N1CCC(N2CCCC2)CC1,119.99999999999996,-2.0791812460476247,1,train
CCN(CC)C1CCN(C(=O)c2cc(Cc3c[nH]c(=O)c4cc(Cl)c(Cl)n34)ccc2F)CC1,1099.9999999999998,-3.041392685158225,0,train
CN(C)C1CCN(C(=O)c2cc(Cc3c[nH]c(=O)c4cc(Cl)c(Cl)n34)ccc2F)CC1,1600.000000000001,-3.204119982655925,1,train
CNC1CCN(C(=O)c2cc(Cc3c[nH]c(=O)c4cc(Cl)c(Cl)n34)ccc2F)CC1,400.0000000000001,-2.6020599913279625,0,train
NC1CCN(C(=O)c2cc(Cc3c[nH]c(=O)c4cc(Cl)c(Cl)n34)ccc2F)CC1,3800.0,-3.57978359661681,1,train
COc1cccnc1N1CCN(C(=O)c2cc(Cc3c[nH]c(=O)c4cc(Cl)c(Cl)n34)ccc2F)CC1,2700.0000000000005,-3.431363764158988,1,train
O=C(c1cc(Cc2c[nH]c(=O)c3cc(Cl)c(Cl)n23)ccc1F)N1CCN(c2ccccn2)CC1,430.0000000000001,-2.633468455579586,0,test
CN(C)C(C)(C)C(=O)N1CCN(C(=O)c2cc(Cc3c[nH]c(=O)c4cc(Cl)c(Cl)n34)ccc2F)CC1,200.00000000000003,-2.3010299956639813,1,test
CN(C)CC(=O)N1CCN(C(=O)c2cc(Cc3c[nH]c(=O)c4cc(Cl)c(Cl)n34)ccc2F)CC1,3500.0000000000005,-3.544068044350276,1,train
CN(C)C(=O)C(=O)N1CCN(C(=O)c2cc(Cc3c[nH]c(=O)c4cc(Cl)c(Cl)n34)ccc2F)CC1,1799.9999999999998,-3.255272505103306,1,train
CN(C)S(=O)(=O)N1CCN(C(=O)c2cc(Cc3c[nH]c(=O)c4cc(Cl)c(Cl)n34)ccc2F)CC1,909.9999999999995,-2.959041392321093,1,train
CCS(=O)(=O)N1CCN(C(=O)c2cc(Cc3c[nH]c(=O)c4cc(Cl)c(Cl)n34)ccc2F)CC1,3000.0000000000014,-3.4771212547196626,1,train
CN(C)C(=O)N1CCN(C(=O)c2cc(Cc3c[nH]c(=O)c4cc(Cl)c(Cl)n34)ccc2F)CC1,670.0,-2.8260748027008264,1,train
O=C(c1ncc[nH]1)N1CCN(C(=O)c2cc(Cc3c[nH]c(=O)c4cc(Cl)c(Cl)n34)ccc2F)CC1,500.0,-2.6989700043360187,0,train
O=C(c1ccccn1)N1CCN(C(=O)c2cc(Cc3c[nH]c(=O)c4cc(Cl)c(Cl)n34)ccc2F)CC1,150.00000000000003,-2.1760912590556813,1,train
O=C(c1cc(Cc2c[nH]c(=O)c3cc(Cl)c(Cl)n23)ccc1F)N1CCN(C(=O)C2CCCC2)CC1,270.00000000000006,-2.431363764158988,0,test
CC(C)(C)C(=O)N1CCN(C(=O)c2cc(Cc3c[nH]c(=O)c4cc(Cl)c(Cl)n34)ccc2F)CC1,339.99999999999983,-2.531478917042255,1,train
CC(C)C(=O)N1CCN(C(=O)c2cc(Cc3c[nH]c(=O)c4cc(Cl)c(Cl)n34)ccc2F)CC1,150.00000000000003,-2.1760912590556813,1,train
CCC(=O)N1CCN(C(=O)c2cc(Cc3c[nH]c(=O)c4cc(Cl)c(Cl)n34)ccc2F)CC1,1199.9999999999995,-3.0791812460476247,0,train
CC(=O)N1CCN(C(=O)c2cc(Cc3c[nH]c(=O)c4cc(Cl)c(Cl)n34)ccc2F)CC1,700.0000000000001,-2.845098040014257,0,train
O=C(c1cc(Cc2c[nH]c(=O)c3cc(Cl)c(Cl)n23)ccc1F)N1CCNCC1,179.99999999999997,-2.255272505103306,1,test
CC(=O)N1CCCN(C(=O)c2cc(Cc3c[nH]c(=O)c4cc(Cl)c(Cl)n34)ccc2F)CC1,5700.000000000001,-3.755874855672492,1,train
CN1CCCN(C(=O)c2cc(Cc3c[nH]c(=O)c4cc(Cl)c(Cl)n34)ccc2F)CC1,1099.9999999999998,-3.041392685158225,0,train
O=C(c1cc(Cc2c[nH]c(=O)c3c(Cl)cc(Cl)n23)ccc1F)N1CCCNCC1,18000.000000000015,-4.2552725051033065,1,train
O=C(c1cc(Cc2c[nH]c(=O)c3c(Cl)c(Cl)cn23)ccc1F)N1CCCNCC1,220.0,-2.342422680822206,1,test
O=C(c1cc(Cc2c[nH]c(=O)c3cc(Cl)c(Cl)n23)ccc1F)N1CCCNCC1,170.00000000000006,-2.230448921378274,1,train
O=C(c1cc(Cc2c[nH]c(=O)c3cc(Cl)cn23)ccc1F)N1CCCNCC1,2499.9999999999995,-3.397940008672037,1,train
Cc1cc2c(=O)[nH]cc(Cc3ccc(F)c(C(=O)N4CCCNCC4)c3)n2c1,3399.999999999998,-3.531478917042255,0,train
O=C(c1cc(Cc2c[nH]c(=O)c3cc(Cl)c(Cl)n23)ccc1F)N1CCN(C2CCCCC2)CC1,969.9999999999998,-2.9867717342662448,1,train
CCCCN1CCN(C(=O)c2cc(Cc3c[nH]c(=O)c4cc(Cl)c(Cl)n34)ccc2F)CC1,1600.000000000001,-3.204119982655925,1,test
CC(C)CN1CCN(C(=O)c2cc(Cc3c[nH]c(=O)c4cc(Cl)c(Cl)n34)ccc2F)CC1,249.99999999999997,-2.397940008672037,1,train
Oc1ccc(C2=NN(C(=S)Nc3ccccc3)C(c3ccccc3)C2)cc1,247999.99999999985,-5.394451680826216,0,train
Oc1ccccc1C1=NN(C(=S)Nc2ccccc2)C(c2cccs2)C1,3000.0000000000014,-3.4771212547196626,0,test
O=C1C(N2CCCCC2)=NN(c2ccccc2)CN1c1ccccc1Cl,70485.91908216485,-4.848102366981524,0,train
CN(C)C1=NN(c2ccc(Cl)cc2)CN(c2ccccc2Cl)C1=O,108465.84151874196,-5.035292990022356,0,train
O=C1C(N2CCCC2)=NN(c2ccccc2)CN1c1ccccc1Cl,124844.64872999451,-5.0963699317346896,0,test
CN(C)C1=NN(c2ccccc2)CN(c2ccccc2Cl)C1=O,120132.72384984313,-5.079661324235631,0,train
COc1cc(/C=C/C(=O)CC(=O)/C=C/c2ccc(OC(=O)[C@H](Cc3ccccc3)NC(=O)[C@@H](N)Cc3c[nH]c4ccccc34)c(OC)c2)ccc1OC(=O)[C@H](Cc1ccccc1)NC(=O)[C@@H](N)Cc1c[nH]c2ccccc12,96.0,-1.9822712330395684,0,train
CCCCCCCCCC(=O)Oc1ccc(/C=C/C(=O)CC(=O)/C=C/c2ccc(OC(=O)CCCCCCCCC)c(OC)c2)cc1OC,146.99999999999997,-2.167317334748176,0,train
O=c1c(-c2cc(O)cc(O)c2)coc2cc(O)ccc12,160000.0000000001,-5.204119982655925,0,train
O=c1c(-c2cc(O)cc(O)c2)coc2cc(O)cc(O)c12,133999.99999999988,-5.127104798364807,0,train
COc1c(O)ccc(-c2coc3cc(O)cc(O)c3c2=O)c1O,77000.00000000007,-4.886490725172482,0,train
O=c1c(C2=CCCC(O)C2O)coc2cc(O)cc(O)c12,80999.99999999996,-4.9084850188786495,0,train
NC(=O)c1cccc2cn(-c3ccc([C@H]4CCCNC4)cc3)nc12,470.00000000000006,-2.672097857935717,0,train
NC(=O)c1cccc2cn(-c3ccc(C4CCNCC4)cc3)nc12,410.0,-2.6127838567197355,1,train
CNCc1cccc(-n2cc3cccc(C(N)=O)c3n2)c1,10299.999999999996,-4.012837224705172,0,train
CNCCc1ccc(-n2cc3cccc(C(N)=O)c3n2)cc1,19000.0,-4.278753600952829,1,train
CN(C)CCN(C)Cc1ccc(-n2cc3cccc(C(N)=O)c3n2)cc1,3899.999999999999,-3.591064607026499,0,train
NC(=O)c1cccc2cn(-c3ccc(CN4CCOCC4)cc3)nc12,5300.000000000001,-3.724275869600789,1,train
CN(C)Cc1ccc(-n2cc3cccc(C(N)=O)c3n2)cc1,519.9999999999998,-2.716003343634799,1,train
COc1cc(OC)cc(C(=O)N/N=C/c2ccccc2Cl)c1,200778.0148073786,-5.302716155830673,0,train
COc1cc(OC)cc(C(=O)N/N=C/c2ccccc2)c1,215254.20748113896,-5.332951649175554,0,test
NC(=O)C1=C(N)[C@@H](O)[C@H](O)[C@@H](Nc2cc3nc4cc(CO)ccc4oc-3cc2=O)C1=O,74799.99999999996,-4.873901597864461,0,train
O=C(CO)Nc1cc2nc3cc(CO)ccc3oc-2cc1=O,90599.99999999993,-4.957128197676813,0,train
C[C@@]1(C(=O)O)[C@@H](O)CC[C@]2(C)c3cc4c(cc3CC[C@@H]12)[nH]c1ccccc14,121885.11983535888,-5.08595068865487,0,train
Cc1cn([C@H]2CN(P(=O)(OC[C@@H]3CN(P(=O)(OC[C@@H]4CNC[C@H](n5cnc6c(=O)[nH]c(N)nc65)O4)N(C)C)C[C@H](n4cnc5c(N)ncnc54)O3)N(C)C)C[C@@H](COP(=O)(N(C)C)N3C[C@@H](COP(=O)(N(C)C)N4C[C@@H](COP(=O)(N(C)C)N5C[C@@H](COP(=O)(N(C)C)N6C[C@@H](COP(=O)(N(C)C)N7C[C@@H](COP(=O)(N(C)C)N8C[C@@H](COP(=O)(N(C)C)N9C[C@@H](COP(=O)(N(C)C)N%10C[C@@H](COP(=O)(N(C)C)N%11C[C@@H](COP(=O)(N(C)C)N%12C[C@@H](COP(=O)(N(C)C)N%13C[C@@H](COP(=O)(N(C)C)N%14C[C@@H](COP(=O)(N(C)C)N%15C[C@@H](COP(=O)(N(C)C)N%16C[C@@H](COP(=O)(N(C)C)N%17C[C@@H](COP(=O)(N(C)C)N%18C[C@@H](COP(=O)(N(C)C)N%19C[C@@H](COP(=O)(N(C)C)N%20C[C@@H](COP(=O)(N(C)C)N%21C[C@@H](COP(=O)(N(C)C)N%22CCN(C(=O)CCNC(=O)CCCCCNC(=O)[C@H](CCCNC(=N)N)NC(=O)CCCCCNC(=O)[C@H](CCCNC(=N)N)NC(=O)[C@H](CCCNC(=N)N)NC(=O)CCCCCNC(=O)[C@H](CCCNC(=N)N)NC(=O)[C@H](CCCNC(=N)N)NC(=O)CCCCCNC(=O)[C@H](CCCNC(=N)N)NC(=O)[C@H](CCCNC(=N)N)NC(=O)CCCCCNC(=O)[C@@H](N)CCCNC(=N)N)CC%22)O[C@@H](n%22cnc%23c(=O)[nH]c(N)nc%23%22)C%21)O[C@@H](n%21cnc%22c(N)ncnc%22%21)C%20)O[C@@H](n%20cnc%21c(N)ncnc%21%20)C%19)O[C@@H](n%19cnc%20c(N)ncnc%20%19)C%18)O[C@@H](n%18ccc(N)nc%18=O)C%17)O[C@@H](n%17cnc%18c(N)ncnc%18%17)C%16)O[C@@H](n%16ccc(N)nc%16=O)C%15)O[C@@H](n%15cnc%16c(=O)[nH]c(N)nc%16%15)C%14)O[C@@H](n%14cnc%15c(=O)[nH]c(N)nc%15%14)C%13)O[C@@H](n%13cnc%14c(N)ncnc%14%13)C%12)O[C@@H](n%12ccc(N)nc%12=O)C%11)O[C@@H](n%11cnc%12c(N)ncnc%12%11)C%10)O[C@@H](n%10ccc(N)nc%10=O)C9)O[C@@H](n9ccc(N)nc9=O)C8)O[C@@H](n8ccc(N)nc8=O)C7)O[C@@H](n7cnc8c(N)ncnc87)C6)O[C@@H](n6cnc7c(N)ncnc76)C5)O[C@@H](n5cnc6c(N)ncnc65)C4)O[C@@H](n4cnc5c(=O)[nH]c(N)nc54)C3)O2)c(=O)[nH]c1=O,52000.00000000004,-4.7160033436348,0,train
C=CCOc1cc(/C=C2\SC(=S)N(c3ccc(F)cc3)C2=O)ccc1O,76399.99999999996,-4.88309335857569,0,train
c1cc2cc(-c3ccc(-c4cc5ccc(C6=NCCCN6)cc5[nH]4)cc3)[nH]c2cc1C1=NCCCN1,8463.888818356483,-3.9275699498362657,1,train
c1cc2cc(-c3ccc4cc(-c5ccc6oc(C7=NCCN7)cc6c5)[nH]c4c3)[nH]c2cc1C1=NCCN1,35083.15740161751,-4.545098671934411,1,test
C(=C/c1cc2ccc(C3=NCCN3)cc2[nH]1)\c1cc2ccc(C3=NCCN3)cc2[nH]1,25349.699099071688,-4.40397280862445,0,train
c1cc2cc(-c3ccc4cc(C5=NCCN5)[nH]c4c3)[nH]c2cc1C1=NCCN1,89565.84989849204,-4.952142451316834,1,train
CN1CCN(C(C(=O)Nc2ccc(Cl)cc2C(=O)c2ccccc2)c2ccccc2)CC1,63000.00000000006,-4.799340549453582,0,train
CCN1CCN(C(C(=O)Nc2ccc(Cl)cc2C(=O)c2ccccc2)c2ccccc2)CC1,76000.0,-4.880813592280791,0,test
CCCN1CCN(C(C(=O)Nc2ccc(Cl)cc2C(=O)c2ccccc2)c2ccccc2)CC1,37999.99999999999,-4.57978359661681,0,train
O=CN1CCN(C(C(=O)Nc2ccc(Cl)cc2C(=O)c2ccccc2)c2ccccc2)CC1,49999.99999999999,-4.698970004336019,0,train
CCOC(=O)N1CCN(C(C(=O)Nc2ccc(Cl)cc2C(=O)c2ccccc2)c2ccccc2)CC1,64000.00000000005,-4.806179973983888,0,train
O=C(c1ccccc1)c1cc(Cl)ccc1NC(=O)C(c1ccccc1)N1CCN(CCO)CC1,49000.00000000002,-4.690196080028514,0,train
O=C(c1ccccc1)c1cc(Cl)ccc1NC(=O)C(c1ccccc1)N1CCCCC1,63000.00000000006,-4.799340549453582,0,train
O=C1CCN(C(C(=O)Nc2ccc(Cl)cc2C(=O)c2ccccc2)c2ccccc2)CC1,26999.99999999997,-4.431363764158987,0,train
O=C(c1ccccc1)c1cc(Cl)ccc1NC(=O)C(c1ccccc1)N1CCC(CCO)CC1,19000.0,-4.278753600952829,0,train
O=C(c1ccccc1)c1cc(Cl)ccc1NC(=O)C(c1ccccc1)N1CCOCC1,39000.00000000003,-4.5910646070265,0,train
O=C(c1ccccc1)c1cc(Cl)ccc1NC(=O)C(c1ccccc1)N1CC[S+](O)CC1,71000.00000000003,-4.851258348719076,0,train
O=C(c1ccccc1)c1cc(Cl)ccc1NC(=O)C(c1ccccc1)n1ccnc1,55000.00000000004,-4.740362689494244,0,train
CN(C)CCN(C)C(=O)NC(C(=O)Nc1ccc(Cl)cc1C(=O)c1ccccc1)c1ccccc1,45000.00000000003,-4.653212513775344,0,train
CN(C)CCCN(C)C(=O)NC(C(=O)Nc1ccc(Cl)cc1C(=O)c1ccccc1)c1ccccc1,79000.00000000007,-4.897627091290442,0,train
NC(=O)CN1CCN(C(C(=O)Nc2ccc(Cl)cc2C(=O)c2ccccc2)c2ccccc2)CC1,65000.000000000015,-4.812913356642856,0,test
CC(C)NC(=O)CN1CCN(C(C(=O)Nc2ccc(Cl)cc2C(=O)c2ccccc2)c2ccccc2)CC1,40000.00000000001,-4.6020599913279625,0,train
CN(C)CCN1CCN(C(C(=O)Nc2ccc(Cl)cc2C(=O)c2ccccc2)c2ccccc2)CC1,39000.00000000003,-4.5910646070265,0,train
O=C(c1ccccc1)c1cc(Cl)ccc1NC(=O)C(c1ccc(F)cc1)N1CCN(CCO)CC1,37999.99999999999,-4.57978359661681,0,train
O=C(c1ccccc1)c1cc(Cl)ccc1NC(=O)C(c1ccc(C(F)(F)F)cc1)N1CCN(CCO)CC1,17000.000000000007,-4.230448921378274,0,train
O=C(c1ccccc1)c1cc(Cl)ccc1NC(=O)C(c1ccc(Br)cc1)N1CCN(CCO)CC1,17000.000000000007,-4.230448921378274,0,test
O=C(c1ccccc1)c1cc(Cl)ccc1NC(=O)C(c1ccc(-c2ccccc2)cc1)N1CCN(CCO)CC1,16000.00000000001,-4.204119982655925,0,train
O=C(c1ccccc1)c1cc(Cl)ccc1NC(=O)C(c1cccc2ccccc12)N1CCN(CCO)CC1,17000.000000000007,-4.230448921378274,0,test
O=C(c1ccccc1)c1cc(Cl)ccc1NC(=O)C(c1ccc2ccccc2c1)N1CCN(CCO)CC1,17000.000000000007,-4.230448921378274,0,train
Nc1ncnc2c1ncn2CCOCP(=O)(OCCOCCCCCCCCCCO)OCCOCCCCCCCCCCO,148000.00000000003,-5.1702617153949575,0,train
CC(C)C[C@H](N)c1nc2ccccc2n1Cc1ccc(Cl)cc1,35999.99999999996,-4.556302500767287,0,train
CCC[C@H](N)c1nc2ccccc2n1Cc1ccc(Cl)cc1,28000.00000000001,-4.447158031342219,0,train
CC(C)(N)c1nc2ccccc2n1Cc1ccc(Cl)cc1,49999.99999999999,-4.698970004336019,0,train
Cc1cccc(Cn2c([C@@H](N)C(C)C)nc3ccccc32)c1,10600.000000000004,-4.02530586526477,0,train
CCC[C@H](N)c1nc2ccccc2n1Cc1cccc(C)c1,30000.00000000001,-4.477121254719663,0,train
CC(C)[C@H](N)c1nc2ccccc2n1Cc1cccc(Cl)c1,97500.00000000004,-4.989004615698537,0,train
C[C@H](N)c1nc2ccccc2n1Cc1cccc(Cl)c1,19300.000000000004,-4.285557309007774,0,train
CC(C)[C@H](N)c1nc2ccccc2n1Cc1cccc(F)c1,20599.999999999996,-4.313867220369153,0,train
CCOP(=O)(OCC)[C@@H]1C[C@H](n2cc(-c3cccc(F)c3)nn2)ON1C,212000.0000000001,-5.326335860928752,0,train
CCOC(=O)c1c(C)nc(NCCNc2ccnc3cc(Cl)ccc23)nc1-c1ccccc1,7899.999999999999,-3.8976270912904414,0,train
CCOC(=O)c1c(C)nc(NCCCNc2ccnc3cc(Cl)ccc23)nc1-c1ccccc1,7070.000000000003,-3.8494194137969,0,train
CCOC(=O)c1c(C)nc(NCCCCNc2ccnc3cc(Cl)ccc23)nc1-c1ccccc1,1839.9999999999995,-3.2648178230095364,0,train
CCOC(=O)c1c(C)nc(NCCCNc2ccnc3cc(Cl)ccc23)nc1C,17500.0,-4.243038048686294,0,test
CCOC(=O)c1c(C)nc(NCCCCNc2ccnc3cc(Cl)ccc23)nc1C,6069.999999999998,-3.7831886910752575,0,train
Cc1nc(NCCCNc2ccnc3cc(Cl)ccc23)nc(-c2cccc([N+](=O)[O-])c2)c1C(=O)OC(C)C,1039.9999999999998,-3.0170333392987803,1,test
Cc1nc(NCCNc2ccnc3cc(Cl)ccc23)nc(-c2ccccc2[N+](=O)[O-])c1C(=O)OC(C)C,24400.00000000001,-4.38738982633873,1,train
Cc1nc(NCCCCNc2ccnc3cc(Cl)ccc23)nc(-c2ccccc2[N+](=O)[O-])c1C(=O)OC(C)C,4400.0,-3.643452676486187,0,train
O=c1[nH]c(=O)n([C@H]2C[C@H](O)[C@@H](CO)O2)cc1/C=C/Br,362000.00000000006,-5.558708570533166,0,train
CC(=O)N1CCc2c([nH]c3ccccc23)C1,23800.00000000002,-4.376576957056512,0,train
CC1=CC(=O)/C(=C(\C)NCCc2ccc(O)cc2)C(=O)O1,23300.0,-4.367355921026019,0,train
CC1=CC(=O)/C(=C(\C)N)C(=O)O1,103600.00000000004,-5.015359755409214,0,train
O=C1[C@@H](Oc2ccccc2)[C@@H](c2ccccc2)N1CCCn1cnc2c(NCc3ccccc3)ncnc21,46600.0,-4.66838591669,0,test
O=C1[C@@H](OCc2ccccc2)[C@@H](c2ccc(Cl)cc2Cl)N1CCCn1cnc2c(NCc3ccccc3)ncnc21,40140.00000000004,-4.603577368151467,0,train
OC[C@@H](Oc1ccccc1)[C@H](NCCn1cnc2c(NCc3ccccc3)ncnc21)c1ccc(Cl)cc1,8230.0,-3.91539983521227,0,test
CC(C)N1C(=O)[C@H](CCCn2cnc3c(NCc4ccccc4)ncnc32)[C@H]1c1ccccc1F,75639.99999999996,-4.878751520173002,0,train
CCCCCC/C=C\[N+]([O-])=N\[C@@H](COC)[C@H](C)O,135855.89212035816,-5.133078478674903,0,train
CCCCCCCC/[N+]([O-])=N/[C@@H](COC)[C@H](C)O,117137.39256004742,-5.068695552546759,0,train
CCCCCCCC/[N+]([O-])=N/[C@@H](COC)C(N)=O,156159.6298438405,-5.193568770885065,0,test
CCc1c(OCc2ccc(-c3ccccc3)cc2)ccc2c(C)c(CCCC(=O)O)c(=O)oc12,15399.999999999984,-4.187520720836463,0,train
CCc1c(OCc2ccc(-c3ccccc3)cc2)ccc2c(C)c(CCC(=O)O)c(=O)oc12,42000.00000000003,-4.623249290397901,0,test
Cc1c(CCCC(=O)O)c(=O)oc2c(C)c(OCc3ccc(-c4ccccc4)cc3)ccc12,31000.00000000003,-4.491361693834273,0,train
Cc1c(CC(=O)O)c(=O)oc2c(C)c(OCc3ccc(-c4ccccc4)cc3)ccc12,115000.00000000004,-5.060697840353612,1,train
Cc1c(CCC(=O)NCCN(C)C)c(=O)oc2c(C)c(OCc3ccc(-c4ccccc4)cc3)ccc12,1099.9999999999998,-3.041392685158225,0,train
CNC(=O)CCc1c(C)c2ccc(OCc3ccc(-c4ccc(Cl)cc4)cc3)c(C)c2oc1=O,90699.99999999996,-4.957607287060095,0,train
Cc1c(CCC(=O)O)c(=O)oc2c(C)c(OCc3ccc(-c4ccc(Cl)c(Cl)c4)cc3)ccc12,19199.99999999998,-4.283301228703549,0,train
Cc1c(CCC(=O)O)c(=O)oc2c(C)c(OCc3ccc(-c4ccc(C(F)(F)F)cc4)cc3)ccc12,20299.99999999998,-4.307496037913213,0,train
Cc1c(CCC(=O)O)c(=O)oc2c(C)c(OCc3ccc(-c4ccc(F)cc4)cc3)ccc12,19199.99999999998,-4.283301228703549,0,train
Cc1c(CCC(=O)O)c(=O)oc2c(C)c(OCc3ccc(-c4ccc(Cl)cc4)cc3)ccc12,24999.999999999996,-4.3979400086720375,0,train
Cc1c(CCC(=O)O)c(=O)oc2c(C)c(OCc3ccc(-c4ccccc4C#N)cc3)ccc12,19500.00000000001,-4.290034611362518,0,train
Cc1c(CCC(=O)O)c(=O)oc2c(C)c(OCc3ccc(-c4ccccc4)cc3)ccc12,82000.0,-4.913813852383717,1,test
Cc1c(CCC(=O)O)c(=O)oc2cc(OCc3ccc(-c4ccccc4)cc3)ccc12,21200.00000000001,-4.326335860928752,0,train
Cc1c(CCC(=O)O)c(=O)oc2c(C)c(OCc3cccc(-c4ccccc4)c3)ccc12,5599.999999999998,-3.7481880270062,1,train
Cc1c(CCC(=O)O)c(=O)oc2cc(OCc3cccc(-c4ccccc4)c3)ccc12,10099.99999999999,-4.004321373782642,0,train
Cc1c(CCC(=O)O)c(=O)oc2cc(OCc3ccccc3-c3ccccc3)ccc12,7799.999999999999,-3.89209460269048,0,train
Cc1c(CCC(=O)O)c(=O)oc2c(C)c(OCc3ccccc3-c3ccccc3)ccc12,4400.0,-3.643452676486187,0,train
Cc1c(CCC(=O)O)c(=O)oc2c(C)c(OCc3c4ccccc4cc4ccccc34)ccc12,8299.999999999996,-3.9190780923760737,0,train
Cc1c(CCC(=O)O)c(=O)oc2c(C)c(OCc3ccc4ccccc4c3)ccc12,37999.99999999999,-4.57978359661681,0,train
Cc1ccc(CNc2nc(=O)c3cc(C(F)(F)F)cc([N+](=O)[O-])c3s2)n1C,48000.00000000005,-4.681241237375588,0,train
CCCOCC1COC2(CCN(c3nc(=O)c4cc(C(F)(F)F)cc([N+](=O)[O-])c4s3)CC2)O1,42999.99999999997,-4.633468455579586,0,train
O=c1nc(NCc2ccc3c(c2)OCCO3)sc2c([N+](=O)[O-])cc(C(F)(F)F)cc12,40999.99999999999,-4.612783856719736,0,train
CN(c1nc(=O)c2cc(C(F)(F)F)cc([N+](=O)[O-])c2s1)[C@H]1CCN(Cc2ccccc2)C1,37999.99999999999,-4.57978359661681,0,train
COC(=O)C1CN(c2nc(=O)c3cc(C(F)(F)F)cc([N+](=O)[O-])c3s2)CCC12OC[C@H](C)O2,35999.99999999996,-4.556302500767287,0,train
CCN(CC)CN1C(=O)/C(=N/NC(=S)Nc2ccc(OC)cc2)c2cc(Cl)ccc21,13199.99999999999,-4.12057393120585,0,train
CCN(CC)CN1C(=O)/C(=N/NC(=S)Nc2ccc(Cl)cc2)c2cc(Cl)ccc21,9400.000000000002,-3.9731278535996983,0,test
CCN(CC)CN1C(=O)/C(=N/NC(=S)Nc2ccccc2)c2cc(Cl)ccc21,13500.000000000013,-4.130333768495007,0,train
CCN(CC)CN1C(=O)/C(=N/NC(=S)Nc2ccc(C)cc2)c2ccccc21,10700.000000000002,-4.02938377768521,0,train
CCN(CC)CN1C(=O)/C(=N/NC(=S)Nc2ccc(Cl)cc2)c2ccccc21,9799.999999999996,-3.991226075692495,0,train
CCN(CC)CN1C(=O)/C(=N/NC(=S)Nc2ccccc2)c2ccccc21,10799.999999999993,-4.033423755486949,0,train
Cc1cc(-c2ncnc3c(C(=O)C(=O)N4CCN(C(=O)c5ccccc5)CC4)c[nH]c23)on1,176999.9999999999,-5.247973266361806,0,train
O=C(C(=O)N1CCN(C(=O)c2ccccc2)CC1)c1c[nH]c2c(-c3cnccn3)ncnc12,78000.00000000007,-4.892094602690481,1,train
O=C(C(=O)N1CCN(C(=O)c2ccccc2)CC1)c1c[nH]c2c(-c3ccccn3)ncnc12,6000.000000000003,-3.778151250383644,1,test
C[C@@H]1CN(C(=O)c2ccccc2)CCN1C(=O)C(=O)c1c[nH]c2c(-c3ncon3)ccc(F)c12,124999.99999999996,-5.096910013008056,0,train
COc1ccc(-c2ncon2)c2[nH]cc(C(=O)C(=O)N3CCN(C(=O)c4ccccc4)CC3)c12,22000.00000000002,-4.342422680822207,0,train
Cc1nnc(-c2ccc(F)c3c(C(=O)C(=O)N4CCN(C(=O)c5ccccc5)CC4)c[nH]c23)[nH]1,159000.0000000001,-5.201397124320452,0,train
NC(=O)c1nc(-c2ccc(F)c3c(C(=O)C(=O)N4CCN(C(=O)c5ccccc5)CC4)c[nH]c23)no1,153999.99999999985,-5.187520720836463,0,train
CC(=O)Nc1nc(-c2ccc(F)c3c(C(=O)C(=O)N4CCN(C(=O)c5ccccc5)CC4)c[nH]c23)no1,229000.0000000002,-5.359835482339888,0,train
CN(C)c1nc(-c2ccc(F)c3c(C(=O)C(=O)N4CCN(C(=O)c5ccccc5)CC4)c[nH]c23)no1,23000.00000000001,-4.361727836017593,0,train
CNc1nc(-c2ccc(F)c3c(C(=O)C(=O)N4CCN(C(=O)c5ccccc5)CC4)c[nH]c23)no1,26000.00000000001,-4.414973347970818,0,test
Nc1nc(-c2ccc(F)c3c(C(=O)C(=O)N4CCN(C(=O)c5ccccc5)CC4)c[nH]c23)no1,42999.99999999997,-4.633468455579586,0,train
COc1nc(-c2ccc(F)c3c(C(=O)C(=O)N4CCN(C(=O)c5ccccc5)CC4)c[nH]c23)no1,44000.00000000005,-4.643452676486188,0,train
Cc1nc(-c2ccc(F)c3c(C(=O)C(=O)N4CCN(C(=O)c5ccccc5)CC4)c[nH]c23)no1,226000.00000000012,-5.354108439147401,1,train
O=C(C(=O)N1CCN(C(=O)c2ccccc2)CC1)c1c[nH]c2c(-c3nc4ccccc4[nH]3)ccc(F)c12,11000.000000000007,-4.041392685158225,1,train
O=C(C(=O)N1CCN(C(=O)c2ccccc2)CC1)c1c[nH]c2c(-c3nc4ccccc4o3)ccc(F)c12,26999.99999999997,-4.431363764158987,0,test
O=C(C(=O)N1CCN(C(=O)c2ccccc2)CC1)c1c[nH]c2c(-c3nn[nH]n3)ccc(F)c12,245000.0000000001,-5.389166084364533,1,train
O=C(C(=O)N1CCN(C(=O)c2ccccc2)CC1)c1c[nH]c2c(-c3nnc[nH]3)ccc(F)c12,198999.99999999988,-5.298853076409706,1,train
O=C(C(=O)N1CCN(C(=O)c2ccccc2)CC1)c1c[nH]c2c(-c3ncon3)ccc(F)c12,74000.00000000001,-4.869231719730976,1,test
O=C(C(=O)N1CCN(C(=O)c2ccccc2)CC1)c1c[nH]c2c(-c3ncco3)ccc(F)c12,191999.99999999985,-5.283301228703549,1,train
O=C(C(=O)N1CCN(C(=O)c2ccccc2)CC1)c1c[nH]c2c(-c3nccs3)ccc(F)c12,23000.00000000001,-4.361727836017593,1,train
O=C(C(=O)N1CCN(C(=O)c2ccccc2)CC1)c1c[nH]c2c(-c3ccsc3)ccc(F)c12,26999.99999999997,-4.431363764158987,0,train
O=C(C(=O)N1CCN(C(=O)c2ccccc2)CC1)c1c[nH]c2c(-c3cccs3)ccc(F)c12,5300.000000000001,-3.724275869600789,1,train
O=C(C(=O)N1CCN(C(=O)c2ccccc2)CC1)c1c[nH]c2c(-c3cccnc3)ccc(F)c12,10000.0,-4.0,1,train
O=C(C(=O)N1CCN(C(=O)c2ccccc2)CC1)c1c[nH]c2c(-c3ccccn3)ccc(F)c12,17000.000000000007,-4.230448921378274,1,test
COc1ccc(-c2ccc(F)c3c(C(=O)C(=O)N4CCN(C(=O)c5ccccc5)CC4)c[nH]c23)cc1,21000.00000000001,-4.32221929473392,1,train
O=C(C(=O)N1CCN(C(=O)c2ccccc2)CC1)c1c[nH]c2c(-c3ccccc3)ccc(F)c12,6799.999999999997,-3.832508912706236,1,train
O=C(C(=O)N1CCN(C(=O)c2ccccc2)CC1)c1c[nH]c2ccccc12,275000.0000000001,-5.439332693830263,0,train
O=C(Nc1nc2ccccc2[nH]1)c1ccc(F)c2c(C(=O)C(=O)N3CCN(C(=O)c4ccccc4)CC3)c[nH]c12,9199.999999999996,-3.963787827345555,0,train
O=C(Nc1nc2ccccc2s1)c1ccc(F)c2c(C(=O)C(=O)N3CCN(C(=O)c4ccccc4)CC3)c[nH]c12,80999.99999999996,-4.9084850188786495,1,test
Cc1csc(NC(=O)c2ccc(F)c3c(C(=O)C(=O)N4CCN(C(=O)c5ccccc5)CC4)c[nH]c23)n1,28999.99999999997,-4.462397997898956,0,test
O=C(Nc1nccs1)c1ccc(F)c2c(C(=O)C(=O)N3CCN(C(=O)c4ccccc4)CC3)c[nH]c12,88999.99999999991,-4.949390006644912,1,train
CCn1nccc1NC(=O)c1ccc(F)c2c(C(=O)C(=O)N3CCN(C(=O)c4ccccc4)CC3)c[nH]c12,165999.99999999997,-5.220108088040055,0,train
O=C(Nc1nncs1)c1ccc(F)c2c(C(=O)C(=O)N3CCN(C(=O)c4ccccc4)CC3)c[nH]c12,1739.999999999999,-3.2405492482825995,1,train
O=C(Nc1ccccn1)c1ccc(F)c2c(C(=O)C(=O)N3CCN(C(=O)c4ccccc4)CC3)c[nH]c12,69000.00000000006,-4.838849090737256,1,train
O=C(Nc1cccnc1)c1ccc(F)c2c(C(=O)C(=O)N3CCN(C(=O)c4ccccc4)CC3)c[nH]c12,131999.9999999999,-5.12057393120585,1,train
C[C@@H]1CN(C(=O)c2ccccc2)CCN1C(=O)C(=O)c1c[nH]c2c(C(N)=O)ccc(F)c12,140999.99999999994,-5.14921911265538,0,train
COc1ccc(C(N)=O)c2[nH]cc(C(=O)C(=O)N3CCN(C(=O)c4ccccc4)CC3)c12,244000.0000000001,-5.38738982633873,0,train
O=C(NCc1cccs1)c1ccc(F)c2c(C(=O)C(=O)N3CCN(C(=O)c4ccccc4)CC3)c[nH]c12,44000.00000000005,-4.643452676486188,1,test
O=C(NCc1ccco1)c1ccc(F)c2c(C(=O)C(=O)N3CCN(C(=O)c4ccccc4)CC3)c[nH]c12,71000.00000000003,-4.851258348719076,1,train
NCCNC(=O)c1ccc(F)c2c(C(=O)C(=O)N3CCN(C(=O)c4ccccc4)CC3)c[nH]c12,135000.00000000015,-5.130333768495007,0,test
COCCNC(=O)c1ccc(F)c2c(C(=O)C(=O)N3CCN(C(=O)c4ccccc4)CC3)c[nH]c12,298000.00000000006,-5.474216264076255,0,train
O=C(NCCCCCCCC(=O)N1CCN(C(=O)c2ccccc2)CC1)c1ccc(F)c2c(C(=O)C(=O)N3CCN(C(=O)c4ccccc4)CC3)c[nH]c12,145000.00000000012,-5.161368002234975,0,test
C[C@@H]1CN(C(=O)C(=O)c2c[nH]c3c(-n4nnc5ccccc54)ccnc23)CCN1C(=O)c1ccccc1,71000.00000000003,-4.851258348719076,0,train
C[C@@H]1CN(C(=O)C(=O)c2c[nH]c3c(-n4nc5ccccc5n4)ccnc23)CCN1C(=O)c1ccccc1,74000.00000000001,-4.869231719730976,0,test
Cc1ccn(-c2ccnc3c(C(=O)C(=O)N4CCN(C(=O)c5ccccc5)[C@H](C)C4)c[nH]c23)n1,300000.0000000001,-5.477121254719663,1,train
C[C@@H]1CN(C(=O)C(=O)c2c[nH]c3c(-n4nccn4)ccnc23)CCN1C(=O)c1ccccc1,300000.0000000001,-5.477121254719663,0,train
Cc1csc(-c2ccnc3c(C(=O)C(=O)N4CCN(C(=O)c5ccccc5)[C@H](C)C4)c[nH]c23)n1,30000.00000000001,-4.477121254719663,0,train
Cc1cnc(-c2ccnc3c(C(=O)C(=O)N4CCN(C(=O)c5ccccc5)[C@H](C)C4)c[nH]c23)s1,28000.00000000001,-4.447158031342219,1,train
C[C@@H]1CN(C(=O)C(=O)c2c[nH]c3c(-c4nccs4)ccnc23)CCN1C(=O)c1ccccc1,35000.0,-4.544068044350276,0,train
C[C@@H]1CN(C(=O)C(=O)c2c[nH]c3c(-c4ncco4)ccnc23)CCN1C(=O)c1ccccc1,135000.00000000015,-5.130333768495007,0,train
Cc1csc(-c2ccnc3c(C(=O)C(=O)N4CCN(C(=O)c5ccccc5)[C@H](C)C4)c[nH]c23)c1,123000.00000000004,-5.089905111439398,0,train
C[C@@H]1CN(C(=O)C(=O)c2c[nH]c3c(-c4cccs4)ccnc23)CCN1C(=O)c1ccccc1,168000.00000000015,-5.225309281725863,0,test
C[C@@H]1CN(C(=O)C(=O)c2c[nH]c3c(Cl)ccnc23)CCN1C(=O)c1ccccc1,300000.0000000001,-5.477121254719663,0,train
O=C(C(=O)N1CCN(C(=O)c2ccccc2)CC1)c1c[nH]c2c(-n3nnc4ccccc43)ccnc12,246000.0000000001,-5.390935107103379,1,train
O=C(C(=O)N1CCN(C(=O)c2ccccc2)CC1)c1c[nH]c2c(-n3nc4ccccc4n3)ccnc12,123999.9999999999,-5.093421685162235,0,train
COc1cccc(-c2ccnc3c(C(=O)C(=O)N4CCN(C(=O)c5ccccc5)CC4)c[nH]c23)n1,173999.9999999999,-5.2405492482826,0,train
O=C(C(=O)N1CCN(C(=O)c2ccccc2)CC1)c1c[nH]c2c(-c3ccccn3)ccnc12,230999.99999999985,-5.363611979892144,1,train
Cc1cnc(-c2ccnc3c(C(=O)C(=O)N4CCN(C(=O)c5ccccc5)CC4)c[nH]c23)s1,251000.00000000012,-5.399673721481038,1,train
Cc1csc(-c2ccnc3c(C(=O)C(=O)N4CCN(C(=O)c5ccccc5)CC4)c[nH]c23)n1,23000.00000000001,-4.361727836017593,1,train
O=C(C(=O)N1CCN(C(=O)c2ccccc2)CC1)c1c[nH]c2c(-c3nccs3)ccnc12,150000.00000000003,-5.176091259055681,1,test
CC(=O)c1ccc(-c2ccnc3c(C(=O)C(=O)N4CCN(C(=O)c5ccccc5)CC4)c[nH]c23)s1,267999.9999999998,-5.4281347940287885,0,train
Cc1csc(-c2ccnc3c(C(=O)C(=O)N4CCN(C(=O)c5ccccc5)CC4)c[nH]c23)c1,85000.00000000003,-4.929418925714293,0,train
Cc1csc(-c2ccnc3c(C(=O)C(=O)N4CCN(C(=O)c5ccccc5)C[C@H]4C)c[nH]c23)c1,48899.99999999996,-4.68930885912362,0,train
C[C@@H]1CN(C(=O)c2ccccc2)CCN1C(=O)C(=O)c1c[nH]c2c(-c3cc4ccccc4s3)ccnc12,170499.9999999999,-5.231724383328516,1,train
C[C@@H]1CN(C(=O)c2ccccc2)CCN1C(=O)C(=O)c1c[nH]c2c(-c3ccsc3)ccnc12,94499.99999999993,-4.975431808509263,0,train
C[C@@H]1CN(C(=O)c2ccccc2)CCN1C(=O)C(=O)c1c[nH]c2c(-c3cnccn3)ccnc12,15299.999999999987,-4.184691430817598,1,train
C[C@@H]1CN(C(=O)c2ccccc2)CCN1C(=O)C(=O)c1c[nH]c2c(-c3cncnc3)ccnc12,35299.999999999985,-4.547774705387822,0,train
COc1cncc2[nH]cc(C(=O)C(=O)N3CCN(C(=O)c4ccccc4)C[C@H]3C)c12,6000.000000000003,-3.778151250383644,1,train
COc1cccc2[nH]cc(C(=O)C(=O)N3CCN(C(=O)c4ccccc4)C[C@H]3C)c12,249999.99999999997,-5.3979400086720375,1,train
C[C@@H]1CN(C(=O)c2ccccc2)CCN1C(=O)C(=O)c1c[nH]c2ncccc12,280000.0000000001,-5.447158031342219,0,train
C[C@@H]1CN(C(=O)c2ccccc2)CCN1C(=O)C(=O)c1c[nH]c2ccccc12,195000.0000000001,-5.290034611362518,0,test
COc1ncc(OC)c2c(C(=O)C(=O)N3CCN(C(=O)c4ccccc4)CC3)c[nH]c12,247999.99999999985,-5.394451680826216,0,train
O=C(C(=O)N1CCN(C(=O)c2ccccc2)CC1)c1c[nH]c2c(-n3ccnc3)ncc(F)c12,269999.99999999977,-5.431363764158987,1,test
CN(C)C(=O)c1cc(-c2ncc(F)c3c(C(=O)C(=O)N4CCN(C(=O)c5ccccc5)CC4)c[nH]c23)n[nH]1,262000.00000000012,-5.418301291319746,0,train
CCOC(=O)c1cc(-c2ncc(F)c3c(C(=O)C(=O)N4CCN(C(=O)c5ccccc5)CC4)c[nH]c23)n[nH]1,84000.00000000007,-4.924279286061882,0,train
O=C(C(=O)N1CCN(C(=O)c2ccccc2)CC1)c1c[nH]c2c(-c3cc[nH]n3)ncc(F)c12,160000.0000000001,-5.204119982655925,1,train
O=C(C(=O)N1CCN(C(=O)c2ccccc2)CC1)c1c[nH]c2c(-c3ncco3)ncc(F)c12,176999.9999999999,-5.247973266361806,1,train
CC(C)(C)C(=O)OCn1nnc(-c2ccc(F)c3c(C(=O)C(=O)N4CCN(C(=O)c5ccccc5)CC4)c[nH]c23)n1,228000.0000000001,-5.357934847000454,0,test
CC(=O)OCn1nnc(-c2ccc(F)c3c(C(=O)C(=O)N4CCN(C(=O)c5ccccc5)CC4)c[nH]c23)n1,35999.99999999996,-4.556302500767287,0,train
CNC(=O)/C=C/[C@H](Cc1ccccc1)NC(=O)[C@@H](CCCNC(=O)OCc1ccccc1)NC(C)C,610899.9999999999,-5.7859701251320095,0,train
CNC(=O)/C=C/[C@H](Cc1ccccc1)NC(=O)[C@@H](CCCNC(=O)OCc1ccccc1)NCc1cccc(C)c1,241680.0000000002,-5.383240712265224,0,test
CNC(=O)/C=C/[C@H](Cc1ccccc1)NC(=O)[C@@H](CCCNC(=O)OCc1ccccc1)NCc1ccc(OC)cc1,461260.00000000006,-5.663945794663576,0,train
CNC(=O)/C=C/[C@H](Cc1ccccc1)NC(=O)[C@@H](CCCNC(=O)OCc1ccccc1)NCc1cc(OC)cc(OC)c1,258619.99999999985,-5.412662107372581,0,train
CNC(=O)/C=C/[C@H](Cc1ccccc1)NC(=O)[C@@H](CCCNC(=O)OCc1ccccc1)NCc1ccccc1,252840.0000000001,-5.402845781655725,0,train
CC(C)(C)OC(=O)N[C@H](CCCNC(=O)OCc1ccccc1)C(=O)N[C@H](/C=C/C=C/C(=O)N1CCCCC1)Cc1ccccc1,175140.00000000015,-5.243385345371658,0,train
CNC(=O)/C=C/C=C/[C@H](Cc1ccccc1)NC(=O)[C@@H](CCCNC(=O)OCc1ccccc1)NC(=O)OC(C)(C)C,281160.00000000006,-5.448953534644588,0,train
CN(C)C(=O)/C=C/C=C/[C@H](Cc1ccccc1)NC(=O)[C@@H](CCCNC(=O)OCc1ccccc1)NC(=O)OC(C)(C)C,116850.0,-5.067628716728246,1,train
CC(C)(C)OC(=O)N[C@H](CCCNC(=O)OCc1ccccc1)C(=O)N[C@H](/C=C/C=C/C(=O)N1CCCC1)Cc1ccccc1,53050.000000000015,-4.72468538823736,0,test
CC(C)NC(=O)/C=C/[C@H](Cc1ccccc1)NC(=O)[C@@H](CCCNC(=O)OCc1ccccc1)NC(=O)OC(C)(C)C,314330.0000000003,-5.497385832537447,0,test
CCNC(=O)/C=C/[C@H](Cc1ccccc1)NC(=O)[C@@H](CCCNC(=O)OCc1ccccc1)NC(=O)OC(C)(C)C,1997999.9999999984,-6.300595483889963,1,train
CNC(=O)/C=C/[C@H](Cc1ccccc1)NC(=O)[C@@H](CCCNC(=O)OCc1ccccc1)NC(=O)OC(C)(C)C,1063000.000000001,-6.026533264523297,0,train
CC(C)(C)OC(=O)N[C@H](CCCNC(=O)OCc1ccccc1)C(=O)N[C@H](/C=C/C(N)=O)Cc1ccccc1,207090.0000000001,-5.3161591281079685,0,train
CC(C)(C)OC(=O)N[C@H](CCCNC(=O)OCc1ccccc1)C(=O)N[C@H](/C=C/C(=O)N1CCCC1)Cc1ccccc1,152860.00000000012,-5.184293855248956,0,train
CCCC[C@@H](C=O)NC(=O)[C@H](CC(C)C)NC(=O)[C@H](CC(C)C)NC(C)=O,25100.00000000001,-4.399673721481038,0,train
CC(=O)C[C@H]1O[C@@H]([S+](O)S[C@@H]2O[C@H](CC(C)=O)[C@@H](OC(C)=O)[C@H](OC(C)=O)[C@H]2OC(C)=O)[C@H](OC(C)=O)[C@@H](OC(C)=O)[C@@H]1OC(C)=O,248599.99999999985,-5.395501124305626,0,train
OC[C@H]1O[C@@H](SSCc2cccc(CSS[C@@H]3O[C@H](CO)[C@H](O)[C@H](O)[C@H]3O)c2)[C@H](O)[C@@H](O)[C@H]1O,238899.9999999998,-5.3782161497498775,0,test
COc1cccc(C(=O)Nc2nc3ccc4nc(NCC(C)C)sc4c3s2)c1,44000.00000000005,-4.643452676486188,0,train
COc1cccc(C(=O)Nc2nc3ccc4nc(SC)sc4c3s2)c1,12399.999999999987,-4.093421685162235,0,test
COc1cccc(C(=O)Nc2nc3ccc4nc(NCCN5CCOCC5)sc4c3s2)c1,9600.0,-3.982271233039568,0,train
COc1cc(C(=O)Nc2nc3ccc4nc(NCCN5CCOCC5)sc4c3s2)cc(OC)c1OC,5700.000000000001,-3.755874855672492,0,test
COc1cc(C(=O)Nc2nc3ccc4nc(N5CCN(C)CC5)sc4c3s2)cc(OC)c1OC,2800.0000000000014,-3.4471580313422194,0,train
Cc1nc2c(NCc3cccc(S(C)(=O)=O)c3)nccn2c1-c1ccc(O)c(F)c1,61000.000000000015,-4.785329835010767,0,test
CC(Nc1nccn2c(-c3ccc(O)cc3)cnc12)c1ccc(S(N)(=O)=O)cc1,21000.00000000001,-4.32221929473392,0,test
Nc1sc2c(c1-c1nc3cc(Cl)ccc3s1)CCCC2,332533.4247514566,-5.521835305144512,0,test
Nc1sc2c(c1-c1nc3cc(Cl)ccc3s1)CCC2,244750.572768484,-5.388723716817978,0,train
Nc1sc2c(c1-c1nc3ccccc3s1)CCCC2,1659771.318844375,-6.220048255627144,0,train
Clc1ccc2sc(-c3c(/N=C/C=C/c4ccccc4)sc4c3CCCC4)nc2c1,345733.615008149,-5.538741607204594,0,train
Oc1ccccc1/C=N/C1=C(c2nc3cc(Cl)ccc3s2)C2CCCCC2S1,552232.5840644125,-5.742122028275496,0,train
Clc1ccc2sc(-c3c(/N=C/C=C/c4ccccc4)sc4c3CCC4)nc2c1,476020.808095204,-5.677625937265475,0,train
Oc1ccccc1/C=N/c1sc2c(c1-c1nc3cc(Cl)ccc3s1)CCC2,610291.7379444266,-5.785537490570336,0,train
Oc1ccccc1/C=N/c1sc2c(c1-c1nc3ccccc3s1)CCCC2,312137.51462744497,-5.494345968013587,0,train
C(=C/c1ccccc1)\C=N\c1sc2c(c1-c1nc3ccccc3s1)CCCC2,971111.3108255196,-5.987269012510148,0,test
C(=N/c1sc2c(c1-c1nc3ccccc3s1)CCCC2)\c1ccc2c(c1)OCO2,1358044.454213783,-6.132913986368456,0,test
COc1cc(/C=N/c2sc3c(c2-c2nc4ccccc4s2)CCCC3)cc(OC)c1OC,963384.5014764998,-5.983799655288177,0,train
FC(F)(F)c1ccc(/C=N/c2sc3c(c2-c2nc4ccccc4s2)CCCC3)cc1,832710.0248344175,-5.920493793076771,0,train
O=[N+]([O-])c1ccc(/C=N/c2sc3c(c2-c2nc4ccccc4s2)CCCC3)cc1,850473.504937657,-5.929660788449932,0,test
O=[N+]([O-])c1ccccc1/C=N/c1sc2c(c1-c1nc3ccccc3s1)CCCC2,879553.5967544698,-5.944262308904906,0,train
Clc1ccccc1/C=N/c1sc2c(c1-c1nc3ccccc3s1)CCCC2,996139.1660696518,-5.998320015967964,0,train
Fc1ccccc1/C=N/c1sc2c(c1-c1nc3ccccc3s1)CCCC2,1086303.0031284702,-6.035950980162947,0,train
C(=N/c1sc2c(c1-c1nc3ccccc3s1)CCCC2)\c1ccccc1,890172.8548008982,-5.94947434664171,0,train
Clc1ccc(/C=N/c2sc3c(c2-c2nc4ccccc4s2)CCCC3)c(Cl)c1,1221855.3799523711,-6.0870198054110345,0,train
Clc1ccc(/C=N/c2sc3c(c2-c2nc4ccccc4s2)CCCC3)cc1,1053110.3063971498,-6.022473863066419,0,train
Fc1ccc(/C=N/c2sc3c(c2-c2nc4ccccc4s2)CCCC3)cc1,705434.5721535495,-5.848456739890006,0,train
C(=C/c1ccccc1)\C=N\c1sc2c(c1-c1nc3ccccc3s1)CCC2,258702.0916064105,-5.412799940001624,0,train
Oc1ccccc1/C=N/c1sc2c(c1-c1nc3ccccc3s1)CCC2,445942.4285403153,-5.649278794628876,0,test
C(=N/c1sc2c(c1-c1nc3ccccc3s1)CCC2)\c1ccc2c(c1)OCO2,1109968.4561302892,-6.045310636873856,0,train
Clc1ccc(/C=N/c2sc3c(c2-c2nc4ccccc4s2)CCC3)c(Cl)c1,804150.937244555,-5.905337572455086,0,train
Clc1ccccc1/C=N/c1sc2c(c1-c1nc3ccccc3s1)CCC2,350422.32980210223,-5.544591772726771,0,train
Fc1ccccc1/C=N/c1sc2c(c1-c1nc3ccccc3s1)CCC2,938448.653489988,-5.972410515512504,0,test
Clc1ccc(/C=N/c2sc3c(c2-c2nc4ccccc4s2)CCC3)cc1,962648.6256557748,-5.983467795135456,0,train
Fc1ccc(/C=N/c2sc3c(c2-c2nc4ccccc4s2)CCC3)cc1,983627.3471123944,-5.9928305946243325,0,train
CCCCCCCCCCCC/C=C\N(NC(C)=O)C(=O)CCCCCCCCC,83300.00000000007,-4.920645001406788,0,train
CCCCCCCCCCCC/C=C\N(NC(=O)CCl)C(=O)CCCCCCCCC,104300.0,-5.018284308426531,0,train
CCCCCCCCCCCCCCN(N)C(=O)OC(C)(C)C,96500.0,-4.984527313343793,0,train
CCCCCCCCCCCC/C=C\N(NC(=O)COC)C(=O)CCCCCCCCC,108199.99999999996,-5.034227260770551,0,train
O=C(/C=C/c1cccn1Cc1ccc(F)cc1F)CC(=O)C(=O)O,44000.00000000005,-4.643452676486188,0,test
Cc1cc(C)cc(Cn2cccc2/C=C/C(=O)CC(=O)C(=O)O)c1,30000.00000000001,-4.477121254719663,0,train
COc1ccccc1Cn1cccc1/C=C/C(=O)CC(=O)C(=O)O,42000.00000000003,-4.623249290397901,0,train
CCOC(=O)C(=O)CC(=O)/C=C/c1cccn1Cc1cc(Cl)cc(Cl)c1,30000.00000000001,-4.477121254719663,0,train
CCOC(=O)C(=O)CC(=O)/C=C/c1cccn1Cc1cccc(C#N)c1,48000.00000000005,-4.681241237375588,0,test
CCOC(=O)C(=O)CC(=O)/C=C/c1cccn1Cc1cccc(F)c1,42000.00000000003,-4.623249290397901,0,train
CCOC(=O)C(=O)CC(=O)/C=C/c1cccn1Cc1cccc(C)c1,37000.0,-4.568201724066995,0,train
CCOC(=O)C(=O)CC(=O)/C=C/c1cccn1Cc1ccccc1,40999.99999999999,-4.612783856719736,0,train
O=c1c(/C=C\c2cccnc2)coc2ccc(Cl)cc12,49999.99999999999,-4.698970004336019,0,train
O=c1c(/C=C/c2ccncc2)coc2ccc(Cl)cc12,150000.00000000003,-5.176091259055681,0,test
Clc1ccc2c(c1)C=C(/C=C/c1ccncc1)CO2,75000.00000000001,-4.8750612633917,0,train
Clc1ccc2c(c1)C=C(/C=C/c1cccnc1)CO2,37500.0,-4.574031267727719,0,train
Nc1ncc(C(=O)CCNC(=O)c2ccc[nH]2)[nH]1,410097.9543634582,-5.612887602960058,0,train
Nc1ncc(C(=O)CCNC(=O)c2cc(Br)c[nH]2)[nH]1,264905.5354219174,-5.423091033337158,0,train
CC(=O)c1c(O)c2ccc3ccccc3c2oc1=O,27021.605484559925,-4.431711148992864,0,train
CC1CNC(c2ccc3cc(-c4ccc(-c5cnc(N6CCCC6)nc5)cc4)[nH]c3c2)=N1,2603.328473786847,-3.4155289684753614,0,train
CC1CNC(c2ccc3cc(-c4ccc(-c5cnc(N6CCOCC6)nc5)cc4)[nH]c3c2)=N1,2964.41561106867,-3.471939091662307,0,train
Cc1c(-c2ccc(-c3cc4ccc(C5=NCCCN5)cc4o3)cc2)[nH]c2cc(C3=NCCCN3)ccc12,3076.247879952501,-3.4880213274096814,0,train
c1cc2cc(-c3ccc(-c4cnc(N5CCOCC5)nc4)cc3)[nH]c2cc1C1=NCCCN1,4560.639401644111,-3.659025735019452,1,train
CC1CN=C(c2ccc3cc(-c4ccc(-c5cc6ccc(C7=NCC(C)CN7)cc6o5)cn4)[nH]c3c2)NC1,4377.046766755135,-3.641181186877036,1,train
c1cc2cc(-c3ccc(-c4cn5ccc(C6=NCCN6)cc5n4)cc3)[nH]c2cc1C1=NCCN1,5611.294413395282,-3.749063055864138,1,test
NCCCNc1cc(-c2cc3ccc(C4=NCCCN4)cc3[nH]2)ccc1-c1cc2ccc(C3=NCCCN3)cc2o1,8429.679067457586,-3.925811040593259,0,train
c1cc2cc(-c3ccc(-c4cnc(N5CCCC5)nc4)cc3)[nH]c2cc1C1=NCCCN1,13489.974818713656,-4.130011138989628,1,train
c1cc2cc(-c3ccc(-c4cc5ccc(C6=NCCCN6)cc5s4)cc3)[nH]c2cc1C1=NCCCN1,12049.472273960067,-4.080968026701272,1,train
COC1CN=C(c2ccc3cc(-c4ccc(-c5cc6ccc(C7=NCC(OC)CN7)cc6o5)cc4)[nH]c3c2)NC1,11243.703526025418,-4.0509093856094776,0,train
c1cc2oc(-c3ccc(-c4cc5ccc(C6=NCCCN6)cc5[nH]4)cc3)cc2cc1C1=NCCCN1,17948.39309092444,-4.254025572525284,1,train
c1cc2cc(-c3ccc(-c4nc5ccc(C6=NCCN6)cc5[nH]4)cc3)[nH]c2cc1C1=NCCN1,19302.852782079783,-4.285621498435668,1,train
c1cc2cc(-c3ccc(-c4cc5ccc(C6=NCCCN6)cc5o4)s3)[nH]c2cc1C1=NCCCN1,18139.77635949281,-4.258631928455228,1,train
c1cc2cc(-c3ccc(-c4cc5ccc(C6=NCCN6)cc5o4)cc3)[nH]c2cc1C1=NCCN1,21772.017794696607,-4.337898680602568,1,test
OC1CN=C(c2ccc3cc(-c4ccc(-c5cc6ccc(C7=NCC(O)CN7)cc6o5)cc4)[nH]c3c2)NC1,23537.41658062655,-4.371758793836712,0,test
OC1CN=C(c2ccc3cc(-c4ccc(-c5cc6ccc(C7=NCC(O)CN7)cc6o5)s4)[nH]c3c2)NC1,24823.741661079708,-4.394867242927731,0,test
Fc1cc(-c2cc3ccc(C4=NCCCN4)cc3[nH]2)ccc1-c1cc2ccc(C3=NCCCN3)cc2o1,29090.465244014067,-4.463750666977287,0,train
CC1CNC(c2ccc3cc(-c4ccc(-c5cc6ccc(C7=NC(C)CN7)cc6o5)s4)[nH]c3c2)=N1,30232.96059915474,-4.480480678071585,0,train
c1cc2cc(-c3ccc(-c4cc5ccc(C6=NCCCN6)cc5o4)cn3)[nH]c2cc1C1=NCCCN1,32872.00148345444,-4.516826147852746,1,train
OC1CN=C(c2ccc3cc(-c4ccc(-c5cc6ccc(C7=NCC(O)CN7)cc6o5)cn4)[nH]c3c2)NC1,32967.07635332806,-4.518080433951859,0,test
FC1CN=C(c2ccc3cc(-c4ccc(-c5cc6ccc(C7=NCC(F)CN7)cc6o5)cn4)[nH]c3c2)NC1,38390.12198657131,-4.584219492112472,0,train
c1cc2cc(-c3ccc(-c4cn5cc(C6=NCCCN6)ccc5n4)cc3)[nH]c2cc1C1=NCCCN1,41597.68911111858,-4.61906920480545,0,train
c1cc2cc(-c3ccc(-c4cn5ccc(C6=NCCCN6)cc5n4)cc3)[nH]c2cc1C1=NCCCN1,44131.55849859786,-4.644749264754911,0,train
FC1CN=C(c2ccc3cc(-c4ccc(-c5cc6ccc(C7=NCC(F)CN7)cc6o5)s4)[nH]c3c2)NC1,43639.41046065763,-4.639878874927013,0,test
c1cc2cc(-c3ccc(-c4cc5ccc(C6=NCCCN6)cc5o4)cc3)[nH]c2cc1C1=NCCCN1,54900.96710165125,-4.739579994781809,1,test
c1cc2cc(-c3ccc(-c4nc5ccc(C6=NCCCN6)cc5[nH]4)cc3)[nH]c2cc1C1=NCCCN1,58278.99591202401,-4.765512060709074,1,train
FC1CN=C(c2ccc3cc(-c4ccc(-c5cc6ccc(C7=NCC(F)CN7)cc6o5)cc4)[nH]c3c2)NC1,93217.67799670306,-4.969498280684332,1,train
c1cc2cc(-c3ccc(-c4cc5ccc(C6=NCCN6)cc5o4)s3)[nH]c2cc1C1=NCCN1,403494.5909136204,-5.605837717119768,1,train
Cc1ccc(N2CCN(C(=O)c3cc4c5ccccc5n(C)c4c(-c4ccccc4)n3)CC2)cc1,29600.00000000001,-4.471291711058939,0,train
Cc1ccccc1N1CCN(C(=O)c2cc3c4ccccc4n(C)c3c(-c3ccccc3)n2)CC1,16900.000000000015,-4.227886704613674,0,test
COc1cccc(N2CCN(C(=O)c3cc4c5ccccc5n(C)c4c(-c4ccccc4)n3)CC2)c1,133900.0,-5.126780577012009,0,train
COc1ccccc1N1CCN(C(=O)c2cc3c4ccccc4n(C)c3c(-c3ccccc3)n2)CC1,25299.999999999975,-4.4031205211758175,0,train
Cn1c2ccccc2c2cc(C(=O)N3CCN(c4cccc(Cl)c4)CC3)nc(-c3ccccc3)c21,110599.99999999993,-5.043755126968679,1,test
Cn1c2ccccc2c2cc(C(=O)N3CCN(c4ccccc4Cl)CC3)nc(-c3ccccc3)c21,23599.999999999985,-4.372912002970106,0,train
Cn1c2ccccc2c2cc(C(=O)N3CCN(c4ccccc4F)CC3)nc(-c3ccccc3)c21,50599.99999999996,-4.704150516839799,1,test
Cn1c2ccccc2c2cc(C(=O)N3CCN(c4cccc(Cl)c4Cl)CC3)nc(-c3ccccc3)c21,63899.99999999994,-4.8055008581584,0,train
Cn1c2ccccc2c2cc(C(=O)N3CCN(Cc4ccccc4)CC3)nc(-c3ccccc3)c21,21699.99999999998,-4.336459733848529,0,test
Cn1c2ccccc2c2cc(C(=O)N3CCN(c4ccncc4)CC3)nc(-c3ccccc3)c21,4019.999999999998,-3.60422605308447,1,train
Cn1c2ccccc2c2cc(C(=O)N3CCN(c4ccccn4)CC3)nc(-c3ccccc3)c21,19199.99999999998,-4.283301228703549,0,train
CN(C)c1nc(SCCc2ccccc2)c(C#N)c2c1COC(C)(C)C2,57400.000000000015,-4.758911892397974,0,train
CCN(CC)c1nc(SCCc2ccccc2)c(C#N)c2c1COC(C)(C)C2,38199.99999999998,-4.5820633629117085,0,train
CC1(C)Cc2c(C#N)c(SCCc3ccccc3)nc(N3CCCC3)c2CO1,20199.999999999985,-4.305351369446623,0,train
CN1CCN(c2nc(SCCc3ccccc3)c(C#N)c3c2COC(C)(C)C3)CC1,14399.999999999987,-4.158362492095249,0,train
COCCN1CCN(c2nc(SCCc3ccccc3)c(C#N)c3c2COC(C)(C)C3)CC1,34200.00000000002,-4.534026106056135,0,train
CC1(C)Cc2c(C#N)c(SCCc3ccccc3)nc(N3CCCNCC3)c2CO1,20299.99999999998,-4.307496037913213,0,train
CN1CCCN(c2nc(SCCc3ccccc3)c(C#N)c3c2COC(C)(C)C3)CC1,16400.000000000004,-4.214843848047698,0,train
CC1(C)Cc2c(C#N)c(SCCc3nnn[nH]3)nc(N3CCOCC3)c2CO1,30200.000000000025,-4.480006942957151,0,test
CC1(C)Cc2c(C#N)c(SCCc3ccccn3)nc(N3CCOCC3)c2CO1,78099.99999999993,-4.8926510338773,0,train
CC(=O)Oc1cccc(CCSc2nc(N3CCOCC3)c3c(c2C#N)CC(C)(C)OC3)c1,48300.00000000005,-4.683947130751513,0,train
CC1(C)Cc2c(C#N)c(SCCc3ccc(F)cc3)nc(N3CCOCC3)c2CO1,58999.99999999994,-4.770852011642144,0,train
CC1(C)Cc2c(C#N)c(SCCc3c[nH]c4ccccc34)nc(N3CCOCC3)c2CO1,44800.00000000005,-4.651278013998144,0,train
CC1(C)Cc2c(C#N)c(SCCc3cccc(-c4nnn[nH]4)c3)nc(N3CCOCC3)c2CO1,20699.99999999998,-4.315970345456917,0,train
CC1(C)Cc2c(C#N)c(SCCc3ccc(S(=O)(=O)O)cc3)nc(N3CCOCC3)c2CO1,17199.999999999993,-4.235528446907549,0,train
COc1ccc(CCSc2nc(N3CCOCC3)c3c(c2C#N)CC(C)(C)OC3)cc1OC,69400.00000000006,-4.841359470454855,0,train
COCCN1CCN(c2nc(SCCc3ccncc3)c(C#N)c3c2COC(C)(C)C3)CC1,95900.0,-4.981818607170664,0,test
COCCN1CCN(c2nc(SCCc3cccc(OC)c3)c(C#N)c3c2COC(C)(C)C3)CC1,46499.99999999996,-4.6674529528899535,0,train
COCCN1CCN(c2nc(SCCc3ccc(OC)cc3)c(C#N)c3c2COC(C)(C)C3)CC1,34799.999999999985,-4.541579243946581,0,train
COCCN1CCN(c2nc(SCCc3ccc(OC)c(OC)c3)c(C#N)c3c2COC(C)(C)C3)CC1,38799.99999999996,-4.588831725594207,0,train
COCCN1CCN(c2nc(SCCc3ccccc3F)c(C#N)c3c2COC(C)(C)C3)CC1,30599.999999999975,-4.48572142648158,0,train
COCCN1CCN(c2nc(SCCc3cccc(F)c3)c(C#N)c3c2COC(C)(C)C3)CC1,37899.99999999999,-4.578639209968072,0,train
COCCN1CCN(c2nc(SCCc3cccc(Br)c3)c(C#N)c3c2COC(C)(C)C3)CC1,75099.99999999994,-4.875639937004168,0,train
COCCN1CCN(c2nc(SCCOc3ccccc3)c(C#N)c3c2COC(C)(C)C3)CC1,33900.00000000003,-4.5301996982030825,0,train
CC1CN(c2nc(SCCc3cccnc3)c(C#N)c3c2COC(C)(C)C3)CC(C)O1,42600.00000000004,-4.629409599102719,0,train
CC1CN(c2nc(SCCc3ccc(N)cc3)c(C#N)c3c2COC(C)(C)C3)CC(C)O1,52199.99999999999,-4.717670503002262,0,train
CC(=O)Nc1ccc(CCSc2nc(N3CC(C)OC(C)C3)c3c(c2C#N)CC(C)(C)OC3)cc1,60499.99999999996,-4.781755374652469,0,train
CC1CN(c2nc(SCCc3ccc(NC(=O)C(F)(F)F)cc3)c(C#N)c3c2COC(C)(C)C3)CC(C)O1,64000.00000000005,-4.806179973983888,0,train
CC1CN(c2nc(SCCc3ccc(NS(C)(=O)=O)cc3)c(C#N)c3c2COC(C)(C)C3)CC(C)O1,66999.99999999993,-4.826074802700826,0,train
C=CC(=O)Nc1ccc(CCSc2nc(N3CC(C)OC(C)C3)c3c(c2C#N)CC(C)(C)OC3)cc1,62399.99999999996,-4.795184589682424,0,train
CC1CN(c2nc(SCCc3ccc(NC(=N)N)cc3)c(C#N)c3c2COC(C)(C)C3)CC(C)O1,12000.000000000007,-4.079181246047625,0,train
Nc1ccn([C@@H]2O[C@@](CO)(CCl)[C@@H](O)C2(F)F)c(=O)n1,61999.99999999994,-4.792391689498253,0,train
CCOC(=O)/C(O)=C/C(=O)c1cn(Cc2ccc(F)cc2)cc1-c1ccccc1,11000.000000000007,-4.041392685158225,0,train
CCOC(=O)/C(O)=C/C(=O)/C=C/c1cn(Cc2ccc(F)cc2)cc1-c1ccccc1,26899.999999999975,-4.429752280002408,0,train
CCOC(=O)/C(O)=C/C(=O)c1cccn1Cc1ccc(F)cc1,32999.99999999997,-4.518513939877887,0,train
CCOC(=O)/C(O)=C/C(=O)c1cc(-c2ccccc2)cn1Cc1ccc(F)cc1,3899.999999999999,-3.591064607026499,0,test
O=C(O)/C(O)=C/C(=O)c1cccn1Cc1ccc(F)cc1,28000.00000000001,-4.447158031342219,0,test
NS(=O)(=O)c1ccc(Nc2ccnc3cc(Cl)ccc23)cc1,2375674.0563211483,-6.375786854974376,0,train
O=S(=O)(Nc1ccccn1)c1ccc(Nc2ccnc3cc(Cl)ccc23)cc1,275015.45440827886,-5.4393570995599,0,train
O=S(=O)(Nc1ncccn1)c1ccc(Nc2ccnc3cc(Cl)ccc23)cc1,1199395.9317655389,-6.078962571419575,0,test
O=S(=O)(Nc1nccs1)c1ccc(Nc2ccnc3cc(Cl)ccc23)cc1,801122.5309715415,-5.9036989461154965,0,test
Cc1cc(NS(=O)(=O)c2ccc(Nc3ccnc4cc(Cl)ccc34)cc2)no1,699007.4094785408,-5.844481779291589,0,test
NNc1ccnc2cc(Cl)ccc12,3186374.50487252,-6.503296818496214,0,test
NNC(=O)c1cccnc1,1115631.9726998303,-6.047520952141282,0,train
O=C(NNc1ccnc2cc(Cl)ccc12)c1cccnc1,2902257.199572865,-6.462735897214613,0,train
CCOC(=O)/C(O)=C/C(=O)c1cn(Cc2cccc(OC)c2)c2ccccc2c1=O,44000.00000000005,-4.643452676486188,0,train
CN1CCCN=C1c1ccc2cc(-c3ccc(-c4cc5ccc(C6=NCCCN6C)cc5[nH]4)cc3)[nH]c2c1,9387.795865375005,-3.9725636374343223,0,train
c1cc2[nH]c(-c3ccc(-c4cc5ccc(C6=NCCCN6)cc5[nH]4)cc3)cc2cc1C1=NCCCN1,28777.221982412,-4.45904886687852,1,train
c1cc2cc(CCCCc3cc4ccc(C5=NCCCN5)cc4[nH]3)[nH]c2cc1C1=NCCCN1,32478.579603451974,-4.5115970278391,0,train
c1cc2cc(CCCc3cc4ccc(C5=NCCCN5)cc4[nH]3)[nH]c2cc1C1=NCCCN1,183091.3016811108,-5.262667712288436,0,train
CCOc1cc(O)c(C(=O)/C=C/c2ccc(OC)cc2)c(OC)c1,91362.02506973974,-4.960765717290416,0,train
O=C(/C=C/c1ccc(C(F)(F)F)cc1)c1ccc[nH]1,28199.99999999999,-4.450249108319361,0,test
COc1cnc(-n2cncn2)c2[nH]cc(C(=O)C(=O)N3CCc4c(cccc4-c4ccccn4)C3)c12,161999.99999999994,-5.209515014542631,0,train
COc1cnc(-n2ccnn2)c2[nH]cc(C(=O)C(=O)N3CCc4c(cccc4-c4ccccn4)C3)c12,37500.0,-4.574031267727719,0,train
COCc1ncnn1-c1ncc(OC)c2c(C(=O)C(=O)N3CCc4c(cccc4-c4ccccn4)C3)c[nH]c12,119000.00000000007,-5.075546961392531,0,train
COc1cnc(-c2cc(CO)[nH]n2)c2[nH]cc(C(=O)C(=O)N3CCc4c(cccc4-c4ccccn4)C3)c12,189999.99999999997,-5.278753600952829,0,train
CNC(=O)c1cc(-c2ncc(OC)c3c(C(=O)C(=O)N4CCc5c(cccc5-c5ccccn5)C4)c[nH]c23)n[nH]1,28400.00000000002,-4.453318340047038,0,test
COc1cnc(-n2cnc(C)n2)c2[nH]cc(C(=O)C(=O)N3CCc4c(-c5ccccc5)cccc4C34CC4)c12,5450.000000000002,-3.7363965022766426,0,train
CCC1c2cccc(-c3ccccc3)c2CCN1C(=O)C(=O)c1c[nH]c2c(-n3cnc(C)n3)ncc(OC)c12,24700.000000000004,-4.392696953259666,0,train
COc1cnc(-n2cnc(C)n2)c2[nH]cc(C(=O)C(=O)N3CCc4c(nc(NCCN(C)C)nc4-c4ccccn4)C3)c12,52799.99999999998,-4.722633922533812,0,train
COc1ccc(/C=C/C(=O)c2ccc(OCc3cn(CCC[Si]45OCCN(CCO4)CCO5)nn3)cc2)c(OC)c1OC,227270.00000000015,-5.356542111948761,0,train
Cc1ccc(/C=C/C(=O)c2ccc(OCc3cn(CCC[Si]45OCCN(CCO4)CCO5)nn3)cc2)cc1,188959.99999999997,-5.276369880269439,0,train
O=C(/C=C/c1ccccc1)c1ccccc1OCc1cn(CCC[Si]23OCCN(CCO2)CCO3)nn1,237980.0000000002,-5.376540460188395,0,train
COc1ccc(/C=C/C(=O)c2ccccc2OCc2cn(CCC[Si]34OCCN(CCO3)CCO4)nn2)c(OC)c1OC,232340.00000000023,-5.366123985021134,0,test
COc1ccc(/C=C/C(=O)c2cccc(OCc3cn(CCC[Si]45OCCN(CCO4)CCO5)nn3)c2)cc1,202999.99999999985,-5.307496037913213,0,train
COc1ccc(/C=C/C(=O)c2cccc(OCc3cn(CCC[Si]45OCCN(CCO4)CCO5)nn3)c2)c(OC)c1OC,339900.00000000023,-5.53135116458306,0,train
COc1ccc(-n2c(-c3ccc(OCc4ccccc4)cc3)nc3c(NCCN4CCOCC4)nc(C)nc32)cc1OC,26000.00000000001,-4.414973347970818,0,test
COc1ccc(-n2c(C)nc3c(NCCN4CCOCC4)nc(C#Cc4ccccc4)nc32)cc1OC,48000.00000000005,-4.681241237375588,0,test
Nc1nc(Cl)c2ncn(C[C@H]3CC[C@@H](CO)C3)c2n1,3549.28357710996,-3.5501406995600533,0,test
Nc1ncnc2c1ncn2C[C@H]1CC[C@@H](CO)C1,323491.1161252235,-5.509862358356277,0,train
CCC(CC)O[C@@H]1C=C(C(=O)Nc2ccccc2)C[C@H](N)[C@H]1NC(C)=O,375000.0,-5.574031267727719,0,train
CCC(CC)O[C@@H]1C=C(C(=O)O)C[C@H](NC(=O)OC(C)(C)C)[C@H]1NC(C)=O,750000.0000000001,-5.8750612633917,0,train
C1=C(CCc2ccccc2)COc2ccccc21,49999.99999999999,-4.698970004336019,0,train
c1ccc(CCC2COc3ccccc3C2)cc1,6250.000000000003,-3.795880017344075,1,train
C1=C(CCCc2ccccc2)COc2ccccc21,200000.00000000003,-5.301029995663981,0,train
c1ccc(CCCC2COc3ccccc3C2)cc1,200000.00000000003,-5.301029995663981,1,train
Clc1ccc2c(c1)CC(CCCc1ccccc1)CO2,200000.00000000003,-5.301029995663981,0,train
Clc1cccc(CCCC2COc3ccc(Cl)cc3C2)c1,200000.00000000003,-5.301029995663981,0,train
Clc1cccc(CCCC2COc3ccccc3C2)c1,100000.0,-5.0,0,test
C1=C(CCCCc2ccccc2)COc2ccccc21,100000.0,-5.0,0,train
c1ccc(CCCCC2COc3ccccc3C2)cc1,100000.0,-5.0,1,train
C1=C(CCCCCc2ccccc2)COc2ccccc21,100000.0,-5.0,0,train
c1ccc(CCCCCC2COc3ccccc3C2)cc1,200000.00000000003,-5.301029995663981,0,train
CC(Cc1ccccc1)C1=Cc2ccccc2OC1,24999.999999999996,-4.3979400086720375,0,train
CC(CC1=Cc2ccccc2OC1)c1ccccc1,12499.999999999996,-4.096910013008056,0,test
C/C(=C\c1ccccc1)C1=Cc2ccccc2OC1,24999.999999999996,-4.3979400086720375,0,train
O=C(/C=C/C1=Cc2ccccc2OC1)c1ccccc1,49999.99999999999,-4.698970004336019,0,test
COc1ccc(OCc2ccc(COc3c(Cl)cccc3Cl)cc2)c(Cl)c1,16000.00000000001,-4.204119982655925,0,test
CCOC(=O)c1sc2cc(Oc3ccnc(C(=O)NC)c3)ccc2c1CC,16700.0,-4.222716471147583,1,train
CNC(=O)c1cc(Oc2ccc3cc(C(=O)OC)sc3c2)ccn1,68299.99999999996,-4.834420703681532,0,train
CNC(=O)c1cc(Oc2ccc3cc(C(=O)OC(C)C)sc3c2)ccn1,45000.00000000003,-4.653212513775344,0,train
CNC(=O)c1cc(Oc2ccc3c(C)c(C(=O)OC)sc3c2)ccn1,15700.000000000013,-4.195899652409234,0,train
CNC(=O)c1cc(Oc2ccc3c(C)c(C(=O)OC(C)C)sc3c2)ccn1,9600.0,-3.982271233039568,0,train
CCCOC(=O)c1sc2cc(Oc3ccnc(C(=O)NC)c3)ccc2c1C,57100.000000000015,-4.756636108245848,1,test
CNC(=O)c1cc(Oc2ccc3c(C)c(C(=O)OCC(C)C)sc3c2)ccn1,28199.99999999999,-4.450249108319361,0,train
CNC(=O)c1cc(Oc2ccc3c(C)c(C(=O)OCc4ccccc4)sc3c2)ccn1,18100.0,-4.2576785748691846,0,test
CNC(=O)c1cc(Oc2ccc3c(C)c(C(=O)N(C)C)sc3c2)ccn1,44400.00000000003,-4.64738297011462,0,train
CCOC(=O)c1sc2cc(Oc3ccnc(C(=O)NC)c3)ccc2c1N,449.99999999999983,-2.6532125137753435,1,test
CCOC(=O)c1sc2cc(Oc3ccnc(C(=O)NC)c3)ccc2c1Cl,45600.00000000002,-4.658964842664435,1,train
CCOC(=O)c1cc2ccc(O)cc2s1,46899.99999999996,-4.671172842715083,0,train
CCOC(=O)c1cc2ccc(OC)cc2s1,44400.00000000003,-4.64738297011462,0,train
CCOC(=O)c1sc2cc(O)ccc2c1C,46600.0,-4.66838591669,0,test
CCOC(=O)c1cc2ccc(Oc3ccccc3)cc2s1,90100.00000000006,-4.954724790979063,0,train
CCOC(=O)c1sc2cc(Oc3ccccc3)ccc2c1C,47600.00000000005,-4.6776069527204935,0,test
CCOC(=O)c1sc2cc(Oc3cccc(C(=O)NC)c3)ccc2c1C,7699.999999999999,-3.886490725172482,1,train
CCOC(=O)c1cc2ccc(Oc3ccncc3)cc2s1,43900.00000000004,-4.642464520242122,0,train
CCOC(=O)c1sc2cc(Oc3ccnc(C(=O)OC)c3)ccc2c1C,26200.00000000001,-4.418301291319746,1,train
CNC(=O)c1ccc(Oc2ccc3c(C)c(C(=O)OC(C)C)sc3c2)cn1,12899.999999999996,-4.110589710299249,0,train
CNC(=O)c1cc(Oc2ccc3cc(C(=O)OC(C)C)n(C)c3c2)ccn1,46099.99999999999,-4.663700925389648,0,train
CNC(=O)c1cc(Oc2ccc3c(C)c(C(=O)OC(C)C)[nH]c3c2)ccn1,8399.999999999998,-3.9242792860618816,0,test
CNC(=O)c1cc(Oc2ccc3c(C)c(C(=O)OC(C)C)n(C)c3c2)ccn1,8500.000000000002,-3.929418925714293,0,train
CNC(=O)c1cc(Oc2ccc3ccc(C(=O)OC)cc3c2)ccn1,33800.00000000003,-4.528916700277655,0,test
CCOC(=O)c1ccc2ccc(Oc3ccnc(C(=O)NC)c3)cc2c1,13199.99999999999,-4.12057393120585,0,train
CNC(=O)c1cc(Oc2ccc3ccc(C(=O)OC(C)C)cc3c2)ccn1,8700.000000000004,-3.9395192526186182,0,train
CCC(C)OC(=O)c1ccc2ccc(Oc3ccnc(C(=O)NC)c3)cc2c1,8999.999999999998,-3.9542425094393248,0,train
CCOC(=O)c1ccc2cc(Oc3ccnc(C(=O)NC)c3)ccc2c1,34099.999999999985,-4.532754378992498,1,train
O=C[C@H](C[C@@H]1CCNC1=O)NC(=O)[C@H](CC1CCCCC1)NC(=O)OCc1cccc(Cl)c1,56099.99999999997,-4.748962861256161,0,train
CC(C)(C)C1CCc2c(sc3c2c(=O)n(-c2cccc(Br)c2)c2nncn32)C1,32929.99999999996,-4.517591730711907,0,train
CC(C)(C)C1CCc2c(sc3c2c(=O)n(-c2ccc(Cl)cc2)c2nncn32)C1,36450.0,-4.5616975326539935,0,train
CC(C)(C)C1CCc2c(sc3c2c(=O)n(-c2cccc(Cl)c2)c2nncn32)C1,38280.000000000015,-4.582971929104806,0,train
CC(C)(C)C1CCc2c(sc3c2c(=O)n(-c2ccccc2Cl)c2nncn32)C1,26279.99999999997,-4.419625360887743,0,train
Cc1ccc(-n2c(=O)c3c4c(sc3n3cnnc23)CC(C(C)(C)C)CC4)cc1,32750.000000000004,-4.515211304327802,0,train
Cc1ccccc1-n1c(=O)c2c3c(sc2n2cnnc12)CC(C(C)(C)C)CC3,39109.99999999999,-4.5922878159521305,0,test
CC1(C)Cc2c(sc3c2c(=O)n(-c2ccccc2)c2nncn32)C(C)(C)C1,9089.999999999998,-3.958563883221968,0,train
CC1(C)CCc2c(sc3c2c(=O)n(-c2ccccc2)c2nncn32)C1,54800.0,-4.738780558484369,0,train
O=c1c2c3c(sc2n2cnnc2n1-c1ccccc1)CC(c1ccccc1)CC3,27479.999999999985,-4.439016728387513,0,train
CCCC1CCc2c(sc3c2c(=O)n(-c2ccccc2)c2nncn32)C1,41009.99999999997,-4.612889769287484,0,test
CC1CCc2c(sc3c2c(=O)n(-c2ccccc2)c2nncn32)C1,78989.99999999997,-4.89757211382573,0,train
CC(C)(C)C1CCc2c(sc3c2c(=O)n(-c2ccc(Br)cc2)c2nncn32)C1,30470.0,-4.4838724542226736,0,train
COc1ccc(-n2c(=O)c3c4c(sc3n3cnnc23)CC(C(C)(C)C)CC4)cc1,39129.99999999999,-4.59250984790068,0,train
CC(C)(C)C1CCc2c(sc3c2c(=O)n(-c2ccc(C(F)(F)F)cc2)c2nncn32)C1,35539.99999999998,-4.550717423469282,0,train
Cc1nnc2n(-c3ccccc3)c(=O)c3c4c(sc3n12)CC(C(C)(C)C)CC4,45089.99999999996,-4.65408023530657,0,train
CC(C)(C)C1CCc2c(sc3c2c(=O)n(-c2ccccc2)c2nnc(-c4ccccc4)n32)C1,31889.999999999975,-4.503654519242959,0,train
CC(C)(C)C1CCc2c(sc3c2c(=O)n(-c2ccccc2)c2nnc(N)n32)C1,45850.00000000002,-4.66133934000604,0,train
CC(C)(C)C1CCc2c(sc3c2c(=O)n(-c2ccccc2)c2nnc(S)n32)C1,45089.99999999996,-4.65408023530657,0,train
CC(=O)/C=C/[C@H](CCc1ccccc1)NC(=O)[C@H](CC(C)C)NC(=O)OCc1ccccc1,9580.000000000002,-3.981365509078545,0,train
CC(=O)/C=C/[C@H](CCc1ccccc1)NC(=O)[C@H](CC(C)C)NC(=O)OCc1ccc([N+](=O)[O-])cc1,8200.0,-3.9138138523837167,0,train
CC(=O)/C=C/[C@H](CCc1ccccc1)NC(=O)[C@H](Cc1ccccc1)NC(=O)OCc1ccccc1,7899.999999999999,-3.8976270912904414,0,train
CC(C)C[C@H](NC(=O)OCc1ccccc1)C(=O)N[C@H](/C=C/S(=O)(=O)c1ccccc1)CCc1ccccc1,12170.000000000007,-4.085290578230065,0,train
CC(C)[C@@H]1CCC(C=O)=C[C@H]1O,47600.00000000005,-4.6776069527204935,0,train
COc1ccc(/C=C/CO)cc1OC,160000.0000000001,-5.204119982655925,0,train
COc1ccc(/C=C/CO)cc1,188999.99999999985,-5.276461804173244,0,train
CC(C)CC(=O)OC/C=C/c1ccccc1,142000.0000000001,-5.152288344383057,0,test
C/C=C(/C)C(=O)OC/C=C/c1ccc(OC)c(OC)c1,452999.99999999953,-5.656098202012831,0,train
C/C=C(/C)C(=O)OC/C=C/c1ccc(OC)cc1,247999.99999999985,-5.394451680826216,0,train
C/C=C(/C)C(=O)OC/C(=C/C)C(=O)OC/C=C/c1ccc(OC)c(OC)c1,20299.99999999998,-4.307496037913213,0,train
C/C=C(/C)C(=O)OC/C(=C/C)C(=O)OC/C=C/c1ccc(OC)cc1,36299.99999999999,-4.559906625036112,0,train
C=C[C@H](O)C#CC#CC/C=C\CCCCCCCCO,14600.000000000002,-4.164352855784437,0,train
C=CC(O)C#CC#C/C=C/C(O)CCCCCCCCO,107000.0,-5.02938377768521,0,test
CC(=O)O[C@@]12CO[C@@H]1C[C@H](O)[C@@]1(C)C(=O)[C@H](O)C3=C(C)[C@@H](OC(=O)[C@H](O)[C@@H](NC(=O)OC(C)(C)C)c4ccccc4)C[C@@](O)([C@@H](OC(=O)c4ccccc4)[C@H]21)C3(C)C,89.99999999999997,-1.9542425094393248,0,train
C=C(C)[C@@H]1CC[C@]2(CO)CC[C@]3(C)[C@H](CC[C@@H]4[C@@]5(C)CCC(=O)C(C)(C)[C@@H]5CC[C@]43C)[C@@H]12,135699.99999999994,-5.132579847659737,0,train
C=C(C=O)[C@@H]1CC[C@]2(C(=O)O)CC[C@]3(C)[C@H](CC[C@@H]4[C@@]5(C)CC[C@@H](O)[C@](C)(CO)[C@@H]5CC[C@]43C)[C@@H]12,182199.99999999985,-5.260548372636979,0,train
C=C(C)[C@@H]1CC[C@]2(C(=O)O)CC[C@]3(C)[C@H](CC[C@@H]4[C@@]5(C)CC[C@@H](O)[C@](C)(CO)[C@@H]5CC[C@]43C)[C@@H]12,120399.99999999996,-5.080626486921806,0,train
COc1cc(O)c2c(=O)oc(C[C@@H](O)C(Cl)Cl)cc2c1,28000.00000000001,-4.447158031342219,0,train
O=C(c1cc2c([nH]c3ccccc32)c(-c2ccccc2)n1)N1CCN(Cc2ccccc2)CC1,28900.000000000025,-4.460897842756548,0,train
O=C(c1cc2c([nH]c3ccccc32)c(-c2ccccc2)n1)N1CCN(c2ccncc2)CC1,78700.00000000004,-4.895974732359065,0,test
O=C(c1cc2c([nH]c3ccccc32)c(-c2ccccc2)n1)N1CCN(c2cccc(Cl)c2)CC1,18400.00000000001,-4.264817823009537,0,test
COc1ccccc1N1CCN(C(=O)c2cc3c([nH]c4ccccc43)c(-c3ccccc3)n2)CC1,204799.99999999988,-5.311329952303793,0,train
COc1cccc(N2CCN(C(=O)c3cc4c([nH]c5ccccc54)c(-c4ccccc4)n3)CC2)c1,205300.00000000015,-5.312388949370592,0,test
O=C(c1cc2c([nH]c3ccccc32)c(-c2ccccc2)n1)N1CCN(c2ccccc2)CC1,38099.99999999997,-4.580924975675619,0,train
O=C1c2ccccc2C(=O)c2[nH]c(-c3ccncc3)nc21,16730.000000000015,-4.223495940962395,0,train
O=C1c2ncccc2C(=O)c2sc(-c3cscn3)nc21,4630.000000000002,-3.665580991017953,0,train
O=C1c2cccnc2C(=O)c2sc(-c3cscn3)nc21,2720.0,-3.4345689040341987,0,train
COc1ccc(Br)cc1CNC12CC3CC(C)(CC(C)(C3)C1)C2,116699.99999999993,-5.06707085604537,0,test
CCC(=O)CCCN1CCN(C(=O)Oc2ccccc2)C(c2ncc(-c3ccc4ccccc4c3)[nH]2)C1,16604.99999999999,-4.220238879934404,0,test
CCC(=O)CCCN1CCN(Cc2ccccc2)C(c2ncc(-c3ccc4ccccc4c3)[nH]2)C1,14681.999999999987,-4.1667852197354325,0,test
CCC(=O)CCCN1CCN(C(=O)Cc2c(C)[nH]c3ccc(OC)cc23)C(c2ncc(-c3ccc4ccccc4c3)[nH]2)C1,12267.000000000013,-4.088738365273999,0,test
CCC(=O)CCCN1CCN(C(=O)Cc2c(C)[nH]c3ccc(OC)cc23)C(c2ncc(-c3ccc4ccccc4c3)o2)C1,20551.0,-4.312832959249337,0,test
COc1ccc2[nH]c(C)c(CC(=O)N3CCN(CCCC(C)O)CC3c3ncc(-c4ccc5ccccc5c4)[nH]3)c2c1,13052.999999999987,-4.115710338012379,0,test
COC(=O)CCCN1CCN(C(=O)Cc2c(C)[nH]c3ccc(OC)cc23)C(c2ncc(-c3ccc4ccccc4c3)[nH]2)C1,28750.0,-4.458637849025649,0,test
O=C1C(c2ccc(Cn3ccccc3=O)cc2)=Cc2cccc3cccc1c23,26.500000000000004,-1.423245873936808,0,train
O=C1C(c2ccc(CN3C(=O)C4C=CC3OO4)cc2)=Cc2cccc3cccc1c23,71.5,-1.8543060418010808,0,train
COc1ccc(/C=C\c2cc(OC)c(OC)c(OC)c2)cc1N,1.47,-0.167317334748176,0,train
COc1ccc(/C=C\c2cc(OC)c(OC)c(OC)c2)cc1NC(=O)CN,37.7,-1.5763413502057928,0,train
COc1ccc(/C=C\c2cc(OC)c(OC)c(OC)c2)cc1NC(=O)[C@H](C)N,6.69,-0.8254261177678232,0,train
COc1ccc(/C=C\c2cc(OC)c(OC)c(OC)c2)cc1NC(=O)CNC(=O)[C@H](CCCNC(=N)N)NC(=O)[C@H](CCCNC(=N)N)NC(=O)c1ccccc1,7.200000000000001,-0.8573324964312685,1,train
COc1ccc(/C=C\c2cc(OC)c(OC)c(OC)c2)cc1NC(=O)[C@H](C)NC(=O)[C@H](CCCNC(=N)N)NC(=O)[C@H](CCCNC(=N)N)NC(=O)c1ccccc1,65.70000000000002,-1.8175653695597809,1,train
COc1ccc(/C=C\c2cc(OC)c(OC)c(OC)c2)cc1NC(=O)CCNC(=O)[C@H](CCCNC(=N)N)NC(=O)[C@H](CCCNC(=N)N)NC(=O)c1ccccc1,952.0,-2.9786369483844743,1,train
COc1ccc(/C=C\c2cc(OC)c(OC)c(OC)c2)cc1NC(=O)CNC(=O)CNC(=O)[C@H](CCCNC(=N)N)NC(=O)[C@H](CCCNC(=N)N)NC(=O)c1ccccc1,19.500000000000004,-1.290034611362518,1,train
COc1ccc(/C=C\c2cc(OC)c(OC)c(OC)c2)cc1NC(=O)[C@H](CO)NC(=O)[C@H](CCCNC(=N)N)NC(=O)[C@H](CCCNC(=N)N)NC(=O)c1ccccc1,29.200000000000006,-1.4653828514484184,1,train
COc1ccc(/C=C\c2cc(OC)c(OC)c(OC)c2)cc1NC(=O)CNC(=O)[C@H](CCCNC(=N)N)NC(=O)[C@H](CCCCN)NC(=O)c1ccccc1,78.2,-1.893206753059848,1,train
COc1ccc(/C=C\c2cc(OC)c(OC)c(OC)c2)cc1NC(=O)[C@H](CO)NC(=O)[C@H](CCCNC(=N)N)NC(=O)[C@H](CCCCN)NC(=O)c1ccccc1,61.8,-1.790988475088816,0,train
COc1ccc(/C=C\c2cc(OC)c(OC)c(OC)c2)cc1NC(=O)[C@H](C)NC(=O)[C@H](CCCNC(=N)N)NC(=O)[C@H](CCCCN)NC(=O)c1ccccc1,24.6,-1.390935107103379,0,test
Cc1ccc(C(=O)CCCCSc2ccc(C3=NCCO3)cc2)s1,20000.000000000004,-4.301029995663981,0,train
N#Cc1ccc2cc3c(=O)[nH]c(=O)nc-3n(-c3ccc(OC(F)(F)F)cc3)c2c1,28000.00000000001,-4.447158031342219,0,train
N#Cc1ccc2cc3c(=O)[nH]c(=O)nc-3n(-c3ccc(OC(F)F)cc3)c2c1,79000.00000000007,-4.897627091290442,0,train
N#Cc1ccc2cc3c(=O)[nH]c(=O)nc-3n(-c3ccc4c(c3)OC(F)(F)O4)c2c1,39000.00000000003,-4.5910646070265,0,train
N#Cc1ccc2cc3c(=O)[nH]c(=O)nc-3n(-c3ccc(OCc4ccccc4)cc3)c2c1,12000.000000000007,-4.079181246047625,0,train
N#Cc1ccc2cc3c(=O)[nH]c(=O)nc-3n(-c3ccc(OCc4cccc(Cl)c4)cc3)c2c1,12000.000000000007,-4.079181246047625,0,train
COC(=O)c1cccc(COc2ccc(-n3c4nc(=O)[nH]c(=O)c-4cc4ccc(C#N)cc43)cc2)c1,28999.99999999997,-4.462397997898956,0,train
N#Cc1ccc2cc3c(=O)[nH]c(=O)nc-3n(-c3ccc(Oc4ccc(Cl)cc4)cc3)c2c1,7400.000000000001,-3.869231719730976,0,test
N#Cc1ccc2cc3c(=O)[nH]c(=O)nc-3n(-c3ccc(Oc4ccc(F)cc4)cc3)c2c1,12000.000000000007,-4.079181246047625,0,test
COC(=O)c1cccc(Oc2ccc(-n3c4nc(=O)[nH]c(=O)c-4cc4ccc(C#N)cc43)cc2)c1,9400.000000000002,-3.9731278535996983,0,train
N#Cc1ccc2cc3c(=O)[nH]c(=O)nc-3n(-c3cccc(OCc4ccccc4)c3)c2c1,30000.00000000001,-4.477121254719663,0,train
N#Cc1ccc2cc3c(=O)[nH]c(=O)nc-3n(-c3cccc(Oc4ccccc4)c3)c2c1,21000.00000000001,-4.32221929473392,0,train
N#Cc1ccc2cc3c(=O)n(-c4ccc(Cl)cc4)c(=O)nc-3n(-c3ccc(O)cc3)c2c1,45000.00000000003,-4.653212513775344,0,train
N#Cc1ccc2cc3c(=O)n(-c4ccc(F)cc4)c(=O)nc-3n(-c3ccc(O)cc3)c2c1,32000.000000000025,-4.505149978319906,0,test
N#Cc1ccc2cc3c(=O)n(-c4ccc(Br)cc4)c(=O)nc-3n(-c3ccc(O)cc3)c2c1,66999.99999999993,-4.826074802700826,0,train
N#Cc1ccc2cc3c(=O)n(-c4ccc(Cl)cc4)c(=O)nc-3n(-c3cccc(O)c3)c2c1,65000.000000000015,-4.812913356642856,0,test
N#Cc1ccc2cc3c(=O)n(-c4cccc(Cl)c4)c(=O)nc-3n(-c3cccc(O)c3)c2c1,90000.00000000007,-4.954242509439325,0,train
N#Cc1ccc2cc3c(=O)n(-c4ccc(Cl)c(Cl)c4)c(=O)nc-3n(-c3cccc(O)c3)c2c1,61999.99999999994,-4.792391689498253,0,train
N#Cc1ccc2cc3c(=O)n(-c4ccc(Cl)cc4)c(=O)nc-3n(-c3ccccc3)c2c1,24999.999999999996,-4.3979400086720375,0,test
CN(C)CCNC(=O)c1cc(-c2cccs2)nc2ccccc12,51199.99999999996,-4.70926996097583,0,train
CCCCOc1cc(C(=O)NCCN(CC)CC)c2ccccc2n1,35999.99999999996,-4.556302500767287,0,train
CN(C)CCNC(=O)c1cc(-c2ccccc2)nc2ccccc12,68699.99999999994,-4.83695673705955,0,train
O=C(NCCN1CCCC1)c1cc(-c2cccs2)nc2ccccc12,41700.00000000001,-4.620136054973758,0,train
COc1nc(N)nc2c1ncn2[C@@H]1O[C@H](COP(=O)(N[C@@H](C)C(=O)OCC(C)(C)C)Oc2cccc3ccccc23)[C@@H](O)[C@@]1(C)O,13399.999999999987,-4.127104798364807,0,train
C1CC2CC1CC2N1CN2c3nonc3N3CN(C4CC5CCC4C5)CN4c5nonc5N(C1)C2C34,319.9999999999999,-2.505149978319906,0,train
C1CCCC(N2CN3c4nonc4N4CC(N5CCCCCCC5)CN5c6nonc6N(C2)C3C45)CCC1,1369.9999999999998,-3.1367205671564067,0,train
C1CCCC(N2CN3c4nonc4N4CN(C5CCCCCC5)CN5c6nonc6N(C2)C3C45)CC1,1210.0000000000005,-3.0827853703164503,0,test
C1CCC(N2CN3c4nonc4N4CN(C5CCCCC5)CN5c6nonc6N(C2)C3C45)CC1,1039.9999999999998,-3.0170333392987803,0,train
C1CCC(N2CN3c4nonc4N4CN(C5CCCC5)CN5c6nonc6N(C2)C3C45)C1,980.0000000000006,-2.991226075692495,0,train
C1CC1N1CN2c3nonc3N3CN(C4CC4)CN4c5nonc5N(C1)C2C34,419.9999999999999,-2.6232492903979003,0,train
O=C(NCC1CCCCC1)c1nc(-c2ccccn2)nc(O)c1O,3600.0,-3.5563025007672877,0,test
O=C(NCCC1CCCCC1)c1nc(-c2ccccn2)nc(O)c1O,4199.999999999999,-3.6232492903979,0,train
Cc1ccnc(-c2nc(O)c(O)c(C(=O)N[C@H](C)C3CCCCC3)n2)c1,2700.0000000000005,-3.431363764158988,0,test
C[C@@H](NC(=O)c1nc(-c2cc(C(F)(F)F)ccn2)nc(O)c1O)C1CCCCC1,6000.000000000003,-3.778151250383644,0,train
COc1ccnc(-c2nc(O)c(O)c(C(=O)N[C@H](C)C3CCCCC3)n2)c1,3000.0000000000014,-3.4771212547196626,0,train
C[C@@H](NC(=O)c1nc(-c2cc(Cl)ccn2)nc(O)c1O)C1CCCCC1,3000.0000000000014,-3.4771212547196626,0,train
C[C@@H](NC(=O)c1nc(-c2nccc3ccccc23)nc(O)c1O)C1CCCCC1,2099.999999999999,-3.322219294733919,0,train
CCOc1nc(N)nc2c1ncn2[C@@H]1O[C@H](COP(=O)(N[C@@H](C)C(=O)OCC(C)(C)C)Oc2cccc3ccccc23)[C@@H](O)[C@@]1(C)O,13399.999999999987,-4.127104798364807,0,train
COc1ccc2nc(C(F)(F)F)n(CC(=O)N3CC[C@H](NC4CCOC4)C[C@H]3c3ncc(-c4cc5ccccc5nc4OC)[nH]3)c2c1,7485.999999999999,-3.874249822778403,0,train
CC[C@@]1(O)C(=O)OCc2c1cc1n(c2=O)Cc2cc3c(CN(C)C)c(O)ccc3nc2-1,4499.999999999998,-3.653212513775344,0,train
CC(=O)C1=C(O)C=C2Oc3c(-c4csc(CC(C)CCCC(C)(C)O)n4)c(O)c(C)c(O)c3[C@@]2(C)C1=O,20000.000000000004,-4.301029995663981,0,test
CCCCCCc1nc(-c2c(O)c(C)c(O)c3c2OC2=CC(O)=C(C(C)=O)C(=O)[C@@]23C)cs1,20000.000000000004,-4.301029995663981,0,test
CC(=O)C1=C(O)C=C2Oc3c(-c4csc(N/N=C\C5=C[C@@H]6C[C@H](C5)C6(C)C)n4)c(O)c(C)c(O)c3[C@@]2(C)C1=O,2700.0000000000005,-3.431363764158988,0,train
O=C1CCC(N2C(=O)c3cccc(NCCOCCOCCOCCOCCOCCOCCOCCNCCNc4nonc4/C(=N/O)Nc4ccc(F)c(Br)c4)c3C2=O)C(=O)N1,37430.00000000003,-4.573219827114422,0,train
COC(=O)c1cc(CCCOc2c(C)cc(-c3noc(C(F)(F)F)n3)cc2C)on1,35369.999999999985,-4.548635059814751,0,train
CCOC(=O)c1cc(CCCOc2c(C)cc(-c3noc(C(F)(F)F)n3)cc2C)on1,17210.000000000004,-4.23578087032756,0,train
CCOC(=O)c1cc(CCCOc2ccc(-c3noc(C(F)(F)F)n3)cc2C)on1,35109.99999999999,-4.545430829465351,0,train
CCOC(=O)c1cc(CCCOc2ccc(-c3noc(C(F)(F)F)n3)cc2F)on1,60190.00000000005,-4.77952434332479,0,train
CCOC(=O)c1cc(CCCOc2ccc(-c3noc(C(F)(F)F)n3)cc2C(F)(F)F)on1,28440.0,-4.453929592057729,0,train
COc1ccc(-c2cc(CCCOc3c(C)cc(-c4noc(C(F)(F)F)n4)cc3C)on2)cc1OC,41930.00000000002,-4.622524862403568,0,train
Cc1cc(-c2noc(C(F)(F)F)n2)cc(C)c1OCCCc1cc(C(=O)N(C)C)no1,13199.99999999999,-4.12057393120585,0,train
CN(C)C(=O)c1cc(CCCOc2ccc(-c3noc(C(F)(F)F)n3)cc2)on1,27980.0,-4.446847710155809,0,train
Cc1cc(-c2noc(C(F)(F)F)n2)ccc1OCCCc1cc(C(=O)N(C)C)no1,13380.000000000007,-4.1264561134318045,0,train
COc1cc(-c2noc(C(F)(F)F)n2)ccc1OCCCc1cc(C(=O)N(C)C)no1,68000.00000000004,-4.832508912706237,0,train
CN(C)C(=O)c1cc(CCCOc2ccc(-c3noc(C(F)(F)F)n3)cc2[N+](=O)[O-])on1,22480.000000000004,-4.351796306897024,0,train
CN(C)C(=O)c1cc(CCCOc2ccc(-c3noc(C(F)(F)F)n3)cc2F)on1,20159.999999999996,-4.304490527773488,0,train
CN(C)C(=O)c1cc(CCCOc2ccc(-c3noc(C(F)(F)F)n3)cc2C(F)(F)F)on1,19230.00000000002,-4.28397928423848,0,train
COc1cc(-c2noc(C(F)(F)F)n2)cc([N+](=O)[O-])c1OCCCc1cc(C(=O)N(C)C)no1,25550.0,-4.407390904470732,0,train
CCOC(=O)c1cc(CCCOc2ccc(-c3noc(C(F)(F)F)n3)cc2-n2cccc2)on1,57260.00000000003,-4.75785134368558,0,train
CN(C)C(=O)c1cc(CCCOc2ccc(-c3noc(C(F)(F)F)n3)cc2N)on1,90820.00000000004,-4.958181497564948,0,train
CN(C)C(=O)c1cc(CCCOc2ccc(-c3noc(C(F)(F)F)n3)cc2-n2cccc2)on1,21240.000000000004,-4.327154512409432,0,train
CN(C)C(=O)c1cc(CCCOc2ccc(-c3noc(C(F)(F)F)n3)cn2)on1,48839.99999999996,-4.688775655272845,0,train
Cc1cc(-c2noc(C(F)(F)F)n2)cc(C)c1OCCCc1cc(C(=O)OC(C)C)no1,17929.99999999999,-4.253580289562183,0,train
CCCCCC(=O)N[C@H](C(=O)N1CCCCC1)c1ccc(OCc2ccccc2)cc1,28999.99999999997,-4.462397997898956,0,train
NC(=O)c1ccc(CNC(=O)[C@@H](NC(=O)c2ccc(Oc3ccccc3)cc2)c2ccc(OCc3ccccc3)cc2)cc1,18000.000000000015,-4.2552725051033065,0,train
NC(=O)c1cccc(NC(=O)[C@@H](NC(=O)c2ccc(Oc3ccc(Cl)cc3)cc2)c2ccc(OCc3ccccc3)cc2)c1,95999.9999999999,-4.982271233039568,0,train
CN1CCN(C(=O)N[C@@H](Cc2ccccc2)C(=O)N[C@H](/C=C(\F)S(=O)(=O)c2ccccc2)CCc2ccccc2)CC1,10000.0,-4.0,0,train
CSCC[C@@H](/C=C(\F)S(=O)(=O)c1ccccc1)NC(=O)[C@H](Cc1ccccc1)NC(=O)N1CCN(C)CC1,77000.00000000007,-4.886490725172482,0,train
CN1CCN(C(=O)N[C@@H](Cc2ccccc2)C(=O)N[C@H](/C=C(\F)S(=O)(=O)c2ccccc2)CSCc2ccccc2)CC1,8000.000000000004,-3.903089986991944,0,train
Cc1ccc(NC(=O)COc2ccc3cc(/C=C4/SC(=O)NC4=O)ccc3c2)cc1,10299.999999999996,-4.012837224705172,0,train
COc1cccc(NC(=O)COc2ccc3cc(/C=C4/SC(=O)NC4=O)ccc3c2)c1,10400.00000000001,-4.017033339298781,0,train
O=C(COc1ccc2cc(/C=C3/SC(=O)NC3=O)ccc2c1)Nc1c(F)cc(F)cc1Br,10400.00000000001,-4.017033339298781,0,test
O=C(COc1ccc2cc(/C=C3/SC(=O)NC3=O)ccc2c1)Nc1ccccc1Oc1ccccc1,10200.00000000001,-4.008600171761918,0,test
Cc1cc(Br)ccc1NC(=O)COc1ccc2cc(/C=C3/SC(=O)NC3=O)ccc2c1,9899.999999999996,-3.9956351945975497,0,train
O=C(COc1ccc2cc(/C=C3/SC(=O)NC3=O)ccc2c1)Nc1ccc(Br)cc1,10099.99999999999,-4.004321373782642,0,train
CC(C)CCCC(C)CCOc1ccc(C2SCC(=O)N2Cc2ccccc2)cc1,65999.99999999994,-4.819543935541868,0,train
CC1(C)C2CC=C(COc3ccc(C4SCC(=O)N4Cc4ccccc4)cc3)C1C2,74000.00000000001,-4.869231719730976,0,test
CC1=CC[C@@H](CCOc2ccc(C3SCC(=O)N3Cc3ccccc3)cc2)C1(C)C,79000.00000000007,-4.897627091290442,0,train
CC(C)n1cnc(-c2ccccc2Nc2nc(Nc3ccc(N(C)C4CCN(C)CC4)cc3)ncc2Cl)n1,198.8999999999999,-2.298634783124436,0,train
COc1ncc(-c2ccccc2)cc1[C@@H](c1ccccc1)[C@@](O)(CCN(C)C)c1cccc2ccccc12,60478.49631359692,-4.781600984695107,0,train
COc1ncc(-c2ccccc2)cc1[C@@H](c1ccccc1)[C@@](O)(CCN(C)C)c1ccccc1,26292.64822204248,-4.41983433088757,0,train
COc1ncc(-c2ccccc2)cc1[C@@H](c1ccccc1)[C@@](O)(CCN(C)C)c1cccc(F)c1F,57513.84630499124,-4.759772412514717,0,train
COc1ncc(-c2ccccc2)cc1[C@@H](c1ccccc1)[C@@](O)(CCN(C)C)c1cc(F)cc(F)c1,58946.57557237534,-4.770458580368868,0,train
COc1nc(-c2cnsc2)ccc1[C@@H](c1ccccc1)[C@@](O)(CCN(C)C)c1cccc2ccccc12,56506.59734144301,-4.752099156168413,0,train
COc1nc(-c2ccncc2)ccc1[C@@H](c1ccccc1)[C@@](O)(CCN(C)C)c1cccc2ccccc12,19061.007135964515,-4.280145843943248,0,train
COc1nc(C2CCCCC2)ccc1[C@@H](c1ccccc1)[C@@](O)(CCN(C)C)c1cccc2ccccc12,113425.04314869488,-5.054708953150631,0,train
COc1nc(C2CCOCC2)ccc1[C@@H](c1ccccc1)[C@@](O)(CCN(C)C)c1cccc2ccccc12,44059.074406964886,-4.644035369252107,0,train
COc1nc(-c2cccc(F)c2)ccc1[C@@H](c1ccccc1)[C@@](O)(CCN(C)C)c1cccc2ccccc12,120580.50736774156,-5.081277106918178,0,test
O=C(Nc1ccc2c(c1)B(O)OC2)c1cccc(OCc2ccccc2)c1,55199.99999999996,-4.741939077729199,0,train
O=C(Nc1ccc2c(c1)B(O)OC2)c1cccc(NCc2ccccc2)c1,144099.99999999988,-5.158663980813989,0,test
O=C(Nc1ccc2c(c1)B(O)OC2)c1cccc(OCc2ccccc2)n1,123899.99999999996,-5.093071306376063,0,train
Cc1cccc(COc2cccc(C(=O)Nc3ccc4c(c3)B(O)OC4)c2)c1,72600.0,-4.860936620700094,0,train
O=C(Nc1ccc2c(c1)B(O)OC2)c1cccc(OCc2ccc(Cl)cc2)c1,75300.00000000007,-4.876794976200701,0,train
O=C(Nc1ccc2c(c1)B(O)OC2)c1cccc(OCc2c(Cl)cccc2Cl)c1,39700.00000000001,-4.598790506763115,0,train
O=C(Nc1ccc2c(c1)B(O)OC2)c1cccc(OCC2CCCCC2)c1,123400.0000000001,-5.091315159697223,0,train
CO[C@H]1C[C@@H]2CC[C@@H](C)[C@@](O)(O2)C(=O)C(=O)N2CCCC[C@H]2C(=O)O[C@H]([C@H](C)C[C@@H]2CC[C@@H](OCCO)[C@H](OC)C2)CC(=O)[C@H](C)/C=C(\C)[C@@H](O)[C@@H](OC)C(=O)[C@H](C)C[C@H](C)/C=C/C=C/C=C/1C,28300.000000000025,-4.451786435524291,0,train
O=C(NCCCNc1nc(Nc2cccc(NC(=O)N3CCCC3)c2)ncc1I)c1cccs1,46000.00000000003,-4.662757831681574,0,train
CCNS(=O)(=O)c1cc(-c2c(C)nc3c(NCc4ccnc(CC)c4)cc(Cl)nn23)ccc1OO,18300.00000000001,-4.26245108973043,0,train
O=c1nc(N2CC[C@H](c3ccccc3)[C@@H](O)C2)sc2c([N+](=O)[O-])cc(C(F)(F)F)cc12,73099.99999999997,-4.86391737695786,0,test
O=c1nc(N2CC[C@@H](c3ccc(F)cc3)[C@H](O)C2)sc2c([N+](=O)[O-])cc(C(F)(F)F)cc12,68400.00000000006,-4.835056101720117,0,train
O=c1nc(N2CCN(CC(F)(F)c3ccc(F)cc3)CC2)sc2c([N+](=O)[O-])cc(C(F)(F)F)cc12,87200.00000000007,-4.940516484932568,0,train
CN(CCO)c1nc(=O)c2cc(C(F)(F)F)cc([N+](=O)[O-])c2s1,80199.99999999999,-4.904174368284163,0,test
CN(CCCCCCO)c1nc(=O)c2cc(C(F)(F)F)cc([N+](=O)[O-])c2s1,100999.99999999993,-5.004321373782642,0,train
O=c1nc(N2CCC(CCO)CC2)sc2c([N+](=O)[O-])cc(C(F)(F)F)cc12,91500.00000000004,-4.9614210940664485,0,train
CN1CCC(CCCC2CCN(c3nc(=O)c4cc(C(F)(F)F)cc([N+](=O)[O-])c4s3)CC2)CC1,20099.99999999999,-4.303196057420489,0,train
O=c1nc(N2CCC(c3ccc(CO)cc3)CC2)sc2c([N+](=O)[O-])cc(C(F)(F)F)cc12,19600.00000000001,-4.292256071356476,0,train
O=c1nc(N2CC[C@@H](c3ccc(F)cc3)[C@H](CO)C2)sc2c([N+](=O)[O-])cc(C(F)(F)F)cc12,35800.000000000015,-4.553883026643875,0,train
O=c1nc(N2Cc3ccccc3[C@H](CO)C2)sc2c([N+](=O)[O-])cc(C(F)(F)F)cc12,86399.99999999999,-4.936513742478893,0,train
O=C(CN1CCN(c2nc(=O)c3cc(C(F)(F)F)cc([N+](=O)[O-])c3s2)CC1)Nc1ccccn1,44500.00000000005,-4.648360010980932,0,train
O=C(CN1CCN(c2nc(=O)c3cc(C(F)(F)F)cc([N+](=O)[O-])c3s2)CC1)NCc1ccccc1,57100.000000000015,-4.756636108245848,0,train
O=C(CN1CCN(c2nc(=O)c3cc(C(F)(F)F)cc([N+](=O)[O-])c3s2)CC1)NCCc1ccccc1,87800.00000000009,-4.943494515906103,0,train
O=c1nc(N2CCN(S(=O)(=O)c3ccc(OC(F)(F)F)cc3)CC2)sc2c([N+](=O)[O-])cc(C(F)(F)F)cc12,31500.000000000025,-4.498310553789601,0,train
CN(CCCO)c1nc(=O)c2cc(C(F)(F)F)cc([N+](=O)[O-])c2s1,102999.99999999996,-5.012837224705172,0,test
CN(CC(F)(F)CO)c1nc(=O)c2cc(C(F)(F)F)cc([N+](=O)[O-])c2s1,109000.00000000004,-5.037426497940624,0,train
CCCCCCN(C)c1nc(=O)c2cc(C(F)(F)F)cc([N+](=O)[O-])c2s1,75500.00000000004,-4.8779469516291885,0,train
O=C(CCN1C(=O)/C(=C/c2ccccc2O)SC1=S)Nc1cccc(F)c1,49999.99999999999,-4.698970004336019,0,test
OCCc1cc(Nc2ccc(F)cc2)nc(N/N=C/c2ccccc2O)n1,65000.000000000015,-4.812913356642856,0,train
CC(=O)Nc1ccc(/C=N/Nc2nc(Nc3ccccc3)nc(Nc3ccccc3)n2)cc1,10000.0,-4.0,0,train
