smiles,exp_mean [nM],y,cliff_mol,split
CC(C)c1c(NC(=O)Nc2ccc(C(F)(F)F)cc2)c(=O)n(C2=NCCS2)n1C,1469.9999999999998,-3.167317334748176,0,train
CC(C)c1c(NC(=O)Nc2ccc(C(F)(F)F)cc2)c(=O)n(-c2cnc3ccccc3c2)n1C,44.0,-1.6434526764861874,0,train
CC(C)c1c(NC(=O)Nc2ccc(C(F)(F)F)cc2)c(=O)n(-c2cncnc2)n1C,150.00000000000003,-2.1760912590556813,0,train
CSc1ccc(NC(=O)Nc2c(C(C)C)n(C)n(C3=NCCS3)c2=O)cc1,5129.999999999999,-3.710117365111816,1,train
CSc1ccc(NC(=O)Nc2c(C(C)C)n(C)n(-c3cnc4ccccc4c3)c2=O)cc1,30.0,-1.4771212547196624,0,train
CSc1ccc(NC(=O)Nc2c(C(C)C)n(C)n(-c3cncnc3)c2=O)cc1,43.000000000000014,-1.6334684555795866,1,train
CC(C)c1c(NC(=O)Nc2ccc(Cl)cc2)c(=O)n(C2=NCCS2)n1C,540.0000000000001,-2.7323937598229686,1,test
CC(C)c1c(NC(=O)Nc2ccc(Cl)cc2)c(=O)n(-c2cnc3ccccc3c2)n1C,79.99999999999999,-1.9030899869919435,0,train
CC(C)c1c(NC(=O)Nc2ccc(Cl)cc2)c(=O)n(-c2cncnc2)n1C,249.99999999999997,-2.397940008672037,0,train
CCn1c(C(C)C)c(NC(=O)Nc2ccc(C)c(F)c2)c(=O)n1-c1ccccc1,100.0,-2.0,0,train
Cc1ccc(NC(=O)Nc2c(C(C)(C)C)n(C)n(-c3ccccc3)c2=O)cc1F,83.00000000000001,-1.919078092376074,0,test
Cc1ccc(NC(=O)Nc2c(C(C)C)n(C)n(-c3ccccc3)c2=O)cc1F,81.0,-1.9084850188786495,1,test
CCc1c(NC(=O)Nc2ccc(C)c(F)c2)c(=O)n(-c2ccccc2)n1C,309.99999999999994,-2.4913616938342726,0,train
Cn1c(C(C)(C)C)c(NC(=O)Nc2ccc(Cl)cc2)c(=O)n1-c1ccccc1,23.0,-1.3617278360175928,0,train
CC(C)c1c(NC(=O)Nc2ccc(Cl)cc2)c(=O)n(-c2ccccc2)n1C,42.91333333333333,-1.632592250073288,1,train
CCc1c(NC(=O)Nc2ccc(Cl)cc2)c(=O)n(-c2ccccc2)n1C,140.00000000000006,-2.146128035678238,1,train
Cc1c(NC(=O)Nc2ccc3c(c2)OCO3)c(=O)n(-c2ccccc2)n1C,5880.0,-3.7693773260761385,0,test
Cc1ccc(NC(=O)Nc2c(C)n(C)n(-c3ccccc3)c2=O)cc1F,980.0000000000006,-2.991226075692495,1,train
CSc1ccc(NC(=O)Nc2c(C)n(C)n(-c3ccccc3)c2=O)cc1,170.00000000000006,-2.230448921378274,1,train
Cc1c(NC(=O)Nc2ccc(C#N)cc2)c(=O)n(-c2ccccc2)n1C,3700.0,-3.568201724066995,1,train
COc1ccc(NC(=O)Nc2c(C)n(C)n(-c3ccccc3)c2=O)cc1,2730.0,-3.436162647040756,1,train
Cc1c(NC(=O)Nc2ccc(C(F)(F)F)cc2)c(=O)n(-c2ccccc2)n1C,100.0,-2.0,1,train
Cc1c(NC(=O)Nc2ccc(C(C)C)cc2)c(=O)n(-c2ccccc2)n1C,12300.000000000004,-4.089905111439398,1,train
CCc1ccc(NC(=O)Nc2c(C)n(C)n(-c3ccccc3)c2=O)cc1,770.0,-2.886490725172482,0,train
Cc1ccc(NC(=O)Nc2c(C)n(C)n(-c3ccccc3)c2=O)cc1,1260.0,-3.100370545117563,1,train
Cc1c(NC(=O)Nc2ccc(F)cc2)c(=O)n(-c2ccccc2)n1C,4849.999999999998,-3.685741738602264,1,test
Cc1c(NC(=O)Nc2ccc(Cl)cc2)c(=O)n(-c2ccccc2)n1C,490.0000000000002,-2.690196080028514,1,test
Cc1c(NC(=O)Nc2ccc(Br)cc2)c(=O)n(-c2ccccc2)n1C,89.99999999999997,-1.9542425094393248,1,train
Cc1c(NC(=O)Nc2ccc(I)cc2)c(=O)n(-c2ccccc2)n1C,30.0,-1.4771212547196624,1,test
COc1ccc2[nH]c(C(=O)N3CCC(n4cnc5ccccc54)CC3)cc2c1,5099.999999999999,-3.707570176097936,0,train
CCc1nc2ccccc2n1[C@@H]1CCN(C(=O)c2nc3cc(OC)ccc3[nH]2)C1,1870.0,-3.271841606536499,0,train
CCc1ccc2[nH]c(C(=O)N3CC[C@@H](n4c(CC)nc5ccccc54)C3)cc2c1,270.00000000000006,-2.431363764158988,0,train
CCc1nc2ccccc2n1[C@@H]1CCN(C(=O)c2cc3cc(OC(F)(F)F)ccc3[nH]2)C1,12200.000000000004,-4.086359830674748,0,train
CCc1nc2ccccc2n1[C@@H]1CCN(C(=O)c2cc3cc(Br)ccc3[nH]2)C1,809.9999999999995,-2.908485018878649,1,train
CCc1nc2ccccc2n1[C@@H]1CCN(C(=O)c2cc3cc(Cl)ccc3[nH]2)C1,14099.999999999993,-4.14921911265538,1,train
CCc1nc2ccccc2n1[C@@H]1CCN(C(=O)c2cc3cc(F)ccc3[nH]2)C1,1490.0,-3.173186268412274,0,train
COc1ccc2[nH]c(C(=O)N3CCC(n4c(-c5ccccc5)nc5ccccc54)CC3)cc2c1,2710.0000000000005,-3.432969290874406,0,train
COc1ccc2[nH]c(C(=O)N3CCC(n4c(C(F)(F)F)nc5ccccc54)CC3)cc2c1,1520.0000000000002,-3.1818435879447726,0,test
COc1ccc2[nH]c(C(=O)N3CCC(n4c(CC(C)C)nc5ccccc54)CC3)cc2c1,829.9999999999997,-2.9190780923760737,0,test
CCc1nc2ccccc2n1C1CCN(C(=O)c2cc3cc(OC)ccc3[nH]2)CC1,689.9999999999999,-2.838849090737255,0,train
COc1ccc2[nH]c(C(=O)N3CCC(n4c(C)nc5ccccc54)CC3)cc2c1,1020.0,-3.008600171761917,0,train
COc1cccc(Cc2cc(C)nn(CC(=O)Nc3ccccc3)c2=O)c1,599.9999999999997,-2.7781512503836434,1,test
COc1cccc(Cc2cc(C)nn(CC(=O)Nc3ccc(C)cc3)c2=O)c1,899.9999999999998,-2.9542425094393248,1,train
COc1ccc(NC(=O)Cn2nc(C)cc(Cc3cccc(OC)c3)c2=O)cc1,1099.9999999999998,-3.041392685158225,1,train
COc1cccc(Cc2cc(C)nn(CC(=O)Nc3ccc(OC)c(OC)c3)c2=O)c1,1199.9999999999995,-3.0791812460476247,0,train
COc1cccc(Cc2cc(C)nn(CC(=O)Nc3ccc4c(c3)OCO4)c2=O)c1,4499.999999999998,-3.653212513775344,0,train
COc1cccc(Cc2cc(C)nn(CC(=O)Nc3ccc(C(F)(F)F)cc3)c2=O)c1,1899.9999999999995,-3.278753600952829,0,test
COc1cccc(Cc2cc(C)nn(CC(=O)Nc3ccc(Br)cc3)c2=O)c1,2099.999999999999,-3.322219294733919,0,train
COc1cccc(Cc2cc(C)nn(CCC(=O)Nc3ccc(Br)cc3)c2=O)c1,11799.99999999999,-4.071882007306125,1,train
CSCC[C@H](NC=O)C(=O)N[C@@H](CC(C)C)C(=O)N[C@@H](Cc1ccccc1)C(=O)O,20399.999999999975,-4.309630167425898,0,train
CSCC[C@H](NC(=O)[C@H](Cc1ccc(O)cc1)NC(=O)[C@H](CCCCN)NC(=O)[C@@H](N)Cc1c[nH]c2ccccc12)C(=O)N[C@H](C(=O)N[C@H](CCSC)C(N)=O)C(C)C,1.0,-0.0,1,train
COc1cccc(Cc2cc(C)nn(CC(=O)Nc3ccc(Cl)cc3)c2=O)c1,1600.000000000001,-3.204119982655925,0,train
COc1cccc(Cc2cc(C)nn(CC(=O)Nc3ccc(I)cc3)c2=O)c1,1799.9999999999998,-3.255272505103306,0,test
COc1cccc(Cc2cc(C)nn(CC(=O)Nc3ccc([N+](=O)[O-])cc3)c2=O)c1,12300.000000000004,-4.089905111439398,1,train
COc1cccc(Cc2cc(C)nn(C(C)C(=O)Nc3ccc(Br)cc3)c2=O)c1,599.9999999999997,-2.7781512503836434,1,train
COc1cccc(Cc2cc(C)nn(CC(=O)Nc3ccc(F)cc3)c2=O)c1,8200.0,-3.9138138523837167,1,train
Cc1cc(N)c(=O)n(CC(=O)Nc2ccc(Br)cc2)n1,29400.00000000003,-4.468347330412158,0,train
Cc1cc(Cc2ccc(C(N)=O)cc2)c(=O)n(CC(=O)Nc2ccc(Br)cc2)n1,27200.000000000025,-4.434568904034199,0,test
Cc1cc(Cc2cccc(Cl)c2)c(=O)n(CC(=O)Nc2ccc(I)cc2)n1,16900.000000000015,-4.227886704613674,0,train
Cc1cc(Cc2ccsc2)c(=O)n(CC(=O)Nc2ccc(Br)cc2)n1,14099.999999999993,-4.14921911265538,0,test
Cc1cc(Cc2ccccc2)c(=O)n(CC(=O)Nc2ccc(Br)cc2)n1,11599.99999999999,-4.064457989226918,0,test
Cc1cc(Cc2cccs2)c(=O)n(CC(=O)Nc2ccc(Br)cc2)n1,11400.000000000004,-4.056904851336473,0,train
COc1ccc(Nc2cc(C)nn(CC(=O)Nc3ccc(Br)cc3)c2=O)cc1,7799.999999999999,-3.89209460269048,0,train
COc1cccc(Cc2ccnn(CC(=O)Nc3ccc(Br)cc3)c2=O)c1,7699.999999999999,-3.886490725172482,0,train
COc1cccc(Cc2cc(C(C)C)nn(CC(=O)Nc3ccc(Br)cc3)c2=O)c1,7200.000000000001,-3.857332496431269,0,train
Cc1cc(Cc2ccoc2)c(=O)n(CC(=O)Nc2ccc(Br)cc2)n1,6300.0,-3.7993405494535817,0,test
CCc1cc(Cc2cccc(OC)c2)c(=O)n(CC(=O)Nc2ccc(I)cc2)n1,5499.999999999997,-3.740362689494244,0,train
COc1cccc(Cc2cc(-c3ccccc3)nn(CC(=O)Nc3ccc(Br)cc3)c2=O)c1,4300.000000000001,-3.633468455579586,0,train
COc1cccc(C(=O)Nc2cc(C)nn(CC(=O)Nc3ccc(Br)cc3)c2=O)c1,2800.0000000000014,-3.4471580313422194,0,train
Cc1cc(Cc2cccnc2)c(=O)n(CC(=O)Nc2ccc(Br)cc2)n1,2800.0000000000014,-3.4471580313422194,0,train
COc1ccc(Nc2c(C(C)=O)c(C)nn(CC(=O)Nc3ccc(Br)cc3)c2=O)cc1,1700.000000000001,-3.230448921378274,0,train
COc1cccc(C(=O)c2cc(C)nn(CC(=O)Nc3ccc(Br)cc3)c2=O)c1,1000.0,-3.0,1,train
CC[C@@H](C)[C@@H](NC(=O)Nc1ccc(Br)cc1)C(=O)NCC(=O)O,19315.00000000002,-4.28589471248084,0,train
CC(C)C[C@H](NC(=O)Nc1ccc(Br)cc1)C(=O)NC(C)(C)C(=O)O,1.0,-0.0,0,train
CC(C)C[C@H](NC(=O)Nc1ccc(C(F)(F)F)cc1)C(=O)NC(C)(C)C(=O)O,2.3,-0.3617278360175928,0,train
CC(C)C[C@H](NC(=O)[C@H](CCCCN)NC(=O)[C@H](CO)NC(=O)[C@H](CC(C)C)NC(=O)[C@H](CO)NC(=O)[C@@H](N)CO)C(=O)O,7500.000000000001,-3.8750612633917,0,train
CCC[C@H]1CNC(=O)C(=O)N1C[C@@H]1CCCN1C[C@@H](Cc1ccc2ccccc2c1)N1C[C@@H](Cc2ccc(O)cc2)N(CC2CCCCC2)C(=O)C1=O,140.00000000000006,-2.146128035678238,0,train
CCCCOc1ccc(C(=O)NN2Cc3ccccc3NC2c2ccc(OC)cc2)cc1,470.00000000000006,-2.672097857935717,0,test
CCCCOc1ccc(C(=O)NN2Cc3ccccc3NC2c2ccc(C)cc2)cc1,1480.0000000000005,-3.170261715394957,0,train
COc1ccc2[nH]c(SCC(=O)Nc3ccccc3Cl)nc2c1,10000.0,-4.0,0,test
COc1ccc2[nH]c(SCC(=O)Nc3ccc(OC)c(OC)c3)nc2c1,4700.000000000001,-3.6720978579357175,0,train
CCOc1ccc2[nH]c(SCC(=O)Nc3ccccc3SC)nc2c1,8000.000000000004,-3.903089986991944,0,train
COC(=O)Nc1cccc(NC(=O)CSc2nc3cc(OC)ccc3[nH]2)c1,7300.0,-3.863322860120456,0,train
CCc1ccc(NC(=O)CSc2nc3cc(OC)ccc3[nH]2)cc1,3199.999999999999,-3.505149978319906,0,test
COc1ccc2[nH]c(SCC(=O)Nc3ccc(C(C)=O)cc3)nc2c1,6000.000000000003,-3.778151250383644,0,train
COc1ccc2[nH]c(SCC(=O)Nc3ccccc3Br)nc2c1,4030.000000000002,-3.6053050461411096,0,train
O=C(Nc1ccc(Br)cc1)N[C@@H](Cc1ccccc1)C(=O)N1CCc2ccccc21,249.99999999999997,-2.397940008672037,0,train
CCOC(=O)C1CCN(C(=O)[C@H](Cc2ccccc2)NC(=O)Nc2ccc(Br)cc2)CC1,160.00000000000009,-2.204119982655925,1,train
CCOC(=O)C1CCCN(C(=O)[C@H](Cc2ccccc2)NC(=O)Nc2ccc(Br)cc2)C1,7.0,-0.8450980400142568,1,train
O=C(Nc1ccc(Br)cc1)N[C@@H](Cc1ccccc1)C(=O)NN1CCCCNC1=O,4.0,-0.6020599913279624,1,train
CSc1ccc(NC(=O)N[C@@H](Cc2ccccc2)C(=O)N2CCCCC2)cc1,300.0000000000001,-2.4771212547196626,0,train
O=C(Nc1ccc(Cl)cc1)N[C@@H](Cc1ccccc1)C(=O)N1CCCCC1,49.99999999999999,-1.6989700043360187,0,train
O=C(Nc1ccc(Br)cc1)N[C@@H](Cc1ccccc1)C(=O)N1CCCCC1,40.000000000000014,-1.6020599913279625,1,train
O=C(Nc1ccc(Br)cc1)N[C@@H](Cc1ccccc1)C(=O)N1CCCC1,140.00000000000006,-2.146128035678238,1,train
CNOC(=O)C1CCN(C(=O)[C@H](Cc2c[nH]c3ccccc23)NC(=O)Nc2ccc(Br)cc2)CC1C,300.0000000000001,-2.4771212547196626,0,train
CCOC(=O)C1CCN(C(=O)[C@H](Cc2c[nH]c3ccccc23)NC(=O)Nc2ccc(Br)cc2)CC1,130.00000000000006,-2.113943352306837,0,train
COc1ccc(CCNC(=O)Nc2ccc(Br)cc2)cc1,100.0,-2.0,0,train
COc1ccc(CCNC(=O)Nc2ccc(F)cc2)cc1,899.9999999999998,-2.9542425094393248,0,train
COc1ccc(CCNC(=O)Nc2ccccc2)cc1,3000.0000000000014,-3.4771212547196626,0,train
O=C(NCCCc1nc2ccccc2[nH]1)[C@H]1[C@H](C(=O)NCc2ccc(Br)cc2)[C@@H]2C=C[C@H]1C21CC1,215.9999999999999,-2.3344537511509307,1,test
O=C(NCCCc1nc2ccccc2[nH]1)[C@H]1[C@H](C(=O)Nc2ncc(Br)s2)[C@@H]2C=C[C@H]1C21CC1,173.99999999999991,-2.2405492482825995,1,test
CC(=O)c1csc(CNC(=O)[C@H]2[C@H](C(=O)NCCCc3nc4ccccc4[nH]3)[C@H]3C=C[C@@H]2C32CC2)n1,106.00000000000004,-2.0253058652647704,0,train
CC(C)CNC(=O)[C@H]1[C@H](C(=O)NCc2ccc(Br)cc2)[C@@H]2C=C[C@H]1C21CC1,191.00000000000009,-2.281033367247728,1,train
CC(C)CNC(=O)[C@H]1[C@H](C(=O)NCc2ncc(Br)s2)[C@@H]2C=C[C@H]1C21CC1,3.9,-0.5910646070264992,1,train
CC(=O)c1coc(CNC(=O)[C@H]2[C@H](C(=O)NCC(C)C)[C@H]3C=C[C@@H]2C32CC2)n1,368.9999999999999,-2.56702636615906,0,train
CC(=O)c1coc(CNC(=O)[C@H]2[C@H](C(=O)NCCCCN3CCCC3)[C@H]3C=C[C@@H]2C32CC2)n1,170.00000000000006,-2.230448921378274,1,train
NC(=O)CCNC(=O)[C@H]1[C@H](C(=O)Nc2ccc(Br)nc2)[C@@H]2C=C[C@H]1C21CC1,5.9,-0.7708520116421442,1,test
NC(=O)CCNC(=O)[C@H]1[C@H](C(=O)NCc2ccc(Br)cc2)[C@@H]2C=C[C@H]1C21CC1,239.99999999999997,-2.380211241711606,1,train
NC(=O)CCNC(=O)[C@H]1[C@H](C(=O)Nc2ncc(Br)s2)[C@@H]2C=C[C@H]1C21CC1,8.1,-0.9084850188786496,1,train
NC(=O)CCNC(=O)[C@H]1[C@H](C(=O)Nc2ncc(Br)s2)[C@@H]2CC[C@H]1C21CC1,15.000000000000004,-1.1760912590556811,1,train
O=C(NCCCCN1CCCC1)[C@H]1[C@H](C(=O)Nc2ncc(Br)s2)[C@@H]2CC[C@H]1C21CC1,22.0,-1.3424226808222062,1,test
O=C(NCCCN1CCCC1)[C@H]1[C@H](C(=O)Nc2ncc(Br)s2)[C@@H]2C=C[C@H]1C21CC1,305.00000000000006,-2.484299839346786,1,test
O=C(NCCCN1CCCC1)[C@H]1[C@H](C(=O)NCc2ccc(Br)cc2)[C@@H]2C=C[C@H]1C21CC1,48.99999999999999,-1.6901960800285136,1,test
CC(=O)c1nc(CNC(=O)[C@H]2[C@H](C(=O)NCCCCN3CCCC3)[C@H]3C=C[C@@H]2C32CC2)co1,153.00000000000003,-2.184691430817599,1,train
O=C(NCCCCN1CCCC1)[C@H]1[C@H](C(=O)NCc2nc(Br)cs2)[C@@H]2C=C[C@H]1C21CC1,73.0,-1.863322860120456,1,train
O=C(NCCCCN1CCCC1)[C@H]1[C@H](C(=O)Nc2ncc(Br)s2)[C@@H]2C=C[C@H]1C21CC1,11.7,-1.0681858617461617,1,train
CC(=O)c1ncc(CNC(=O)[C@H]2[C@H](C(=O)NCCCCN3CCCC3)[C@H]3C=C[C@@H]2C32CC2)s1,993.9999999999998,-2.997386384397313,1,train
CNC(=O)CCNC(=O)[C@H]1[C@H](C(=O)Nc2ccc(Br)cc2)[C@@H]2C=C[C@H]1C21CC1,3.2000000000000006,-0.505149978319906,1,train
O=C(NCCCCCN1CCCC1)[C@H]1[C@H](C(=O)Nc2ccc(Br)cc2)[C@@H]2C=C[C@H]1C21CC1,0.66,0.1804560644581313,1,train
CC(=O)N1CCN(CCCCNC(=O)[C@H]2[C@H](C(=O)Nc3ccc(Br)cc3)[C@@H]3C=C[C@H]2C32CC2)CC1,37.99999999999999,-1.57978359661681,1,train
O=C(N[C@@H]1CC[C@@H](CN2CCCC2)OC1)[C@H]1[C@H](C(=O)Nc2ccc(Br)cc2)[C@@H]2C=C[C@H]1C21CC1,2.7,-0.4313637641589873,1,test
O=C(NCCOCCN1CCCC1)[C@H]1[C@H](C(=O)Nc2ccc(Br)cc2)[C@@H]2C=C[C@H]1C21CC1,0.72,0.1426675035687315,1,test
O=C(NCCCC(=O)N1CCCC1)[C@H]1[C@H](C(=O)Nc2ccc(Br)cc2)[C@@H]2C=C[C@H]1C21CC1,6.1,-0.785329835010767,1,train
CN1CCN(CCCCNC(=O)[C@H]2[C@H](C(=O)Nc3ccc(Br)cc3)[C@@H]3C=C[C@H]2C32CC2)CC1,4.1,-0.6127838567197355,1,train
CN1CCCN(CCCCNC(=O)[C@H]2[C@H](C(=O)Nc3ccc(Br)cc3)[C@@H]3C=C[C@H]2C32CC2)CC1,0.89,0.0506099933550872,1,train
O=C(NCCCCN1CCOCC1)[C@H]1[C@H](C(=O)Nc2ccc(Br)cc2)[C@@H]2C=C[C@H]1C21CC1,0.53,0.2757241303992109,1,train
O=C(NCCCCN1CCC1)[C@H]1[C@H](C(=O)Nc2ccc(Br)cc2)[C@@H]2C=C[C@H]1C21CC1,0.4,0.3979400086720376,1,test
O=C(NCCCCN1CCCCC1)[C@H]1[C@H](C(=O)Nc2ccc(Br)cc2)[C@@H]2C=C[C@H]1C21CC1,0.07,1.154901959985743,1,train
CCN1CCN(CCCCNC(=O)[C@H]2[C@H](C(=O)Nc3ccc(Br)cc3)[C@@H]3C=C[C@H]2C32CC2)CC1,2.3,-0.3617278360175928,1,test
NC(=O)CNC(=O)[C@H]1[C@H](C(=O)Nc2ccc(Br)cc2)[C@@H]2C=C[C@H]1C21CC1,6.5,-0.8129133566428556,1,train
O=C(NCCC(=O)N1CCCC1)[C@H]1[C@H](C(=O)Nc2ccc(Br)cc2)[C@@H]2C=C[C@H]1C21CC1,31.0,-1.4913616938342726,1,train
CN(C)C(=O)CCNC(=O)[C@H]1[C@H](C(=O)Nc2ccc(Br)cc2)[C@@H]2C=C[C@H]1C21CC1,3.4,-0.5314789170422551,1,train
O=C(NCCCCN1CCCC1)[C@H]1[C@H](C(=O)NCc2ccc(Br)cc2F)[C@@H]2C=C[C@H]1C21CC1,18.5,-1.2671717284030135,1,train
O=C(NCCCCN1CCCC1)[C@H]1[C@H](C(=O)NCc2csc(Br)c2)[C@@H]2C=C[C@H]1C21CC1,33.0,-1.5185139398778875,1,train
CC(C)Cc1cc(CNC(=O)[C@H]2[C@H](C(=O)NCCCCN3CCCC3)[C@H]3C=C[C@@H]2C32CC2)no1,93.0,-1.968482948553935,1,train
O=C(NCCCCN1CCCC1)[C@H]1[C@H](C(=O)NCc2ccc(I)cc2)[C@@H]2C=C[C@H]1C21CC1,42.00000000000001,-1.6232492903979006,1,train
CC(=O)c1ncc(CNC(=O)[C@H]2[C@H](C(=O)NCCCCN3CCCC3)[C@H]3C=C[C@@H]2C32CC2)o1,92.0,-1.9637878273455556,1,train
O=C(NCCCCN1CCCC1)[C@H]1[C@H](C(=O)Nc2ccc(C(F)(F)F)cc2)[C@@H]2CC[C@H]1C21CC1,5.4,-0.7323937598229685,1,train
CC(=O)c1ccc(CNC(=O)[C@H]2[C@H](C(=O)NCCCCN3CCCC3)[C@H]3CC[C@@H]2C32CC2)o1,21.0,-1.3222192947339193,1,train
CC(=O)c1ccc(CNC(=O)[C@H]2[C@H](C(=O)NCCCCN3CCCC3)[C@H]3C=C[C@@H]2C32CC2)o1,28.0,-1.4471580313422192,1,train
CC(=O)c1ccc(CNC(=O)[C@H]2[C@H](C(=O)NCCCCN3CCCC3)[C@H]3C=C[C@@H]2C32CC2)s1,223.0,-2.3483048630481607,1,train
Cc1cnc(NC(=O)[C@H]2[C@H](C(=O)NCCCCN3CCCC3)[C@H]3C=C[C@@H]2C32CC2)s1,463.00000000000017,-2.6655809910179533,1,train
CC(=O)c1ccc(NC(=O)[C@H]2[C@H](C(=O)NCCCCN3CCCC3)[C@H]3C=C[C@@H]2C32CC2)cc1,23.0,-1.3617278360175928,1,train
CC(=O)c1csc(CNC(=O)[C@H]2[C@H](C(=O)NCCCCN3CCCC3)[C@H]3C=C[C@@H]2C32CC2)n1,140.00000000000006,-2.146128035678238,1,test
Cc1nn(C)c(Cl)c1C(=O)NC[C@H]1[C@H](C(=O)Nc2ccc(Br)cc2)[C@@H]2C=C[C@H]1C21CC1,963.0,-2.9836262871245345,0,train
O=C(/C=C/c1ccccc1)NC[C@H]1[C@H](C(=O)Nc2ccc(Br)cc2)[C@@H]2C=C[C@H]1C21CC1,697.0000000000002,-2.8432327780980096,1,train
O=C(CCc1ccc(F)cc1)NC[C@H]1[C@H](C(=O)Nc2ccc(Br)cc2)[C@@H]2C=C[C@H]1C21CC1,528.9999999999999,-2.7234556720351857,0,train
CCCC(=O)NC[C@H]1[C@H](C(=O)Nc2ccc(Br)cc2)[C@@H]2C=C[C@H]1C21CC1,505.0,-2.7032913781186614,1,train
O=C(CCc1cc2ccccc2[nH]1)NC[C@H]1[C@H](C(=O)Nc2ccc(Br)cc2)[C@@H]2C=C[C@H]1C21CC1,463.00000000000017,-2.6655809910179533,1,train
Cn1c(CCC(=O)NC[C@H]2[C@H](C(=O)Nc3ccc(Br)cc3)[C@@H]3C=C[C@H]2C32CC2)nc2ccccc21,336.00000000000006,-2.526339277389844,0,train
O=C(CC1CC1)NC[C@H]1[C@H](C(=O)Nc2ccc(Br)cc2)[C@@H]2C=C[C@H]1C21CC1,314.99999999999994,-2.4983105537896004,1,train
Cc1cc(C(=O)N(C)C[C@H]2[C@H](C(=O)Nc3ccc(Br)cc3)[C@@H]3C=C[C@H]2C32CC2)nn1C,302.99999999999983,-2.481442628502305,0,test
CN(C[C@H]1[C@H](C(=O)Nc2ccc(Br)cc2)[C@@H]2C=C[C@H]1C21CC1)C(=O)Cc1ccccc1Cl,298.00000000000006,-2.4742162640762557,0,train
CN(C)CC(=O)NC[C@H]1[C@H](C(=O)Nc2ccc(Br)cc2)[C@@H]2C=C[C@H]1C21CC1,265.00000000000006,-2.423245873936808,1,train
Cc1nc(CC(=O)NC[C@H]2[C@H](C(=O)Nc3ccc(Br)cc3)[C@@H]3C=C[C@H]2C32CC2)cs1,252.00000000000009,-2.401400540781544,1,train
O=C(NC[C@H]1[C@H](C(=O)Nc2ccc(Br)cc2)[C@@H]2C=C[C@H]1C21CC1)C1CCCC1,200.00000000000003,-2.3010299956639813,0,train
Cc1cc(C(=O)NC[C@H]2[C@H](C(=O)Nc3ccc(Br)cc3)[C@@H]3C=C[C@H]2C32CC2)nn1C,115.00000000000004,-2.060697840353612,0,test
O=C(CCCN1CCCC1)NC[C@H]1[C@H](C(=O)Nc2ccc(Br)cc2)[C@@H]2C=C[C@H]1C21CC1,160.00000000000009,-2.204119982655925,1,train
O=C(NC[C@H]1[C@H](C(=O)Nc2ccc(Br)cc2)[C@@H]2C=C[C@H]1C21CC1)c1cccc(F)c1Cl,158.0,-2.198657086954422,0,train
COCCC(=O)N(C)C[C@H]1[C@H](C(=O)Nc2ccc(Br)cc2)[C@@H]2C=C[C@H]1C21CC1,154.99999999999997,-2.1903316981702914,1,train
O=C(CCc1cccnc1)NC[C@H]1[C@H](C(=O)Nc2ccc(Br)cc2)[C@@H]2C=C[C@H]1C21CC1,135.99999999999997,-2.133538908370217,1,train
CCN1CCC(C(=O)NC[C@H]2[C@H](C(=O)Nc3ccc(Br)cc3)[C@@H]3C=C[C@H]2C32CC2)CC1,131.00000000000006,-2.1172712956557644,1,train
CC(C)C(=O)NC[C@H]1[C@H](C(=O)Nc2ccc(Br)cc2)[C@@H]2C=C[C@H]1C21CC1,124.99999999999994,-2.096910013008056,1,train
Cc1ccncc1C(=O)NC[C@H]1[C@H](C(=O)Nc2ccc(Br)cc2)[C@@H]2C=C[C@H]1C21CC1,118.00000000000004,-2.071882007306125,0,train
NC(=O)CCC(=O)NC[C@H]1[C@H](C(=O)Nc2ccc(Br)cc2)[C@@H]2C=C[C@H]1C21CC1,114.00000000000004,-2.0569048513364727,1,train
O=C(NC[C@H]1[C@H](C(=O)Nc2ccc(Br)cc2)[C@@H]2C=C[C@H]1C21CC1)c1ccnn1-c1ccccc1,111.99999999999996,-2.049218022670181,0,train
Cc1nc(CC(=O)NC[C@H]2[C@H](C(=O)Nc3ccc(Br)cc3)[C@@H]3C=C[C@H]2C32CC2)c(C)s1,70.99999999999999,-1.8512583487190752,0,test
CCCCC(=O)NC[C@H]1[C@H](C(=O)Nc2ccc(Br)cc2)[C@@H]2C=C[C@H]1C21CC1,102.99999999999996,-2.012837224705172,1,train
COC(=O)CCCC(=O)NC[C@H]1[C@H](C(=O)Nc2ccc(Br)cc2)[C@@H]2C=C[C@H]1C21CC1,88.00000000000001,-1.944482672150169,1,train
CC1(C(=O)NC[C@H]2[C@H](C(=O)Nc3ccc(Br)cc3)[C@@H]3C=C[C@H]2C32CC2)CC1(Cl)Cl,86.99999999999999,-1.9395192526186185,0,train
CN(C)C(=O)CCC(=O)NC[C@H]1[C@H](C(=O)Nc2ccc(Br)cc2)[C@@H]2C=C[C@H]1C21CC1,79.99999999999999,-1.9030899869919435,1,train
COCCC(=O)NC[C@H]1[C@H](C(=O)Nc2ccc(Br)cc2)[C@@H]2C=C[C@H]1C21CC1,72.00000000000001,-1.8573324964312683,1,test
O=C(Cc1ccccc1Cl)NC[C@H]1[C@H](C(=O)Nc2ccc(Br)cc2)[C@@H]2C=C[C@H]1C21CC1,61.000000000000014,-1.7853298350107671,1,test
O=C(CCCN1CCCC1=O)NC[C@H]1[C@H](C(=O)Nc2ccc(Br)cc2)[C@@H]2C=C[C@H]1C21CC1,47.00000000000001,-1.6720978579357175,1,train
O=C(NC[C@H]1[C@H](C(=O)Nc2ccc(Br)cc2)[C@@H]2C=C[C@H]1C21CC1)c1cnoc1-c1ccccc1,37.0,-1.568201724066995,0,train
Cc1cc(C)n(CCC(=O)NC[C@H]2[C@H](C(=O)Nc3ccc(Br)cc3)[C@@H]3C=C[C@H]2C32CC2)n1,12.999999999999998,-1.1139433523068367,0,train
O=C(NCCCCN1CCCC1)[C@H]1[C@H](C(=O)Nc2nc3ccc(Cl)cc3s2)[C@@H]2C=C[C@H]1C21CC1,10000.0,-4.0,1,test
O=C(NCCCCN1CCCC1)[C@H]1[C@H](C(=O)Nc2nc(-c3ccccc3)ns2)[C@@H]2C=C[C@H]1C21CC1,9889.999999999996,-3.9951962915971793,1,train
CC(C)(C)c1csc(NC(=O)[C@H]2[C@H](C(=O)NCCCCN3CCCC3)[C@H]3C=C[C@@H]2C32CC2)n1,9630.0,-3.9836262871245354,1,test
O=C(NCCCCN1CCCC1)[C@H]1[C@H](C(=O)Nc2cccc3nonc23)[C@@H]2C=C[C@H]1C21CC1,9119.999999999996,-3.959994838328416,1,train
O=C(NCCCCN1CCCC1)[C@H]1[C@H](C(=O)Nc2nc(-c3ccc(Cl)cc3)cs2)[C@@H]2C=C[C@H]1C21CC1,8440.000000000002,-3.926342446625655,0,train
CCC(CC)CNC(=O)[C@H]1[C@H](C(=O)NCCCCN2CCCC2)[C@H]2C=C[C@@H]1C21CC1,8089.999999999999,-3.907948521612272,1,train
O=C(NCCCCN1CCCC1)[C@H]1[C@H](C(=O)Nc2nc3ccc(F)cc3s2)[C@@H]2C=C[C@H]1C21CC1,7600.0,-3.880813592280792,1,train
O=C(NCCCCN1CCCC1)[C@H]1[C@H](C(=O)Nc2ccc3[nH]ccc3c2)[C@@H]2C=C[C@H]1C21CC1,7409.999999999996,-3.869818207979328,1,train
Cc1nsc2cc(NC(=O)[C@H]3[C@H](C(=O)NCCCCN4CCCC4)[C@H]4C=C[C@@H]3C43CC3)ccc12,4420.0,-3.645422269349092,0,test
CC(C)(C)c1cc(NC(=O)[C@H]2[C@H](C(=O)NCCCCN3CCCC3)[C@H]3C=C[C@@H]2C32CC2)no1,3650.0,-3.562292864456474,1,train
O=C(NCCCCN1CCCC1)[C@H]1[C@H](C(=O)Nc2nc3ccccc3s2)[C@@H]2C=C[C@H]1C21CC1,2269.999999999999,-3.3560258571931225,1,test
O=C(NCCCCN1CCCC1)[C@H]1[C@H](C(=O)NCc2cccc(Br)c2)[C@@H]2C=C[C@H]1C21CC1,2059.9999999999995,-3.3138672203691533,1,train
O=C(NCCCCN1CCCC1)[C@H]1[C@H](C(=O)Nc2cnc(Cl)nc2)[C@@H]2C=C[C@H]1C21CC1,1330.0,-3.123851640967086,1,train
O=C(NCCCCN1CCCC1)[C@H]1[C@H](C(=O)NCCCn2ccnc2)[C@@H]2C=C[C@H]1C21CC1,834.9999999999999,-2.921686475483602,1,test
CC(=O)CCCNC(=O)[C@H]1[C@H](C(=O)NCCCCN2CCCC2)[C@H]2C=C[C@@H]1C21CC1,748.0000000000003,-2.873901597864461,1,train
O=C(NCCCCN1CCCC1)[C@H]1[C@H](C(=O)NCCc2ccccc2)[C@@H]2C=C[C@H]1C21CC1,730.9999999999998,-2.8639173769578603,1,train
Cc1nc2ccc(NC(=O)[C@H]3[C@H](C(=O)NCCCCN4CCCC4)[C@H]4C=C[C@@H]3C43CC3)cc2s1,570.0000000000001,-2.7558748556724915,0,train
Cc1ccc(CNC(=O)[C@H]2[C@H](C(=O)NCCCCN3CCCC3)[C@H]3C=C[C@@H]2C32CC2)o1,556.0,-2.745074791582057,1,train
CCCCNC(=O)[C@H]1[C@H](C(=O)NCCCCN2CCCC2)[C@H]2C=C[C@@H]1C21CC1,365.0,-2.562292864456474,1,train
CC(C)CCNC(=O)[C@H]1[C@H](C(=O)NCCCCN2CCCC2)[C@H]2C=C[C@@H]1C21CC1,352.0000000000001,-2.546542663478131,1,test
O=C(NCCCCN1CCCC1)[C@H]1[C@H](C(=O)NCCOc2ccccc2)[C@@H]2C=C[C@H]1C21CC1,318.9999999999999,-2.503790683057181,1,train
O=C(NCCCCN1CCCC1)[C@H]1[C@H](C(=O)Nc2ccc(OC(F)(F)F)cc2)[C@@H]2C=C[C@H]1C21CC1,263.0000000000001,-2.419955748489758,1,train
CC(NC(=O)[C@H]1[C@H](C(=O)NCCCCN2CCCC2)[C@H]2C=C[C@@H]1C21CC1)c1ccc(Br)cc1,898.0000000000002,-2.9532763366673045,0,train
O=C(NCCCCN1CCCC1)[C@H]1[C@H](C(=O)NCc2ccco2)[C@@H]2C=C[C@H]1C21CC1,173.00000000000003,-2.2380461031287955,1,train
N#Cc1cnc(NC(=O)[C@H]2[C@H](C(=O)NCCCCN3CCCC3)[C@H]3C=C[C@@H]2C32CC2)s1,165.99999999999997,-2.220108088040055,1,train
O=C(NCCCCN1CCCC1)[C@H]1[C@H](C(=O)Nc2ncc(Cl)s2)[C@@H]2C=C[C@H]1C21CC1,120.99999999999991,-2.08278537031645,1,train
O=C(NCCCCN1CCCC1)[C@H]1[C@H](C(=O)Nc2ncc([N+](=O)[O-])s2)[C@@H]2C=C[C@H]1C21CC1,119.99999999999996,-2.0791812460476247,1,train
CC(=O)CCCCNC(=O)[C@H]1[C@H](C(=O)NCCCCN2CCCC2)[C@H]2C=C[C@@H]1C21CC1,95.0,-1.977723605288848,1,train
CC1CCC(NC(=O)[C@H]2[C@H](C(=O)NCCCCN3CCCC3)[C@H]3C=C[C@@H]2C32CC2)CC1,70.99999999999999,-1.8512583487190752,1,train
O=C(NCCCCN1CCCC1)[C@H]1[C@H](C(=O)NCC2CCCCC2)[C@@H]2C=C[C@H]1C21CC1,60.0,-1.7781512503836436,1,train
COC(=O)CCNC(=O)[C@H]1[C@H](C(=O)NCCCCN2CCCC2)[C@H]2C=C[C@@H]1C21CC1,52.00000000000001,-1.7160033436347992,1,train
Cc1ccc(CNC(=O)[C@H]2[C@H](C(=O)NCCCCN3CCCC3)[C@H]3C=C[C@@H]2C32CC2)cc1,46.0,-1.662757831681574,1,train
CCCCCNC(=O)[C@H]1[C@H](C(=O)NCCCCN2CCCC2)[C@H]2C=C[C@@H]1C21CC1,78.99999999999999,-1.8976270912904412,1,train
Cc1ccc(NC(=O)[C@H]2[C@H](C(=O)NCCCCN3CCCC3)[C@H]3C=C[C@@H]2C32CC2)nc1,95.0,-1.977723605288848,1,train
O=C(NCCCCN1CCCC1)[C@H]1[C@H](C(=O)Nc2ccc(Br)cn2)[C@@H]2C=C[C@H]1C21CC1,9.95,-0.9978230807457256,1,train
O=C(NCCCCN1CCCC1)[C@H]1[C@H](C(=O)NCc2ccc(Br)cc2)[C@@H]2C=C[C@H]1C21CC1,39.49999999999999,-1.59659709562646,1,test
O=C(NCCCCN1CCCC1)[C@H]1[C@H](C(=O)Nc2ccc3scnc3c2)[C@@H]2C=C[C@H]1C21CC1,10.0,-1.0,1,train
O=C(NCCCCN1CCCC1)[C@H]1[C@H](C(=O)Nc2ccc(Cl)nc2)[C@@H]2C=C[C@H]1C21CC1,4.700000000000001,-0.6720978579357175,1,train
COc1ccc(NC(=O)[C@H]2[C@H](C(=O)NCCCCN3CCCC3)[C@H]3C=C[C@@H]2C32CC2)cc1,5.500000000000001,-0.7403626894942439,1,train
O=C(NCCCCN1CCCC1)[C@H]1[C@H](C(=O)Nc2ccc(Br)nc2)[C@@H]2C=C[C@H]1C21CC1,1.25,-0.0969100130080564,1,train
O=C(NCCCCN1CCCC1)[C@H]1[C@H](C(=O)Nc2ccc(Br)cc2)[C@@H]2CC[C@H]1C21CC1,0.35,0.4559319556497244,1,train
Cc1nc(CCNC(=O)[C@H]2[C@H](C(=O)Nc3ccc(Br)cc3)[C@@H]3CC[C@H]2C32CC2)[nH]c1C,8.3,-0.919078092376074,0,test
CN1CCN(CCCNC(=O)[C@H]2[C@H](C(=O)Nc3ccc(Br)cc3)[C@@H]3CC[C@H]2C32CC2)CC1,1.3,-0.1139433523068367,1,train
O=C(NCCCN1CCCC1)[C@H]1[C@H](C(=O)Nc2ccc(Br)cc2)[C@@H]2CC[C@H]1C21CC1,16.0,-1.2041199826559248,1,train
CN(C)CCCCCNC(=O)[C@H]1[C@H](C(=O)Nc2ccc(Br)cc2)[C@@H]2CC[C@H]1C21CC1,0.7,0.1549019599857432,1,train
O=C(NCCCn1ccnc1)[C@H]1[C@H](C(=O)Nc2ccc(Br)cc2)[C@@H]2CC[C@H]1C21CC1,4.1,-0.6127838567197355,1,train
O=C(NCCCO)[C@H]1[C@H](C(=O)Nc2ccc(Br)cc2)[C@@H]2CC[C@H]1C21CC1,1.8,-0.255272505103306,1,train
O=C(NC1CC1)[C@H]1[C@H](C(=O)Nc2ccc(Br)cc2)[C@@H]2CC[C@H]1C21CC1,82.0,-1.9138138523837167,1,train
O=C(NCCN1CCNC1=O)[C@H]1[C@H](C(=O)Nc2ccc(Br)cc2)[C@@H]2CC[C@H]1C21CC1,2.4,-0.380211241711606,1,test
O=C(NCC1CCCO1)[C@H]1[C@H](C(=O)Nc2ccc(Br)cc2)[C@@H]2CC[C@H]1C21CC1,1.5,-0.1760912590556812,1,train
COCCCNC(=O)[C@H]1[C@H](C(=O)Nc2ccc(Br)cc2)[C@@H]2CC[C@H]1C21CC1,4.8,-0.6812412373755872,1,train
NC(=O)CCNC(=O)[C@H]1[C@H](C(=O)Nc2ccc(Br)cc2)[C@@H]2CC[C@H]1C21CC1,0.46,0.3372421683184259,1,train
Cc1onc(-c2ccccc2)c1CNC(=O)[C@H]1[C@H](C(=O)Nc2ccc(Br)cc2)[C@@H]2C=C[C@H]1C21CC1,811.9999999999995,-2.909556029241175,0,train
COC[C@H](Cc1ccccc1)NC(=O)[C@H]1[C@H](C(=O)Nc2ccc(Br)cc2)[C@@H]2C=C[C@H]1C21CC1,734.9999999999998,-2.8662873390841948,0,test
CC(C)(C)OC(=O)N1CCCC(CCNC(=O)[C@H]2[C@H](C(=O)Nc3ccc(Br)cc3)[C@@H]3C=C[C@H]2C32CC2)C1,552.0000000000001,-2.741939077729199,1,test
CC(C)(C)OC(=O)N1CC(NC(=O)[C@H]2[C@H](C(=O)Nc3ccc(Br)cc3)[C@@H]3C=C[C@H]2C32CC2)C1,477.0,-2.678518379040114,1,train
CC(C)(C)OC(=O)NCc1ccc(CNC(=O)[C@H]2[C@H](C(=O)Nc3ccc(Br)cc3)[C@@H]3C=C[C@H]2C32CC2)cc1,391.0,-2.5921767573958667,1,test
CNC(=O)[C@H](NC(=O)[C@H]1[C@H](C(=O)Nc2ccc(Br)cc2)[C@@H]2C=C[C@H]1C21CC1)C(C)(C)C,373.00000000000017,-2.571708831808688,0,train
NC(=O)[C@H](Cc1ccccc1)NC(=O)[C@H]1[C@H](C(=O)Nc2ccc(Br)cc2)[C@@H]2C=C[C@H]1C21CC1,223.0,-2.3483048630481607,0,test
CC(C)(C)OC(=O)N1CCC(NC(=O)[C@H]2[C@H](C(=O)Nc3ccc(Br)cc3)[C@@H]3C=C[C@H]2C32CC2)CC1,217.9999999999999,-2.3384564936046046,1,train
O=C(NC1CCCCC1)[C@H]1[C@H](C(=O)Nc2ccc(Br)cc2)[C@@H]2C=C[C@H]1C21CC1,215.9999999999999,-2.3344537511509307,1,train
CC(C)(C)OC(=O)N1CCC(CNC(=O)[C@H]2[C@H](C(=O)Nc3ccc(Br)cc3)[C@@H]3C=C[C@H]2C32CC2)CC1,204.0,-2.3096301674258988,1,test
CCCN(CC1CC1)C(=O)[C@H]1[C@H](C(=O)Nc2ccc(Br)cc2)[C@@H]2C=C[C@H]1C21CC1,200.00000000000003,-2.3010299956639813,1,test
CC(C)(C)OC(=O)CNc1cccc(CNC(=O)[C@H]2[C@H](C(=O)Nc3ccc(Br)cc3)[C@@H]3C=C[C@H]2C32CC2)c1,194.0,-2.287801729930226,1,train
CC(C)(C)OC(=O)CCCNC(=O)[C@H]1[C@H](C(=O)Nc2ccc(Br)cc2)[C@@H]2C=C[C@H]1C21CC1,191.00000000000009,-2.281033367247728,1,train
Cc1[nH]ncc1CCCNC(=O)[C@H]1[C@H](C(=O)Nc2ccc(Br)cc2)[C@@H]2C=C[C@H]1C21CC1,168.0,-2.225309281725863,1,train
O=C(NCCCN1CCOCC1)[C@H]1[C@H](C(=O)Nc2ccc(Br)cc2)[C@@H]2C=C[C@H]1C21CC1,156.0,-2.1931245983544616,1,train
CN1CCC(NC(=O)[C@H]2[C@H](C(=O)Nc3ccc(Br)cc3)[C@@H]3C=C[C@H]2C32CC2)CC1,146.99999999999997,-2.167317334748176,1,train
CC(C)(C)CCNC(=O)[C@H]1[C@H](C(=O)Nc2ccc(Br)cc2)[C@@H]2C=C[C@H]1C21CC1,146.00000000000003,-2.164352855784437,1,test
CCCCCCN(C)C(=O)[C@H]1[C@H](C(=O)Nc2ccc(Br)cc2)[C@@H]2C=C[C@H]1C21CC1,133.0,-2.123851640967086,1,train
O=C(NC1CCN(Cc2ccccc2)CC1)[C@H]1[C@H](C(=O)Nc2ccc(Br)cc2)[C@@H]2C=C[C@H]1C21CC1,123.00000000000004,-2.089905111439398,1,test
CC(NC(=O)[C@H]1[C@H](C(=O)Nc2ccc(Br)cc2)[C@@H]2C=C[C@H]1C21CC1)C(=O)N1CCCCC1,118.00000000000004,-2.071882007306125,0,train
NC(=O)C1CCCCC1NC(=O)[C@H]1[C@H](C(=O)Nc2ccc(Br)cc2)[C@@H]2C=C[C@H]1C21CC1,100.0,-2.0,1,train
O=C(NCCN1CCOCC1)[C@H]1[C@H](C(=O)Nc2ccc(Br)cc2)[C@@H]2C=C[C@H]1C21CC1,97.0,-1.9867717342662448,1,train
CC(C)(C)OC(=O)N1CCCC1CNC(=O)[C@H]1[C@H](C(=O)Nc2ccc(Br)cc2)[C@@H]2C=C[C@H]1C21CC1,96.0,-1.9822712330395684,1,train
CCN(CC)CCCNC(=O)[C@H]1[C@H](C(=O)Nc2ccc(Br)cc2)[C@@H]2C=C[C@H]1C21CC1,79.99999999999999,-1.9030899869919435,1,train
O=C(NCC(c1ccccc1)N1CCOCC1)[C@H]1[C@H](C(=O)Nc2ccc(Br)cc2)[C@@H]2C=C[C@H]1C21CC1,79.99999999999999,-1.9030899869919435,0,train
CCn1nc(C)cc1CCNC(=O)[C@H]1[C@H](C(=O)Nc2ccc(Br)cc2)[C@@H]2C=C[C@H]1C21CC1,77.0,-1.8864907251724816,0,train
CCCCCCNC(=O)[C@H]1[C@H](C(=O)Nc2ccc(Br)cc2)[C@@H]2C=C[C@H]1C21CC1,73.0,-1.863322860120456,1,train
CCCCNC(=O)[C@H]1[C@H](C(=O)Nc2ccc(Br)cc2)[C@@H]2C=C[C@H]1C21CC1,72.00000000000001,-1.8573324964312683,1,train
O=C(NC1CC1)[C@H]1[C@H](C(=O)Nc2ccc(Br)cc2)[C@@H]2C=C[C@H]1C21CC1,63.0,-1.7993405494535817,1,train
O=C(Nc1ccnn1-c1ccccc1)[C@H]1[C@H](C(=O)Nc2ccc(Br)cc2)[C@@H]2C=C[C@H]1C21CC1,70.00000000000001,-1.845098040014257,0,train
CC(C)(CNC(=O)OC(C)(C)C)CNC(=O)[C@H]1[C@H](C(=O)Nc2ccc(Br)cc2)[C@@H]2C=C[C@H]1C21CC1,63.0,-1.7993405494535817,0,train
O=C(NCCc1ccccn1)[C@H]1[C@H](C(=O)Nc2ccc(Br)cc2)[C@@H]2C=C[C@H]1C21CC1,61.000000000000014,-1.7853298350107671,1,train
CC(C)CCN1CCC(NC(=O)[C@H]2[C@H](C(=O)Nc3ccc(Br)cc3)[C@@H]3C=C[C@H]2C32CC2)CC1,58.00000000000001,-1.7634279935629371,1,train
CC(C)(C)OC(=O)NCCCCCNC(=O)[C@H]1[C@H](C(=O)Nc2ccc(Br)cc2)[C@@H]2C=C[C@H]1C21CC1,27.000000000000004,-1.4313637641589874,1,train
CCCCCNC(=O)[C@H]1[C@H](C(=O)Nc2ccc(Br)cc2)[C@@H]2C=C[C@H]1C21CC1,34.0,-1.5314789170422551,1,train
CCN(CC)CCNC(=O)[C@H]1[C@H](C(=O)Nc2ccc(Br)cc2)[C@@H]2C=C[C@H]1C21CC1,34.0,-1.5314789170422551,1,test
C[C@H](NC(=O)[C@H]1[C@H](C(=O)Nc2ccc(Br)cc2)[C@@H]2C=C[C@H]1C21CC1)C(N)=O,26.0,-1.414973347970818,0,test
COCCN(CCOC)C(=O)[C@H]1[C@H](C(=O)Nc2ccc(Br)cc2)[C@@H]2C=C[C@H]1C21CC1,15.050000000000006,-1.1775364999298623,1,train
CCn1nc(CCNC(=O)[C@H]2[C@H](C(=O)Nc3ccc(Br)cc3)[C@@H]3C=C[C@H]2C32CC2)cc1C,23.999999999999996,-1.380211241711606,1,train
NS(=O)(=O)c1ccc(CCNC(=O)[C@H]2[C@H](C(=O)Nc3ccc(Br)cc3)[C@@H]3C=C[C@H]2C32CC2)cc1,23.0,-1.3617278360175928,0,train
COC(=O)CCNC(=O)[C@H]1[C@H](C(=O)Nc2ccc(Br)cc2)[C@@H]2C=C[C@H]1C21CC1,22.0,-1.3424226808222062,1,train
CC(C)C[C@@H](CO)NC(=O)[C@H]1[C@H](C(=O)Nc2ccc(Br)cc2)[C@@H]2C=C[C@H]1C21CC1,21.0,-1.3222192947339193,0,train
CC(C)CCNC(=O)[C@H]1[C@H](C(=O)Nc2ccc(Br)cc2)[C@@H]2C=C[C@H]1C21CC1,20.000000000000004,-1.3010299956639813,1,train
CC(C)(C)OC(=O)NCCCNC(=O)[C@H]1[C@H](C(=O)Nc2ccc(Br)cc2)[C@@H]2C=C[C@H]1C21CC1,17.0,-1.230448921378274,1,train
CC(C)(C)OC(=O)N1CCCC(NC(=O)[C@H]2[C@H](C(=O)Nc3ccc(Br)cc3)[C@@H]3C=C[C@H]2C32CC2)C1,17.999999999999996,-1.255272505103306,1,train
O=C(NCCCn1cncn1)[C@H]1[C@H](C(=O)Nc2ccc(Br)cc2)[C@@H]2C=C[C@H]1C21CC1,17.999999999999996,-1.255272505103306,1,test
CCN1CCCC1CNC(=O)[C@H]1[C@H](C(=O)Nc2ccc(Br)cc2)[C@@H]2C=C[C@H]1C21CC1,16.0,-1.2041199826559248,1,train
COCCCNC(=O)[C@H]1[C@H](C(=O)Nc2ccc(Br)cc2)[C@@H]2C=C[C@H]1C21CC1,16.0,-1.2041199826559248,1,train
CN(C)CCCNC(=O)[C@H]1[C@H](C(=O)Nc2ccc(Br)cc2)[C@@H]2C=C[C@H]1C21CC1,9.6,-0.9822712330395684,1,test
CN(C)CCCCCNC(=O)[C@H]1[C@H](C(=O)Nc2ccc(Br)cc2)[C@@H]2C=C[C@H]1C21CC1,8.200000000000001,-0.9138138523837168,1,train
O=C(NCc1ccoc1)[C@H]1[C@H](C(=O)Nc2ccc(Br)cc2)[C@@H]2C=C[C@H]1C21CC1,12.999999999999998,-1.1139433523068367,1,train
O=C(NCCn1cncn1)[C@H]1[C@H](C(=O)Nc2ccc(Br)cc2)[C@@H]2C=C[C@H]1C21CC1,12.000000000000002,-1.0791812460476249,1,train
O=C(NCCN1CCCC1)[C@H]1[C@H](C(=O)Nc2ccc(Br)cc2)[C@@H]2C=C[C@H]1C21CC1,12.000000000000002,-1.0791812460476249,1,train
CN(CCNC(=O)[C@H]1[C@H](C(=O)Nc2ccc(Br)cc2)[C@@H]2C=C[C@H]1C21CC1)C(=O)OC(C)(C)C,12.000000000000002,-1.0791812460476249,0,train
CC(C)(C)OC(=O)NCCCCNC(=O)[C@H]1[C@H](C(=O)Nc2ccc(Br)cc2)[C@@H]2C=C[C@H]1C21CC1,10.999999999999996,-1.041392685158225,1,test
CN(C)CCN(C)C(=O)[C@H]1[C@H](C(=O)Nc2ccc(Br)cc2)[C@@H]2C=C[C@H]1C21CC1,10.999999999999996,-1.041392685158225,1,test
NCCNC(=O)[C@H]1[C@H](C(=O)Nc2ccc(Br)cc2)[C@@H]2C=C[C@H]1C21CC1,10.0,-1.0,1,train
CN1CCN(CCCNC(=O)[C@H]2[C@H](C(=O)Nc3ccc(Br)cc3)[C@@H]3C=C[C@H]2C32CC2)CC1,9.499999999999998,-0.9777236052888476,1,test
O=C(NCCCCO)[C@H]1[C@H](C(=O)Nc2ccc(Br)cc2)[C@@H]2C=C[C@H]1C21CC1,9.6,-0.9822712330395684,1,train
O=C(NCC1COCCO1)[C@H]1[C@H](C(=O)Nc2ccc(Br)cc2)[C@@H]2C=C[C@H]1C21CC1,9.499999999999998,-0.9777236052888476,1,train
O=C(NCCCn1ccnc1)[C@H]1[C@H](C(=O)Nc2ccc(Br)cc2)[C@@H]2C=C[C@H]1C21CC1,9.0,-0.9542425094393248,1,test
CCN(CC)CCN(CC)C(=O)[C@H]1[C@H](C(=O)Nc2ccc(Br)cc2)[C@@H]2C=C[C@H]1C21CC1,7.6,-0.8808135922807914,1,train
NCc1ccc(CNC(=O)[C@H]2[C@H](C(=O)Nc3ccc(Br)cc3)[C@@H]3C=C[C@H]2C32CC2)cc1,7.500000000000001,-0.8750612633917001,1,train
O=C(NCCCn1cccn1)[C@H]1[C@H](C(=O)Nc2ccc(Br)cc2)[C@@H]2C=C[C@H]1C21CC1,7.1,-0.8512583487190752,1,train
N#CCNC(=O)[C@H]1[C@H](C(=O)Nc2ccc(Br)cc2)[C@@H]2C=C[C@H]1C21CC1,6.7,-0.8260748027008264,1,train
O=C(NCCO)[C@H]1[C@H](C(=O)Nc2ccc(Br)cc2)[C@@H]2C=C[C@H]1C21CC1,6.1,-0.785329835010767,1,test
CN1CCCC1CCNC(=O)[C@H]1[C@H](C(=O)Nc2ccc(Br)cc2)[C@@H]2C=C[C@H]1C21CC1,5.800000000000001,-0.7634279935629373,1,train
O=C(NCCCc1nc2ccccc2[nH]1)[C@H]1[C@H](C(=O)Nc2ccc(Br)cc2)[C@@H]2C=C[C@H]1C21CC1,5.4,-0.7323937598229685,1,train
COCCNC(=O)[C@H]1[C@H](C(=O)Nc2ccc(Br)cc2)[C@@H]2C=C[C@H]1C21CC1,5.000000000000001,-0.6989700043360189,1,train
O=C(NCCCN1CCCC1)[C@H]1[C@H](C(=O)Nc2ccc(Br)cc2)[C@@H]2C=C[C@H]1C21CC1,4.900000000000001,-0.6901960800285137,1,test
O=C(NCCN1CCNC1=O)[C@H]1[C@H](C(=O)Nc2ccc(Br)cc2)[C@@H]2C=C[C@H]1C21CC1,4.8,-0.6812412373755872,1,train
CC(CO)NCCNC(=O)[C@H]1[C@H](C(=O)Nc2ccc(Br)cc2)[C@@H]2C=C[C@H]1C21CC1,4.500000000000001,-0.6532125137753437,1,test
CC(C)(C)OC(=O)NCCNC(=O)[C@H]1[C@H](C(=O)Nc2ccc(Br)cc2)[C@@H]2C=C[C@H]1C21CC1,4.2,-0.6232492903979004,1,train
O=C(NC1CCCNC1)[C@H]1[C@H](C(=O)Nc2ccc(Br)cc2)[C@@H]2C=C[C@H]1C21CC1,4.2,-0.6232492903979004,1,train
CCN(CC)CCCC(C)NC(=O)[C@H]1[C@H](C(=O)Nc2ccc(Br)cc2)[C@@H]2C=C[C@H]1C21CC1,3.9,-0.5910646070264992,1,train
CCSCCNC(=O)[C@H]1[C@H](C(=O)Nc2ccc(Br)cc2)[C@@H]2C=C[C@H]1C21CC1,3.7,-0.568201724066995,1,train
O=C(NCC1CCC(O)CC1)[C@H]1[C@H](C(=O)Nc2ccc(Br)cc2)[C@@H]2C=C[C@H]1C21CC1,3.2999999999999994,-0.5185139398778874,1,test
O=C(NCC1CCCO1)[C@H]1[C@H](C(=O)Nc2ccc(Br)cc2)[C@@H]2C=C[C@H]1C21CC1,3.2000000000000006,-0.505149978319906,1,train
CNCCNC(=O)[C@H]1[C@H](C(=O)Nc2ccc(Br)cc2)[C@@H]2C=C[C@H]1C21CC1,2.8,-0.4471580313422192,1,train
O=C(NCCF)[C@H]1[C@H](C(=O)Nc2ccc(Br)cc2)[C@@H]2C=C[C@H]1C21CC1,2.7,-0.4313637641589873,1,train
O=C(NCC(F)(F)F)[C@H]1[C@H](C(=O)Nc2ccc(Br)cc2)[C@@H]2C=C[C@H]1C21CC1,2.4,-0.380211241711606,0,train
O=C(NCC1CCCN1)[C@H]1[C@H](C(=O)Nc2ccc(Br)cc2)[C@@H]2C=C[C@H]1C21CC1,2.0,-0.3010299956639812,1,train
CCOCCCNC(=O)[C@H]1[C@H](C(=O)Nc2ccc(Br)cc2)[C@@H]2C=C[C@H]1C21CC1,1.8,-0.255272505103306,1,train
NCCCNC(=O)[C@H]1[C@H](C(=O)Nc2ccc(Br)cc2)[C@@H]2C=C[C@H]1C21CC1,1.4,-0.146128035678238,1,train
O=C(NC1CCCC1)[C@H]1[C@H](C(=O)Nc2ccc(Br)cc2)[C@@H]2C=C[C@H]1C21CC1,1.3,-0.1139433523068367,1,train
CC(C)(C)OC(=O)N1CCC(NC(=O)[C@H]2[C@H](C(=O)Nc3ccc(Br)cc3)[C@@H]3C=C[C@H]2C32CC2)C1,1.2,-0.0791812460476248,1,train
NC(=O)CCNC(=O)[C@H]1[C@H](C(=O)Nc2ccc(Br)cc2)[C@@H]2C=C[C@H]1C21CC1,1.1,-0.041392685158225,1,train
O=C(NCCCO)[C@H]1[C@H](C(=O)Nc2ccc(Br)cc2)[C@@H]2C=C[C@H]1C21CC1,1.0,-0.0,1,train
CCN(CC)CCCCNC(=O)[C@H]1[C@H](C(=O)Nc2ccc(Br)cc2)[C@@H]2C=C[C@H]1C21CC1,1.0,-0.0,1,train
CC(C)(CN)CNC(=O)[C@H]1[C@H](C(=O)Nc2ccc(Br)cc2)[C@@H]2C=C[C@H]1C21CC1,0.98,0.0087739243075051,1,train
O=C(NC1CCNC1)[C@H]1[C@H](C(=O)Nc2ccc(Br)cc2)[C@@H]2C=C[C@H]1C21CC1,0.94,0.0268721464003013,1,train
O=C(NCC1CCNCC1)[C@H]1[C@H](C(=O)Nc2ccc(Br)cc2)[C@@H]2C=C[C@H]1C21CC1,0.82,0.0861861476162833,1,train
NCc1cccc(CNC(=O)[C@H]2[C@H](C(=O)Nc3ccc(Br)cc3)[C@@H]3C=C[C@H]2C32CC2)c1,0.55,0.2596373105057561,1,train
CN(C)CCNC(=O)[C@H]1[C@H](C(=O)Nc2ccc(Br)cc2)[C@@H]2C=C[C@H]1C21CC1,0.41,0.3872161432802645,1,train
CC(C)CNC(=O)[C@H]1[C@H](C(=O)Nc2ccc(Br)cc2)[C@@H]2C=C[C@H]1C21CC1,0.24,0.619788758288394,1,train
O=C(NC1CCNCC1)[C@H]1[C@H](C(=O)Nc2ccc(Br)cc2)[C@@H]2C=C[C@H]1C21CC1,0.2,0.6989700043360187,1,train
O=C(NCCCCN1CCCC1)[C@H]1[C@H](C(=O)Nc2ccc(Br)cc2)[C@@H]2C=C[C@H]1C21CC1,0.1,1.0,1,test
O=C(NC1CNC1)[C@H]1[C@H](C(=O)Nc2ncc(Br)s2)[C@@H]2CC[C@H]1C21CC1,57.00000000000001,-1.7558748556724917,1,train
O=C(NCC1CCCNC1)[C@H]1[C@H](C(=O)Nc2ncc(Br)s2)[C@@H]2CC[C@H]1C21CC1,0.45,0.3467874862246563,1,train
O=C(NCC1CCCCN1)[C@H]1[C@H](C(=O)Nc2ncc(Br)s2)[C@@H]2CC[C@H]1C21CC1,2.1,-0.3222192947339193,1,train
O=C(NCC1CCCN1)[C@H]1[C@H](C(=O)Nc2ncc(Br)s2)[C@@H]2CC[C@H]1C21CC1,8.3,-0.919078092376074,1,train
O=C(NC1CCCNC1)[C@H]1[C@H](C(=O)Nc2ncc(Br)s2)[C@@H]2CC[C@H]1C21CC1,9.099999999999998,-0.9590413923210936,1,train
CNCCCNC(=O)[C@H]1[C@H](C(=O)Nc2ncc(Br)s2)[C@@H]2CC[C@H]1C21CC1,13.999999999999998,-1.146128035678238,1,train
CNCCNC(=O)[C@H]1[C@H](C(=O)Nc2ncc(Br)s2)[C@@H]2CC[C@H]1C21CC1,12.999999999999998,-1.1139433523068367,1,train
O=C(NC1CCNC1)[C@H]1[C@H](C(=O)Nc2ncc(Br)s2)[C@@H]2CC[C@H]1C21CC1,8.9,-0.9493900066449128,1,test
O=C(NCC1(O)CCCCC1)[C@H]1[C@H](C(=O)Nc2ncc(Br)s2)[C@@H]2CC[C@H]1C21CC1,128.99999999999994,-2.110589710299249,1,test
O=C(NC1CCC(O)CC1)[C@H]1[C@H](C(=O)Nc2ncc(Br)s2)[C@@H]2CC[C@H]1C21CC1,68.99999999999999,-1.8388490907372552,1,train
O=C(NCCOCCO)[C@H]1[C@H](C(=O)Nc2ncc(Br)s2)[C@@H]2CC[C@H]1C21CC1,10.999999999999996,-1.041392685158225,1,train
CC(C)(CO)NC(=O)[C@H]1[C@H](C(=O)Nc2ncc(Br)s2)[C@@H]2CC[C@H]1C21CC1,332.9999999999999,-2.52244423350632,1,train
O=C(NCCCCO)[C@H]1[C@H](C(=O)Nc2ncc(Br)s2)[C@@H]2CC[C@H]1C21CC1,79.99999999999999,-1.9030899869919435,1,train
O=C(NCCCO)[C@H]1[C@H](C(=O)Nc2ncc(Br)s2)[C@@H]2CC[C@H]1C21CC1,96.0,-1.9822712330395684,1,test
O=C(NCCO)[C@H]1[C@H](C(=O)Nc2ncc(Br)s2)[C@@H]2CC[C@H]1C21CC1,158.0,-2.198657086954422,1,train
CC1CCC(C)N1CCCCNC(=O)[C@H]1[C@H](C(=O)Nc2ccc(Br)cc2)[C@@H]2C=C[C@H]1C21CC1,2.1,-0.3222192947339193,1,test
CNCCNC(=O)[C@H]1[C@H](C(=O)NCc2nc(C(C)=O)cs2)[C@@H]2C=C[C@H]1C21CC1,1039.9999999999998,-3.0170333392987803,1,train
O=C(NCCCCN1CCCC1)[C@H]1[C@H](C(=O)Nc2ccc(Br)c(C(F)(F)F)c2)[C@@H]2C=C[C@H]1C21CC1,3800.0,-3.57978359661681,1,test
O=C(NCCCCN1CCCC1)[C@H]1[C@H](C(=O)Nc2nc(Br)cs2)[C@@H]2C=C[C@H]1C21CC1,1549.9999999999995,-3.1903316981702914,1,train
O=C(NCCCCN1CCCC1)[C@H]1[C@H](C(=O)NCCc2cc(F)c(Br)c(F)c2)[C@@H]2C=C[C@H]1C21CC1,1189.9999999999995,-3.0755469613925306,1,train
CC(C)CCN1CCC(NC(=O)[C@H]2[C@H](C(=O)NCCc3ccc(Cl)cc3)[C@@H]3C=C[C@H]2C32CC2)CC1,10400.00000000001,-4.017033339298781,1,train
O=C(NCCCCN1CCCC1)[C@H]1[C@H](C(=O)NCCc2ccc(Cl)cc2Cl)[C@@H]2C=C[C@H]1C21CC1,9709.999999999996,-3.9872192299080047,1,test
O=C(NCCCCN1CCCC1)[C@H]1[C@H](C(=O)NCCc2ccc(Cl)cc2)[C@@H]2C=C[C@H]1C21CC1,8269.999999999998,-3.9175055095525466,1,train
Cc1ccc(C)c(CNC(=O)[C@H]2[C@H](C(=O)NCCCCN3CCCC3)[C@H]3C=C[C@@H]2C32CC2)c1,11100.000000000004,-4.045322978786658,1,train
O=C(NCCCCN1CCCC1)[C@H]1[C@H](C(=O)NCc2cc(Cl)nc(Cl)c2)[C@@H]2C=C[C@H]1C21CC1,10600.000000000004,-4.02530586526477,1,train
O=C(NCCCCN1CCCC1)[C@H]1[C@H](C(=O)NCc2ccc(F)c(C(F)(F)F)c2)[C@@H]2C=C[C@H]1C21CC1,10000.0,-4.0,1,train
O=C(NCCCCN1CCCC1)[C@H]1[C@H](C(=O)NCc2cc(C(F)(F)F)ccc2F)[C@@H]2C=C[C@H]1C21CC1,9970.000000000004,-3.998695158311656,1,train
O=C(NCCCCN1CCCC1)[C@H]1[C@H](C(=O)NCc2cc(C(F)(F)F)ccc2Cl)[C@@H]2C=C[C@H]1C21CC1,9970.000000000004,-3.998695158311656,1,train
CC(=O)c1ccc(CNC(=O)[C@H]2[C@H](C(=O)NCCCCN3CCCC3)[C@H]3C=C[C@@H]2C32CC2)cc1,9740.000000000004,-3.988558956878616,1,train
O=C(NCCCCN1CCCC1)[C@H]1[C@H](C(=O)NCc2cc(F)cc(C(F)(F)F)c2)[C@@H]2C=C[C@H]1C21CC1,9089.999999999998,-3.958563883221968,1,train
COc1cc(CNC(=O)[C@H]2[C@H](C(=O)NCCCCN3CCCC3)[C@H]3C=C[C@@H]2C32CC2)ccn1,8869.999999999996,-3.9479236198317262,1,train
O=C(NCCCCN1CCCC1)[C@H]1[C@H](C(=O)NCc2cccc(OC(F)F)c2)[C@@H]2C=C[C@H]1C21CC1,8700.000000000004,-3.9395192526186182,1,train
CC(=O)c1cccc(CNC(=O)[C@H]2[C@H](C(=O)NCCCCN3CCCC3)[C@H]3C=C[C@@H]2C32CC2)c1,8350.0,-3.921686475483602,1,test
Cc1cc(C)cc(CNC(=O)[C@H]2[C@H](C(=O)NCCCCN3CCCC3)[C@H]3C=C[C@@H]2C32CC2)c1,7979.999999999995,-3.902002891350729,1,test
O=C(NCCCCN1CCCC1)[C@H]1[C@H](C(=O)NCc2cccc(C(F)(F)F)c2F)[C@@H]2C=C[C@H]1C21CC1,7909.999999999997,-3.898176483497677,1,train
Cc1nonc1CNC(=O)[C@H]1[C@H](C(=O)NCCCCN2CCCC2)[C@H]2C=C[C@@H]1C21CC1,7709.999999999996,-3.8870543780509568,0,test
O=C(NCCCCN1CCCC1)[C@H]1[C@H](C(=O)NCc2cc(F)cc(F)c2F)[C@@H]2C=C[C@H]1C21CC1,7500.000000000001,-3.8750612633917,1,train
O=C(NCCCCN1CCCC1)[C@H]1[C@H](C(=O)NCc2ccc(F)c(Br)c2)[C@@H]2C=C[C@H]1C21CC1,7409.999999999996,-3.869818207979328,1,train
O=C(NCCCCN1CCCC1)[C@H]1[C@H](C(=O)NCc2ccc(F)cc2Br)[C@@H]2C=C[C@H]1C21CC1,6899.999999999998,-3.838849090737255,1,train
CC(=O)c1cccc(NC(=O)[C@H]2[C@H](C(=O)NCCCCN3CCCC3)[C@H]3C=C[C@@H]2C32CC2)c1,6700.0,-3.8260748027008256,1,train
CC(=O)c1cnc(CNC(=O)[C@H]2[C@H](C(=O)NCCCCN3CCCC3)[C@H]3C=C[C@@H]2C32CC2)s1,6330.000000000002,-3.801403710017355,1,train
Cc1coc(NC(=O)[C@H]2[C@H](C(=O)NCCCCN3CCCC3)[C@H]3C=C[C@@H]2C32CC2)n1,5729.999999999998,-3.75815462196739,1,test
O=C(NCCCCN1CCCC1)[C@H]1[C@H](C(=O)NCc2cccc(Cl)c2F)[C@@H]2C=C[C@H]1C21CC1,4719.999999999997,-3.673941998634088,1,train
CC(=O)c1nc(CNC(=O)[C@H]2[C@H](C(=O)NCCCCN3CCCC3)[C@H]3C=C[C@@H]2C32CC2)cs1,3230.0000000000005,-3.509202522331103,1,train
Cc1ccc(CNC(=O)[C@H]2[C@H](C(=O)NCCCCN3CCCC3)[C@H]3C=C[C@@H]2C32CC2)c(C)c1,1799.9999999999998,-3.255272505103306,1,train
O=C(NCCCCN1CCCC1)[C@H]1[C@H](C(=O)NCc2c(F)cc(F)cc2F)[C@@H]2C=C[C@H]1C21CC1,1540.0,-3.187520720836463,1,test
CC(=O)c1csc(NC(=O)[C@H]2[C@H](C(=O)NCCCCN3CCCC3)[C@H]3C=C[C@@H]2C32CC2)n1,7850.000000000004,-3.8948696567452528,1,test
O=C(NCCCCN1CCCC1)[C@H]1[C@H](C(=O)NCCC2=CCCCC2)[C@@H]2C=C[C@H]1C21CC1,1739.999999999999,-3.2405492482825995,1,test
O=C(NCCCCN1CCCC1)[C@H]1[C@H](C(=O)Nc2cnc(Br)c(F)c2)[C@@H]2C=C[C@H]1C21CC1,168.0,-2.225309281725863,1,train
O=C(NCC1CCNCC1)[C@H]1[C@H](C(=O)Nc2ncc(Br)s2)[C@@H]2CC[C@H]1C21CC1,7.3,-0.8633228601204559,1,train
NCC1CCN(C(=O)[C@H]2[C@H](C(=O)Nc3ncc(Br)s3)[C@@H]3CC[C@H]2C32CC2)CC1,6.2,-0.7923916894982539,0,train
NCCCCNC(=O)[C@H]1[C@H](C(=O)Nc2ncc(Br)s2)[C@@H]2CC[C@H]1C21CC1,0.5,0.3010299956639812,1,train
NCCCCCNC(=O)[C@H]1[C@H](C(=O)Nc2ncc(Br)s2)[C@@H]2CC[C@H]1C21CC1,0.45,0.3467874862246563,1,train
CC(C)(C)OC(=O)NCCCCCNC(=O)[C@H]1[C@H](C(=O)Nc2ncc(Br)s2)[C@@H]2CC[C@H]1C21CC1,518.9999999999998,-2.7151673578484576,1,train
CC(C)(C)OC(=O)NCCCCNC(=O)[C@H]1[C@H](C(=O)Nc2ncc(Br)s2)[C@@H]2CC[C@H]1C21CC1,467.0000000000001,-2.6693168805661123,1,test
CC(C)CNC(=O)[C@H]1[C@H](C(=O)Nc2ncc(Br)s2)[C@@H]2CC[C@H]1C21CC1,82.0,-1.9138138523837167,1,test
O=C(NC1CCNCC1)[C@H]1[C@H](C(=O)Nc2ncc(Br)s2)[C@@H]2CC[C@H]1C21CC1,23.999999999999996,-1.380211241711606,1,train
O=C(NCCCCN1CCCC1)[C@H]1[C@H](C(=O)NCc2cc(F)c(Br)cc2F)[C@@H]2C=C[C@H]1C21CC1,300.99999999999983,-2.478566495593843,1,train
O=C(NCCCCN1CCCC1)[C@H]1[C@H](C(=O)NCc2cc(F)c(Br)c(F)c2)[C@@H]2C=C[C@H]1C21CC1,46.0,-1.662757831681574,1,train
O=C(NCCCCN1CCCC1)[C@H]1[C@H](C(=O)NCc2ccc(Br)c(F)c2F)[C@@H]2C=C[C@H]1C21CC1,40.000000000000014,-1.6020599913279625,1,train
NCCCCCNC(=O)[C@H]1[C@H](C(=O)NCc2ccc(Br)cc2F)[C@@H]2CC[C@H]1C21CC1,22.0,-1.3424226808222062,1,train
NCC1CCN(C(=O)[C@H]2[C@H](C(=O)Nc3ncc(Br)s3)[C@@H]3C=C[C@H]2C32CC2)CC1,19.0,-1.2787536009528289,0,test
O=C(NCC1CCNCC1)[C@H]1[C@H](C(=O)Nc2ncc(Br)s2)[C@@H]2C=C[C@H]1C21CC1,5.700000000000001,-0.7558748556724915,1,train
O=C(NC1CCNCC1)[C@H]1[C@H](C(=O)Nc2ncc(Br)s2)[C@@H]2C=C[C@H]1C21CC1,17.0,-1.230448921378274,1,train
NCCCCCNC(=O)[C@H]1[C@H](C(=O)Nc2ncc(Br)s2)[C@@H]2C=C[C@H]1C21CC1,0.955,0.0199966284162536,1,train
O=C(NCCCCN1CCCC1)[C@H]1[C@H](C(=O)NCc2ccc(Br)c(F)c2)[C@@H]2C=C[C@H]1C21CC1,117.0,-2.0681858617461617,1,train
NCCCCNC(=O)[C@H]1[C@H](C(=O)NCc2ccc(Br)cc2F)[C@@H]2C=C[C@H]1C21CC1,52.00000000000001,-1.7160033436347992,1,train
NCCCCCNC(=O)[C@H]1[C@H](C(=O)NCc2ccc(Br)cc2F)[C@@H]2C=C[C@H]1C21CC1,55.00000000000001,-1.740362689494244,1,train
O=C(NCCCCN1CCCC1)[C@H]1[C@H](C(=O)NCc2ccc(Br)cc2F)[C@@H]2CC[C@H]1C21CC1,12.999999999999998,-1.1139433523068367,1,train
O=C(NCCCCN1CCCC1)[C@H]1[C@H](C(=O)NCc2c(F)cc(Br)cc2F)[C@@H]2C=C[C@H]1C21CC1,28.0,-1.4471580313422192,1,train
O=C(NCCCCN1CCCC1)[C@H]1[C@H](C(=O)Nc2ccc(Br)c(F)c2F)[C@@H]2C=C[C@H]1C21CC1,236.00000000000009,-2.3729120029701067,1,train
O=C(NCCCCN1CCCC1)[C@H]1[C@H](C(=O)Nc2c(F)cc(Br)cc2F)[C@@H]2C=C[C@H]1C21CC1,9.4,-0.9731278535996988,1,test
O=C(NCCCCN1CCCC1)[C@H]1[C@H](C(=O)Nc2cc(F)c(Br)cc2F)[C@@H]2C=C[C@H]1C21CC1,102.99999999999996,-2.012837224705172,1,train
Cc1ccc(NC(=O)[C@H]2[C@H](C(=O)NCCC(N)=O)[C@H]3C=C[C@@H]2C32CC2)nc1,330.00000000000006,-2.5185139398778875,1,test
O=C(NCCCCN1CCCC1)[C@H]1[C@H](C(=O)NCc2cnc(Br)s2)[C@@H]2C=C[C@H]1C21CC1,212.99999999999997,-2.3283796034387376,1,train
O=C(NCC1CCNCC1)[C@H]1[C@H](C(=O)NCc2ccc(Br)cc2)[C@@H]2C=C[C@H]1C21CC1,54.000000000000014,-1.7323937598229686,1,test
CC(C)(CN)CNC(=O)[C@H]1[C@H](C(=O)NCc2ccc(Br)cc2)[C@@H]2C=C[C@H]1C21CC1,26.0,-1.414973347970818,1,train
NCc1ccc(CNC(=O)[C@H]2[C@H](C(=O)NCc3ccc(Br)cc3)[C@@H]3C=C[C@H]2C32CC2)cc1,367.0,-2.5646660642520893,1,train
NCc1cccc(CNC(=O)[C@H]2[C@H](C(=O)NCc3ccc(Br)cc3)[C@@H]3C=C[C@H]2C32CC2)c1,59.00000000000001,-1.7708520116421442,1,train
NCCCNC(=O)[C@H]1[C@H](C(=O)NCc2ccc(Br)cc2)[C@@H]2C=C[C@H]1C21CC1,76.0,-1.8808135922807916,1,train
O=C(NC1CCNCC1)[C@H]1[C@H](C(=O)NCc2ccc(Br)cc2)[C@@H]2C=C[C@H]1C21CC1,23.0,-1.3617278360175928,1,train
CNCCNC(=O)[C@H]1[C@H](C(=O)NCc2ccc(Br)cc2)[C@@H]2C=C[C@H]1C21CC1,350.0,-2.544068044350276,1,train
CC(C)(CN)CNC(=O)[C@H]1[C@H](C(=O)Nc2ncc(Br)s2)[C@@H]2C=C[C@H]1C21CC1,12.000000000000002,-1.0791812460476249,1,train
NCc1ccc(CNC(=O)[C@H]2[C@H](C(=O)Nc3ncc(Br)s3)[C@@H]3C=C[C@H]2C32CC2)cc1,45.00000000000001,-1.6532125137753435,1,train
CNCCNC(=O)[C@H]1[C@H](C(=O)Nc2ncc(Br)s2)[C@@H]2C=C[C@H]1C21CC1,98.0,-1.9912260756924949,1,train
CC(=O)c1csc(CNC(=O)[C@H]2[C@H](C(=O)NCC3CCNCC3)[C@H]3C=C[C@@H]2C32CC2)n1,384.0000000000001,-2.584331224367531,1,train
CC(=O)c1csc(CNC(=O)[C@H]2[C@H](C(=O)NCCCN)[C@H]3C=C[C@@H]2C32CC2)n1,273.0,-2.436162647040756,0,train
NC(=O)CCNC(=O)[C@H]1[C@H](C(=O)Nc2ccc(Cl)nc2)[C@@H]2CC[C@H]1C21CC1,23.999999999999996,-1.380211241711606,1,train
O=C(NCCCCN1CCCC1)[C@H]1[C@H](C(=O)Nc2ccc(Br)c(Cl)c2)[C@@H]2C=C[C@H]1C21CC1,367.0,-2.5646660642520893,1,test
Cc1cc(Br)ccc1NC(=O)[C@H]1[C@H](C(=O)NCCCCN2CCCC2)[C@H]2C=C[C@@H]1C21CC1,275.0000000000001,-2.439332693830263,1,train
O=C(NCCCCN1CCCC1)[C@H]1[C@H](C(=O)Nc2ccc(Br)cc2F)[C@@H]2C=C[C@H]1C21CC1,1.3,-0.1139433523068367,1,test
COc1ccc(NC(=O)[C@H]2[C@H](C(=O)NCCC(N)=O)[C@H]3CC[C@@H]2C32CC2)cc1,59.00000000000001,-1.7708520116421442,0,train
NC(=O)CCNC(=O)[C@H]1[C@H](C(=O)NCc2ccc(Br)cc2F)[C@@H]2CC[C@H]1C21CC1,70.99999999999999,-1.8512583487190752,1,train
NC(=O)CCNC(=O)[C@H]1[C@H](C(=O)NCc2ccc(Br)cc2)[C@@H]2CC[C@H]1C21CC1,113.00000000000006,-2.05307844348342,1,train
COc1ccc(NC(=O)[C@H]2[C@H](C(=O)NCCC(N)=O)[C@H]3C=C[C@@H]2C32CC2)cc1,32.00000000000001,-1.505149978319906,1,train
O=C(NCCCCN1CCCC1)[C@H]1[C@H](C(=O)Nc2ccc(Br)c(F)c2)[C@@H]2C=C[C@H]1C21CC1,0.87,0.0604807473813814,1,train
COc1ccc(NC(=O)[C@H]2[C@H](C(=O)NCCC(=O)O)[C@H]3C=C[C@@H]2C32CC2)cc1,516.0,-2.7126497016272118,1,train
NC(=O)CCNC(=O)[C@H]1[C@H](C(=O)NCc2cnc(Br)s2)[C@@H]2C=C[C@H]1C21CC1,884.0,-2.946452265013073,1,train
NC(=O)CCNC(=O)[C@H]1[C@H](C(=O)NCc2ccc(Br)cc2F)[C@@H]2C=C[C@H]1C21CC1,146.00000000000003,-2.164352855784437,1,train
NC(=O)CCNC(=O)[C@H]1[C@H](C(=O)NCc2ccc(Cl)nc2)[C@@H]2C=C[C@H]1C21CC1,31.0,-1.4913616938342726,1,test
NC(=O)CCNC(=O)[C@H]1[C@H](C(=O)NCc2ccc(Br)cn2)[C@@H]2C=C[C@H]1C21CC1,257.99999999999994,-2.41161970596323,1,train
O=C(NCCCCN1CCCC1)[C@H]1[C@H](C(=O)NCc2ccc(Br)nc2)[C@@H]2CC[C@H]1C21CC1,1.3,-0.1139433523068367,1,train
NC(=O)CCNC(=O)[C@H]1[C@H](C(=O)NCc2ccc(Br)nc2)[C@@H]2CC[C@H]1C21CC1,7.899999999999999,-0.8976270912904414,1,test
CN(C)CCCNC(=O)[C@H]1[C@H](C(=O)Nc2ncc(Br)s2)[C@@H]2C=C[C@H]1C21CC1,61.000000000000014,-1.7853298350107671,1,train
COCCNC(=O)[C@H]1[C@H](C(=O)Nc2ncc(Br)s2)[C@@H]2C=C[C@H]1C21CC1,44.0,-1.6434526764861874,1,train
O=C(NCCN1CCNC1=O)[C@H]1[C@H](C(=O)NCc2ccc(Br)cc2)[C@@H]2C=C[C@H]1C21CC1,181.00000000000003,-2.257678574869185,1,train
CN(C)CCNC(=O)[C@H]1[C@H](C(=O)NCc2ccc(Br)cc2)[C@@H]2C=C[C@H]1C21CC1,290.0,-2.462397997898956,1,test
CN1CCN(CCCNC(=O)[C@H]2[C@H](C(=O)NCc3ccc(Br)cc3)[C@@H]3C=C[C@H]2C32CC2)CC1,212.99999999999997,-2.3283796034387376,1,train
CCN(CC)CCCCNC(=O)[C@H]1[C@H](C(=O)NCc2ccc(Br)cc2)[C@@H]2C=C[C@H]1C21CC1,120.99999999999991,-2.08278537031645,1,train
O=C(NCCF)[C@H]1[C@H](C(=O)NCc2ccc(Br)cc2)[C@@H]2C=C[C@H]1C21CC1,673.0000000000002,-2.828015064223977,1,train
CCN(CC)CCCCNC(=O)[C@H]1[C@H](C(=O)Nc2ncc(Br)s2)[C@@H]2C=C[C@H]1C21CC1,54.000000000000014,-1.7323937598229686,1,train
CC(=O)c1csc(CNC(=O)[C@H]2[C@H](C(=O)NCCN3CCNC3=O)[C@H]3C=C[C@@H]2C32CC2)n1,82.0,-1.9138138523837167,1,train
CC(=O)c1csc(CNC(=O)[C@H]2[C@H](C(=O)NCCCN3CCN(C)CC3)[C@H]3C=C[C@@H]2C32CC2)n1,477.0,-2.678518379040114,1,train
CC(=O)c1csc(CNC(=O)[C@H]2[C@H](C(=O)NCCCN(C)C)[C@H]3C=C[C@@H]2C32CC2)n1,288.0000000000001,-2.459392487759231,1,test
CC(=O)c1csc(CNC(=O)[C@H]2[C@H](C(=O)NCCN(C)C)[C@H]3C=C[C@@H]2C32CC2)n1,64.99999999999999,-1.8129133566428557,1,train
CN1CCN(CCCNC(=O)[C@H]2[C@H](C(=O)Nc3ncc(Br)s3)[C@@H]3C=C[C@H]2C32CC2)CC1,48.99999999999999,-1.6901960800285136,1,test
CC(=O)c1csc(CNC(=O)[C@H]2[C@H](C(=O)NCCCN3CCCC3)[C@H]3C=C[C@@H]2C32CC2)n1,140.00000000000006,-2.146128035678238,1,train
CCOCCCNC(=O)[C@H]1[C@H](C(=O)NCc2ccc(Br)cc2)[C@@H]2C=C[C@H]1C21CC1,898.9999999999999,-2.9537596917332287,1,test
CCN(CC)CCCCNC(=O)[C@H]1[C@H](C(=O)NCc2nc(C(C)=O)cs2)[C@@H]2C=C[C@H]1C21CC1,97.0,-1.9867717342662448,1,train
CC(=O)c1csc(CNC(=O)[C@H]2[C@H](C(=O)NCCC(N)=O)[C@H]3C=C[C@@H]2C32CC2)n1,296.99999999999994,-2.4727564493172123,0,train
O=C(NCCN1CCNC1=O)[C@H]1[C@H](C(=O)Nc2ncc(Br)s2)[C@@H]2C=C[C@H]1C21CC1,9.099999999999998,-0.9590413923210936,1,train
O=C(NCCF)[C@H]1[C@H](C(=O)Nc2ncc(Br)s2)[C@@H]2C=C[C@H]1C21CC1,353.99999999999983,-2.549003262025788,1,test
Cc1cccc(-c2oc(C)nc2C(=O)Nc2cnn(Cc3nc(C(C)(C)O)co3)n2)c1,11.800000000000002,-1.0718820073061257,0,train
Cc1cccc(-c2oc(C)nc2C(=O)Nc2cnn(Cc3nc(C4(O)CC4)co3)n2)c1,7.6,-0.8808135922807914,0,train
CC(C)(O)c1coc(Cn2ncc(NC(=O)c3ncoc3-c3ccccc3)n2)n1,7.999999999999999,-0.9030899869919436,1,train
CC(C)(O)c1coc(Cn2ncc(NC(=O)c3ncoc3-c3ccc(F)cc3)n2)n1,50.99999999999999,-1.7075701760979365,0,train
Cc1nc(C(=O)Nc2cnn(Cc3nc(C(C)(C)O)co3)n2)c(-c2cccc(C(F)(F)F)c2)o1,21.700000000000003,-1.3364597338485296,0,train
COc1cccc(-c2oc(C)nc2C(=O)Nc2cnn(Cc3nc(C(C)(C)O)co3)n2)c1,12.699999999999998,-1.1038037209559568,0,test
Cc1nc(C(=O)Nc2cnn(Cc3nc(C(C)(C)O)co3)n2)c(-c2cccc(Cl)c2)o1,10.1,-1.0043213737826426,0,test
CC(C)(O)c1coc(Cn2ncc(NC(=O)c3ncoc3-c3cccc(Cl)c3)n2)n1,17.800000000000004,-1.250420002308894,0,train
COc1cccc(-c2ocnc2C(=O)Nc2cnn(Cc3nc(C(C)(C)O)co3)n2)c1,17.2,-1.235528446907549,0,train
Cc1nc(C(=O)Nc2cnn(Cc3nc(C(C)(C)O)co3)n2)c(-c2ccccc2)o1,10.3,-1.0128372247051722,0,train
CC(C)(O)c1coc(Cn2ncc(NC(=O)c3ncsc3-c3cccc(F)c3)n2)n1,82.30000000000001,-1.9153998352122696,1,train
Cc1nc(C(=O)Nc2cnn(Cc3nc(C(C)(C)O)co3)n2)c(-c2cccc(OC(F)(F)F)c2)o1,32.29999999999999,-1.5092025223311027,0,train
Cc1nc(C(=O)Nc2cnn(Cc3nc(C(C)(C)O)co3)n2)c(-c2cccc(F)c2)o1,13.199999999999998,-1.1205739312058498,0,train
Cc1cccc(-c2ocnc2C(=O)Nc2cnn(Cc3nc(C(C)(C)O)co3)n2)c1,11.3,-1.0530784434834195,0,train
Cc1cccc(-c2oc(C3CC3)nc2C(=O)Nc2cnn(Cc3nc(C(C)(C)O)co3)n2)c1,52.89999999999999,-1.7234556720351857,0,train
COc1ccc(NC(=O)N[C@H](Cc2c[nH]c3ccccc23)C(=O)NCC2(c3ccccc3)CC2)cc1,6500.000000000002,-3.812913356642856,0,train
O=C(Nc1ccc(F)cc1)N[C@@H](Cc1c[nH]c2ccccc12)C(=O)NCC1(c2ccccc2)CC1,2000.0,-3.3010299956639813,0,train
O=C(Nc1ccc([N+](=O)[O-])cc1)N[C@@H](Cc1c[nH]c2ccccc12)C(=O)NCC1(c2ccccc2)CC1,7600.0,-3.880813592280792,0,test
COc1cccc(Cc2cc(C)nn(C(C)C(=O)Nc3ccc(Cl)cc3)c2=O)c1,9549.930000000004,-3.980000188261741,1,train
CCCCC(C(=O)Nc1ccc(Cl)cc1)n1nc(C)cc(Cc2ccccc2OC)c1=O,61.04,-1.785614524946824,0,train
CCCCC(C(=O)Nc1ccc(Cl)cc1)n1nc(C)cc(Cc2cccc(OC)c2OC)c1=O,57.06999999999999,-1.756407872548958,0,train
CSCC[C@H](NC(=O)[C@@H](NC(=O)[C@H](CCSC)NC(=O)[C@H](Cc1ccc(O)cc1)NC(=O)[C@H](CCCCN)NC(=O)[C@@H](N)Cc1c[nH]c2ccccc12)C(C)C)C(=O)O,19.0,-1.2787536009528289,1,train
COC(=O)[C@@H](CC(C)C)NC(=O)[C@H](Cc1c[nH]c2ccccc12)NC(=O)c1ccccc1,10900.000000000004,-4.037426497940624,0,train
COC(=O)[C@@H](Cc1ccccc1)NC(=O)[C@H](Cc1c[nH]c2ccccc12)NC(=O)OC(C)(C)C,10500.000000000004,-4.021189299069938,0,train
COc1ccc(CC(C)NC(=O)Nc2ccc(Cl)cc2)cc1,23.0,-1.3617278360175928,0,train
COc1ccc(CC(CO)NC(=O)Nc2ccc(Cl)cc2)cc1,6.8,-0.8325089127062363,0,train
COc1ccc(CC(NC(=O)Nc2ccc(Cl)cc2)C(=O)O)cc1,31.0,-1.4913616938342726,0,train
COc1ccc(CC(NC(=O)Nc2ccc(Cl)cc2)C(N)=O)cc1,3.6,-0.5563025007672873,0,train
COc1ccc([C@@H]2NC(=O)[C@@H]2NC(=O)Nc2ccc(Cl)cc2)cc1,12.000000000000002,-1.0791812460476249,1,test
COc1ccc([C@@H]2CCNC(=O)[C@H]2NC(=O)Nc2ccc(Cl)cc2)cc1,0.11,0.958607314841775,0,train
COc1ccc([C@@H]2CNC(=O)[C@H]2NC(=O)Nc2ccc(F)cc2)cc1,0.085,1.0705810742857071,1,test
COc1ccc([C@@H]2CNC(=O)[C@H]2NC(=O)Nc2ccc(F)cc2)c(F)c1,0.45,0.3467874862246563,0,train
COc1ccc([C@@H]2CNC(=O)[C@H]2NC(=O)Nc2ccc(F)cc2)cc1F,0.9,0.0457574905606751,1,train
COc1ccc([C@@H]2CNC(=O)[C@H]2NC(=O)Nc2ccc(F)cc2)c(Cl)c1,4.0,-0.6020599913279624,0,train
COc1ccc([C@@H]2CNC(=O)[C@H]2NC(=O)Nc2ccc(F)cc2)c(C)c1,1.6,-0.2041199826559248,0,train
O=C(Nc1ccc(F)cc1)N[C@@H]1C(=O)NC[C@H]1c1ccc(Cl)cc1F,3.1,-0.4913616938342727,0,train
COc1cc(F)c([C@@H]2CNC(=O)[C@H]2NC(=O)Nc2ccc(F)cc2)cc1F,0.15,0.8239087409443188,0,train
COc1cc(F)c([C@@H]2CNC(=O)[C@H]2NC(=O)Nc2ccc(F)cc2)c(F)c1,0.14,0.8538719643217619,0,test
COc1cnc([C@@H]2CNC(=O)[C@H]2NC(=O)Nc2ccc(F)cc2)c(F)c1,0.36,0.4436974992327127,0,test
CCOc1cc(F)c([C@@H]2CNC(=O)[C@H]2NC(=O)Nc2ccc(F)cc2)c(F)c1,13.999999999999998,-1.146128035678238,1,train
CCc1cc(F)c([C@@H]2CNC(=O)[C@H]2NC(=O)Nc2ccc(F)cc2)c(F)c1,5.800000000000001,-0.7634279935629373,0,train
N#Cc1cc(F)c([C@@H]2CNC(=O)[C@H]2NC(=O)Nc2ccc(F)cc2)c(F)c1,9.699999999999998,-0.9867717342662448,0,train
CNc1cc(F)c([C@@H]2CNC(=O)[C@H]2NC(=O)Nc2ccc(F)cc2)c(F)c1,1.4,-0.146128035678238,1,train
COc1cc(F)c([C@@H]2CNC(=O)[C@H]2NC(=O)Nc2cccc(F)c2)c(F)c1,0.95,0.0222763947111522,1,train
COc1cc(F)c([C@@H]2CNC(=O)[C@H]2NC(=O)Nc2ccccc2F)c(F)c1,43.000000000000014,-1.6334684555795866,1,train
COc1cc(F)c([C@@H]2CNC(=O)[C@H]2NC(=O)Nc2ccccc2)c(F)c1,3.4700000000000006,-0.5403294747908738,1,train
COc1cc(F)c([C@@H]2CNC(=O)[C@H]2NC(=O)Nc2ccc(Cl)cc2)c(F)c1,0.11,0.958607314841775,0,test
COc1cc(F)c([C@@H]2CNC(=O)[C@H]2NC(=O)Nc2ccc(Br)cc2)c(F)c1,0.19,0.721246399047171,0,train
COc1cc(F)c([C@@H]2CNC(=O)[C@H]2NC(=O)Nc2ccc(C#N)cc2)c(F)c1,0.78,0.1079053973095195,1,train
COc1cc(F)c([C@@H]2CNC(=O)[C@H]2NC(=O)Nc2ccc(C)cc2)c(F)c1,2.0,-0.3010299956639812,1,train
COc1ccc(NC(=O)N[C@@H]2C(=O)NC[C@H]2c2c(F)cc(OC)cc2F)cc1,3.2000000000000006,-0.505149978319906,0,train
COc1cc(F)c([C@@H]2CNC(=O)[C@H]2NC(=O)Nc2ccc(F)c(F)c2)c(F)c1,0.16,0.7958800173440752,0,train
COc1cc(F)c([C@@H]2CNC(=O)[C@H]2NC(=O)Nc2ccc(F)c(O)c2)c(F)c1,0.087,1.0604807473813815,1,train
COc1cc(F)c([C@@H]2CNC(=O)[C@H]2NC(=O)Nc2ccc(Cl)c(O)c2)c(F)c1,0.0499999999999999,1.3010299956639813,1,test
COc1cc(F)c([C@@H]2CNC(=O)[C@H]2NC(=O)Nc2ccc(C)c(O)c2)c(F)c1,0.0779999999999999,1.1079053973095196,1,train
COc1cc(F)c([C@@H]2CNC(=O)[C@H]2NC(=O)Nc2ccc(Cl)cn2)c(F)c1,4.500000000000001,-0.6532125137753437,0,test
COc1cc(F)c([C@@H]2CNC(=O)[C@H]2NC(=O)Nc2ccc(Cl)s2)c(F)c1,0.29,0.5376020021010439,0,train
COc1cc(F)c([C@@H]2CNC(=O)[C@H]2NC(=O)Nc2ncc(Cl)s2)c(F)c1,1.9,-0.2787536009528289,1,train
COc1cc(F)c([C@@H]2CNC(=O)[C@H]2NC(=O)Nc2cc(C)ns2)c(F)c1,0.32,0.494850021680094,0,train
COc1cc(F)c([C@@H]2CNC(=O)[C@H]2NC(=O)Nc2cc3ccccc3s2)c(F)c1,0.76,0.1191864077192086,0,train
CC(C)C[C@H](NC(=O)Nc1ccc(Br)cc1)C(=O)NCC(=O)O,0.88,0.0555173278498313,0,train
CC(=O)c1coc(Cn2ccc(NC(=O)c3ncoc3-c3ccccc3)n2)n1,10.0,-1.0,0,train
COc1ccc([C@@H]2COC[C@@H]2NC(=O)Nc2ccc(F)cc2)cc1,0.25,0.6020599913279624,0,train
O=C(Nc1ccc(Br)nc1)C1C(C(=O)NC2CCNCC2)C2CCC1C21CC1,2.9,-0.4623979978989561,1,train
O=C(CNC(=O)Nc1ccc(Br)cc1)Nc1cccnc1,730.0,-2.863322860120456,0,train
CN1CCC(NC(=O)C(NC(=O)Nc2ccc(Br)cc2)C2CCCC2)CC1,3670.0,-3.5646660642520893,0,train
O=C(Nc1ccc(Br)cc1)NC(C(=O)NC1COC1)C1CCCC1,620.0,-2.792391689498254,0,train
O=C(Nc1ccc(Br)cc1)NC(C(=O)NC1CCOCC1)C1CCCC1,599.9999999999997,-2.7781512503836434,0,test
O=C(Nc1ccc(Br)cc1)NC1(C(=O)NCc2nn[nH]n2)CCCC1,272.0,-2.4345689040341987,0,train
CN1CCC(NC(=O)C2(NC(=O)Nc3ccc(Br)cc3)CCCC2)CC1,1600.000000000001,-3.204119982655925,0,train
O=C(Nc1ccc(Br)cc1)NC1(C(=O)Nc2ccccn2)CCCC1,6069.999999999998,-3.7831886910752575,0,train
N#Cc1ccc(NC(=O)NC2CCN(c3ccccc3F)C2=O)cc1,15000.000000000004,-4.176091259055681,0,test
CC(C)n1cc(N2CCC(NC(=O)Nc3ccc(Br)cc3)C2=O)cn1,884.0,-2.946452265013073,0,train
O=C(Nc1ccc(Br)cc1)NC1CCN(c2cnn(-c3ccncc3)c2)C1=O,3759.999999999998,-3.575187844927661,0,train
COc1cc(F)c([C@@H]2CNC(=O)[C@H]2Nc2nc3ccccc3[nH]2)c(F)c1,1300.0000000000005,-3.113943352306837,1,train
COc1cc(F)c([C@@H]2CNC(=O)[C@H]2c2nc3ccccc3[nH]2)c(F)c1,679.9999999999998,-2.832508912706236,1,train
COc1cc(F)c([C@@H]2CNC(=O)[C@H]2Nc2nnc(-c3ccccc3)o2)c(F)c1,249.99999999999997,-2.397940008672037,1,train
COc1cc(F)c([C@@H]2CNC(=O)[C@H]2c2nc3cc(Cl)ccc3[nH]2)c(F)c1,109.99999999999996,-2.041392685158225,1,train
COc1cc(F)c([C@@H]2CNC(=O)[C@H]2c2nc3cc(Cl)cnc3[nH]2)c(F)c1,40.000000000000014,-1.6020599913279625,1,train
COc1cc(F)c([C@@H]2CNC(=O)[C@H]2c2nc3nc(Cl)ccc3[nH]2)c(F)c1,2300.000000000001,-3.361727836017593,1,train
COc1cc(F)c([C@@H]2CNC(=O)[C@H]2Nc2nnc(-c3ccc(Cl)cc3)o2)c(F)c1,32.00000000000001,-1.505149978319906,1,test
COc1cc(F)c([C@@H]2CNC(=O)[C@H]2Nc2nnc(-c3ccc(Cl)cc3F)o2)c(F)c1,839.9999999999999,-2.9242792860618816,1,test
COc1ccc(-c2nnc(N[C@@H]3C(=O)NC[C@H]3c3c(F)cc(OC)cc3F)o2)cc1,3700.0,-3.568201724066995,0,test
COc1cc(F)c([C@@H]2CNC(=O)[C@H]2Nc2nnc(-c3ccc(OC(F)(F)F)cc3)o2)c(F)c1,53.000000000000014,-1.7242758696007892,0,train
COc1ccc([C@@H]2CNC(=O)[C@H]2Nc2nnc(-c3ccc(Cl)cc3)o2)c(F)c1,40.000000000000014,-1.6020599913279625,1,train
COc1ccc([C@@H]2CNC(=O)[C@H]2Nc2nnc(-c3ccc(Cl)cc3)o2)cc1,160.00000000000009,-2.204119982655925,0,train
COc1cc(F)c([C@@H]2CNC(=O)[C@H]2Nc2noc(-c3ccc(Cl)cc3)n2)c(F)c1,2499.9999999999995,-3.397940008672037,1,train
COc1cc(F)c([C@@H]2CNC(=O)[C@H]2Nc2nc(-c3ccc(Cl)cc3)no2)c(F)c1,3500.0000000000005,-3.544068044350276,1,train
COc1cc(F)c([C@@H]2CNC(=O)[C@H]2Nc2nnc(-c3ccc(Cl)cc3)s2)c(F)c1,37.0,-1.568201724066995,1,train
COc1cc(F)c([C@@H]2CNC(=O)[C@H]2Nc2ncc(-c3ccc(Cl)cc3)o2)c(F)c1,249.99999999999997,-2.397940008672037,1,train
COc1cc(F)c([C@@H]2CNC(=O)[C@H]2Nc2cc(-c3ccc(Cl)cc3)on2)c(F)c1,10.0,-1.0,1,test
COc1cc(F)c([C@@H]2CNC(=O)[C@H]2Nc2cc(-c3ccc(Cl)cc3)no2)c(F)c1,2199.9999999999995,-3.342422680822206,1,train
N#Cc1ccc(C[C@H](NC(=O)Nc2ccc(F)cc2)C(=O)N2CCC(F)(F)CC2)cc1,19500.00000000001,-4.290034611362518,0,test
CC1(C)CN(C(=O)[C@H](Cc2ccc(C#N)cc2)NC(=O)Nc2ccc(F)cc2)Cc2cc(F)ccc21,1600.000000000001,-3.204119982655925,0,test
