smiles,exp_mean [nM],y,cliff_mol,split
Oc1ccc(-c2cc(-c3ccc(O)cc3)cc(-c3ccc(O)cc3)c2)cc1,79.99999999999999,-1.9030899869919435,0,train
Oc1ccc(-c2cccc(-c3ccc(O)cc3)c2)cc1,800.0000000000003,-2.903089986991944,0,test
Oc1ccc(-c2ccc(-c3ccc(O)cc3)cc2)cc1,1199.9999999999995,-3.0791812460476247,0,train
CC1C(=O)c2cc(O)ccc2OC1c1ccc(O)cc1,4.0,-0.6020599913279624,0,train
Oc1cc(O)c2cc(-c3ccc(O)c(F)c3)sc2c1,1000.0,-3.0,0,train
C[C@]12CC[C@@H]3c4ccc(O)cc4CC[C@H]3[C@@H]1CC[C@@H]2O,1.0017277358490566,-0.0007496986911104,1,train
O=C(c1ccc(OCCN2CCCCC2)cc1)c1c(-c2ccc(O)cc2)sc2cc(O)ccc12,22.0,-1.3424226808222062,0,train
Cc1ccc(-c2cc3ccc(O)cc3s2)cc1,178.00000000000003,-2.250420002308894,1,train
CCCc1cc(-c2cc3ccc(O)cc3s2)ccc1O,161.99999999999994,-2.2095150145426308,0,train
CC/C(=C(/CC)c1ccc(O)cc1)c1ccc(O)cc1,0.1233333333333333,0.9089195306526674,1,train
Oc1ccc(-c2cc3ccc(O)cc3s2)cc1,1403.3333333333328,-3.1471608411160057,0,train
CCCCN(C)C(=O)CCCCCCCCCCS[C@H]1[C@@H]2[C@H](CC[C@]3(C)[C@@H](O)CC[C@@H]23)c2ccc(O)cc2[C@H]1O,40.000000000000014,-1.6020599913279625,0,train
C[C@]12CC[C@@H]3c4ccc(O)cc4C(O)[C@@H](Sc4ccc(Br)cc4)[C@H]3[C@@H]1CC[C@@H]2O,7.0,-0.8450980400142568,0,train
COc1ccc2c(c1)C[C@@H](Sc1ccc(OCCN3CCCCC3)cc1)[C@@H]1[C@@H]2CC[C@]2(C)[C@@H](O)CC[C@@H]12,336.00000000000006,-2.526339277389844,0,train
C[C@]12CC[C@@H]3c4ccc(O)cc4C[C@@H](Sc4ccc(/C=C/C(=O)O)cc4)[C@H]3[C@@H]1CC[C@@H]2O,12.999999999999998,-1.1139433523068367,0,train
CN(C)C(=O)/C=C/c1ccc(S[C@@H]2Cc3cc(O)ccc3[C@H]3CC[C@]4(C)[C@@H](O)CC[C@H]4[C@@H]32)cc1,173.00000000000003,-2.2380461031287955,0,train
CCCCN(C)C(=O)CCCCCCCCCCS[C@@H]1C(=O)c2cc(O)ccc2[C@H]2CC[C@]3(C)[C@@H](O)CC[C@H]3[C@H]12,28.0,-1.4471580313422192,0,train
CC(=O)O[C@H]1CC[C@H]2[C@@H]3[C@H](Sc4ccc(Br)cc4)C(=O)c4cc(O)ccc4[C@H]3CC[C@]12C,5.000000000000001,-0.6989700043360189,0,train
Oc1ccc([C@H]2N=CN[C@H]2c2ccc(O)cc2I)c(I)c1,1799.9999999999998,-3.255272505103306,1,train
CN(CCCc1ccc(Cl)cc1)c1nc(NCCc2ccc(O)cc2)nc(N2CCNCC2)n1,179.99999999999997,-2.255272505103306,0,train
CN(CCCc1ccc(F)cc1)c1nc(NCCc2ccc(O)cc2)nc(N2CCNCC2)n1,200.00000000000003,-2.3010299956639813,0,train
CN(C[C@@H]1C[C@@H]1c1ccccc1)c1nc(NCCc2ccc(O)cc2)nc(N2CCNCC2)n1,500.0,-2.6989700043360187,0,train
Cc1nc(CN2CCN(c3nc(NCCc4ccc(O)cc4)nc(N(C)CCCc4ccc(Cl)cc4)n3)CC2)cs1,150.00000000000003,-2.1760912590556813,0,train
Oc1ccc([C@H]2NC=N[C@H]2c2ccc(O)cc2Cl)c(Cl)c1,380.0,-2.57978359661681,1,train
Oc1ccc([C@@H]2N=CN[C@@H]2c2c(Cl)cc(O)cc2Cl)c(F)c1,620.0,-2.792391689498254,0,train
CN(CCCc1ccc(Cl)cc1)c1nc(NCCc2ccc(O)cc2)nc(N2CCN(CCO)CC2)n1,179.99999999999997,-2.255272505103306,0,test
Oc1ccc(CCNc2nc(SCCCc3ccc(Cl)cc3)nc(N3CCNCC3)n2)cc1,160.00000000000009,-2.204119982655925,0,train
N#CC(c1ccc(O)cc1)C(C#N)c1cccc(O)c1,150.00000000000003,-2.1760912590556813,0,train
C[C@H](c1ccc(O)cc1)[C@@H](C#N)c1ccc(O)cc1,5.200000000000001,-0.7160033436347992,0,train
N#CC(C#N)(Cc1ccc(O)cc1)c1ccc(O)cc1,40.000000000000014,-1.6020599913279625,0,train
O=C(C(Cc1ccc(O)cc1)c1ccc(O)cc1)C(F)(F)F,463.9999999999998,-2.6665179805548807,0,train
Cc1cc(O)ccc1CC(C#N)c1ccc(O)cc1,6.7,-0.8260748027008264,0,train
CC(=O)C(Cc1ccc(O)cc1)c1ccc(O)cc1,17.999999999999996,-1.255272505103306,0,test
Oc1ccc(CC(c2ccc(O)cc2)C(F)(F)C(F)(F)F)cc1,42.00000000000001,-1.6232492903979006,0,test
Cc1cc(O)ccc1C(C#N)Cc1ccc(O)cc1,16.0,-1.2041199826559248,0,train
N#CC(c1ccc(O)cc1)C(C#N)c1ccc(O)cc1,16.0,-1.2041199826559248,1,test
N#CC[C@H](Cc1ccc(O)cc1)c1ccc(O)cc1,130.00000000000006,-2.113943352306837,1,test
COC(=O)C(Cc1ccc(O)cc1)c1ccc(O)cc1,2.7,-0.4313637641589873,0,train
C#CC(Cc1ccc(O)cc1)c1ccc(O)cc1,3.1,-0.4913616938342727,1,train
Oc1ccc(CC(c2ccc(O)cc2)C(F)(F)F)cc1,2.9,-0.4623979978989561,1,test
CC(C#N)(Cc1ccc(O)cc1)c1ccc(O)cc1,23.0,-1.3617278360175928,0,train
CC#CC(Cc1ccc(O)cc1)c1ccc(O)cc1,0.38,0.4202164033831898,1,train
C#CC(c1ccc(O)cc1)C(C#C)c1ccc(O)cc1,73.0,-1.863322860120456,1,train
CC[C@H](c1ccc(O)cc1)[C@@H](C#N)c1ccc(O)cc1,0.0639999999999999,1.193820026016113,1,train
C[C@]12CC[C@@H]3c4ccc(OS(N)(=O)=O)cc4CC[C@H]3[C@@H]1CCC2=O,2599.999999999998,-3.4149733479708178,0,test
Oc1ccc(C2=Nc3c(O)cc(O)cc3OC2)cc1,1799.9999999999998,-3.255272505103306,0,train
CCC1Oc2cc(O)ccc2N=C1c1ccc(O)cc1,59.00000000000001,-1.7708520116421442,1,train
Oc1ccc2c(c1)CC1Oc3cc(O)ccc3N=C21,899.9999999999998,-2.9542425094393248,1,train
CC1(C)Oc2cc(O)ccc2N=C1c1ccc(O)cc1,3099.9999999999995,-3.4913616938342726,1,train
CCC1Oc2cc(O)cc(C)c2N=C1c1ccc(O)c(Br)c1,170.00000000000006,-2.230448921378274,1,test
CCC1Oc2cc(O)cc(O)c2N=C1c1ccc(O)cc1,170.00000000000006,-2.230448921378274,0,train
CC1(C)Oc2cc(O)cc(O)c2N=C1c1ccc(O)c(Br)c1,1400.0000000000005,-3.146128035678238,0,train
Oc1ccc2c(c1)CCC1Oc3cc(O)ccc3N=C21,12000.000000000007,-4.079181246047625,1,train
Oc1ccc(C2=Nc3ccc(O)cc3OC2)cc1,6899.999999999998,-3.838849090737255,1,train
CCC1Oc2cc(O)cc(O)c2N=C1c1ccc(O)c(Br)c1,2000.0,-3.3010299956639813,1,train
Cc1cc(O)cc2c1N=C(c1ccc(O)c(Br)c1)C(C)O2,46.0,-1.662757831681574,0,train
CCCC1Oc2cc(O)ccc2N=C1c1ccc(O)cc1,1700.000000000001,-3.230448921378274,1,train
CC1Oc2cc(O)ccc2N=C1c1ccc(O)cc1,63.99999999999999,-1.806179973983887,1,test
CCCN1C=N[C@@H](c2ccc(O)cc2Cl)[C@H]1c1ccc(O)cc1Cl,150.00000000000003,-2.1760912590556813,1,train
CCN1C=[N+](CC)[C@@H](c2ccc(O)cc2Cl)[C@H]1c1ccc(O)cc1Cl,500.0,-2.6989700043360187,0,train
CN1C=[N+](C)[C@@H](c2ccc(O)cc2Cl)[C@H]1c1ccc(O)cc1Cl,779.9999999999999,-2.8920946026904804,0,train
CN1C=N[C@@H](c2ccc(O)cc2Cl)[C@H]1c1ccc(O)cc1Cl,300.0000000000001,-2.4771212547196626,1,train
CCN1C=N[C@@H](c2ccc(O)cc2Cl)[C@H]1c1ccc(O)cc1Cl,15.000000000000004,-1.1760912590556811,1,train
N[C@H](c1ccc(O)cc1Cl)[C@@H](NC=O)c1ccc(O)cc1Cl,3000.0000000000014,-3.4771212547196626,0,train
N[C@H](c1ccc(O)cc1Cl)[C@@H](N)c1ccc(O)cc1Cl,1500.0000000000005,-3.1760912590556813,0,train
CC1=N[C@H](c2ccc(O)cc2Cl)[C@H](c2c(Cl)cc(O)cc2Cl)N1,4999.999999999999,-3.6989700043360183,0,train
O=c1c(-c2ccc(O)cc2)c(Sc2ccc(O)cc2)oc2cc(O)ccc12,1859.9999999999989,-3.269512944217916,0,test
O=c1c(-c2ccc(O)cc2)c(Oc2ccc(O)cc2)oc2cc(O)ccc12,1739.999999999999,-3.2405492482825995,0,train
O=c1c(-c2ccc(O)cc2)c(Oc2ccc(OCCN3CCCCC3)cc2)oc2cc(O)ccc12,200.00000000000003,-2.3010299956639813,0,train
O=c1c(-c2ccc(O)cc2)c(Sc2ccc(OCCN3CCCCC3)cc2)oc2cc(O)ccc12,770.0,-2.886490725172482,0,train
CCC(=C(c1ccc(O)cc1)c1ccc(OCCN(C)C)cc1)c1ccccc1,11.85,-1.0737183503461227,0,train
CC1=CC(C)(C)[C@@]2(O)CO[C@@H](c3ccc(O)cc3)[C@@H]1C2,140.99999999999991,-2.14921911265538,0,train
CC1=CC(C)(C)[C@@]2(O)CO[C@@H](c3ccc(O)cc3Cl)[C@@H]1C2,21.0,-1.3222192947339193,0,train
CC1=CC[C@@]2(O)CO[C@@H](c3ccc(O)cc3)[C@@H]1C2(C)C,59.00000000000001,-1.7708520116421442,0,train
CC1=CC[C@]2(O)C[C@H]1[C@H](c1ccc(O)cc1Cl)OC2(C)C,1.0,-0.0,0,train
CC1=CC[C@]2(O)C[C@H]1[C@H](c1ccc(O)cc1F)OC2(C)C,1.1,-0.041392685158225,0,train
CC1=CC[C@]2(O)C[C@H]1[C@H](c1ccc(O)c(F)c1)OC2(C)C,0.6,0.2218487496163563,0,test
CC1=CC[C@@]2(CO)CO[C@@H](c3ccc(O)cc3O)[C@@H]1C2,173.00000000000003,-2.2380461031287955,1,train
CC1=CC[C@@]2(CO)CO[C@@H](c3ccc(O)c(O)c3)[C@@H]1C2,2411.000000000001,-3.382197210377454,1,train
COc1cc([C@@H]2OC[C@]3(CO)CC=C(C)[C@H]2C3)ccc1O,1979.999999999999,-3.296665190261531,0,train
CC1=CC[C@@]2(CO)CO[C@@H](c3ccc(O)cc3)[C@]1(C)C2,203.00000000000003,-2.307496037913213,0,train
CC1=CC[C@@]2(CO)CO[C@@H](c3ccc(O)cc3Cl)[C@]1(C)C2,43.000000000000014,-1.6334684555795866,0,train
CC1=CC[C@@]2(CO)CO[C@@H](c3ccc(O)c(F)c3)[C@]1(C)C2,68.00000000000001,-1.8325089127062364,1,train
CC1=CC[C@@]2(CO)CO[C@@H](c3ccc(O)cc3F)[C@]1(C)C2,49.99999999999999,-1.6989700043360187,0,train
CC1=CC[C@@]2(CO)CO[C@@H](c3ccc(O)c(F)c3)[C@@H]1C2,3.6,-0.5563025007672873,1,train
CC1=CC[C@@]2(CO)CO[C@@H](c3ccc(O)cc3F)[C@@H]1C2,26.333333333333336,-1.420505836570779,1,train
CC1=CC[C@@H]2C[C@H]1[C@H](c1ccc(O)cc1)OC2(C)C,207.00000000000003,-2.315970345456918,0,test
CC1=CC[C@]2(O)C[C@H]1[C@H](c1ccc(O)cc1)OC2(C)C,1.6,-0.2041199826559248,0,test
CC1=CC[C@@]2(CO)CO[C@@H](c3ccc(O)c(C)c3)[C@@H]1C2,136.99999999999997,-2.1367205671564067,1,train
CC1=CC[C@@]2(CO)CO[C@@H](c3cc(C)c(O)c(C)c3)[C@@H]1C2,743.0000000000003,-2.8709888137605755,1,train
CC1=CC[C@@]2(CO)CO[C@@H](c3ccc(O)c(Cl)c3)[C@@H]1C2,36.0,-1.5563025007672873,1,train
CC1=CC[C@@]2(CO)CO[C@@H](c3ccc(O)c(Br)c3)[C@@H]1C2,336.00000000000006,-2.526339277389844,1,test
CC1=CC[C@@]2(CO)CO[C@@H](c3ccc(O)cc3C)[C@@H]1C2,92.0,-1.9637878273455556,1,train
CN(C)CCOc1ccc([C@H]2N=CN[C@H]2c2ccc(O)cc2)cc1,3469.999999999998,-3.5403294747908736,0,test
CN(C)CCOc1ccc([C@H]2N=CN[C@H]2c2ccc(O)cc2Cl)c(Cl)c1,1500.0000000000005,-3.1760912590556813,0,train
Oc1ccc([C@@H]2N=CN[C@@H]2c2ccc(OCCN3CCCC3)cc2Cl)c(Cl)c1,1819.9999999999995,-3.2600713879850747,1,train
Oc1ccc([C@@H]2N=CN[C@@H]2c2ccc(OCCN3CCCCC3)cc2Cl)c(Cl)c1,1700.000000000001,-3.230448921378274,1,train
Oc1cc(Cl)c([C@@H]2N=CN[C@@H]2c2ccc(OCCN3CCCCC3)cc2Cl)c(Cl)c1,85.00000000000003,-1.9294189257142929,1,test
CCC1=C(c2ccc(O)cc2)C(CC)c2cc(O)ccc21,0.059,1.2291479883578558,0,test
CCC1=C(c2ccc(O)cc2)Cc2cc(O)ccc21,0.31,0.5086383061657274,1,train
CCC1=C(c2ccc(O)cc2)C(C(=O)O)c2cc(O)ccc21,158.0,-2.198657086954422,0,test
CCC1=C(c2ccc(O)cc2)C(C(=O)Nc2ccc(OCCN3CCCCC3)cc2)c2cc(O)ccc21,100.0,-2.0,0,test
CCC1=C(c2ccc(O)cc2)C(C(=O)Nc2ccc(OCCN(C)C)cc2)c2cc(O)ccc21,152.00000000000003,-2.1818435879447726,0,train
CCC1=C(c2ccc(O)cc2)C(C(=O)Nc2ccc(O)cc2)c2cc(O)ccc21,427.00000000000017,-2.630427875025024,0,train
Oc1ccc(C2=C(c3ccccc3)c3ccc(O)cc3C2)cc1,4.3,-0.6334684555795865,0,train
Oc1ccc(C2=C(c3ccc(O)cc3)c3ccc(O)cc3C2)cc1,7.0,-0.8450980400142568,1,train
Oc1ccc(C2=C(c3ccc(F)cc3)c3ccc(O)cc3C2)cc1,3.9,-0.5910646070264992,1,train
Oc1ccc(C2=C(c3ccc(Cl)cc3)c3ccc(O)cc3C2)cc1,17.0,-1.230448921378274,0,test
Cc1ccc(C2=C(c3ccc(O)cc3)Cc3cc(O)ccc32)cc1,17.0,-1.230448921378274,0,train
Oc1ccc(C2=C(c3ccc(C(F)(F)F)cc3)c3ccc(O)cc3C2)cc1,15.000000000000004,-1.1760912590556811,0,train
Nc1ccc(C2=C(c3ccc(O)cc3)Cc3cc(O)ccc32)cc1,6.7,-0.8260748027008264,0,train
Oc1ccc(C2=C(c3ccc(CBr)cc3)c3ccc(O)cc3C2)cc1,109.00000000000004,-2.037426497940624,1,train
Oc1ccc(C2=C(Cc3ccccc3)c3ccc(O)cc3C2)cc1,13.999999999999998,-1.146128035678238,0,train
Oc1ccc(-c2[nH]c(C(F)(F)F)nc2-c2ccccc2)cc1,243.0,-2.385606273598312,0,train
Oc1ccc(-c2c(-c3ccccc3)[nH]c3ccccc23)cc1,38.49999999999999,-1.5854607295085006,0,train
C=C[C@]12CC[C@H](O)CC1=CCC1C2CC[C@@]2(C)C1CC[C@]2(C)O,494.00000000000017,-2.693726948923647,0,train
C[C@]12CCC3C(CC=C4C[C@@H](O)CC[C@@]43C=O)C1CC[C@@H]2O,844.0000000000001,-2.926342446625655,0,test
C[C@]12CC[C@H]3[C@@H](CC=C4C[C@@H](O)CC[C@@]43C)[C@@H]1CC[C@@H]2O,26.0,-1.414973347970818,1,test
C#CC[C@]12CC[C@H](O)CC1=CCC1C2CC[C@@]2(C)C1CC[C@@H]2O,983.9999999999995,-2.9929950984313414,0,train
CC#C[C@]12CC[C@H](O)CC1=CCC1C2CC[C@@]2(C)C1CC[C@@H]2O,1000.0,-3.0,0,train
C#C[C@]12CC[C@H](O)CC1=CCC1C2CC[C@@]2(C)C1CC[C@@H]2O,160.00000000000009,-2.204119982655925,0,train
C=CC[C@]12CC[C@H](O)CC1=CCC1C2CC[C@@]2(C)C1CC[C@@H]2O,1000.0,-3.0,0,test
CC/C=C\[C@]12CC[C@H](O)CC1=CCC1C2CC[C@@]2(C)C1CC[C@@H]2O,718.9999999999998,-2.8567288903828825,0,train
C[C@]12CCC3C(CC=C4C[C@@H](O)CC[C@@]43/C=C/Cl)C1CC[C@@H]2O,602.9999999999999,-2.780317312140151,0,train
CCN(c1ccccc1)S(=O)(=O)c1ccc(O)cc1,1600.000000000001,-3.204119982655925,1,train
CCN(c1ccccc1Br)S(=O)(=O)c1ccc(O)cc1,377.9999999999998,-2.577491799837225,0,train
CCCN(c1ccccc1)S(=O)(=O)c1ccc(O)cc1,1430.0000000000002,-3.155336037465062,0,train
CCN(c1ccccc1)S(=O)(=O)c1ccc(O)c(C)c1,2135.000000000001,-3.329397879361043,0,train
CC(C)N(c1ccccc1)S(=O)(=O)c1ccc(O)cc1,1985.0,-3.297760511099134,1,train
CCN(c1cccc(OC)c1)S(=O)(=O)c1ccc(O)cc1,829.9999999999997,-2.9190780923760737,0,train
CCN(c1ccccc1OC)S(=O)(=O)c1ccc(O)cc1,2171.000000000001,-3.33665982345442,1,train
O=S(=O)(c1ccc(O)cc1)N(Cc1ccccc1)c1ccccc1,241.9999999999999,-2.383815365980431,0,train
O=S(=O)(c1ccc(O)cc1)N(c1ccccc1)C1CCCCC1,533.9999999999998,-2.727541257028556,0,train
O=S(=O)(c1ccc(O)cc1)N(c1ccccc1)c1ccccc1,1542.999999999999,-3.188365926063148,0,test
CCCCN(c1ccccc1)S(=O)(=O)c1ccc(O)cc1,705.0000000000002,-2.848189116991399,0,train
C=CCN(c1ccccc1)S(=O)(=O)c1ccc(O)cc1,599.0000000000001,-2.7774268223893115,0,train
CCN(c1ccc(O)cc1)S(=O)(=O)c1ccc(O)cc1,1390.999999999999,-3.143327129992046,0,train
CCCN(c1ccccc1Br)S(=O)(=O)c1ccc(O)c(C)c1,480.0,-2.681241237375587,0,train
CCCN(c1ccccc1C(F)(F)F)S(=O)(=O)c1ccc(O)cc1,243.0,-2.385606273598312,0,train
CCCN(c1ccccc1Cl)S(=O)(=O)c1ccc(O)c(C)c1,650.0000000000002,-2.812913356642856,1,train
CCCN(c1ccccc1F)S(=O)(=O)c1ccc(O)cc1,160.99999999999994,-2.206825876031849,1,train
CCCN(c1ccccc1Br)S(=O)(=O)c1ccc(O)cc1,150.99999999999994,-2.1789769472931693,1,train
CCCN(c1c(C)cccc1CC)S(=O)(=O)c1ccc(O)c(C)c1,12.000000000000002,-1.0791812460476249,1,train
CCCN(c1c(C)cccc1C)S(=O)(=O)c1ccc(O)c(C)c1,75.00000000000001,-1.8750612633917,1,train
CCCN(c1c(Cl)cccc1Cl)S(=O)(=O)c1ccc(O)c(C)c1,377.9999999999998,-2.577491799837225,1,test
CCCN(c1c(CC)cccc1CC)S(=O)(=O)c1ccc(O)c(C)c1,212.99999999999997,-2.3283796034387376,1,train
CCCN(c1c(C)cccc1Cl)S(=O)(=O)c1ccc(O)c(C)c1,153.00000000000003,-2.184691430817599,1,test
CCCN(c1c(C)cccc1Cl)S(=O)(=O)c1ccc(O)cc1,63.0,-1.7993405494535817,0,train
CCCN(c1ccccc1Cl)S(=O)(=O)c1ccc(O)cc1,144.00000000000003,-2.1583624920952498,1,train
CCCN(c1ccccc1C)S(=O)(=O)c1ccc(O)c(C)c1,922.9999999999998,-2.965201701025912,1,test
CCC1=C2c3ccc4[nH]ncc4c3CC2(CC)CCC1=O,59.00000000000001,-1.7708520116421442,1,test
CC[C@@]12CCC(=O)C(Cl)=C1c1ccc3[nH]ncc3c1C2,152.00000000000003,-2.1818435879447726,0,train
CC[C@@]12CCC(=O)C(Br)=C1c1ccc3[nH]ncc3c1C2,64.99999999999999,-1.8129133566428557,1,train
O=C1CC[C@@]2(CCC3CC3)Cc3c(ccc4[nH]ncc34)C2=C1Br,61.000000000000014,-1.7853298350107671,0,train
CC[C@@]12CCC(=O)C(C(F)(F)F)=C1c1ccc3[nH]ncc3c1C2,49.99999999999999,-1.6989700043360187,0,test
CC[C@@]12CCC(=O)C(c3ccccc3)=C1c1ccc3[nH]ncc3c1C2,72.00000000000001,-1.8573324964312683,0,train
CCC12CCC(=O)C(C(=O)OC)=C1c1ccc3[nH]ncc3c1C2,1170.0000000000002,-3.0681858617461617,0,train
CCC12CCC(=O)C(Br)=C1c1ccc3[nH]ncc3c1C2=O,48.99999999999999,-1.6901960800285136,1,train
CC[C@@]12CCC(=O)C(C(F)(F)F)=C1c1ccc3[nH]ncc3c1C2=O,10.4,-1.0170333392987805,1,train
CCC12CCC(=O)C(Br)=C1c1ccc3[nH]nc(F)c3c1C2,33.10000000000001,-1.5198279937757189,1,test
CC[C@@]12CCC(=O)C(C(F)(F)F)=C1c1ccc3[nH]nc(F)c3c1C2,8.3,-0.919078092376074,1,train
O=C1CCC2(Cc3ccccc3)Cc3cc(O)ccc3C2=C1c1ccc(OCCN2CCCCC2)cc1,13.999999999999998,-1.146128035678238,0,train
O=C1CCC2(Cc3ccccc3)Cc3cc(O)ccc3C2=C1c1ccc(O)cc1,10.999999999999996,-1.041392685158225,0,train
O=C1CCC2(Cc3ccc(Cl)cc3)Cc3cc(O)ccc3C2=C1c1ccc(OCCN2CCCCC2)cc1,40.99999999999999,-1.6127838567197357,0,train
O=C1CCC2(Cc3ccccc3)Cc3c(ccc4[nH]ncc34)C2=C1c1ccc(OCCN2CCCCC2)cc1,300.0000000000001,-2.4771212547196626,0,train
CCC12CCC(=O)C=C1c1ccc3[nH]nnc3c1C2,1232.999999999999,-3.0909630765957314,0,train
CCCC[C@@]12CCC(=O)C(c3cccs3)=C1c1ccc3[nH]nnc3c1C2,78.99999999999999,-1.8976270912904412,1,test
CCCCC12CCC(=O)C(c3ccco3)=C1c1ccc3[nH]nnc3c1C2,870.0000000000003,-2.9395192526186187,1,train
CCCC[C@@]12CCC(=O)C(C(F)(F)F)=C1c1ccc3[nH]nnc3c1C2,168.99999999999997,-2.227886704613673,1,train
CCCCC12CCC(=O)C(CCC)=C1c1ccc3[nH]nnc3c1C2,1177.9999999999998,-3.0711452904510828,0,test
CCCC12CCC(=O)C(Br)=C1c1ccc3[nH]nnc3c1C2,560.9999999999997,-2.748962861256161,1,test
CCCC12CCC(=O)C(CC)=C1c1ccc3[nH]nnc3c1C2,119.99999999999996,-2.0791812460476247,1,train
CCCC12CCC(=O)C(C)=C1c1ccc3[nH]nnc3c1C2,449.00000000000006,-2.6522463410033232,0,test
CC[C@@]12CCC(=O)C(C(F)(F)F)=C1c1ccc3[nH]nnc3c1C2,241.0,-2.3820170425748683,1,test
CCC12CCC(=O)C(Br)=C1c1ccc3[nH]nnc3c1C2,1267.0000000000005,-3.102776614883441,1,test
CCC12CCC(=O)C(c3ccc(O)cc3)=C1c1ccc3[nH]nnc3c1C2,900.9999999999995,-2.954724790979063,0,train
CCCCC1=C2c3ccc4[nH]nnc4c3CC2(CC)CCC1=O,680.9999999999999,-2.833147111912785,1,train
CCCC1=C2c3ccc4[nH]nnc4c3CC2(CC)CCC1=O,794.0000000000003,-2.8998205024270964,1,train
CCC12CCC(=O)C(C)=C1c1ccc3[nH]nnc3c1C2,671.0,-2.826722520168992,1,train
Oc1ccc(-c2n[nH]c3cc(O)ccc23)c(O)c1,298.00000000000006,-2.4742162640762557,0,train
Cn1nc(-c2ccc(O)cc2O)c2ccc(O)cc21,3715.000000000001,-3.569958818096594,0,test
CCn1nc(-c2ccc(O)cc2O)c2ccc(O)cc21,3070.0000000000005,-3.4871383754771865,0,train
Oc1ccc(-c2nn(CC(F)(F)F)c3cc(O)ccc23)c(O)c1,4790.0,-3.680335513414563,0,train
CCCn1nc(-c2ccc(O)cc2O)c2ccc(O)cc21,1216.9999999999995,-3.085290578230065,0,train
CCCCn1nc(-c2ccc(O)cc2O)c2ccc(O)cc21,549.0,-2.739572344450092,0,train
Cc1ccc(-n2nc(-c3ccc(O)cc3O)c3ccc(O)cc32)cc1,149.0,-2.173186268412274,0,train
Oc1ccc(-c2nn(-c3cccc(F)c3)c3cc(O)ccc23)c(O)c1,140.00000000000006,-2.146128035678238,0,train
Oc1ccc(-c2nn(Cc3ccccc3)c3c(Cl)cccc23)cc1,389.9999999999999,-2.591064607026499,0,train
CCCCn1nc(-c2ccc(O)cc2)c2cccc(Cl)c21,63.0,-1.7993405494535817,0,test
CCCn1nc(-c2ccc(O)cc2)c2cccc(C)c21,302.99999999999983,-2.481442628502305,0,train
CC(C)n1nc(-c2ccc(O)cc2)c2cccc(C(F)(F)F)c21,10.999999999999996,-1.041392685158225,0,train
CCCn1nc(-c2ccc(O)cc2)c2cccc(Cl)c21,138.0,-2.1398790864012365,0,test
Oc1ccc(-c2nn(C3CCCC3)c3c(Cl)cccc23)cc1,98.0,-1.9912260756924949,0,train
Oc1ccc(-c2nn(C3CCCC3)c3c(F)cccc23)cc1,330.00000000000006,-2.5185139398778875,0,train
CCCCCCCCCCCCNc1c(Cc2ccccc2C)c(=O)oc2ccccc12,100.0,-2.0,0,test
CCN1CC(c2ccc(O)cc2)Cc2ccc(O)cc21,24330.000000000007,-4.386142108930819,0,test
CN1CC(c2ccc(O)cc2)Cc2ccc(O)cc21,15200.000000000002,-4.181843587944773,0,train
C[C@]12CC[C@H]3[C@@H](CC=C4[C@H]5CC[C@]43CCC5=O)[C@@H]1CC[C@@H]2O,406.9999999999999,-2.60959440922522,0,train
C[C@]12CC[C@H]3[C@@H](CC[C@H]4[C@H]5CCC[C@]43CC[C@@H]5O)[C@@H]1CC[C@@H]2O,1300.0000000000005,-3.113943352306837,0,test
C[C@]12CC[C@H]3[C@@H](CC=C4[C@H]5CC=C[C@]43CC[C@@H]5O)[C@@H]1CC[C@@H]2O,4893.000000000002,-3.6895752157599375,0,train
CC1=CC2=CC[C@H]3[C@@H]4CC[C@H](O)[C@@]4(C)CC[C@@H]3[C@@]2(C)CC1,540.0000000000001,-2.7323937598229686,1,train
C=C[C@]12CCC(=C)C=C1CC[C@H]1[C@@H]3CC[C@H](O)[C@@]3(C)CC[C@@H]12,430.0000000000001,-2.633468455579586,0,test
C#C[C@]1(O)CC[C@H]2[C@@H]3CC=C4C=C(C)CC[C@]4(C=C)[C@H]3CC[C@@]21C,490.0000000000002,-2.690196080028514,0,train
C=C[C@]12CCC(Cl)=CC1=CC[C@H]1[C@@H]3CC[C@H](O)[C@@]3(C)CC[C@@H]12,820.0,-2.9138138523837167,0,test
O/N=C/c1ccc(-c2ccc(O)cc2)c(Cl)c1O,26.0,-1.414973347970818,0,train
C#CCN1C=NC(c2ccc(O)cc2Cl)C1c1ccc(O)cc1Cl,10.0,-1.0,1,test
O/N=C/c1ccc(-c2ccc(O)c(F)c2)c(Cl)c1O,19.0,-1.2787536009528289,0,train
O/N=C/c1cc(-c2ccc(O)cc2)ccc1O,17.0,-1.230448921378274,0,train
COc1cc([C@H]2O[C@@H](c3cc(OC)c4c(c3)OCO4)[C@@H](CO)[C@@H]2COC(C)=O)cc2c1OCO2,3099.9999999999995,-3.4913616938342726,0,train
CC(Cc1ccc(O)cc1)c1ccc(O)cn1,330.00000000000006,-2.5185139398778875,1,train
CCC(Cc1ccc(O)cc1)c1ccc(O)cn1,64.99999999999999,-1.8129133566428557,1,train
CC(Cc1ccc(O)cn1)c1ccc(O)cc1,440.0,-2.6434526764861874,1,train
CC[C@H](c1ccc(O)cn1)[C@@H](C)c1ccc(O)cc1,0.11,0.958607314841775,0,train
CC(Cc1ccc(O)cc1)c1ccc(O)cc1,6.5,-0.8129133566428556,1,train
Oc1ccc(CCc2ccc(O)cc2)cc1,75.09999999999998,-1.8756399370041683,1,train
CCCC(C)(Cc1ccc(O)cc1)c1ccc(O)cc1,20.2,-1.3053513694466237,1,train
CC(C)(Cc1ccc(O)cc1)c1ccc(O)cc1,16.200000000000003,-1.209515014542631,1,train
C/C(=C\c1ccc(O)cc1)c1ccc(O)cc1,11.199999999999998,-1.0492180226701815,1,train
CCC(C)(Cc1ccc(O)cc1)c1ccc(O)cc1,10.700000000000005,-1.0293837776852095,1,train
CCCC(Cc1ccc(O)cc1)c1ccc(O)cc1,2.0,-0.3010299956639812,1,train
CC/C(=C\c1ccc(O)cc1)c1ccc(O)cc1,0.5200000000000001,0.2839966563652008,1,train
C[C@]12CC[C@@H]3c4ccc(O)cc4CC[C@H]3[C@@H]1CC[C@@]2(O)C#Cc1ccc(CO)cc1,27.000000000000004,-1.4313637641589874,0,train
Cn1cc([C@]2(O)CC[C@H]3[C@@H]4CCc5cc(O)ccc5[C@H]4CC[C@@]32C)nn1,27.000000000000004,-1.4313637641589874,0,train
C[C@]12CC[C@@H]3c4ccc(O)cc4CC[C@H]3[C@@H]1CC[C@@]2(O)c1cn(C[C@H]2O[C@@H]3O[C@H]4[C@H](O)[C@@H](O)[C@@H](O[C@H]5[C@H](O)[C@@H](O)[C@@H](O[C@H]6[C@H](O)[C@@H](O)[C@@H](O[C@H]7[C@H](O)[C@@H](O)[C@@H](O[C@H]8[C@H](O)[C@@H](O)[C@@H](O[C@H]9[C@H](O)[C@@H](O)[C@@H](O[C@H]2[C@H](O)[C@H]3O)O[C@@H]9CO)O[C@@H]8CO)O[C@@H]7CO)O[C@@H]6CO)O[C@@H]5CO)O[C@@H]4CO)nn1,4000.000000000001,-3.6020599913279625,0,train
C[C@]12CC[C@@H]3c4ccc(O)cc4CC[C@H]3[C@@H]1CC[C@@]2(O)C#Cc1ccc(CNC[C@H]2O[C@@H]3O[C@H]4[C@H](O)[C@@H](O)[C@@H](O[C@H]5[C@H](O)[C@@H](O)[C@@H](O[C@H]6[C@H](O)[C@@H](O)[C@@H](O[C@H]7[C@H](O)[C@@H](O)[C@@H](O[C@H]8[C@H](O)[C@@H](O)[C@@H](O[C@H]9[C@H](O)[C@@H](O)[C@@H](O[C@H]2[C@H](O)[C@H]3O)O[C@@H]9CO)O[C@@H]8CO)O[C@@H]7CO)O[C@@H]6CO)O[C@@H]5CO)O[C@@H]4CO)cc1,4000.000000000001,-3.6020599913279625,1,test
C[C@]12CC[C@@H]3c4ccc(O)cc4CC[C@H]3[C@@H]1CC[C@@]2(O)C#Cc1ccc(N)cc1,10.0,-1.0,0,train
C[C@]12CC[C@@H]3c4ccc(O)cc4CC[C@H]3[C@@H]1CC[C@@]2(O)C#Cc1ccc(CNC[C@H]2O[C@@H]3O[C@H]4[C@H](O)[C@@H](O)[C@@H](O[C@H]5[C@H](O)[C@@H](O)[C@@H](O[C@H]6[C@H](O)[C@@H](O)[C@@H](O[C@H]7[C@H](O)[C@@H](O)[C@@H](O[C@H]8[C@H](O)[C@@H](O)[C@@H](O[C@H]9[C@H](O)[C@@H](O)[C@@H](O[C@H]2[C@H](O)[C@H]3O)O[C@@H]9CNCc2ccc(C#C[C@]3(O)CC[C@H]9[C@@H]%10CCc%11cc(O)ccc%11[C@H]%10CC[C@@]93C)cc2)O[C@@H]8CNCc2ccc(C#C[C@]3(O)CC[C@H]8[C@@H]9CCc%10cc(O)ccc%10[C@H]9CC[C@@]83C)cc2)O[C@@H]7CNCc2ccc(C#C[C@]3(O)CC[C@H]7[C@@H]8CCc9cc(O)ccc9[C@H]8CC[C@@]73C)cc2)O[C@@H]6CNCc2ccc(C#C[C@]3(O)CC[C@H]6[C@@H]7CCc8cc(O)ccc8[C@H]7CC[C@@]63C)cc2)O[C@@H]5CNCc2ccc(C#C[C@]3(O)CC[C@H]5[C@@H]6CCc7cc(O)ccc7[C@H]6CC[C@@]53C)cc2)O[C@@H]4CNCc2ccc(C#C[C@]3(O)CC[C@H]4[C@@H]5CCc6cc(O)ccc6[C@H]5CC[C@@]43C)cc2)cc1,300.0000000000001,-2.4771212547196626,1,train
CC#C[C@]1(O)CC[C@H]2[C@@H]3CCc4cc(O)ccc4[C@H]3CC[C@@]21C,0.028,1.5528419686577808,1,train
C=CC1=C(C=C(C)C)C(c2cccc(C(=O)Oc3ccc4c(c3)CC[C@@H]3[C@@H]4CC[C@@]4(C)[C@H]3CC[C@@]4(O)c3cn(C[C@H]4O[C@@H]5O[C@H]6[C@H](O)[C@@H](O)[C@@H](O[C@H]7[C@H](O)[C@@H](O)[C@@H](O[C@H]8[C@H](O)[C@@H](O)[C@@H](O[C@H]9[C@H](O)[C@@H](O)[C@@H](O[C@H]%10[C@H](O)[C@@H](O)[C@@H](O[C@H]%11[C@H](O)[C@@H](O)[C@@H](O[C@H]4[C@H](O)[C@H]5O)O[C@@H]%11CCn4cc([C@]5(O)CC[C@H]%11[C@@H]%12CCc%13cc(O)ccc%13[C@H]%12CC[C@@]%115C)nn4)O[C@@H]%10Cn4cc([C@]5(O)CC[C@H]%10[C@@H]%11CCc%12cc(OC(=O)c%13cccc(C%14c%15cc(C)c(N(C)C)cc%15Cc%15cc(N(C)C)c(C)cc%15%14)c%13C(=O)O)ccc%12[C@H]%11CC[C@@]%105C)nn4)O[C@@H]9Cn4cc([C@]5(O)CC[C@H]9[C@@H]%10CCc%11cc(OC(=O)c%12cccc(C%13c%14cc(C)c(N(C)C)cc%14Cc%14cc(N(C)C)c(C)cc%14%13)c%12C(=O)O)ccc%11[C@H]%10CC[C@@]95C)nn4)O[C@@H]8Cn4cc([C@]5(O)CC[C@H]8[C@@H]9CCc%10cc(OC(=O)c%11cccc(C%12c%13cc(C)c(N(C)C)cc%13Cc%13cc(N(C)C)c(C)cc%13%12)c%11C(=O)O)ccc%10[C@H]9CC[C@@]85C)nn4)O[C@@H]7Cn4cc([C@]5(O)CC[C@H]7[C@@H]8CCc9cc(OC(=O)c%10cccc(C%11c%12cc(C)c(N(C)C)cc%12Cc%12cc(N(C)C)c(C)cc%12%11)c%10C(=O)O)ccc9[C@H]8CC[C@@]75C)nn4)O[C@@H]6Cn4cc([C@]5(O)CC[C@H]6[C@@H]7CCc8cc(OC(=O)c9cccc(C%10C(/C=C(\C)N(C)C)=C(C=C)Cc%11cc(N(C)C)c(C)cc%11%10)c9C(=O)O)ccc8[C@H]7CC[C@@]65C)nn4)nn3)c2C(=O)O)c2cc(C)c(N(C)C)cc2C1,1500.0000000000005,-3.1760912590556813,0,train
CCN/C=C/C1=C(C=C(C)C)C(c2ccccc2C(=O)Oc2ccc3c(c2)CC[C@@H]2[C@@H]3CC[C@@]3(C)[C@H]2CC[C@@]3(O)c2cn(C[C@H]3O[C@@H]4O[C@H]5[C@H](O)[C@@H](O)[C@@H](O[C@H]6[C@H](O)[C@@H](O)[C@@H](O[C@H]7[C@H](O)[C@@H](O)[C@@H](O[C@H]8[C@H](O)[C@@H](O)[C@@H](O[C@H]9[C@H](O)[C@@H](O)[C@@H](O[C@H]%10[C@H](O)[C@@H](O)[C@@H](O[C@H]3[C@H](O)[C@H]4O)O[C@@H]%10Cn3cc([C@]4(O)CC[C@H]%10[C@@H]%11CCc%12cc(OC(=O)c%13ccccc%13C%13c%14cc(C)c(NCC)cc%14Cc%14cc(NCC)c(C)cc%14%13)ccc%12[C@H]%11CC[C@@]%104C)nn3)O[C@@H]9CCn3cc([C@]4(O)CC[C@H]9[C@@H]%10CCc%11cc(OC(=O)c%12ccccc%12C%12c%13cc(C)c(NCC)cc%13Cc%13cc(NCC)c(C)cc%13%12)ccc%11[C@H]%10CC[C@@]94C)nn3)O[C@@H]8Cn3cc([C@]4(O)CC[C@H]8[C@@H]9CCc%10cc(OC(=O)c%11ccccc%11C%11c%12cc(C)c(NCC)cc%12Cc%12cc(NCC)c(C)cc%12%11)ccc%10[C@H]9CC[C@@]84C)nn3)O[C@@H]7Cn3cc([C@]4(O)CC[C@H]7[C@@H]8CCc9cc(OC(=O)c%10ccccc%10C%10c%11cc(C)c(NCC)cc%11Cc%11cc(NCC)c(C)cc%11%10)ccc9[C@H]8CC[C@@]74C)nn3)O[C@@H]6Cn3cc([C@]4(O)CC[C@H]6[C@@H]7CCc8cc(OC(=O)c9ccccc9C9c%10cc(C)c(NCC)cc%10Cc%10cc(NCC)c(C)cc%109)ccc8[C@H]7CC[C@@]64C)nn3)O[C@@H]5Cn3cc([C@]4(O)CC[C@H]5[C@@H]6CCc7cc(OC(=O)c8ccccc8C8c9cc(C)c(NCC)cc9Cc9cc(NCC)c(C)cc98)ccc7[C@H]6CC[C@@]54C)nn3)nn2)c2cc(C)c(NCC)cc2C1,2599.999999999998,-3.4149733479708178,0,test
CCOC(=O)C1(C#N)Cc2ccc([C@]3(O)CC[C@H]4[C@@H]5CCc6cc(O)ccc6[C@H]5CC[C@@]43C)cc2C1,6.9190000000000005,-0.840043330603494,1,train
CCOC(=O)C1(C(=O)OCC)Cc2ccc([C@]3(O)CC[C@H]4[C@@H]5CCc6cc(O)ccc6[C@H]5CC[C@@]43C)cc2C1,14.06,-1.147985320683805,1,train
CCOC(=O)C1(C(C)=O)Cc2ccc([C@]3(O)CC[C@H]4[C@@H]5CCc6cc(O)ccc6[C@H]5CC[C@@]43C)cc2C1,18.79,-1.2739267801005256,1,test
CC(=O)C1(C(C)=O)Cc2ccc([C@]3(O)CC[C@H]4[C@@H]5CCc6cc(O)ccc6[C@H]5CC[C@@]43C)cc2C1,335.73999999999984,-2.526003086092813,1,train
Cc1ccc(S(=O)(=O)N2Cc3ccc([C@]4(O)CC[C@H]5[C@@H]6CCc7cc(O)ccc7[C@H]6CC[C@@]54C)cc3C2)cc1,92.04,-1.9639766099966056,0,train
Cc1ccccc1-c1c(C(F)(F)F)oc2cc(O)ccc2c1=O,43.8,-1.6414741105040995,0,train
Cc1cccc(Oc2c(C(F)(F)F)oc3cc(O)ccc3c2=O)c1,231.00000000000009,-2.3636119798921444,0,train
O=c1c(-c2ccc(F)cc2)c(C(F)(F)F)oc2cc(O)ccc12,331.0000000000001,-2.519827993775719,1,train
O=C(COC(=O)c1cccc(O)c1)c1ccc(Cl)cc1,3080.0000000000005,-3.4885507165004443,0,train
O=c1oc2ccccc2cc1-c1ccc(O)cc1,4130.000000000001,-3.615950051656401,0,train
Oc1ccc(NCc2ccccc2OCc2ccccc2F)cc1,12800.000000000013,-4.107209969647869,0,train
O=C1/C(=C\c2ccc(O)cc2)S(=O)(=O)c2ccccc21,18699.99999999998,-4.271841606536499,0,train
CCOC(=O)C1=C(N)Oc2cc(O)ccc2C1c1ccc(F)cc1F,27200.000000000025,-4.434568904034199,0,train
O=c1c(Oc2ccc(F)cc2)c(C(F)(F)F)oc2c(O)c(O)ccc12,35800.000000000015,-4.553883026643875,1,train
COc1ccc(CCCc2ccc(O)cc2)c(O)c1,1589.999999999999,-3.2013971243204518,0,train
C[C@]12CC[C@@H]3c4ccc(/C=C/C(=O)O)cc4CC[C@H]3[C@@H]1CC[C@@H]2O,0.24,0.619788758288394,0,train
C[C@]12CC[C@@H]3c4ccc(O)cc4CC[C@H]3[C@@H]1CC[C@@]2(O)/C=C/CC(F)(F)C(F)(F)C(F)(F)F,35.48,-1.5499836111596887,1,train
C[C@]12CC[C@@H]3c4ccc(O)cc4CC[C@H]3[C@@H]1CC[C@@]2(O)C/C=C/CC(F)(C(F)(F)F)C(F)(F)F,402.7200000000001,-2.605003198204288,1,train
C[C@]12CC[C@@H]3c4ccc(O)cc4CC[C@H]3[C@@H]1CC[C@@]2(O)C/C=C/CC(F)(F)C(F)(F)C(F)(F)F,485.2900000000002,-2.686001342233141,1,train
C[C@]12CC[C@@H]3c4ccc(O)cc4CC[C@H]3[C@@H]1CC[C@@]2(O)/C=C/CC(F)(C(F)(F)F)C(F)(F)F,9954.050000000005,-3.997999817909869,1,test
C[C@]12CC[C@@H]3c4ccc(O)cc4CC[C@H]3[C@@H]1CC[C@@]2(O)C/C=C/CC(F)(F)C(F)(F)C(F)(F)C(F)(F)C(F)(F)C(F)(F)F,1028.02,-3.0120015638860527,0,train
C[C@]12CC[C@@H]3c4ccc(O)cc4CC[C@H]3[C@@H]1CC[C@@]2(O)/C=C/CC(F)(F)C(F)(F)C(F)(F)C(F)(F)C(F)(F)C(F)(F)F,2079.7,-3.318000691817921,1,train
COc1ccc2c(c1)CC[C@@H]1[C@@H]2CC[C@@]2(C)[C@H]1CC[C@@]2(O)C/C=C/CC(F)(F)C(F)(F)C(F)(F)F,1655.770000000001,-3.2190000095816345,0,train
COc1ccc2c(c1)CC[C@@H]1[C@@H]2CC[C@@]2(C)[C@H]1CC[C@@]2(O)/C=C/CC(F)(F)C(F)(F)C(F)(F)F,4027.17,-3.6049999629830456,0,train
O=C(Cn1ncc2c(=O)oc3ccccc3c21)Nc1nc2ccccc2s1,6226.149999999998,-3.794219579466888,0,test
O=c1cc(-c2ccco2)oc2c1ccc1ccccc12,12429.59,-4.094456803325934,0,train
CCn1/c(=N/C(=O)c2ccc(N3C(=O)CCC3=O)cc2)sc2c(OC)ccc(OC)c21,7935.079999999996,-3.899551309589092,0,train
Cc1ccc(Cn2c(NC(=O)c3ccco3)nc3ccccc32)cc1,14567.14999999999,-4.163374592240498,0,train
CCOc1ccccc1N1CSC2=C(C#N)C(c3c(OC)ccc4ccccc34)CC(=O)N2C1,16091.50999999999,-4.206596799468691,0,train
C/C=C(C(=C/C)/c1ccc(O)cc1)\c1ccc(O)cc1,13241.540000000005,-4.12193849678109,1,train
COc1cccc(C2CC(c3ccc(F)cc3)Nc3nc(N)nn32)c1,6709.28,-3.8266759167704087,0,train
CCN(CC)c1ccc2c(c1)oc(=O)c1c(Cl)cc(=O)oc12,14606.24000000001,-4.1645384324015104,0,train
Cc1ccc(NC(=O)CSc2nnnn2-c2ccc3c(c2)OCO3)cc1C,8472.51,-3.9280120901021873,0,train
O=C(Nc1nc(-c2ccccn2)cs1)c1ccc(Br)s1,24486.169999999984,-4.388920860341331,0,train
CCn1c(SCC(=O)Nc2cccc(F)c2)nnc1-c1cc2cc(Br)ccc2o1,11132.93999999999,-4.046609868482877,0,test
COc1ccc(-c2ccc(-c3noc(-c4cccs4)n3)c(OC)n2)cc1,12855.940000000008,-4.109103836862809,0,train
CCc1n[nH]c2c1C(c1cccc(OC(=O)N3CCOCC3)c1)C(C#N)=C(N)O2,6386.670000000003,-3.8052744766900704,0,train
CCC(=O)Oc1ccc(C(CC)C(CC)c2ccc(OC(=O)CC)cc2)cc1,10224.479999999998,-4.009641229748011,0,train
COc1cccc(-n2nnnc2SCC(=O)Nc2ccc(C(C)=O)cc2)c1,17333.580000000016,-4.238888269215712,0,test
CCOc1ccccc1-c1nc(-c2ccc(NC(=O)c3ccc(Br)o3)cc2)no1,12670.569999999992,-4.10279615255404,0,train
CC(Oc1ccc(Cl)cc1Cl)C(=O)Nc1ccc2oc(-c3ccncc3)nc2c1,11440.979999999989,-4.058463226411862,0,train
CCOC(=O)c1cc2c(c(CSc3nc4ccccc4c(=O)n3Cc3ccco3)c1)OCOC2,3273.289999999999,-3.5149844837132798,0,train
Cc1cc(-c2nnc3sc(-c4ccc(Cl)cc4Cl)nn23)[nH]n1,15426.82,-4.188276412208037,0,train
CC(C)CCNC(=O)COc1ccc2c3c(c(=O)oc2c1)CCC3,13336.530000000004,-4.125042846230694,0,train
COc1cc(NC(=O)c2cccs2)c(C(=O)OCC(=O)NC(=O)NCc2ccccc2)cc1OC,1582.0299999999995,-3.199214714756426,0,train
COc1ccc(CCn2c(SCC(=O)Nc3cc(C)on3)nc3ccsc3c2=O)cc1OC,12756.660000000002,-4.105736980541369,0,train
CCSc1nc(O)c2cnn(-c3ccc(C)cc3)c2n1,14440.390000000009,-4.159578922635332,0,train
COc1ccc(-c2nnc(SCC(=O)c3cc(C)n(Cc4cccs4)c3C)o2)cc1,7512.120000000002,-3.875762516814175,0,train
O=C(Cc1ccccc1)Nc1ccc2oc(-c3cccnc3)nc2c1,21185.7,-4.326042818165421,0,train
COC(=O)c1ccc(COC(=O)c2ccc(S(=O)(=O)N3CCC(C)CC3)cc2)o1,12643.119999999995,-4.101854259989103,0,train
Cc1ccc(S(=O)(=O)NCCn2c(C)cc3ccccc32)cc1,28745.410000000025,-4.45856850743208,0,train
CCc1nnc2sc(-c3ccc(NC(=O)c4ccc5c(c4)OCCO5)cc3)nn12,32168.910000000014,-4.507436345670229,0,train
CCc1ccc2nc(SCC(=O)N3CC(=O)Nc4ccccc43)c(C#N)cc2c1,32883.489999999976,-4.516977903980765,0,train
COc1cc(C(=O)Nc2nnc(-c3sccc3C)s2)cc(OC)c1OC,13170.770000000004,-4.119611165772391,0,test
Cc1ccc(NC(=O)CSc2nnc(-c3cnccn3)n2Cc2ccco2)cc1C,37594.82000000004,-4.5751280098108325,0,train
COc1ccc(-c2cn3c(C)c(C(=O)Nc4ccncc4)sc3n2)cc1,18910.41999999999,-4.276701174622765,0,test
NC(=O)c1oc2ccccc2c1NC(=O)c1nc2ccccc2s1,13378.289999999995,-4.126400605881429,0,train
CC1Cc2ccccc2N1C(=O)CSc1nnc(-c2ccc(S(=O)(=O)N3CCCC3)cc2)o1,7788.699999999998,-3.8914649762937854,0,train
COC(=O)c1c(-c2ccncc2)csc1NC(=O)c1ccoc1C,23055.729999999978,-4.362778877583519,0,train
Cc1ccc(F)cc1NC(=O)c1cccc2nccnc12,13007.65999999999,-4.114199176616103,0,train
O=C(Oc1ccc(-c2cnc3ccccc3n2)cc1)c1ccc(Br)o1,6970.040000000001,-3.843235270455173,0,train
CCOC(=O)N1CCN(S(=O)(=O)c2ccc(C(=O)Nc3nc4ccc(F)cc4s3)cc2)CC1,11577.269999999997,-4.063606161834098,0,train
COc1cccc(-c2cc(C(=O)Nc3cc(C)nn3-c3ccccc3)no2)c1,11977.260000000007,-4.078357477236722,0,train
O=C(CSc1nc(O)c2cnn(-c3ccccc3)c2n1)c1ccc(Cl)cc1,9918.18,-3.996431985816089,0,train
COCCCn1c2nc3ccccc3nc2c2c(=O)n(-c3ccccc3OC)c(C)nc21,12671.020000000006,-4.102811576409993,0,test
CCOC(=O)c1c(C)[nH]c(C)c1C(=O)CSc1nnc(-c2cc(OC)c(OC)c(OC)c2)o1,12503.679999999988,-4.097037850486775,0,test
Cn1nnnc1SCC(=O)Nc1nc(-c2ccccc2)c(-c2ccccc2)o1,22243.88999999998,-4.347210738746567,0,train
O=C(Nc1cccnc1)c1cc(-c2ccc3c(c2)OCO3)on1,12855.440000000004,-4.109086945724256,0,train
CSc1nnc2c(n1)OC(c1ccsc1)N(C(C)=O)c1ccccc1-2,22565.27000000001,-4.353440534346685,0,train
Cc1nn(-c2ccccc2)c2sc(C(=O)c3c(N)n(C)c(=O)n(C)c3=O)cc12,12566.710000000006,-4.099221593050728,0,train
Cc1cccc(N2CCN(C(=O)c3cc4c(=O)n(C)c5ccccc5c4n3C)CC2)c1C,12762.170000000004,-4.105924525396088,0,test
C[C@]12CC[C@@H]3c4ccc(O)cc4C(=O)C[C@H]3[C@@H]1CC[C@@H]2O,12520.620000000008,-4.097625834937666,1,train
CCOc1ccccc1C1C(C#N)=C(N)Nc2onc(-c3ccccc3)c21,17545.94000000001,-4.24417663991406,0,train
O=C(c1cc2sccc2n1Cc1ccccc1)N1CCc2ccccc21,23400.529999999984,-4.369225693883166,0,train
Cc1cc(C(=O)CSc2nnc(-c3ccccc3F)o2)c(C)n1Cc1cccs1,6967.8200000000015,-3.843096922996097,0,test
O=C(Cn1c(=O)oc2cc(S(=O)(=O)N3CCCCCC3)ccc21)NC1CCCCC1,12938.870000000008,-4.111896349424369,0,train
CCN(CC)c1ccc(-c2nn3c(-c4ccccc4OC)nnc3s2)cc1,18160.549999999985,-4.259128997177797,0,train
COC(=O)c1ccc(CSc2nc(O)c3cnn(-c4ccc(F)cc4)c3n2)o1,12912.579999999994,-4.111013025211195,0,train
COc1ccccc1-n1c(SCC(=O)NC2CCCCC2)nc2c(c1=O)SCC2,6624.369999999998,-3.8211445816981136,0,train
Cc1ccc2ccc(C3C(=O)c4ccccc4C3=O)nc2c1,13156.329999999993,-4.119134758348288,0,test
O=C(NCCCCCCNC(=O)c1ccc(Br)s1)c1ccc(Br)s1,12782.060000000012,-4.106600851829949,0,train
O=C1C(c2ccnc3ccccc23)=C(O)c2ccccc21,6742.640000000004,-3.82882997264013,0,train
COc1nc(-c2ccc(Cl)cc2)ccc1-c1noc(-c2ccco2)n1,10933.329999999987,-4.038752456585142,0,train
Cc1nn(-c2ccc(Cl)cc2)c2sc(C(=O)N3CCN(c4ccccn4)CC3)cc12,12796.550000000008,-4.107092897935342,0,train
O=C(Oc1cccc(-c2cnc3ccccc3n2)c1)c1ccco1,26897.910000000014,-4.4297185361091,0,train
Oc1cc(CSc2nnnn2-c2ccccc2)nc(Nc2ccc(F)cc2)n1,12491.769999999997,-4.096623979348554,0,train
C[C@H]1CCC[C@@H](O)CCC/C=C/c2cc(O)cc(O)c2C(=O)O1,9219.909999999996,-3.9647266817158697,0,train
CCOC(=O)C(C)Oc1cccc2c(=O)n(CC(=O)Nc3ccc4c(c3)OCCO4)ccc12,12613.850000000008,-4.100847662192451,0,train
Cc1ccc(CN(Cc2cc3cc(C)ccc3nc2O)C(=O)N2CCOCC2)cc1,12611.119999999992,-4.1007536582003565,0,train
O=C(O)CCn1ccnc1-c1ccccc1,12499.999999999996,-4.096910013008056,0,train
CCC(=O)Oc1ccc(/C(CC)=C(\CC)c2ccc(OC(=O)CC)cc2)cc1,18131.410000000007,-4.258431578580273,0,train
COc1nnc(-c2ccc(C(=O)N3C[C@@H]4C[C@H](C3)c3cccc(=O)n3C4)cc2)c2ccccc12,15039.390000000009,-4.177230221561044,0,train
CCOc1ccccc1N1C(=O)NC(=O)C(CCc2ccncc2)(CCc2ccncc2)C1=O,12726.939999999991,-4.104723996673003,0,test
C[C@]12CC[C@@H]3c4ccc(O)cc4[C@@H](O)C[C@H]3[C@@H]1CC[C@@H]2O,12661.299999999996,-4.102478299191699,0,train
O=C1c2ccccc2C(=O)N1CCCc1nc2ccccc2c(=O)n1CCCn1ccnc1,23489.520000000004,-4.3708741422147614,0,test
CCc1ccc(Nc2nc(N)nc(CSc3nnnn3-c3ccccc3)n2)cc1,4758.510000000001,-3.677470986317491,0,test
Cc1ccc(-c2nnc(S)n2/N=C/C=C/c2ccccc2[N+](=O)[O-])cc1,6520.730000000001,-3.814296218005692,0,test
Cc1noc(C)c1COC(=O)c1cc2c3ccccc3n(C)c2s1,23091.599999999984,-4.36345402590535,0,test
Cc1ccc(-c2nn3c(C)nnc3s2)cc1NC(=O)COc1ccc(Cl)cc1,17220.04000000001,-4.236034155930592,0,train
Cc1cc2oc(=O)cc(COC(=O)c3[nH]nc4ccccc34)c2cc1C,13547.470000000005,-4.131858197968327,0,train
CCOc1ccc(CC2SC(Nc3ccccn3)=NC2=O)cc1,25101.179999999997,-4.399694138032551,0,train
COc1ccc(C(=O)Nc2nc(O)c3cc(OC)c(OC)cc3n2)cc1,13330.069999999998,-4.124832430024055,0,train
O=C(Nc1nccs1)c1nc(-c2ccccc2)n(-c2ccccc2)n1,18576.32,-4.268959683716484,0,train
Cc1ccc(-c2nnc(-c3ccc(NC(=O)c4ccco4)cc3)o2)cc1,10404.850000000006,-4.017235823649823,0,train
COc1cc(NC(=O)c2cc3c(=O)n(C)c4ccccc4c3n2C)cc(OC)c1OC,12915.929999999997,-4.111125682621362,0,train
O=S(=O)(c1cccc2ccccc12)N1CCc2ccc(O)cc2C1,600000.0000000003,-5.778151250383644,0,train
O=S(=O)(c1cccc2ccccc12)N1CCc2cc(O)ccc2C1,700000.0000000001,-5.845098040014257,0,train
CS(=O)(=O)N1CCc2cc(O)ccc2C1,170000.00000000006,-5.230448921378274,0,test
O=C(N1CCc2cc(O)ccc2C1)C(Cl)(Cl)Cl,6200.0,-3.792391689498254,0,train
O=C(N1CCc2cc(O)ccc2C1)C(F)(F)Cl,2300.000000000001,-3.361727836017593,0,train
O=C(N1CCc2ccc(O)cc2C1)C(F)(F)F,20000.000000000004,-4.301029995663981,0,train
COc1ccc2c(c1)CCN(C(=O)C(F)(F)F)C2,340000.0000000002,-5.531478917042255,0,test
O/N=C/c1c(O)ccc(-c2ccc(O)cc2)c1-c1ccc(O)cc1,0.2999999999999999,0.5228787452803376,0,train
O/N=C/c1c(O)ccc(-c2ccc(O)cc2)c1Cl,0.58,0.2365720064370627,0,test
O/N=C/c1c(O)ccc(-c2ccc(O)c(F)c2)c1Cl,8.4,-0.9242792860618816,0,train
O=S(=O)(c1ccc(O)cc1)N(CCC(F)(F)F)c1ccc(O)cc1,357.0,-2.552668216112193,0,train
O=S(=O)(c1ccc(O)cc1)N1[C@@H]2CC[C@H]1C[C@H](CO)C2,3500.0000000000005,-3.544068044350276,0,train
CC(O)(CN(C1CC1)S(=O)(=O)c1ccc(O)cc1)c1ccccc1,2310.000000000001,-3.3636119798921444,0,train
CC(O)(CN(C1CC1)S(=O)(=O)c1ccc(O)cc1)c1c(F)cccc1F,3800.0,-3.57978359661681,0,test
Cc1ccc(C2=C(c3ccc(C)cc3)[C@H]3[C@@H](S(=O)(=O)Oc4ccc(O)cc4)C[C@@H]2[S+]3O)cc1,5499.999999999997,-3.740362689494244,0,train
Cc1cc(C2=C(c3ccc(O)c(C)c3)[C@H]3[C@@H](S(=O)(=O)Oc4cccc5ccccc45)C[C@@H]2[S+]3O)ccc1O,770.0,-2.886490725172482,1,train
Cc1cc(C2=C(c3ccc(O)c(C)c3)[C@H]3[C@@H](S(=O)(=O)Oc4ccccc4Br)C[C@@H]2[S+]3O)ccc1O,1199.9999999999995,-3.0791812460476247,1,test
Cc1cc(C2=C(c3ccc(O)c(C)c3)[C@H]3[C@@H](S(=O)(=O)Oc4ccccc4Cl)C[C@@H]2[S+]3O)ccc1O,2000.0,-3.3010299956639813,1,train
Cc1cc(C2=C(c3ccc(O)c(C)c3)[C@H]3[C@@H](S(=O)(=O)Oc4ccccc4F)C[C@@H]2[S+]3O)ccc1O,1300.0000000000005,-3.113943352306837,1,train
COc1ccc(OS(=O)(=O)[C@H]2C[C@H]3C(c4ccc(O)c(C)c4)=C(c4ccc(O)c(C)c4)[C@@H]2[S+]3O)cc1,11000.000000000007,-4.041392685158225,1,train
Cc1cc(C2=C(c3ccc(O)c(C)c3)[C@H]3[C@@H](S(=O)(=O)Oc4ccccc4)C[C@@H]2[S+]3O)ccc1O,12.000000000000002,-1.0791812460476249,1,train
Cc1cc(O)ccc1C1=C(c2ccc(O)cc2C)[C@H]2[C@H]3C(=O)N(c4ccccc4)C(=O)[C@H]3[C@@H]1[S+]2O,150.00000000000003,-2.1760912590556813,0,test
Cc1cc(O)ccc1C1=C(c2ccc(O)cc2C)[C@H]2[C@@H](S(=O)(=O)Oc3ccc(O)cc3)C[C@@H]1[S+]2O,9.2,-0.9637878273455552,1,train
Cc1cc(O)ccc1C1=C(c2ccc(O)cc2C)[C@H]2[C@@H](S(=O)(=O)Oc3cccc4ccccc34)C[C@@H]1[S+]2O,27.000000000000004,-1.4313637641589874,1,test
Cc1cc(O)ccc1C1=C(c2ccc(O)cc2C)[C@H]2[C@@H](S(=O)(=O)Oc3ccc(Br)cc3)C[C@@H]1[S+]2O,109.99999999999996,-2.041392685158225,1,train
Cc1cc(O)ccc1C1=C(c2ccc(O)cc2C)[C@H]2[C@@H](S(=O)(=O)Oc3ccc(Cl)cc3)C[C@@H]1[S+]2O,109.99999999999996,-2.041392685158225,1,train
Cc1cc(O)ccc1C1=C(c2ccc(O)cc2C)[C@H]2[C@@H](S(=O)(=O)Oc3ccc(F)cc3)C[C@@H]1[S+]2O,200.00000000000003,-2.3010299956639813,1,train
Cc1cc(O)ccc1C1=C(c2ccc(O)cc2C)[C@H]2[C@@H](S(=O)(=O)Oc3ccccc3Br)C[C@@H]1[S+]2O,13.999999999999998,-1.146128035678238,1,train
Cc1cc(O)ccc1C1=C(c2ccc(O)cc2C)[C@H]2[C@@H](S(=O)(=O)Oc3ccccc3Cl)C[C@@H]1[S+]2O,2.8,-0.4471580313422192,1,train
Cc1cc(O)ccc1C1=C(c2ccc(O)cc2C)[C@H]2[C@@H](S(=O)(=O)Oc3ccccc3F)C[C@@H]1[S+]2O,2.2,-0.3424226808222063,1,test
COc1ccc(OS(=O)(=O)[C@H]2C[C@H]3C(c4ccc(O)cc4C)=C(c4ccc(O)cc4C)[C@@H]2[S+]3O)cc1,209.99999999999991,-2.322219294733919,1,train
Cc1cc(O)ccc1C1=C(c2ccc(O)cc2C)[C@H]2[C@@H](S(=O)(=O)Oc3ccccc3)C[C@@H]1[S+]2O,0.14,0.8538719643217619,1,train
O=C1[C@@H]2[C@H](C(=O)N1c1ccccc1)[C@@H]1C(c3ccc(O)cc3)=C(c3ccc(O)cc3)[C@H]2[S+]1O,7100.000000000003,-3.851258348719076,0,train
O=S(=O)(Oc1ccc(O)cc1)[C@H]1C[C@H]2C(c3ccc(O)cc3)=C(c3ccc(O)cc3)[C@@H]1[S+]2O,1099.9999999999998,-3.041392685158225,0,train
O=S(=O)(Oc1ccccc1)[C@H]1C[C@H]2C(c3ccc(O)cc3)=C(c3ccc(O)cc3)[C@@H]1[S+]2O,670.0,-2.8260748027008264,0,test
O=C(Oc1cc(O)ccc1C(=O)O)c1ccccc1,71199.99999999996,-4.852479993636856,0,train
O=C(Oc1cccc(O)c1)c1cccc(F)c1,31100.000000000036,-4.492760389026838,0,train
O=C(COC(=O)c1ccc(O)c(O)c1)c1ccccc1,5950.000000000003,-3.7745169657285498,0,train
O=C(OCCc1ccccc1)c1ccc(O)cc1,870.0000000000003,-2.9395192526186187,0,train
CCCc1c(-c2ccc(O)cc2)nn(-c2ccc(O)cc2)c1-c1ccc(O)cc1,1.3666666666666665,-0.135662602000073,1,test
CCCn1c(-c2ccc(O)cc2Cl)cc(-c2ccc(O)cc2)c1-c1ccc(O)cc1,47.00000000000001,-1.6720978579357175,1,train
Cn1c(-c2ccc(O)cc2Cl)cc(-c2ccc(O)cc2)c1-c1ccc(O)cc1,100.0,-2.0,0,train
Cn1c(-c2ccc(O)cc2F)cc(-c2ccc(O)cc2)c1-c1ccc(O)cc1,23.999999999999996,-1.380211241711606,0,train
Cn1c(-c2ccc(O)cc2)cc(-c2ccc(O)cc2)c1-c1ccc(O)cc1F,60.0,-1.7781512503836436,0,train
Oc1ccc(-c2cocc2-c2ccc(O)cc2Cl)c(Cl)c1,266.00000000000006,-2.424881636631067,1,test
Oc1ccc(-c2cocc2-c2ccc(O)cc2F)c(F)c1,3640.0,-3.561101383649056,1,train
Cc1cc(O)ccc1-c1cocc1-c1ccc(O)cc1C,943.9999999999995,-2.974971994298069,1,train
Oc1ccc(-c2cocc2-c2ccc(O)cc2)cc1,10600.000000000004,-4.02530586526477,0,train
Oc1ccc(-c2ccc(-c3ccc(O)cc3Cl)o2)c(Cl)c1,3890.0,-3.589949601325708,0,train
Cc1cc(O)ccc1-c1ccc(-c2ccc(O)cc2C)o1,3789.999999999999,-3.578639209968072,0,train
Oc1ccc(-c2cc(-c3ccc(O)cc3Cl)c(-c3ccc(O)cc3Cl)s2)c(Cl)c1,9.0,-0.9542425094393248,1,train
Oc1ccc(-c2cc(-c3ccc(O)cc3F)c(-c3ccc(O)cc3F)s2)c(F)c1,387.0,-2.5877109650189114,1,train
Oc1ccc(-c2cc(-c3ccc(O)cc3)c(-c3ccc(O)cc3)s2)cc1,484.99999999999983,-2.6857417386022635,0,train
Oc1ccc(-c2cc(-c3ccccc3)c(-c3ccc(O)cc3Cl)s2)c(Cl)c1,66.00000000000001,-1.8195439355418688,0,train
Oc1ccc(-c2cc(-c3ccccc3)c(-c3ccc(O)cc3F)s2)c(F)c1,615.0000000000001,-2.788875115775417,0,train
Cc1cc(-c2ccc(O)cc2Cl)sc1-c1ccc(O)cc1Cl,101.0,-2.004321373782642,0,train
Cc1cc(-c2ccc(O)cc2F)sc1-c1ccc(O)cc1F,447.00000000000017,-2.6503075231319366,0,train
Cc1cc(O)ccc1-c1cc(C)c(-c2ccc(O)cc2C)s1,439.0,-2.6424645202421213,0,train
Cc1cc(-c2ccc(O)cc2)sc1-c1ccc(O)cc1,1520.0000000000002,-3.1818435879447726,0,train
Oc1ccc(-c2ccsc2-c2ccc(O)cc2Cl)c(Cl)c1,1160.0000000000002,-3.0644579892269186,1,test
Oc1ccc(-c2ccsc2-c2ccc(O)cc2F)c(F)c1,65899.99999999997,-4.81888541459401,1,test
Oc1ccc(-c2csc(-c3ccc(O)cc3Cl)c2)c(Cl)c1,563.0,-2.7505083948513462,0,test
Oc1ccc(-c2csc(-c3ccc(O)cc3F)c2)c(F)c1,1060.0000000000005,-3.0253058652647704,0,test
Oc1ccc(-c2cscc2-c2ccc(O)cc2Cl)c(Cl)c1,45.00000000000001,-1.6532125137753435,1,train
Oc1ccc(-c2cscc2-c2ccc(O)cc2F)c(F)c1,119.99999999999996,-2.0791812460476247,1,train
Cc1cc(O)ccc1-c1cscc1-c1ccc(O)cc1C,3149.9999999999995,-3.4983105537896004,1,train
Oc1ccc(-c2cscc2-c2ccc(O)cc2)cc1,2250.000000000001,-3.3521825181113627,0,train
Cc1cc(O)ccc1-c1ccc(-c2ccc(O)cc2Cl)s1,1910.0000000000005,-3.281033367247728,0,train
Cc1cc(O)ccc1-c1ccc(-c2ccc(O)cc2F)s1,470.00000000000006,-2.672097857935717,0,train
Oc1ccc(-c2ccc(-c3ccc(O)cc3Cl)s2)c(Cl)c1,2179.999999999999,-3.3384564936046046,0,train
Oc1ccc(-c2ccc(-c3ccc(O)cc3)s2)cc1,2350.0,-3.3710678622717363,0,test
CC/C(=C(\c1ccccc1)c1ccc(OCCN(C)C)cc1)c1ccccc1,2540.0,-3.404833716619938,0,train
C=CCc1ccc(OC)c(-c2cc(C=O)cc(O)c2O)c1,48360.0,-4.684486292188734,0,train
CC(C)(O)c1ccc2c(c1)C(=O)C[C@H]1[C@@](C)(C(=O)O)CCC[C@]21C,8170.0,-3.912222056532416,0,test
C/C(=C/C(=O)C[C@@H](C)[C@]1(C)CC[C@@]2(C)C3=CCC4C(C)(C)[C@H](O)CC[C@]4(C)[C@@H]3CC=C21)C(=O)O,12570.0,-4.099335277685958,0,train
C/C(=C/C(=O)C[C@@H](C)[C@]1(C)CC[C@@]2(C)C3=CCC4C(C)(C)C(=O)CC[C@]4(C)[C@@H]3CCC21)C(=O)O,8320.000000000002,-3.920123326290724,0,train
C=C(C)[C@@H]1[C@@H]2O[C@@H]2[C@@H]2[C@]3(CC[C@]4(C)[C@@H]([C@H](C)CC/C=C(\C)C(=O)O)CC[C@@]24C)C[C@]13CCC(=O)O,2549.999999999999,-3.406540180433955,0,train
O=C(Cc1ccc(O)cc1)c1ccc(O)cc1O,2030.0000000000005,-3.307496037913213,0,train
CCOC(=O)c1ccc(O)cc1,38199.99999999998,-4.5820633629117085,0,train
O=C(O)/C=C/c1ccc(O)cc1,16119.999999999993,-4.207365037469072,0,train
Oc1ccc(Cc2ccc(O)cc2)cc1,909.5000000000005,-2.9588027033995026,1,train
C[C@]12CC[C@H](c3ccc(O)cc3)C[C@H]1C[C@H](O)[C@H]2O,10000.0,-4.0,0,test
C[C@]12CC[C@@H](c3ccc(O)cc3)C[C@H]1CCC2=O,7943.280000000002,-3.899999871665804,1,train
C[C@]12CCC(c3ccc(O)cc3)C[C@H]1CC[C@@H]2O,31.619999999999997,-1.4999618655961902,1,train
Oc1ccc(C(=Nc2ccccc2)c2ccc(O)cc2)cc1,3.0,-0.4771212547196624,0,train
Cc1ccccc1N=C(c1ccc(O)cc1)c1ccc(O)cc1,7.0,-0.8450980400142568,0,train
Cc1cccc(N=C(c2ccc(O)cc2)c2ccc(O)cc2)c1,5.000000000000001,-0.6989700043360189,0,train
Oc1ccc(C(=Nc2ccccc2Cl)c2ccc(O)cc2)cc1,1.0,-0.0,0,train
Oc1ccc(C(=Nc2cccc(Cl)c2)c2ccc(O)cc2)cc1,10.0,-1.0,0,test
Oc1ccc(C(=Nc2ccc(Cl)cc2)c2ccc(O)cc2)cc1,2.0,-0.3010299956639812,0,test
Oc1ccc(C(=Nc2cccc(C(F)(F)F)c2)c2ccc(O)cc2)cc1,23.0,-1.3617278360175928,0,train
Oc1ccc(C(=Nc2ccc(F)cc2)c2ccc(O)cc2)cc1,2.0,-0.3010299956639812,0,train
Oc1ccc(C(=Nc2ccc(Br)cc2)c2ccc(O)cc2)cc1,1.0,-0.0,1,test
Oc1ccc(N=C(c2ccc(O)cc2)c2ccc(O)cc2)cc1,13.999999999999998,-1.146128035678238,1,train
Oc1ccc(/C(=N\c2ccccc2)c2ccc(O)cc2O)cc1,7.0,-0.8450980400142568,0,train
Cc1cccc(/N=C(\c2ccc(O)cc2)c2ccc(O)cc2O)c1,13.999999999999998,-1.146128035678238,0,train
Cc1ccc(/N=C(\c2ccc(O)cc2)c2ccc(O)cc2O)cc1,16.0,-1.2041199826559248,0,test
Oc1ccc(/C(=N\c2ccccc2Cl)c2ccc(O)cc2O)cc1,0.1,1.0,0,train
Oc1ccc(/C(=N\c2cccc(Cl)c2)c2ccc(O)cc2O)cc1,15.000000000000004,-1.1760912590556811,0,test
Oc1ccc(/C(=N\c2ccc(Cl)cc2)c2ccc(O)cc2O)cc1,4.0,-0.6020599913279624,0,train
Oc1ccc(/C(=N\c2cccc(C(F)(F)F)c2)c2ccc(O)cc2O)cc1,57.00000000000001,-1.7558748556724917,0,train
Oc1ccc(/C(=N\c2ccc(F)cc2)c2ccc(O)cc2O)cc1,10.0,-1.0,0,train
Oc1ccc(/C(=N\c2ccc(Br)cc2)c2ccc(O)cc2O)cc1,9.0,-0.9542425094393248,0,test
COc1ccc(/N=C(\c2ccc(O)cc2)c2ccc(O)cc2O)cc1,17.0,-1.230448921378274,0,test
Oc1ccc(/N=C(\c2ccc(O)cc2)c2ccc(O)cc2O)cc1,7.0,-0.8450980400142568,0,train
CN(C)CCOc1ccc(C23CC4CC(CC(c5ccc(O)cc5)(C4)C2)C3)cc1,16.0,-1.2041199826559248,0,train
CCC(=C(c1ccc(O)cc1)c1ccc(O)cc1)c1ccccc1,0.5075,0.2945639534147495,1,train
COc1ccc(C2=C(c3ccccc3)CCCc3cc(O)ccc32)cc1,0.2999999999999999,0.5228787452803376,0,train
CCOc1ccc(C2=C(c3ccccc3)CCCc3cc(O)ccc32)cc1,0.2999999999999999,0.5228787452803376,0,train
CN(C)CCOc1ccc2c(c1)CCCC(c1ccccc1)=C2c1ccc(O)cc1,15.000000000000004,-1.1760912590556811,0,test
COc1ccc2c(c1)CCCC(c1ccccc1)=C2c1ccc(O)cc1,4.0,-0.6020599913279624,0,test
CCOc1ccc2c(c1)CCCC(c1ccccc1)=C2c1ccc(O)cc1,2.7,-0.4313637641589873,0,train
CNCCOc1ccc2c(c1)CCCC(c1ccccc1)=C2c1ccc(O)cc1,20.000000000000004,-1.3010299956639813,0,train
CCC(=C(c1ccc(O)cc1)c1ccc(O)cc1)c1ccc(O)cc1,0.15,0.8239087409443188,1,train
CC/C(=C(/c1ccc(O)cc1)c1ccc(OCCN)cc1)c1ccc(O)cc1,15.000000000000004,-1.1760912590556811,1,train
CC/C(=C(/c1ccc(O)cc1)c1ccc(OCCN)cc1)c1ccc(F)cc1,87.8,-1.9434945159061023,1,train
CCC(CC)=C(c1ccc(O)cc1)c1ccc(OCCN)cc1,277.00000000000006,-2.4424797690644486,0,test
CC/C(=C(/c1ccc(N)cc1)c1ccc(OCCN)cc1)c1ccccc1,274.0,-2.437750562820388,1,train
CC/C(=C(/c1ccc(N)cc1)c1ccc(OCCN)cc1)c1ccc(O)cc1,144.00000000000003,-2.1583624920952498,1,train
NCCOc1ccc(/C(=C/c2ccccc2)c2ccc(O)cc2)cc1,1050.0000000000005,-3.0211892990699383,0,train
C/C(=C(/c1ccc(O)cc1)c1ccc(OCCN)cc1)c1ccccc1,674.9999999999999,-2.829303772831025,1,train
NCCOc1ccc(/C(=C(\CCCl)c2ccccc2)c2ccc(O)cc2)cc1,265.00000000000006,-2.423245873936808,0,train
CCC/C(=C(/c1ccc(O)cc1)c1ccc(OCCN)cc1)c1ccccc1,384.0000000000001,-2.584331224367531,1,train
NCCOc1ccc(C(=C(c2ccccc2)c2ccccc2)c2ccc(O)cc2)cc1,652.9999999999999,-2.814913181275074,0,test
NCCOc1ccc(/C(=C(\Cn2cncn2)c2ccccc2)c2ccc(O)cc2)cc1,290.0,-2.462397997898956,0,train
NCCOc1ccc(/C(=C2\CCc3ccccc32)c2ccc(O)cc2)cc1,3179.999999999999,-3.502427119984433,0,train
CC/C(=C(/c1ccc(O)cc1)c1ccc(OCCCN)cc1)c1ccccc1,34.9,-1.54282542695918,1,train
CC/C(=C(/c1ccc(O)cc1)c1ccc(CCCN)cc1)c1ccccc1,27.100000000000005,-1.4329692908744058,1,test
CC/C(=C(/c1ccc(O)cc1)c1ccc(CCCN)cc1)c1ccc(O)cc1,1920.0,-3.2833012287035497,1,train
C[C@]12CC[C@@H]3c4ccc(O)cc4C[C@@H](CCCCCCCCC[S+](O)CCCC(F)(F)C(F)(F)F)[C@H]3[C@@H]1CC[C@@H]2O,0.4,0.3979400086720376,0,train
CC/C(=C(\c1ccccc1)c1ccc(/C=C/C(=O)O)cc1)c1ccccc1,389.9999999999999,-2.591064607026499,1,train
CC/C(=C(\c1ccc(O)cc1)c1ccc(/C=C/C(=O)O)cc1)c1ccccc1,1.7,-0.2304489213782739,1,test
Cc1c(-c2ccc(O)cc2)n(Cc2ccc(OCCN3CCCCC3)cc2)c2ccc(O)cc12,0.1,1.0,0,train
COc1ccc(-c2sc3cc(O)ccc3c2Oc2ccc(OCCN3CCCCC3)cc2)cc1,0.2,0.6989700043360187,0,train
CC/C(=C(\c1ccccc1)c1ccc(/C=C/C(=O)O)cc1)c1ccc(O)cc1,113.00000000000006,-2.05307844348342,1,train
CC/C(=C(/c1ccc(/C=C/C(=O)O)cc1)c1ccc(O)nc1)c1ccccc1,6279.999999999999,-3.797959643737196,1,train
CC/C(=C(/c1ccc(/C=C/C(=O)O)cc1)c1ccc(NS(C)(=O)=O)cc1)c1ccccc1,1050.0000000000005,-3.0211892990699383,0,train
CC/C(=C(/c1ccc(/C=C/C(=O)O)cc1)c1ccc2[nH]c(=O)sc2c1)c1ccccc1,101.0,-2.004321373782642,1,train
CC/C(=C(/c1ccc(/C=C/C(=O)O)cc1)c1ccc2[nH]c(=O)oc2c1)c1ccccc1,23.0,-1.3617278360175928,1,test
CC/C(=C(/c1ccc(/C=C/C(=O)O)cc1)c1ccc2[nH]ccc2c1)c1ccccc1,3.0,-0.4771212547196624,1,train
CC/C(=C(/c1ccc(/C=C/C(=O)O)cc1)c1ccc2[nH]cnc2c1)c1ccccc1,957.0,-2.980911937776844,1,test
CC/C(=C(/c1ccc(/C=C/C(=O)O)cc1)c1ccc2[nH]nnc2c1)c1ccccc1,13.999999999999998,-1.146128035678238,1,train
CC/C(=C(/c1ccc(/C=C/C(=O)O)cc1)c1ccc2[nH]ncc2c1)c1ccccc1,2.8,-0.4471580313422192,1,train
CC/C(=C(/c1ccc(/C=C/C(=O)O)cc1)c1cccc2[nH]ncc12)c1ccccc1,6.0,-0.7781512503836436,1,train
CC/C(=C(/c1ccc(/C=C/C(=O)O)cc1)c1ccc2cn[nH]c2c1)c1ccccc1,357.0,-2.552668216112193,1,train
CC/C(=C(\c1ccc2[nH]ncc2c1)c1ccc(/C=C/C(=O)O)cc1C)c1ccccc1,15.000000000000004,-1.1760912590556811,0,train
CC/C(=C(/c1ccc(/C=C/C(=O)O)c(C)c1)c1ccc2[nH]ncc2c1)c1ccccc1,6.0,-0.7781512503836436,1,train
CC/C(=C(\c1ccc2[nH]ncc2c1)c1ccc(/C=C/C(=O)O)cc1OC)c1ccccc1,4.0,-0.6020599913279624,0,train
CC/C(=C(/c1ccc(/C=C/C(=O)O)c(OC)c1)c1ccc2[nH]ncc2c1)c1ccccc1,10.999999999999996,-1.041392685158225,1,train
CC/C(=C(/c1ccc(/C=C/C(=O)O)nc1)c1ccc2[nH]ncc2c1)c1ccccc1,109.99999999999996,-2.041392685158225,1,train
CC/C(=C(/c1csc(/C=C/C(=O)O)c1)c1ccc2[nH]ncc2c1)c1ccccc1,1130.000000000001,-3.05307844348342,1,train
CC/C(=C(/c1ccc(/C=C/C(=O)O)cc1)c1ccc2[nH]ncc2c1)c1cccnc1C,160.00000000000009,-2.204119982655925,1,train
CC/C(=C(/c1ccc(/C=C/C(=O)O)cc1)c1ccc2[nH]ncc2c1)c1ccncc1C,7.999999999999999,-0.9030899869919436,1,train
CC/C(=C(/c1ccc(/C=C/C(=O)O)cc1)c1ccc2[nH]ncc2c1)c1cnccc1C,109.99999999999996,-2.041392685158225,1,train
CC/C(=C(/c1ccc(/C=C/C(=O)O)cc1)c1ccc2[nH]ncc2c1)c1ccncc1Cl,2.0,-0.3010299956639812,1,test
CC/C(=C(/c1ccc(/C=C/C(=O)O)cc1)c1ccc2[nH]ncc2c1)c1cscc1C,0.5,0.3010299956639812,1,train
CC/C(=C(/c1ccc(/C=C/C(=O)O)cc1)c1ccc2[nH]ncc2c1)c1ccccc1Cl,0.7,0.1549019599857432,1,train
CC/C(=C(/c1ccc(/C=C/C(=O)O)cc1)c1ccc2[nH]ncc2c1)c1cccc(Cl)c1,2.0,-0.3010299956639812,1,train
CC/C(=C(/c1ccc(/C=C/C(=O)O)cc1)c1ccc2[nH]ncc2c1)c1ccc(Cl)cc1,10.0,-1.0,1,train
CC/C(=C(/c1ccc(/C=C/C(=O)O)cc1)c1ccc2[nH]ncc2c1)c1ccccc1C#N,3.0,-0.4771212547196624,1,train
CC/C(=C(/c1ccc(/C=C/C(=O)O)cc1)c1ccc2[nH]ncc2c1)c1cccc(C#N)c1,28.0,-1.4471580313422192,1,train
CC/C(=C(/c1ccc(/C=C/C(=O)O)cc1)c1ccc2[nH]ncc2c1)c1ccc(C#N)cc1,36.0,-1.5563025007672873,1,train
CC/C(=C(/c1ccc(/C=C/C(=O)O)cc1)c1ccc2[nH]ncc2c1)c1ccccc1C,0.8,0.0969100130080563,1,train
CC/C(=C(/c1ccc(/C=C/C(=O)O)cc1)c1ccc2[nH]ncc2c1)c1ccccc1S(C)(=O)=O,48.99999999999999,-1.6901960800285136,0,train
CC/C(=C(/c1ccc(/C=C/C(=O)O)cc1)c1ccc2[nH]ncc2c1)c1ccccc1OC,4.0,-0.6020599913279624,1,train
CC/C(=C(/c1ccc(/C=C/C(=O)O)cc1)c1ccc2[nH]ncc2c1)c1ccc(C#N)cc1C,1.0,-0.0,1,train
CC/C(=C(/c1ccc(/C=C/C(=O)O)cc1)c1ccc2[nH]ncc2c1)c1ccc(C#N)cc1Cl,0.9,0.0457574905606751,1,train
CC/C(=C(/c1ccc(/C=C/C(=O)O)cc1)c1ccc2[nH]ncc2c1)c1ccc(F)cc1Cl,0.7,0.1549019599857432,1,train
COC(=O)CCCCCCC(=O)Nc1cccc(OS(=O)(=O)C2CC3OC2C(c2ccc(O)cc2)=C3c2ccc(O)cc2)c1,1.0,-0.0,0,train
COc1cccc(OS(=O)(=O)C2CC3OC2C(c2ccc(NC(=O)CCCCCCC(=O)O)cc2)=C3c2ccc(O)cc2)c1,1160.0000000000002,-3.0644579892269186,0,train
O=C(O)CCCCCCC(=O)Nc1ccc(C2=C(c3ccc(O)cc3)C3CC(S(=O)(=O)Oc4cccc(O)c4)C2O3)cc1,3689.999999999999,-3.56702636615906,0,train
O=C(O)CCCCCCC(=O)Nc1ccc(C2=C(c3ccc(O)cc3)C3CC(S(=O)(=O)Oc4ccc(O)cc4)C2O3)cc1,2419.999999999999,-3.383815365980431,0,train
COc1ccccc1OS(=O)(=O)C1CC2OC1C(c1ccc(NC(=O)CCCCCCC(=O)O)cc1)=C2c1ccc(O)cc1,16.0,-1.2041199826559248,1,train
O=C(O)CCCCCCC(=O)Nc1ccc(C2=C(c3ccc(O)cc3)C3CC(S(=O)(=O)Oc4ccc(F)cc4)C2O3)cc1,18000.000000000015,-4.2552725051033065,1,train
O=C(O)CCCCCCC(=O)Nc1ccc(C2=C(c3ccc(O)cc3)C3CC(S(=O)(=O)Oc4ccc(Cl)cc4)C2O3)cc1,789.9999999999999,-2.8976270912904414,1,train
Cc1cccc(C)c1OS(=O)(=O)C1CC2OC1C(c1ccc(NC(=O)CCCCCCC(=O)O)cc1)=C2c1ccc(O)cc1,319.9999999999999,-2.505149978319906,1,train
O=C(CCCCCCC(=O)Nc1ccc(C2=C(c3ccc(O)cc3)C3CC(S(=O)(=O)Oc4ccc(Br)cc4)C2O3)cc1)NO,1140.0000000000002,-3.0569048513364727,1,train
CC(=O)N1C(C)(C)CC(=C(c2ccc(O)cc2)c2ccc(O)cc2)CC1(C)C,0.22,0.6575773191777937,0,train
Cc1ccc(C(=O)c2c(-c3ccc(O)cc3)sc3cc(O)ccc23)cc1,2.6,-0.414973347970818,0,train
O=C(c1ccc(C(F)(F)F)cc1)c1c(-c2ccc(F)cc2)sc2cc(O)ccc12,61.50000000000001,-1.7888751157754168,0,train
O=C(c1ccc(C(F)(F)F)cc1)c1c(-c2ccc(Cl)cc2)sc2cc(O)ccc12,120.99999999999991,-2.08278537031645,0,train
Oc1ccc(Oc2c(-c3ccc(F)cc3)sc3cc(O)ccc23)cc1,6.2,-0.7923916894982539,0,train
CS(=O)(=O)c1ccc(C(=O)c2sc3cc(O)ccc3c2-c2ccc(F)cc2)cc1,436.2000000000001,-2.6396856612426816,1,train
O=C(c1ccc(O)cc1)c1sc2cc(O)ccc2c1-c1ccc(F)cc1,0.2,0.6989700043360187,1,train
CN(C)c1ccc(C(=O)c2sc3cc(O)ccc3c2-c2ccc(F)cc2)cc1,30.60000000000001,-1.48572142648158,1,train
Cc1ccc(C(=O)c2sc3cc(O)ccc3c2-c2ccc(F)cc2)cc1,717.0999999999997,-2.8555797225017177,1,train
O=C(c1ccc(F)cc1)c1sc2cc(O)ccc2c1-c1ccc(F)cc1,18.5,-1.2671717284030135,1,train
O=C(c1sc2cc(O)ccc2c1-c1ccc(F)cc1)C1CC1,13.900000000000004,-1.1430148002540952,1,train
O=C(c1sc2cc(O)ccc2c1-c1ccc(F)cc1)C1CCCCC1,1.0,-0.0,1,train
C#Cc1ccc(C(=O)c2sc3cc(O)ccc3c2-c2ccc(F)cc2)cc1,5.3,-0.724275869600789,1,train
O=C(c1ccc(C(F)(F)F)cc1)c1sc2cc(O)ccc2c1-c1ccc(F)cc1,5.200000000000001,-0.7160033436347992,1,train
N#Cc1ccc(C(=O)c2sc3cc(O)ccc3c2-c2ccc(F)cc2)cc1,58.7,-1.7686381012476144,1,train
Oc1ccc(Oc2sc3cc(O)ccc3c2-c2ccc(F)cc2)cc1,0.8,0.0969100130080563,1,test
Oc1ccc2c(-c3ccc(F)cc3)c(Oc3ccc(Cl)cc3)sc2c1,76.1,-1.8813846567705728,1,test
Oc1ccc2c(-c3ccc(F)cc3)c(Oc3ccc(F)cc3)sc2c1,36.8,-1.5658478186735176,1,test
Oc1ccc2c(-c3ccc(F)cc3)c(Oc3ccc(F)c(F)c3)sc2c1,33.400000000000006,-1.5237464668115646,0,train
CC(C)CCON=C(c1ccc(O)cc1)c1ccc(O)cc1,77.0,-1.8864907251724816,0,train
C=CCCCON=C(c1ccc(O)cc1)c1ccc(O)cc1,46.0,-1.662757831681574,0,train
CCCCON=C(c1ccc(O)cc1)c1ccc(O)cc1,75.00000000000001,-1.8750612633917,0,test
CCC(=C(c1ccc(N)cc1)c1ccc(NCC(N)=O)cc1)c1ccc([N+](=O)[O-])cc1,451.2000000000001,-2.654369090975286,0,train
CC(=C(c1ccc(N)cc1)c1ccc(NCC(N)=O)cc1)c1ccc([N+](=O)[O-])cc1,164.09999999999994,-2.215108581053093,0,train
CCC(=C(c1ccc(O)cc1)c1ccc(O)cc1)c1ccc(N)cc1,1711.0000000000002,-3.2332500095411003,1,train
CC(=C(c1ccc(O)cc1)c1ccc(O)cc1)c1ccc(N)cc1,11036.000000000002,-4.042811691807148,1,train
CCC(=C(c1ccc(N)cc1)c1ccc(N)cc1)c1ccc([N+](=O)[O-])cc1,72.09999999999998,-1.857935264719429,0,test
CC(=C(c1ccc(N)cc1)c1ccc(N)cc1)c1ccc([N+](=O)[O-])cc1,212.90000000000003,-2.3281756614383227,1,train
Cc1ccccc1C(=O)c1sc2cc(O)ccc2c1Oc1ccc(/C=C/C(=O)O)cc1,1.1,-0.041392685158225,0,train
Cc1cc(F)ccc1C(=O)c1sc2cc(O)ccc2c1Oc1ccc(/C=C/C(=O)O)cc1,0.71,0.1487416512809247,1,train
Cc1ccc(C(=O)c2sc3cc(O)ccc3c2Oc2ccc(/C=C/C(=O)O)cc2)c(C)c1,0.92,0.0362121726544447,0,train
Cc1cccc(C)c1C(=O)c1sc2cc(O)ccc2c1Oc1ccc(/C=C/C(=O)O)cc1,0.65,0.1870866433571444,0,train
Cc1cc(F)cc(C)c1C(=O)c1sc2cc(O)ccc2c1Oc1ccc(/C=C/C(=O)O)cc1,0.24,0.619788758288394,0,train
Cc1cc(Cl)cc(C)c1C(=O)c1sc2cc(O)ccc2c1Oc1ccc(/C=C/C(=O)O)cc1,0.07,1.154901959985743,1,train
C[C@]12CC[C@@H]3c4ccc(O)cc4CC[C@H]3[C@@H]1CC[C@@H]2OC(=O)[C@@H]1CCCN1C(=O)c1ccc(S(N)(=O)=O)cc1,431.99999999999983,-2.635483746814912,0,train
Oc1ccc2c(c1)C(c1ccc(OCCN3CCCCC3)cc1)c1c(sc3cc(O)ccc13)C2,0.9,0.0457574905606751,0,train
O=c1c2c(O)cc(O)cc2oc2oc3cc(O)ccc3c12,21.399999999999995,-1.3304137733491908,0,train
CC(C)=CCc1c(O)cc2c(c1O)C(=O)CC(c1ccc(O)cc1)O2,400.0000000000001,-2.6020599913279625,0,train
COc1cc(O)c(CC=C(C)C)c2c1C(=O)CC(c1ccc(O)cc1)O2,1400.0000000000005,-3.146128035678238,0,train
CC(C)=CCc1c(O)cc(O)c2c1O[C@H](c1ccc(O)cc1)CC2=O,6.0,-0.7781512503836436,0,train
CCc1ccccc1OS(=O)(=O)C1CC2OC1C(c1ccc(/C=C/c3cc(OC)cc(OC)c3)cc1)=C2c1ccc(O)cc1,146.00000000000003,-2.164352855784437,0,train
O=S(=O)(Oc1ccccc1Cl)C1CC2OC1C(c1ccc(/C=C/c3cc(O)cc(O)c3)cc1)=C2c1ccc(O)cc1,273.0,-2.436162647040756,0,train
Cc1ccccc1OS(=O)(=O)C1CC2OC1C(c1ccc(/C=C/c3cc(O)cc(O)c3)cc1)=C2c1ccc(O)cc1,1249.9999999999995,-3.096910013008056,0,test
O=S(=O)(Oc1ccc(-c2ccccc2)cc1)C1CC2OC1C(c1ccc(/C=C/c3cc(O)cc(O)c3)cc1)=C2c1ccc(O)cc1,4930.000000000002,-3.69284691927723,0,train
Cc1ccc(OS(=O)(=O)C2CC3OC2C(c2ccc(/C=C/c4cc(O)cc(O)c4)cc2)=C3c2ccc(O)cc2)cc1,70.99999999999999,-1.8512583487190752,0,test
CC(C)=CCc1c(O)cc(O)c2c(=O)cc(-c3ccc(O)cc3)oc12,49.99999999999999,-1.6989700043360187,0,train
Oc1ccc(-c2ccc(-c3ccc(OCCN4CCCC4)cc3)[se]2)cc1,219.00000000000009,-2.3404441148401185,0,train
Cc1cc(O)ccc1-c1ccc(-c2ccc(OCCN3CCCCC3)cc2C)[se]1,2369.0,-3.374565060722765,1,test
Oc1ccc(-c2ccc(-c3ccc(OCCN4CCCC4)cc3F)[se]2)c(F)c1,135.99999999999997,-2.133538908370217,1,test
Oc1ccc(-c2ccc(-c3ccc(OCCN4CCCCC4)cc3F)[se]2)c(F)c1,204.0,-2.3096301674258988,1,train
Oc1ccc(-c2ccc(-c3ccc(OCCN4CCCCC4)cc3Cl)[se]2)c(Cl)c1,911.0,-2.9595183769729982,0,test
Oc1ccc(-c2c[se]cc2-c2ccc(OCCN3CCCC3)cc2)cc1,1002.9999999999994,-3.001300933020418,0,train
Cc1cc(O)ccc1-c1c[se]cc1-c1ccc(OCCN2CCCCC2)cc1C,158.0,-2.198657086954422,1,test
Cc1cc(-c2c[se]cc2-c2ccc(OCCN3CCCC3)c(C)c2)ccc1O,116.00000000000004,-2.0644579892269186,0,test
Cc1cc(-c2c[se]cc2-c2ccc(OCCN3CCCCC3)c(C)c2)ccc1O,720.9999999999999,-2.857935264719429,0,train
Oc1ccc(-c2cc(-c3ccc(OCCN4CCCCC4)cc3)c(-c3ccc(O)cc3)[se]2)cc1,1830.9999999999995,-3.2626883443016963,0,train
O=C(O)c1ccc2c(c1)CCCC(c1ccc(SC(F)(F)F)cc1)=C2c1ccc(O[C@H]2CCN(CCCF)C2)cc1,7.999999999999999,-0.9030899869919436,0,train
O=C(O)c1ccc2c(c1)CCCC(c1ccc(OC(F)(F)F)cc1)=C2c1ccc(O[C@H]2CCN(CCCF)C2)cc1,0.7,0.1549019599857432,0,train
O=C(O)c1ccc2c(c1)CCCC(c1ccc(Cl)cc1Cl)=C2c1ccc(O[C@H]2CCN(CCCF)C2)cc1,0.7,0.1549019599857432,0,train
O=C(O)c1ccc2c(c1)CCCC(c1cccc(F)c1Cl)=C2c1ccc(O[C@H]2CCN(CCCF)C2)cc1,3.0,-0.4771212547196624,0,train
O=C(O)c1ccc2c(c1)CCCC(c1ccc(Cl)cc1)=C2c1ccc(O[C@H]2CCN(CCCF)C2)cc1,7.999999999999999,-0.9030899869919436,0,test
O=C(O)c1ccc2c(c1)CCCC(c1ccccc1Cl)=C2c1ccc(O[C@H]2CCN(CCCF)C2)cc1,1.0,-0.0,0,train
Oc1ccc2c(c1)CCCC(c1cccnc1)=C2c1ccc(O[C@H]2CCN(CCCF)C2)cc1,0.2,0.6989700043360187,0,train
Oc1ccc2c(c1)CCCC(c1ccncc1)=C2c1ccc(O[C@H]2CCN(CCCF)C2)cc1,0.2,0.6989700043360187,0,train
Oc1ccc2c(c1)CCCC(c1ccc3[nH]ncc3c1)=C2c1ccc(O[C@H]2CCN(CCCF)C2)cc1,1.5,-0.1760912590556812,0,train
Oc1ccc2c(c1)CCCC(c1ccc3[nH]ccc3c1)=C2c1ccc(O[C@H]2CCN(CCCF)C2)cc1,0.5,0.3010299956639812,0,train
Oc1ccc2c(c1)CCCC(c1ccc(SC(F)(F)F)cc1)=C2c1ccc(O[C@H]2CCN(CCCF)C2)cc1,2.0,-0.3010299956639812,0,train
Oc1ccc2c(c1)CCCC(c1ccc(OC(F)(F)F)cc1)=C2c1ccc(O[C@H]2CCN(CCCF)C2)cc1,2.0,-0.3010299956639812,0,test
Oc1ccc2c(c1)CCCC(c1ccc(Cl)cc1Cl)=C2c1ccc(O[C@H]2CCN(CCCF)C2)cc1,0.9,0.0457574905606751,0,test
Oc1ccc2c(c1)CCCC(c1ccccc1Cl)=C2c1ccc(O[C@H]2CCN(CCCF)C2)cc1,0.7,0.1549019599857432,0,train
Oc1ccc2c(c1)CCCC(c1ccc(Cl)cc1F)=C2c1ccc(O[C@H]2CCN(CCCF)C2)cc1,0.2,0.6989700043360187,0,train
Oc1ccc2c(c1)CCCC(c1cccc(Cl)c1F)=C2c1ccc(O[C@H]2CCN(CCCF)C2)cc1,0.5,0.3010299956639812,0,train
Oc1ccc2c(c1)CCCC(c1cccc(F)c1Cl)=C2c1ccc(O[C@H]2CCN(CCCF)C2)cc1,0.5,0.3010299956639812,0,train
Oc1ccc2c(c1)CCCC(c1ccccc1)=C2c1ccc(O[C@H]2CCN(CCCF)C2)cc1,0.5,0.3010299956639812,0,train
Oc1ccc2c(c1)CCCC(c1ccc(F)cc1Cl)=C2c1ccc(O[C@H]2CCN(CCCF)C2)cc1,0.2999999999999999,0.5228787452803376,0,test
Oc1ccc(C2=C(c3ccc(O[C@H]4CCN(CCCF)C4)cc3)c3ccc(O)cc3CCC2)cc1,0.7,0.1549019599857432,0,train
Oc1ccc2c(c1)C(c1ccc(O[C@H]3CCN(CCCF)C3)cc1)=C(c1ccc(F)cc1Cl)CCC2,0.2999999999999999,0.5228787452803376,0,train
Oc1ccc(C2=C(c3ccc(O[C@H]4CCN(CCCF)C4)cc3)c3cc(O)ccc3CCC2)cc1,0.4,0.3979400086720376,0,train
Oc1ccc(C2=C(c3ccc(O[C@H]4CCN(CCCF)C4)cc3)c3cc(O)ccc3CC2)cc1,0.2999999999999999,0.5228787452803376,0,train
CCN1CC[C@H](Oc2ccc(C3=C(c4ccc(O)cc4)CCc4ccc(O)cc43)cc2)C1,1.0,-0.0,0,train
CCCN1CC[C@H](Oc2ccc(C3=C(c4ccc(O)cc4)CCc4ccc(O)cc43)cc2)C1,0.6,0.2218487496163563,0,train
CCCN1CC(Oc2ccc(C3=C(c4ccc(O)cc4)CCc4ccc(O)cc43)cc2)C1,0.2,0.6989700043360187,0,train
Oc1ccc(C2=C(c3ccc(OCCN4CCCC4)cc3)c3cc(O)ccc3CC2)cc1,2.0,-0.3010299956639812,0,test
CC/C(=C(/c1ccc(/C=C/C(=O)O)cc1)c1ccc2c(cnn2C)c1)c1ccc(F)cc1Cl,27.000000000000004,-1.4313637641589874,0,test
CC/C(=C(/c1ccc(/C=C/C(=O)O)cc1)c1ccc2c(cnn2C)c1)c1ccccc1,140.00000000000006,-2.146128035678238,0,train
CC/C(=C(/c1ccc(/C=C/C(=O)O)cc1)c1ccn2nccc2c1)c1ccccc1,350.0,-2.544068044350276,1,train
CC/C(=C(/c1ccc(/C=C/C(=O)O)cc1)c1ccc2nccn2c1)c1ccccc1,75.00000000000001,-1.8750612633917,1,train
CC/C(=C(/c1ccc(/C=C/C(=O)O)cc1)c1ccc2cncn2c1)c1ccccc1,259.9999999999999,-2.4149733479708178,1,train
CC/C(=C(/c1ccc(/C=C/C(=O)O)cc1)c1ccn2nncc2c1)c1ccccc1,339.99999999999983,-2.531478917042255,1,test
CC/C(=C(/c1ccc(/C=C/C(=O)O)cc1)c1ccc2ncsc2c1)c1ccccc1,239.99999999999997,-2.380211241711606,1,train
CC/C(=C(/c1ccc(/C=C/C(=O)O)cc1)c1ccc2scnc2c1)c1ccccc1,22.0,-1.3424226808222062,1,test
CC/C(=C(/c1ccc(/C=C/C(=O)O)cc1)c1ccc2sncc2c1)c1ccccc1,200.00000000000003,-2.3010299956639813,1,train
CC/C(=C(/c1ccc(/C=C/C(=O)O)cc1)c1ccc2ocnc2c1)c1ccccc1,460.0000000000003,-2.6627578316815743,1,train
CC/C(=C(/c1ccc(/C=C/C(=O)O)cc1)c1ccc2sc(C)nc2c1)c1ccccc1,150.00000000000003,-2.1760912590556813,1,train
CC/C(=C(/c1ccc(/C=C/C(=O)O)cc1)c1ccc2ccccc2c1)c1ccccc1,57.00000000000001,-1.7558748556724917,1,train
CC/C(=C(/c1ccc(/C=C/C(=O)O)cc1)c1ccc(-c2cscn2)cc1)c1ccccc1,37.0,-1.568201724066995,0,train
CC/C(=C(/c1ccc(/C=C/C(=O)O)cc1)c1ccc(-c2cncs2)cc1)c1ccccc1,7.4,-0.8692317197309762,1,test
CC/C(=C(/c1ccc(/C=C/C(=O)O)cc1)c1ccc(-c2nccs2)cc1)c1ccccc1,83.00000000000001,-1.919078092376074,1,train
CC/C(=C(/c1ccc(/C=C/C(=O)O)cc1)c1ccc(-c2cnsc2)cc1)c1ccccc1,28.0,-1.4471580313422192,1,train
CC/C(=C(/c1ccc(/C=C/C(=O)O)cc1)c1ccc(-c2cnco2)cc1)c1ccccc1,17.0,-1.230448921378274,1,test
CC/C(=C(/c1ccc(/C=C/C(=O)O)cc1)c1ccc(-c2cc[nH]n2)cc1)c1ccccc1,99.0,-1.99563519459755,1,train
CC/C(=C(/c1ccc(/C=C/C(=O)O)cc1)c1ccc(-c2cn[nH]c2)cc1)c1ccccc1,12.000000000000002,-1.0791812460476249,1,train
CC/C(=C(/c1ccc(/C=C/C(=O)O)cc1)c1ccc(-c2cnn(C)c2)cc1)c1ccccc1,15.000000000000004,-1.1760912590556811,1,train
CC/C(=C(/c1ccc(/C=C/C(=O)O)cc1)c1ccc(-n2ccnc2)cc1)c1ccccc1,300.0000000000001,-2.4771212547196626,1,test
CC/C(=C(/c1ccc(/C=C/C(=O)O)cc1)c1ccc(N2CCCCC2)cc1)c1ccccc1,189.99999999999997,-2.278753600952829,1,test
CC/C(=C(/c1ccc(/C=C/C(=O)O)cc1)c1ccc(N2CCN(C)CC2)cc1)c1ccccc1,89.99999999999997,-1.9542425094393248,1,train
CC/C(=C(/c1ccc(/C=C/C(=O)O)cc1)c1ccc(N2CCOCC2)cc1)c1ccccc1,49.99999999999999,-1.6989700043360187,0,train
O=C(O)/C=C/c1ccc(/C(=C(\c2ccccc2)C2CCC2)c2ccc3scnc3c2)cc1,5.9,-0.7708520116421442,0,train
O=C(O)/C=C/c1ccc(/C(=C(\c2ccccc2)C2CCC2)c2ccc(-c3cncs3)cc2)cc1,1.7,-0.2304489213782739,0,train
O=C(O)/C=C/c1ccc(/C(=C(\c2ccccc2)C2CCC2)c2ccc(-c3cn[nH]c3)cc2)cc1,2.1,-0.3222192947339193,0,train
O=C(O)/C=C/c1ccc(/C(=C(\c2ccc(F)cc2Cl)C2CCC2)c2ccc3scnc3c2)cc1,0.7,0.1549019599857432,0,test
O=C(O)/C=C/c1ccc(/C(=C(\c2ccc(F)cc2Cl)C2CCC2)c2ccc3nccn3c2)cc1,1.5,-0.1760912590556812,0,train
O=C(O)/C=C/c1ccc(/C(=C(\c2ccc(F)cc2Cl)C2CCC2)c2ccc(-c3cncs3)cc2)cc1,0.8,0.0969100130080563,0,train
O=C(O)/C=C/c1ccc(/C(=C(\c2ccc(F)cc2Cl)C2CCC2)c2ccc(-c3cn[nH]c3)cc2)cc1,1.1,-0.041392685158225,0,train
O=C(O)/C=C/c1ccc(/C(=C(\c2ccc(F)cc2Cl)C2CCC2)c2ccc(N3CCOCC3)cc2)cc1,1.6,-0.2041199826559248,0,test
N#Cc1ccc(/C(=C(\c2ccc(/C=C/C(=O)O)cc2)c2ccc3scnc3c2)C2CCC2)c(Cl)c1,0.8,0.0969100130080563,1,train
N#Cc1ccc(/C(=C(\c2ccc(/C=C/C(=O)O)cc2)c2ccc3nccn3c2)C2CCC2)c(Cl)c1,19.0,-1.2787536009528289,1,test
N#Cc1ccc(/C(=C(\c2ccc(/C=C/C(=O)O)cc2)c2ccc(-c3cncs3)cc2)C2CCC2)c(Cl)c1,1.8,-0.255272505103306,1,train
N#Cc1ccc(/C(=C(\c2ccc(/C=C/C(=O)O)cc2)c2ccc(-c3cn[nH]c3)cc2)C2CCC2)c(Cl)c1,0.7,0.1549019599857432,1,train
N#Cc1ccc(/C(=C(\c2ccc(/C=C/C(=O)O)cc2)c2ccc(N3CCOCC3)cc2)C2CCC2)c(Cl)c1,4.2,-0.6232492903979004,0,train
N#Cc1cc(Cl)ccc1/C(=C(\c1ccc(/C=C/C(=O)O)cc1)c1ccc2scnc2c1)C1CCC1,0.4,0.3979400086720376,0,test
N#Cc1cc(Cl)ccc1/C(=C(\c1ccc(/C=C/C(=O)O)cc1)c1ccc2nccn2c1)C1CCC1,4.3,-0.6334684555795865,0,train
N#Cc1cc(Cl)ccc1/C(=C(\c1ccc(/C=C/C(=O)O)cc1)c1ccc(-c2cncs2)cc1)C1CCC1,1.9,-0.2787536009528289,0,train
N#Cc1cc(Cl)ccc1/C(=C(\c1ccc(/C=C/C(=O)O)cc1)c1ccc(-c2cn[nH]c2)cc1)C1CCC1,1.1,-0.041392685158225,0,train
N#Cc1cc(Cl)ccc1/C(=C(\c1ccc(/C=C/C(=O)O)cc1)c1ccc(N2CCOCC2)cc1)C1CCC1,5.000000000000001,-0.6989700043360189,0,train
COc1ccc(/C(=C(\c2ccc(/C=C/C(=O)O)cc2)c2ccc3scnc3c2)C2CCC2)c(Cl)c1,0.4,0.3979400086720376,0,test
COc1ccc(/C(=C(\c2ccc(/C=C/C(=O)O)cc2)c2ccc3nccn3c2)C2CCC2)c(Cl)c1,0.2999999999999999,0.5228787452803376,0,train
COc1ccc(/C(=C(\c2ccc(/C=C/C(=O)O)cc2)c2ccc(-c3cncs3)cc2)C2CCC2)c(Cl)c1,0.8,0.0969100130080563,1,test
COc1ccc(/C(=C(\c2ccc(/C=C/C(=O)O)cc2)c2ccc(-c3cn[nH]c3)cc2)C2CCC2)c(Cl)c1,1.5,-0.1760912590556812,1,train
COc1ccc(/C(=C(\c2ccc(/C=C/C(=O)O)cc2)c2ccc(N3CCOCC3)cc2)C2CCC2)c(Cl)c1,0.6,0.2218487496163563,0,train
O=C(O)/C=C/c1ccc(/C(=C(\c2ccc(C(F)(F)F)cc2Cl)C2CCC2)c2ccc3scnc3c2)cc1,1.0,-0.0,0,test
O=C(O)/C=C/c1ccc(/C(=C(\c2ccc(C(F)(F)F)cc2Cl)C2CCC2)c2ccc3nccn3c2)cc1,1.5,-0.1760912590556812,0,train
O=C(O)/C=C/c1ccc(/C(=C(\c2ccc(C(F)(F)F)cc2Cl)C2CCC2)c2ccc(-c3cn[nH]c3)cc2)cc1,4.8,-0.6812412373755872,0,train
O=C(O)/C=C/c1ccc(/C(=C(\c2ccc(C(F)(F)F)cc2Cl)C2CCC2)c2ccc(N3CCOCC3)cc2)cc1,1.9,-0.2787536009528289,0,train
O=C(O)/C=C/c1ccc(/C(=C(\c2ncc(C(F)(F)F)cc2Cl)C2CCC2)c2ccc3scnc3c2)cc1,1.1,-0.041392685158225,0,train
O=C(O)/C=C/c1ccc(/C(=C(\c2ncc(C(F)(F)F)cc2Cl)C2CCC2)c2ccc(-c3cncs3)cc2)cc1,1.4,-0.146128035678238,0,train
O=C(O)/C=C/c1ccc(/C(=C(\c2ncc(C(F)(F)F)cc2Cl)C2CCC2)c2ccc(-c3cn[nH]c3)cc2)cc1,2.8,-0.4471580313422192,0,train
O=C(O)/C=C/c1ccc(/C(=C(\c2ncc(C(F)(F)F)cc2Cl)C2CCC2)c2ccc(N3CCOCC3)cc2)cc1,4.1,-0.6127838567197355,0,train
CC(=O)Oc1ccc(C(=C2CCCCC2)c2ccc(OC(C)=O)cc2)cc1,26.0,-1.414973347970818,0,train
CCCC(CCC)(c1ccc(O)c(C)c1)c1ccc(O)c(C)c1,10.0,-1.0,1,train
CCCC(CCC)(c1ccc(N)c(C)c1)c1ccc(O)c(C)c1,5.15,-0.711807229041191,1,train
CCC(CC)(c1ccc(O)cc1)c1ccc(O)cc1,181.00000000000003,-2.257678574869185,1,train
CCCC(CCC)(c1ccc(O)cc1)c1ccc(O)cc1,64.99999999999999,-1.8129133566428557,0,train
CCCCC(CCCC)(c1ccc(O)cc1)c1ccc(O)cc1,605.9999999999998,-2.782472624166286,0,train
Cc1cc(C(C)(C)c2ccc(O)c(C)c2)ccc1O,1382.0000000000005,-3.14050804303818,0,train
CCC(CC)(c1ccc(O)c(C)c1)c1ccc(O)c(C)c1,28.0,-1.4471580313422192,1,test
CCCCC(CCCC)(c1ccc(O)c(C)c1)c1ccc(O)c(C)c1,88.00000000000001,-1.944482672150169,1,train
CCc1cc(C(CC)(CC)c2ccc(O)c(CC)c2)ccc1O,729.0000000000001,-2.8627275283179747,0,train
CCCC(CCC)(c1ccc(O)c(C)c1)c1ccc(NC)c(C)c1,545.0000000000001,-2.7363965022766426,1,train
CCCC(CCC)(c1ccc(O)c(C)c1)c1ccc(OCCC(C)C)c(C)c1,427.00000000000017,-2.630427875025024,0,train
CCCC(CCC)(c1ccc(O)c(C)c1)c1ccc(OCC(=O)OCC)c(C)c1,93.0,-1.968482948553935,0,train
CCCC(CCC)(c1ccc(O)c(C)c1)c1ccc(OCC(=O)OC(C)C)c(C)c1,116.00000000000004,-2.0644579892269186,0,test
CCCC(CCC)(c1ccc(O)c(C)c1)c1ccc(OCC(=O)NC)c(C)c1,103.99999999999996,-2.0170333392987803,0,test
CCCC(CCC)(c1ccc(O)c(C)c1)c1ccc(OCC(=O)N(C)C)c(C)c1,204.0,-2.3096301674258988,0,train
CCCC(CCC)(c1ccc(O)c(C)c1)c1ccc(/C=C/C(=O)OCC)c(C)c1,193.00000000000009,-2.285557309007774,0,test
CCCC(CCC)(c1ccc(O)c(C)c1)c1ccc(/C=C/C(=O)O)c(C)c1,437.00000000000006,-2.640481436970422,0,train
CP(=O)(c1ccccc1)c1ccc(O)cc1,19000.0,-4.278753600952829,0,train
CC(C)(c1ccccc1)c1ccc(O)cc1,4400.0,-3.643452676486187,0,train
Oc1ccc(C(c2ccc(O)cc2)(C(F)(F)F)C(F)(F)F)cc1,20.000000000000004,-1.3010299956639813,0,train
Oc1ccc(C(c2ccc(O)cc2)C(F)(F)F)cc1,109.00000000000004,-2.037426497940624,1,train
Oc1ccc(C(c2ccc(O)cc2)C(Cl)(Cl)Cl)cc1,30.700000000000003,-1.4871383754771863,0,train
Oc1ccc(C(c2ccc(O)cc2)C(Br)(Br)Br)cc1,14.499999999999998,-1.1613680022349748,0,train
Nc1ccc(C(Cn2ccnc2)=C(c2ccc(O)cc2)c2ccc(O)cc2)cc1,1829.9999999999995,-3.2624510897304293,1,train
Oc1ccc(C(=C(Cn2ccnc2)c2ccc(O)c(F)c2)c2ccc(O)cc2)cc1,85.2,-1.9304395947667,0,train
Oc1ccc(C(Cn2cnnc2)=C(c2ccc(O)cc2)c2ccc(O)cc2)cc1,943.0000000000005,-2.9745116927373285,1,train
Oc1ccc(C(Cn2ccnc2)=C(c2ccc(O)cc2)c2ccc(O)cc2)cc1,97.80000000000004,-1.9903388547876013,1,train
Oc1ccc(C(=C(Cn2ccnc2)c2ccccc2)c2ccc(O)cc2)cc1,27.3,-1.436162647040756,1,train
N#CCC1(Cc2ccc(O)cc2)CCc2cc(O)ccc21,634.9999999999998,-2.8027737252919755,1,train
N#CC1(Cc2ccc(O)c(F)c2)CCc2cc(O)ccc21,1819.9999999999995,-3.2600713879850747,0,train
Cc1cc(O)ccc1CC1(C#N)CCc2cc(O)ccc21,949.9999999999995,-2.977723605288848,1,test
N#CC1(Cc2ccc(O)cc2Cl)CCc2cc(O)ccc21,44.400000000000006,-1.64738297011462,1,train
N#CC1(Cc2ccc(O)cc2F)CCc2cc(O)ccc21,256.0,-2.4082399653118496,0,train
CCCC1(Cc2ccc(O)cc2)CCc2cc(O)ccc21,168.99999999999997,-2.227886704613673,0,train
CCC1(Cc2ccc(O)cc2)CCc2cc(O)ccc21,116.00000000000004,-2.0644579892269186,1,train
CC1(Cc2ccc(O)cc2)CCc2cc(O)ccc21,481.00000000000017,-2.682145076373832,0,train
CCC(c1ccc(O)cc1)C1CCc2cc(O)ccc21,6.33,-0.8014037100173551,0,train
Oc1ccc(CC2CCCCc3cc(O)ccc32)cc1,123.00000000000004,-2.089905111439398,0,train
Oc1ccc(CC2CCCc3cc(O)ccc32)cc1,102.0,-2.008600171761917,0,test
Oc1ccc(CC2CCc3ccc(O)cc32)cc1,2109.9999999999995,-3.3242824552976926,0,train
Oc1ccc(CC2CCc3c(O)cccc32)cc1,1829.9999999999995,-3.2624510897304293,0,train
Oc1cccc(CC2CCc3cc(O)ccc32)c1,3090.0,-3.4899584794248346,0,train
CCC(Cc1ccc(O)cc1)c1ccc(O)cc1,185.0,-2.2671717284030137,1,train
C#C[C@]1(O)CC[C@H]2[C@@H]3CCc4cc(O)ccc4[C@H]3CC[C@@]21C,0.2999999999999999,0.5228787452803376,1,test
C[C@]12CC[C@@H]3c4ccc(O)cc4CC[C@H]3[C@@H]1CC[C@@]2(O)c1cn(-c2ccccc2)nn1,5.000000000000001,-0.6989700043360189,1,train
C[C@]12CC[C@@H]3c4ccc(O)cc4CC[C@H]3[C@@H]1CC[C@@]2(O)c1cn(Cc2ccccc2)nn1,7.1,-0.8512583487190752,0,train
C[C@]12CC[C@@H]3c4ccc(O)cc4CC[C@H]3[C@@H]1CC[C@@]2(O)c1cn(-c2ccc(O)cc2)nn1,0.87,0.0604807473813814,1,train
C[C@]12CC[C@@H]3c4ccc(O)cc4CC[C@H]3[C@@H]1CC[C@@]2(O)c1cn(-c2cccc(O)c2)nn1,68.00000000000001,-1.8325089127062364,1,train
C[C@]12CC[C@@H]3c4ccc(O)cc4CC[C@H]3[C@@H]1CC[C@@]2(O)c1cn(CCO)nn1,149.0,-2.173186268412274,0,train
C[C@]12CC[C@]3(C#N)c4ccc(O)cc4CC[C@H]3[C@@H]1CCC2=O,88.00000000000001,-1.944482672150169,1,train
C#C[C@]1(O)CC[C@H]2[C@@H]3CCc4cc(O)ccc4[C@@]3(C#N)CC[C@@]21C,22.0,-1.3424226808222062,0,train
C[C@]12CC[C@]3(C#N)c4ccc(O)cc4CC[C@H]3[C@@H]1CC[C@@H]2O,0.38,0.4202164033831898,1,train
Cc1ncsc1-c1ccc([C@@H](C)NC(=O)[C@@H]2C[C@@H](O)CN2C(=O)[C@H](NC(=O)COCCOCc2cn(CCOc3ccc(N(Cc4cccc(O)c4Cl)CC4(c5ccccc5F)CCCC4)cc3)nn2)C(C)(C)C)cc1,27.000000000000004,-1.4313637641589874,0,test
Cc1cccc(CN(CC2(c3ccccc3F)CCCC2)c2ccc(OCCn3cc(COCCOCCOc4cc(-c5scnc5C)ccc4CNC(=O)[C@@H]4C[C@@H](O)CN4C(=O)[C@@H](NC(=O)C4(F)CC4)C(C)(C)C)nn3)cc2)c1Cl,89.99999999999997,-1.9542425094393248,0,test
C[C@@H]1CC2c3ccccc3NC2[C@@H](c2c(F)cc(/C=C/C(=O)O)cc2F)N1CC(C)(C)F,0.23,0.638272163982407,0,train
C[C@@H]1CC2c3ccccc3N(C)C2[C@@H](c2c(F)cc(/C=C/C(=O)O)cc2F)N1CC(C)(C)F,14.800000000000004,-1.1702617153949575,0,train
CC(C)(F)CN1[C@H](CF)Cc2c([nH]c3ccccc23)[C@H]1c1c(F)cc(/C=C/C(=O)O)cc1F,0.86,0.0655015487564322,0,train
CC(C)(F)CN1[C@H](c2c(F)cc(/C=C/C(=O)O)cc2F)c2[nH]c3ccccc3c2CC12CC2,32.89999999999999,-1.5171958979499742,0,train
CC(C)(F)CN1C2CCCC2c2c([nH]c3ccccc23)[C@H]1c1c(F)cc(/C=C/C(=O)O)cc1F,0.35,0.4559319556497244,0,train
C[C@@H]1Cc2c([nH]c3ccccc23)[C@@H](c2c(F)cc(/C=C/C(=O)O)cc2F)N1CC1(C(F)(F)F)CC1,4.48,-0.651278013998144,0,test
CCCCN1[C@H](c2c(F)cc(/C=C/C(=O)O)cc2F)c2[nH]c3ccccc3c2C[C@H]1C,5.39,-0.7315887651867387,0,train
C[C@@H]1Cc2c([nH]c3ccccc23)[C@@H](c2c(F)cc(/C=C/C(=O)O)cc2F)N1c1ccccc1,365.0,-2.562292864456474,0,train
C[C@@H]1Cc2c([nH]c3ccccc23)[C@@H](c2ccc(/C=C/C(=O)O)cn2)N1CC(C)(C)F,3.23,-0.5092025223311029,0,train
C[C@@H]1Cc2c([nH]c3ccccc23)[C@@H](c2ncc(/C=C/C(=O)O)cc2F)N1CC(C)(C)F,1.0,-0.0,0,test
C[C@@H]1Cc2c([nH]c3ccccc23)[C@@H](c2cc(F)c(/C=C/C(=O)O)c(F)c2)N1CC(C)(C)F,3.4800000000000004,-0.541579243946581,0,train
C[C@@H]1Cc2c([nH]c3ccccc23)[C@@H](c2c(Cl)cc(/C=C/C(=O)O)cc2Cl)N1CC(C)(C)F,2.51,-0.3996737214810381,0,train
COc1cc(/C=C/C(=O)O)cc(F)c1[C@@H]1c2[nH]c3ccccc3c2C[C@@H](C)N1CC(C)(C)F,0.48,0.3187587626244128,0,train
COc1cc(/C=C/C(=O)O)cc(OC)c1[C@@H]1c2[nH]c3ccccc3c2C[C@@H](C)N1CC(C)(C)F,4.67,-0.6693168805661122,0,test
C[C@@H]1Cc2c([nH]c3ccccc23)[C@@H](c2c(F)cc(NC3(C(=O)O)CC3)cc2F)N1CC(C)(C)F,6.85,-0.8356905714924255,0,train
C[C@@H]1Cc2c([nH]c3ccccc23)[C@@H](c2c(F)cc(N3CC(C(=O)O)C3)cc2F)N1CC(C)(C)F,0.53,0.2757241303992109,0,train
C[C@@H]1Cc2c([nH]c3ccccc23)[C@@H](c2c(F)cc(N3CCC(C(=O)O)C3)cc2F)N1CC(C)(C)F,1.47,-0.167317334748176,0,train
C[C@@H]1Cc2c([nH]c3ccccc23)[C@@H](c2c(F)cc(N3CCC(C(=O)O)CC3)cc2F)N1CC(C)(C)F,7.799999999999999,-0.8920946026904804,0,train
C[C@@H]1Cc2c([nH]c3ccccc23)[C@@H](c2c(F)cc(N3CC4(CC(C(=O)O)C4)C3)cc2F)N1CC(C)(C)F,0.98,0.0087739243075051,0,train
C[C@@H]1Cc2c([nH]c3ccccc23)[C@@H](c2c(F)cc(N3CC(CF)C3)cc2F)N1CC(C)(C)F,0.22,0.6575773191777937,0,train
C[C@@H]1Cc2c([nH]c3ccccc23)[C@@H](c2c(F)cc(N3CC4(COC4)C3)cc2F)N1CC(C)(C)F,0.23,0.638272163982407,0,train
C[C@@H]1Cc2c([nH]c3ccccc23)[C@@H](c2c(F)cc(N3CC(C(N)=O)C3)cc2F)N1CC(C)(C)F,0.1,1.0,0,train
C[C@@H]1Cc2c([nH]c3ccccc23)[C@@H](c2c(F)cc(N3CC(OCCF)C3)cc2F)N1CC(C)(C)F,0.61,0.2146701649892329,0,train
C[C@@H]1Cc2c([nH]c3ccccc23)[C@@H](c2c(F)cc(N3CC(C#N)C3)cc2F)N1CC(C)(C)F,0.55,0.2596373105057561,0,train
C[C@@H]1Cc2c([nH]c3ccccc23)[C@@H](c2c(F)cc(N3CCOCC3)cc2F)N1CC(C)(C)F,1.51,-0.1789769472931694,0,train
C[C@@H]1Cc2c([nH]c3ccccc23)[C@@H](c2c(F)cc(N3CCC(F)(F)CC3)cc2F)N1CC(C)(C)F,6.27,-0.7972675408307164,0,test
C[C@@H]1Cc2c([nH]c3ccccc23)[C@@H](c2c(F)cc(/C=C/C(=O)NO)cc2F)N1CC(C)(C)F,1.28,-0.1072099696478683,0,test
C[C@@H]1Cc2c([nH]c3ccccc23)[C@@H](c2c(F)cc(/C=C/C(N)=O)cc2F)N1CC(C)(C)F,1.56,-0.1931245983544616,0,train
C[C@@H]1Cc2c([nH]c3ccccc23)[C@@H](c2c(F)cc(-c3ccc(C(=O)O)cc3)cc2F)N1CC(C)(C)F,0.2999999999999999,0.5228787452803376,0,train
C[C@@H]1Cc2c([nH]c3ccccc23)[C@@H](c2c(F)cc(-c3cnc(C(=O)O)s3)cc2F)N1CC(C)(C)F,0.49,0.3098039199714863,0,train
C[C@@H]1Cc2c([nH]c3ccccc23)[C@@H](c2c(F)cc(Nc3cnc(C(=O)O)s3)cc2F)N1CC(C)(C)F,1.08,-0.0334237554869497,0,train
C[C@@H]1Cc2c([nH]c3ccccc23)[C@@H](c2c(F)cc(-n3ccc(C(=O)O)n3)cc2F)N1CC(C)(C)F,0.26,0.585026652029182,0,train
C[C@@H]1Cc2c([nH]c3ccccc23)[C@@H](c2c(F)cc(-c3ccc(C(=O)O)cn3)cc2F)N1CC(C)(C)F,0.5,0.3010299956639812,0,train
C[C@@H]1Cc2c([nH]c3ccccc23)[C@@H](c2c(F)cc(-c3cccc(C(=O)O)c3)cc2F)N1CC(C)(C)F,0.7,0.1549019599857432,0,train
COc1cc(C(=O)O)ccc1-c1cc(F)c([C@@H]2c3[nH]c4ccccc4c3C[C@@H](C)N2CC(C)(C)F)c(F)c1,0.54,0.2676062401770315,0,train
COc1cc(-c2cc(F)c([C@@H]3c4[nH]c5ccccc5c4C[C@@H](C)N3CC(C)(C)F)c(F)c2)ccc1C(=O)O,0.25,0.6020599913279624,0,test
COc1cc(C(=O)O)cc(Cl)c1-c1cc(F)c([C@@H]2c3[nH]c4ccccc4c3C[C@@H](C)N2CC(C)(C)F)c(F)c1,1.92,-0.2833012287035495,0,train
C[C@@H]1Cc2c([nH]c3ccccc23)[C@@H](c2c(F)cc(-c3ccc(C(N)=O)cc3)cc2F)N1CC(C)(C)F,0.66,0.1804560644581313,0,test
C[C@@H]1Cc2c([nH]c3ccccc23)[C@@H](c2c(F)cc(-c3ccc(C(=O)O)cc3Cl)cc2F)N1CC(C)(C)F,1.7,-0.2304489213782739,0,test
COc1cc(-c2cc(Cl)c([C@@H]3c4[nH]c5ccccc5c4C[C@@H](C)N3CC(C)(C)F)c(Cl)c2)ccc1C(=O)O,0.58,0.2365720064370627,0,train
C[C@@H]1Cc2c([nH]c3ccccc23)[C@@H](c2c(Cl)cc(-c3ccc(C(=O)O)cc3)cc2Cl)N1CC(C)(C)F,1.61,-0.2068258760318497,0,train
COc1cc(-c2cc(F)c([C@@H]3c4[nH]c5ccccc5c4C[C@@H](C)N3CC(C)(C)F)c(Cl)c2)ccc1C(=O)O,0.43,0.3665315444204134,0,test
C[C@@H]1Cc2c([nH]c3ccccc23)[C@@H](c2c(F)cc(-c3ccc(C(=O)O)cc3)cc2Cl)N1CC(C)(C)F,0.85,0.0705810742857072,0,train
COc1cc(-c2ccc(C(=O)O)cn2)cc(F)c1[C@@H]1c2[nH]c3ccccc3c2C[C@@H](C)N1CC(C)(C)F,0.34,0.4685210829577448,0,train
COc1cc(-c2ccc(C(=O)O)cc2)cc(F)c1[C@@H]1c2[nH]c3ccccc3c2C[C@@H](C)N1CC(C)(C)F,0.61,0.2146701649892329,0,train
OCC12CC3CC(C1)C(c1ccc(O)cc1)C(C3)C2,717.0,-2.8555191556678,0,train
Oc1ccc(C2CCC3(CC2)CC(O)C3)cc1,6700.0,-3.8260748027008256,0,test
OCC1(c2onc(-c3ccc(O)cc3)c2-c2ccccc2)CC1,27.000000000000004,-1.4313637641589874,0,train
C[C@]12CC[C@@H]3c4ccc(O)cc4CC[C@H]3[C@@H]1C[C@H]1OC(=O)C[C@]12O,0.0139999999999999,1.853871964321762,0,test
CC(C)c1csc2nc(Cl)nc(NCc3ccc(O)cc3)c12,6200.0,-3.792391689498254,0,train
Oc1cccc(CNc2nc(Cl)nc3scc(-c4ccccc4)c23)c1,7789.999999999997,-3.891537457672564,0,train
O=C1Sc2nc(Cl)nc(NCc3ccc(O)cc3)c2C1c1ccccc1,44.0,-1.6434526764861874,0,test
Cc1nc(NCc2ccc(O)cc2)c2c(CC(C)C)csc2n1,179.99999999999997,-2.255272505103306,0,train
CC(F)(F)c1cc(F)ccc1-c1sc2cc(B(O)O)ccc2c1Oc1ccc(OCCN2CC(CF)C2)cc1,1.2,-0.0791812460476248,0,train
CC(F)(F)c1cc(F)ccc1-c1sc2cc(B(O)O)ccc2c1Oc1ccc(OCCN2CC[C@@H](CF)C2)cc1,2.2,-0.3424226808222063,0,train
CC(F)(F)c1cc(F)ccc1-c1sc2c(ccc3[nH]ncc32)c1Oc1ccc(OCCN2CC(CF)C2)cc1,0.9,0.0457574905606751,0,test
CC(F)(F)c1cc(F)ccc1-c1sc2c(ccc3[nH]ncc32)c1Oc1ccc(OCCN2CC(CC#N)C2)cc1,0.4,0.3979400086720376,0,train
CC(F)(F)c1cc(Cl)ccc1-c1sc2c(ccc3[nH]ncc32)c1Oc1ccc(OC2CN(CCCF)C2)cc1,1.1,-0.041392685158225,0,train
CC(F)(F)c1cc(Cl)ccc1-c1sc2c(ccc3[nH]ncc32)c1Oc1ccc(O[C@@H]2CCN(CCCF)C2)cc1,0.7,0.1549019599857432,0,train
CC(F)(F)c1cc(Cl)ccc1-c1sc2c(ccc3[nH]ncc32)c1Oc1ccc(NC2CN(CCCF)C2)cc1,1.2,-0.0791812460476248,0,train
CC(F)(F)c1cc(Cl)ccc1-c1sc2c(ccc3[nH]ncc32)c1Oc1ccc(N[C@@H]2CCN(CCCF)C2)cc1,1.0,-0.0,0,test
CC(F)(F)c1cc(Cl)ccc1-c1sc2cc(C(=O)O)ccc2c1Oc1ccc(OC2CN(CCCF)C2)cc1,3.9,-0.5910646070264992,0,test
CC(F)(F)c1cc(Cl)ccc1-c1sc2cc(C(=O)O)ccc2c1Oc1ccc(O[C@@H]2CCN(CCCF)C2)cc1,1.0,-0.0,1,train
CC(F)(F)c1cc(Cl)ccc1-c1sc2cc(C(=O)O)ccc2c1Oc1ccc(OCCN2CC(CF)C2)cc1,2.6,-0.414973347970818,0,train
CC(F)(F)c1cc(Cl)ccc1-c1sc2cc(C(=O)O)ccc2c1Oc1ccc(NC2CN(CCCF)C2)cc1,13.099999999999998,-1.1172712956557642,1,train
CC(c1cc(F)ccc1-c1sc2c(ccc3[nH]ncc32)c1Oc1ccc(OC2CN(CCCF)C2)cc1)C(F)(F)F,2.5,-0.3979400086720376,0,train
FCCCN1CC(Nc2ccc(Oc3c(-c4ccc(F)cc4CC(F)(F)F)sc4c3ccc3[nH]ncc34)cc2)C1,2.2,-0.3424226808222063,0,train
CC(C)(F)c1cc(F)ccc1-c1sc2c(ccc3[nH]ncc32)c1Oc1ccc(NC2CN(CCCF)C2)cc1,1.4,-0.146128035678238,0,train
CC(F)(F)c1cc(F)c(F)cc1-c1sc2c(ccc3[nH]ncc32)c1Oc1ccc(NC2CN(CCCF)C2)cc1,2.2,-0.3424226808222063,0,train
CC(F)(c1cc(F)ccc1-c1sc2c(ccc3[nH]ncc32)c1Oc1ccc(NC2CN(CCCF)C2)cc1)C(F)(F)F,6.6,-0.8195439355418687,0,train
COc1cc(Oc2c(-c3ccc(F)cc3C(C)(F)F)sc3c2ccc2[nH]ncc23)ccc1NC1CN(CCCF)C1,1.1,-0.041392685158225,0,test
CC(F)(F)c1cc(F)ccc1-c1sc2c(ccc3[nH]ncc32)c1Oc1ccc(NC2CN(CCCF)C2)c(F)c1,1.3,-0.1139433523068367,0,train
COc1cc(Oc2c(-c3cc(F)c(F)cc3C(C)(F)F)sc3c2ccc2[nH]ncc23)ccc1NC1CN(CCCF)C1,2.6,-0.414973347970818,0,test
COc1cc(Oc2c(-c3ccc(F)cc3CC(F)(F)F)sc3c2ccc2[nH]ncc23)ccc1NC1CN(CCCF)C1,2.2,-0.3424226808222063,0,train
COc1cc(Oc2c(-c3ccc(F)cc3C(C)(C)F)sc3c2ccc2[nH]ncc23)ccc1NC1CN(CCCF)C1,1.3,-0.1139433523068367,0,train
CC(F)(F)c1cc(F)c(F)cc1-c1sc2c(ccc3[nH]ncc32)c1Oc1ccc(OC2CN(CCCF)C2)cc1,3.4,-0.5314789170422551,0,train
COc1cc(Oc2c(-c3ccc(F)cc3C(C)(F)F)sc3c2ccc2[nH]ncc23)ccc1OC1CN(CCCF)C1,0.4,0.3979400086720376,0,train
COc1cc(Oc2c(-c3cc(F)c(F)cc3C(C)(F)F)sc3c2ccc2[nH]ncc23)ccc1OC1CN(CCCF)C1,3.0,-0.4771212547196624,0,train
COc1cc(Oc2c(-c3ccc(F)cc3CC(F)(F)F)sc3c2ccc2[nH]ncc23)ccc1OC1CN(CCCF)C1,1.8,-0.255272505103306,0,test
COc1cc(Oc2c(-c3ccc(F)cc3C(C)(C)F)sc3c2ccc2[nH]ncc23)ccc1OC1CN(CCCF)C1,1.4,-0.146128035678238,0,train
CC(F)(F)c1cc(F)ccc1-c1sc2c(ccc3[nH]ncc32)c1Oc1ccc(OC2CN(CCCF)C2)c(F)c1,1.3,-0.1139433523068367,0,train
CC(F)(F)c1cc(F)c(F)cc1-c1sc2c(ccc3[nH]ncc32)c1Oc1ccc(OC2CN(CCCF)C2)c(F)c1,3.9,-0.5910646070264992,0,test
FCCCN1CC(Oc2ccc(Oc3c(-c4ccc(F)cc4CC(F)(F)F)sc4c3ccc3[nH]ncc34)cc2F)C1,3.6,-0.5563025007672873,0,train
CC(C)(F)c1cc(F)ccc1-c1sc2c(ccc3[nH]ncc32)c1Oc1ccc(OC2CN(CCCF)C2)c(F)c1,2.0,-0.3010299956639812,0,train
CC(F)(F)c1cc(-c2sc3cc(O)ccc3c2Oc2ccc(/C=C/C(=O)O)cc2)ccc1F,1.0,-0.0,0,test
