smiles,exp_mean [nM],y,cliff_mol,split
COc1cc(C(=O)N(CCC2CCCN2C)C/C(C)=C/c2cc(F)cc(C(F)(F)F)c2)cc(OC)c1OC,1400.0000000000005,-3.146128035678238,0,train
COc1cc(C(=O)N(CCC2CCCN2C)C/C(C)=C/c2ccccc2F)cc(OC)c1OC,7.85,-0.8948696567452525,0,train
CC[C@H](C)[C@@H]1NC(=O)[C@H]([C@@H](C)O)NC(=O)[C@H]2CCCN2C(=O)[C@H](Cc2ccc3ccccc3c2)NC(=O)[C@H](CCCNC(=N)N)NC(=O)[C@@H](CCCNC(=N)N)NC1=O,33.81000000000001,-1.529045170765769,0,train
O=C(Nc1cccc(CN2CCC(C(=O)NC3CCCCC3)CC2)c1)c1ccc(Cl)cc1,2.0,-0.3010299956639812,1,train
O=C(Nc1cccc(CN2CCC(C(=O)NC3CCCCC3)CC2)c1)c1cccc(C(F)(F)F)n1,1.0,-0.0,1,train
O=C(Nc1cccc(CN2CCC(C(=O)NC3CCCCC3)CC2)c1)c1cccnc1,23.0,-1.3617278360175928,1,train
Cc1sc(C(=O)Nc2cccc(CN3CCC(C(=O)NC4CCCCC4)CC3)c2)cc1CC(C)C,40.000000000000014,-1.6020599913279625,0,test
Cc1cc(C(=O)Nc2cccc(CN3CCC(C(=O)NC4CCCCC4)CC3)c2)no1,17.999999999999996,-1.255272505103306,1,train
O=C(Nc1cccc(CN2CCC(C(=O)NC3CCCCC3)CC2)c1)c1ccncn1,2.0,-0.3010299956639812,1,train
O=C(Nc1cccc(CN2CCC(C(=O)NC3CCCCC3)CC2)c1)c1ccc2ccccc2c1,6.0,-0.7781512503836436,1,test
O=C(Nc1cccc(CN2CCC(C(=O)NC3CCCCC3)CC2)c1)c1n[nH]c2ccccc12,35.0,-1.5440680443502757,1,train
COc1ccccc1C(=O)Nc1cccc(CN2CCC(C(=O)NC3CCCCC3)CC2)c1,17.0,-1.230448921378274,1,train
O=C(Nc1cccc(CN2CCC(C(=O)NC3CCCCC3)CC2)c1)c1cccc2ccncc12,68.00000000000001,-1.8325089127062364,1,train
O=C(Cc1ccccc1)Nc1cccc(CN2CCC(C(=O)NC3CCCCC3)CC2)c1,7.0,-0.8450980400142568,1,test
O=C(Nc1cccc(CN2CCC(C(=O)NC3CCCCC3)CC2)c1)c1ccsc1,4.0,-0.6020599913279624,1,train
O=C(Cc1ccccn1)Nc1cccc(CN2CCC(C(=O)NC3CCCCC3)CC2)c1,20.000000000000004,-1.3010299956639813,0,test
O=C(Nc1cccc(CN2CCC(C(=O)NC3CCCCC3)CC2)c1)c1ccccc1,3.0,-0.4771212547196624,1,train
O=C(Cc1ccc2ccccc2c1)Nc1cccc(CN2CCC(C(=O)NC3CCCCC3)CC2)c1,77.99999999999999,-1.8920946026904804,0,train
CC(C)C(=O)Nc1cccc(CN2CCC(C(=O)NC3CCCCC3)CC2)c1,120.99999999999991,-2.08278537031645,0,train
O=C(Nc1cccc(CN2CCC(C(=O)NC3CCCCC3)CC2)c1)C1CCCC1,29.0,-1.462397997898956,1,test
O=C(NC1CCCCC1)C1CCN(Cc2cccc(NC(=O)C3C[C@@H]4CC[C@H]3C4)c2)CC1,5.000000000000001,-0.6989700043360189,0,train
O=C(Nc1cccc(CN2CCC(C(=O)NC3CCCCC3)CC2)c1)c1cc(F)cc(F)c1,2.0,-0.3010299956639812,1,train
CC(C)(C)CC(=O)Nc1cccc(CN2CCC(C(=O)NC3CCCCC3)CC2)c1,25.000000000000007,-1.3979400086720375,0,train
O=C(Nc1cccc(CN2CCC(C(=O)NC3CCCCC3)CC2)c1)c1nccc2ccccc12,38.99999999999999,-1.591064607026499,1,train
O=C(Nc1cccc(CN2CCC(C(=O)NC3CCCCC3)CC2)c1)c1cncc2ccccc12,97.0,-1.9867717342662448,1,test
COc1cccc(C(=O)Nc2cccc(CN3CCC(C(=O)NC4CCCCC4)CC3)c2)c1,4.0,-0.6020599913279624,1,train
O=C(Cc1cccc(Cl)c1)Nc1cccc(CN2CCC(C(=O)NC3CCCCC3)CC2)c1,10.0,-1.0,0,train
O=C(Cc1ccccc1Cl)Nc1cccc(CN2CCC(C(=O)NC3CCCCC3)CC2)c1,3.0,-0.4771212547196624,1,train
Cn1cc(C(=O)Nc2cccc(CN3CCC(C(=O)NC4CCCCC4)CC3)c2)c2ccccc21,181.99999999999997,-2.2600713879850747,1,train
O=C(Nc1cccc(CN2CCC(C(=O)NC3CCCCC3)CC2)c1)c1c[nH]c2ccccc12,42.00000000000001,-1.6232492903979006,1,train
O=C(Nc1cccc(CN2CCC(C(=O)NC3CCCCC3)CC2)c1)c1coc2ccccc12,4.0,-0.6020599913279624,1,train
O=C(NC1CCCCC1)C1CCN(Cc2cccc(NC(=O)C3CC3c3ccccc3)c2)CC1,5.000000000000001,-0.6989700043360189,0,train
Cn1cc(CC(=O)Nc2cccc(CN3CCC(C(=O)NC4CCCCC4)CC3)c2)c2ccccc21,17.999999999999996,-1.255272505103306,1,train
COc1ccc(C(=O)Nc2cccc(CN3CCC(C(=O)NC4CCCCC4)CC3)c2)cc1,2.0,-0.3010299956639812,1,train
CC(C)(C)c1ccc(C(=O)Nc2cccc(CN3CCC(C(=O)NC4CCCCC4)CC3)c2)cc1,34.0,-1.5314789170422551,1,train
O=C(Nc1cccc(CN2CCC(C(=O)NC3CCCCC3)CC2)c1)c1ccc(F)c(F)c1,2.0,-0.3010299956639812,1,test
O=C(Nc1cccc(CN2CCC(C(=O)NC3CCCCC3)CC2)c1)c1ccc(Cl)cc1F,7.0,-0.8450980400142568,1,train
O=C(Nc1cccc(CN2CCC(C(=O)NC3CCCCC3)CC2)c1)c1cc(F)cc(Cl)c1,4.0,-0.6020599913279624,0,train
O=C(Nc1cccc(CN2CCC(C(=O)NC3CCCCC3)CC2)c1)c1ccc(Cl)c(F)c1,10.0,-1.0,1,train
O=C(Nc1cccc(CN2CCC(C(=O)NC3CCCCC3)CC2)c1)c1ccc(F)cc1Cl,7.0,-0.8450980400142568,1,train
O=C(Nc1cccc(CN2CCC(C(=O)NC3CCCCC3)CC2)c1)c1ccc(C(F)(F)F)cc1F,7.999999999999999,-0.9030899869919436,1,test
O=C(Nc1cccc(CN2CCC(C(=O)NC3CCCCC3)CC2)c1)c1cc(C(F)(F)F)ccc1F,7.0,-0.8450980400142568,0,train
O=C(Nc1cccc(CN2CCC(C(=O)NC3CCCCC3)CC2)c1)c1cc(C(F)(F)F)cc(C(F)(F)F)c1,43.000000000000014,-1.6334684555795866,0,train
O=C(Nc1cccc(CN2CCC(C(=O)NC3CCCCC3)CC2)c1)c1cc(Cl)ccc1Cl,7.999999999999999,-0.9030899869919436,0,train
O=C(Nc1cccc(CN2CCC(C(=O)NC3CCCCC3)CC2)c1)c1ccc(Cl)cc1Cl,6.0,-0.7781512503836436,1,train
O=C(Nc1cccc(CN2CCC(C(=O)NC3CCCCC3)CC2)c1)c1cc(Cl)cc(Cl)c1,22.0,-1.3424226808222062,1,train
O=C(Nc1cccc(CN2CCC(C(=O)NC3CCCCC3)CC2)c1)c1ccc(Cl)c(Cl)c1,5.000000000000001,-0.6989700043360189,0,train
O=C(Nc1cccc(CN2CCC(C(=O)NC3CCCCC3)CC2)c1)c1cnccn1,2.0,-0.3010299956639812,1,train
Cc1cnc(C(=O)Nc2cccc(CN3CCC(C(=O)NC4CCCCC4)CC3)c2)cn1,2.0,-0.3010299956639812,1,train
O=C(Nc1cccc(CN2CCC(C(=O)NC3CCCCC3)CC2)c1)c1ccc(Cl)c2c1CCO2,5.000000000000001,-0.6989700043360189,0,test
CN(C)c1cccc(C(=O)Nc2cccc(CN3CCC(C(=O)NC4CCCCC4)CC3)c2)c1,73.0,-1.863322860120456,1,test
O=C(Nc1cccc(CN2CCC(C(=O)NC3CCCCC3)CC2)c1)c1c(F)cccc1C(F)(F)F,425.00000000000006,-2.628388930050312,1,train
O=C(Nc1cccc(CN2CCC(C(=O)NC3CCCCC3)CC2)c1)c1cc2cccnc2[nH]1,7.999999999999999,-0.9030899869919436,0,train
O=C(Nc1cccc(CN2CCC(C(=O)NC3CCCCC3)CC2)c1)c1cncc(C2CC2)c1,5.000000000000001,-0.6989700043360189,1,train
O=C(Nc1cccc(CN2CCC(C(=O)NC3CCCCC3)CC2)c1)c1ccc(CCF)cc1,5.000000000000001,-0.6989700043360189,1,train
O=C(Nc1cccc(CN2CCC(C(=O)NC3CCCCC3)CC2)c1)C1CC1,81.0,-1.9084850188786495,1,test
O=C(Nc1cccc(CN2CCC(C(=O)NC3CCCCC3)CC2)c1)C1CCC1,25.000000000000007,-1.3979400086720375,1,train
O=C(Nc1cccc(CN2CCC(C(=O)NC3CCCCC3)CC2)c1)C1CCCCC1,10.0,-1.0,1,train
O=C(Nc1cccc(CN2CCC(C(=O)NC3CCCCC3)CC2)c1)C1CCCCCC1,10.0,-1.0,1,test
O=C(Nc1cccc(CN2CCC(C(=O)NC3CCCCC3)CC2)c1)c1ccc(C(F)(F)C(F)(F)F)cc1,10.0,-1.0,0,train
CCc1cncc(C(=O)Nc2cccc(CN3CCC(C(=O)NC4CCCCC4)CC3)c2)c1,2.0,-0.3010299956639812,1,test
O=C(Nc1cccc(CN2CCC(C(=O)NC3CCCCC3)CC2)c1)c1cc(C(F)(F)F)ccn1,12.000000000000002,-1.0791812460476249,1,train
O=C(Nc1cccc(CN2CCC(C(=O)NC3CCCCC3)CC2)c1)c1ccc(F)cc1,2.0,-0.3010299956639812,1,train
O=C(Nc1cc(CN2CCC(C(=O)NC3CCCCC3)CC2)ccc1Cl)c1ccncn1,2.0,-0.3010299956639812,0,train
Cc1ccc(C(=O)Nc2cc(CN3CCC(C(=O)NC4CCCCC4)CC3)ccc2Cl)s1,13.999999999999998,-1.146128035678238,1,train
COc1ccc(C(=O)Nc2cc(CN3CCC(C(=O)NC4CCCCC4)CC3)ccc2Cl)cc1,13.999999999999998,-1.146128035678238,0,train
O=C(Nc1cc(CN2CCC(C(=O)NC3CCCCC3)CC2)ccc1Cl)c1ccc(Cl)cc1,5.000000000000001,-0.6989700043360189,1,test
O=C(NC1CCCCC1)C1CCN(Cc2ccc(Cl)c(NC(=O)C3CC3c3ccccc3)c2)CC1,26.0,-1.414973347970818,0,train
Cc1nc(CC(=O)Nc2cccc(CN3CCC(C(=O)NC(C)(C)C)CC3)c2)c(C)s1,2.0,-0.3010299956639812,1,test
Cc1nc(C)c(CC(=O)Nc2cccc(CN3CCC(C(=O)NC(C)(C)C)CC3)c2)s1,119.99999999999996,-2.0791812460476247,1,train
CC(C)(C)NC(=O)C1CCN(Cc2cccc(NC(=O)Cc3cnccn3)c2)CC1,143.00000000000003,-2.155336037465062,1,test
CC(C)(C)NC(=O)C1CCN(Cc2cccc(NC(=O)Cc3ncccn3)c2)CC1,89.99999999999997,-1.9542425094393248,1,train
CC(C)(C)NC(=O)C1CCN(Cc2cccc(NC(=O)C3CNc4ccccc43)c2)CC1,15.000000000000004,-1.1760912590556811,1,train
CC(C)(C)NC(=O)C1CCN(Cc2cccc(NC(=O)C3COc4ccccc43)c2)CC1,6.0,-0.7781512503836436,0,train
CC(C)(C)NC(=O)C1CCN(Cc2cccc(NC(=O)C3CCc4ccccc43)c2)CC1,2.0,-0.3010299956639812,0,train
CC(C)(C)NC(=O)C1CCN(Cc2cccc(NC(=O)C3(c4ccc(Cl)cc4Cl)CC3)c2)CC1,2.0,-0.3010299956639812,0,train
CC(C)(C)NC(=O)C1CCN(Cc2cccc(NC(=O)C(C)(C)c3ccc(Cl)cc3)c2)CC1,1.0,-0.0,0,train
CC(C)(C)NC(=O)C1CCN(Cc2cccc(NC(=O)C(O)c3ccccc3Cl)c2)CC1,6.0,-0.7781512503836436,0,train
CC(C)(C)NC(=O)C1CCN(Cc2cccc(NC(=O)C3Cc4ccccc43)c2)CC1,1.0,-0.0,1,train
CC(C)(C)NC(=O)C1CCN(Cc2cccc(NC(=O)CC3Cc4ccccc4C3)c2)CC1,2.0,-0.3010299956639812,0,train
CC(C)CN(C)C(=O)C1CCN(Cc2cccc(NC(=O)c3ccc(F)cc3)c2)CC1,2.0,-0.3010299956639812,0,test
CC(C)CN(C)C(=O)C1CCN(Cc2cccc(NC(=O)c3cccc(C(F)(F)F)n3)c2)CC1,9.0,-0.9542425094393248,1,test
CC(C)CN(C)C(=O)C1CCN(Cc2cccc(NC(=O)c3ccc(C(F)(F)F)cn3)c2)CC1,3.0,-0.4771212547196624,1,test
CC(C)CN(C)C(=O)C1CCN(Cc2cccc(NC(=O)c3cncc(C(F)(F)F)c3)c2)CC1,6.0,-0.7781512503836436,1,train
CC(C)CN(C)C(=O)C1CCN(Cc2cccc(NC(=O)c3cncc(F)c3)c2)CC1,17.999999999999996,-1.255272505103306,1,test
CC(C)CN(C)C(=O)C1CCN(Cc2cccc(NC(=O)c3cncc(Cl)c3)c2)CC1,6.0,-0.7781512503836436,1,test
CC(C)(C)NC(=O)C1CCN(Cc2cc(Br)cc(NC(=O)c3cccc(C(F)(F)F)n3)c2)CC1,419.9999999999999,-2.6232492903979003,1,train
COc1cc(CN2CCC(C(=O)NC(C)(C)C)CC2)cc(NC(=O)c2ccc(F)cc2)c1,409.00000000000006,-2.611723308007342,1,train
Cc1ccc(C(=O)Nc2cccc(CN3CCC(C(=O)NC4CCCCC4)CC3)c2)s1,3.0,-0.4771212547196624,1,train
O=C(Nc1cccc(CN2CCC(C(=O)NC3CCCCC3)CC2)c1)c1ccc(Cl)s1,5.000000000000001,-0.6989700043360189,1,train
CC(C)(C)c1ccc(C(=O)Nc2cccc(CN3CCC(C(=O)NC4CCCCC4)CC3)c2)s1,34.0,-1.5314789170422551,1,test
O=C(Nc1ccnc(CN2CCC(C(=O)NC3CCCCC3)CC2)n1)c1cccc(C(F)(F)F)n1,223.0,-2.3483048630481607,1,train
Cc1cncc(C(=O)Nc2ccnc(CN3CCC(C(=O)NC4CCCCC4)CC3)n2)c1,199.00000000000009,-2.298853076409707,1,train
CC(C)(C)NC(=O)C1CCN(Cc2nccc(NC(=O)c3cccc(C(F)(F)F)n3)n2)CC1,265.00000000000006,-2.423245873936808,1,train
CCNC(=O)C1CCCN(Cc2cccc(NC(=O)c3cncc(C)c3)c2)CC1,181.00000000000003,-2.257678574869185,1,train
CCC(C)NC(=O)C1CCCN(Cc2cccc(NC(=O)c3cncc(C)c3)c2)CC1,33.0,-1.5185139398778875,1,train
Cc1cncc(C(=O)Nc2cccc(CN3CCCC(C(=O)NC(C)C)CC3)c2)c1,113.00000000000006,-2.05307844348342,1,train
Cc1cncc(C(=O)Nc2cccc(CN3CCCC(C(=O)NC(C)(C)C)CC3)c2)c1,48.99999999999999,-1.6901960800285136,1,train
Cc1cncc(C(=O)Nc2cccc(CN3CCCC(C(=O)NC4CCCCC4)CC3)c2)c1,134.00000000000003,-2.127104798364808,1,train
O=C(Nc1nc(CN2CCC(C(=O)NC3CCCC3)CC2)cs1)c1ccc(Cl)cc1,81.0,-1.9084850188786495,1,train
CNC(=O)C1CCN(Cc2cccc(NC(=O)c3cccc(C(F)(F)F)n3)c2)CC1,4.0,-0.6020599913279624,1,train
CCNC(=O)C1CCN(Cc2cccc(NC(=O)c3cccc(C(F)(F)F)n3)c2)CC1,4.0,-0.6020599913279624,1,test
CC(C)(C)CNC(=O)C1CCN(Cc2cccc(NC(=O)c3cccc(C(F)(F)F)n3)c2)CC1,6.0,-0.7781512503836436,1,train
CC(C)CNC(=O)C1CCN(Cc2cccc(NC(=O)c3cccc(C(F)(F)F)n3)c2)CC1,2.0,-0.3010299956639812,1,train
CNC(=O)C1CCN(Cc2cccc(NC(=O)c3cccs3)c2)CC1,188.00000000000009,-2.27415784926368,0,test
CN(C)C(=O)C1CCN(Cc2cccc(NC(=O)c3cccs3)c2)CC1,154.99999999999997,-2.1903316981702914,0,train
CCN(CC)C(=O)C1CCN(Cc2cccc(NC(=O)c3cccs3)c2)CC1,70.00000000000001,-1.845098040014257,0,test
O=C(Nc1cccc(CN2CCC(C(=O)NC3CCCCC3)CC2)c1)c1cccs1,7.0,-0.8450980400142568,1,train
O=C(Nc1cccc(CN2CCC(C(=O)NCc3ccccc3)CC2)c1)c1cccs1,779.9999999999999,-2.8920946026904804,0,train
CN(C(=O)C1CCN(Cc2cccc(NC(=O)c3cccs3)c2)CC1)C1CCCCC1,86.99999999999999,-1.9395192526186185,1,train
CCCCCCNC(=O)C1CCN(Cc2cccc(NC(=O)c3cccc(C(F)(F)F)n3)c2)CC1,257.00000000000006,-2.4099331233312946,1,train
CCCCCCN(C)C(=O)C1CCN(Cc2cccc(NC(=O)c3cccc(C(F)(F)F)n3)c2)CC1,225.99999999999991,-2.3541084391474008,1,train
CCCCCNC(=O)C1CCN(Cc2cccc(NC(=O)c3cccc(C(F)(F)F)n3)c2)CC1,15.000000000000004,-1.1760912590556811,1,train
CC(C)CCNC(=O)C1CCN(Cc2cccc(NC(=O)c3cccc(C(F)(F)F)n3)c2)CC1,5.000000000000001,-0.6989700043360189,1,train
CC(C)(C)CCNC(=O)C1CCN(Cc2cccc(NC(=O)c3cccc(C(F)(F)F)n3)c2)CC1,120.99999999999991,-2.08278537031645,1,train
CC1CCC(NC(=O)C2CCN(Cc3cccc(NC(=O)c4cccc(C(F)(F)F)n4)c3)CC2)CC1,3.0,-0.4771212547196624,0,test
CCc1ccc(CN2CCC(C(=O)NC(C)(C)C)CC2)cc1NC(=O)c1cccc(C(F)(F)F)n1,2.0,-0.3010299956639812,1,train
CCc1ccc(CN2CCC(C(=O)NC(C)(C)C)CC2)cc1NC(=O)c1cncc(C)c1,28.0,-1.4471580313422192,0,train
CCc1ccc(CN2CCC(C(=O)NC(C)(C)C)CC2)cc1NC(=O)c1ccc(F)cc1,7.999999999999999,-0.9030899869919436,0,train
CCc1cc(CN2CCC(C(=O)NC(C)(C)C)CC2)cc(NC(=O)c2cccc(C(F)(F)F)n2)c1,158.99999999999994,-2.2013971243204518,1,train
CCc1cc(CN2CCC(C(=O)NC(C)(C)C)CC2)cc(NC(=O)c2cncc(C)c2)c1,285.0,-2.45484486000851,1,train
CCc1cc(CN2CCC(C(=O)NC(C)(C)C)CC2)cc(NC(=O)c2ccc(F)cc2)c1,62.0,-1.792391689498254,0,train
CCc1ccc(NC(=O)c2cccc(C(F)(F)F)n2)cc1CN1CCC(C(=O)NC(C)(C)C)CC1,16.0,-1.2041199826559248,1,train
CCc1ccc(NC(=O)c2cncc(C)c2)cc1CN1CCC(C(=O)NC(C)(C)C)CC1,57.00000000000001,-1.7558748556724917,1,test
CCc1ccc(NC(=O)c2ccc(F)cc2)cc1CN1CCC(C(=O)NC(C)(C)C)CC1,17.0,-1.230448921378274,1,train
C/C=C/C(=O)Nc1cccc(CN2CCC(C(=O)NC(C)(C)C)CC2)c1,21.0,-1.3222192947339193,1,train
C=CC(=O)Nc1cccc(CN2CCC(C(=O)NC(C)(C)C)CC2)c1,83.00000000000001,-1.919078092376074,0,train
CC(C)(C)NC(=O)C1CCN(Cc2cccc(NC(=O)/C=C/c3ccccc3)c2)CC1,7.999999999999999,-0.9030899869919436,0,train
CCC(C)(C)NC(=O)C1CCN(Cc2cccc(NC(=O)c3ccc(Cl)cn3)c2)CC1,0.8,0.0969100130080563,1,train
O=C(Nc1cccc(CN2CCC(C(=O)NC3CCCCC3)CC2)c1)c1cccc(Cl)c1,2.0,-0.3010299956639812,1,train
O=C(CCc1ccccc1)Nc1cccc(CN2CCC(C(=O)NC3CCCCC3)CC2)c1,17.999999999999996,-1.255272505103306,0,train
COc1ccccc1CC(=O)Nc1cccc(CN2CCC(C(=O)NC3CCCCC3)CC2)c1,4.0,-0.6020599913279624,1,test
CC(C)C(C(=O)Nc1cccc(CN2CCC(C(=O)NC3CCCCC3)CC2)c1)c1ccccc1,35.0,-1.5440680443502757,0,train
O=C(Cc1ccc(Cl)cc1)Nc1cccc(CN2CCC(C(=O)NC3CCCCC3)CC2)c1,34.0,-1.5314789170422551,1,train
O=C(Nc1cccc(CN2CCC(C(=O)NC3CCCCC3)CC2)c1)c1ncc[nH]1,12.999999999999998,-1.1139433523068367,1,train
O=C(Nc1cccc(CN2CCC(C(=O)NC3CCCCC3)CC2)c1)c1ccccn1,1.0,-0.0,1,train
O=C(Nc1cccc(CN2CCC(C(=O)NC3CCCCC3)CC2)c1)c1cnc[nH]1,1260.0,-3.100370545117563,1,train
CC(C)Cc1ccc(C(=O)Nc2cccc(CN3CCC(C(=O)NC4CCCCC4)CC3)c2)cc1,43.000000000000014,-1.6334684555795866,1,train
COc1ccc(CC(=O)Nc2cccc(CN3CCC(C(=O)NC4CCCCC4)CC3)c2)cc1,78.99999999999999,-1.8976270912904412,1,train
O=C(CC1CCCCC1)Nc1cccc(CN2CCC(C(=O)NC3CCCCC3)CC2)c1,9.0,-0.9542425094393248,0,train
O=C(Nc1cccc(CN2CCC(C(=O)NC3CCCCC3)CC2)c1)c1cn[nH]c1,1240.0000000000002,-3.093421685162235,1,train
O=C(CCc1nc2ccccc2[nH]1)Nc1cccc(CN2CCC(C(=O)NC3CCCCC3)CC2)c1,2490.0,-3.3961993470957363,0,train
O=C(Nc1cccc(CN2CCC(C(=O)NC3CCCCC3)CC2)c1)c1ccc[nH]1,5.000000000000001,-0.6989700043360189,1,train
COc1cccc(CC(=O)Nc2cccc(CN3CCC(C(=O)NC4CCCCC4)CC3)c2)c1,17.0,-1.230448921378274,1,test
O=C(Nc1cccc(CN2CCC(C(=O)NC3CCCCC3)CC2)c1)c1cccc2ccccc12,46.0,-1.662757831681574,1,test
O=C(Nc1cccc(CN2CCC(C(=O)NC3CCCCC3)CC2)c1)c1ccno1,7.0,-0.8450980400142568,1,train
O=C(Nc1cccc(CN2CCC(C(=O)NC3CCCCC3)CC2)c1)c1ccccc1Cl,12.000000000000002,-1.0791812460476249,1,test
Cn1cnc(C(=O)Nc2cccc(CN3CCC(C(=O)NC4CCCCC4)CC3)c2)c1,130.00000000000006,-2.113943352306837,1,train
O=C(CC1Cc2ccccc2C1)Nc1cccc(CN2CCC(C(=O)NC3CCCCC3)CC2)c1,36.0,-1.5563025007672873,0,test
O=C(Nc1cccc(CN2CCC(C(=O)NC3CCCCC3)CC2)c1)c1ccncc1,40.000000000000014,-1.6020599913279625,1,train
Cc1cc(C(=O)Nc2cccc(CN3CCC(C(=O)NC4CCCCC4)CC3)c2)cc(C2CCCC2)n1,40.99999999999999,-1.6127838567197357,0,train
Cc1cc(C(=O)Nc2cccc(CN3CCC(C(=O)NC4CCCCC4)CC3)c2)ccn1,10.0,-1.0,1,train
O=C(Nc1cccc(CN2CCC(C(=O)NC3CCCCC3)CC2)c1)c1cncc(F)c1,7.0,-0.8450980400142568,1,train
O=C(Nc1cccc(CN2CCC(C(=O)NC3CCCCC3)CC2)c1)c1ccc(F)cn1,0.8,0.0969100130080563,1,train
O=C(Nc1cccc(CN2CCC(C(=O)NC3CCCCC3)CC2)c1)c1cncc(C(F)(F)F)c1,5.000000000000001,-0.6989700043360189,1,test
O=C(Nc1cccc(CN2CCC(C(=O)NC3CCCCC3)CC2)c1)c1cccnc1C(F)(F)F,392.9999999999999,-2.5943925503754266,1,test
Cc1cncc(C(=O)Nc2cccc(CN3CCC(C(=O)NC4CCCCC4)CC3)c2)c1,4.500000000000001,-0.6532125137753437,1,train
Cc1cccnc1C(=O)Nc1cccc(CN2CCC(C(=O)NC3CCCCC3)CC2)c1,1.0,-0.0,1,train
COc1cc(C(=O)Nc2cccc(CN3CCC(C(=O)NC4CCCCC4)CC3)c2)nc(OC)n1,57.00000000000001,-1.7558748556724917,1,train
Cc1ccncc1C(=O)Nc1cccc(CN2CCC(C(=O)NC3CCCCC3)CC2)c1,237.00000000000009,-2.374748346010104,1,train
Cc1ccc(C(=O)Nc2cccc(CN3CCC(C(=O)NC4CCCCC4)CC3)c2)cn1,19.0,-1.2787536009528289,1,train
O=C(Nc1cccc(CN2CCC(C(=O)NC3CCCCC3)CC2)c1Cl)c1ccc(Cl)cc1,2779.9999999999995,-3.444044795918076,1,train
Cc1ccc(C(=O)Nc2cccc(CN3CCC(C(=O)NC4CCCCC4)CC3)c2Cl)s1,386.00000000000017,-2.586587304671755,1,train
CC(c1cccc(NC(=O)c2ccc(Cl)cc2)c1)N1CCC(C(=O)NC2CCCCC2)CC1,7.999999999999999,-0.9030899869919436,1,train
CC(c1cccc(NC(=O)c2ccccc2)c1)N1CCC(C(=O)NC2CCCCC2)CC1,23.0,-1.3617278360175928,1,train
CC(c1cccc(NC(=O)c2ccc(F)cc2)c1)N1CCC(C(=O)NC2CCCCC2)CC1,10.0,-1.0,1,train
COc1ccc(C(=O)Nc2cccc(C(C)N3CCC(C(=O)NC4CCCCC4)CC3)c2)cc1,25.000000000000007,-1.3979400086720375,1,train
CC(c1cccc(NC(=O)c2ccc(Cl)cn2)c1)N1CCC(C(=O)NC2CCCCC2)CC1,2.0,-0.3010299956639812,1,train
CC(c1cccc(NC(=O)c2ccccn2)c1)N1CCC(C(=O)NC2CCCCC2)CC1,12.000000000000002,-1.0791812460476249,1,test
CC(c1cccc(NC(=O)c2cnccn2)c1)N1CCC(C(=O)NC2CCCCC2)CC1,17.999999999999996,-1.255272505103306,1,train
CC(c1cccc(NC(=O)c2cccnc2)c1)N1CCC(C(=O)NC2CCCCC2)CC1,150.00000000000003,-2.1760912590556813,1,train
Cc1cncc(C(=O)Nc2cccc(C(C)N3CCC(C(=O)NC4CCCCC4)CC3)c2)c1,28.0,-1.4471580313422192,1,train
CC(c1cccc(NC(=O)Cc2cccc(C(F)(F)F)c2)c1)N1CCC(C(=O)NC2CCCCC2)CC1,26.0,-1.414973347970818,0,train
CC(c1cccc(NC(=O)c2ccncc2Cl)c1)N1CCC(C(=O)NC2CCCCC2)CC1,558.9999999999998,-2.747411807886423,1,test
COc1ccc(OCC(=O)Nc2cccc(C(C)N3CCC(C(=O)NC4CCCCC4)CC3)c2)cc1,181.00000000000003,-2.257678574869185,1,train
CC(c1cccc(NC(=O)c2ccncc2)c1)N1CCC(C(=O)NC2CCCCC2)CC1,173.00000000000003,-2.2380461031287955,1,train
CC(c1cccc(NC(=O)c2ccc(C(F)(F)F)cc2)c1)N1CCC(C(=O)NC2CCCCC2)CC1,37.0,-1.568201724066995,0,train
CC(c1cccc(NC(=O)c2ccc(C#N)cc2)c1)N1CCC(C(=O)NC2CCCCC2)CC1,63.99999999999999,-1.806179973983887,1,train
CC(c1cccc(NC(=O)c2cccc(C#N)c2)c1)N1CCC(C(=O)NC2CCCCC2)CC1,77.99999999999999,-1.8920946026904804,1,train
CC(c1cccc(NC(=O)c2cc(Cl)ccn2)c1)N1CCC(C(=O)NC2CCCCC2)CC1,50.99999999999999,-1.7075701760979365,1,train
Cc1ccc(C(=O)Nc2cccc(C(C)N3CCC(C(=O)NC4CCCCC4)CC3)c2)cn1,148.00000000000003,-2.170261715394957,1,train
Cc1cccc(C(=O)Nc2cccc(C(C)N3CCC(C(=O)NC4CCCCC4)CC3)c2)n1,7.0,-0.8450980400142568,1,train
CC(c1cccc(NC(=O)c2ccc(C(F)(F)F)nc2)c1)N1CCC(C(=O)NC2CCCCC2)CC1,98.0,-1.9912260756924949,1,test
Cc1cc(C(=O)Nc2cccc(C(C)N3CCC(C(=O)NC4CCCCC4)CC3)c2)ccn1,33.0,-1.5185139398778875,1,train
Cc1cnc(C(=O)Nc2cccc(C(C)N3CCC(C(=O)NC4CCCCC4)CC3)c2)cn1,15.000000000000004,-1.1760912590556811,1,test
Cc1cc(C(=O)Nc2cccc(C(C)N3CCC(C(=O)NC4CCCCC4)CC3)c2)c2cnn(C(C)C)c2n1,85.99999999999999,-1.934498451243568,0,train
CC(c1cccc(NC(=O)c2cccc(C(F)(F)F)n2)c1)N1CCC(C(=O)NC2CCCCC2)CC1,7.0,-0.8450980400142568,1,train
CC(c1cccc(NC(=O)c2ccc(N3CCCC3)cn2)c1)N1CCC(C(=O)NC2CCCCC2)CC1,215.00000000000003,-2.3324384599156054,1,test
CC(C)Cc1cc(C(=O)Nc2cccc(C(C)N3CCC(C(=O)NC4CCCCC4)CC3)c2)n(C)n1,15.000000000000004,-1.1760912590556811,0,train
CC(c1cccc(NC(=O)c2cnc3[nH]ccc3c2)c1)N1CCC(C(=O)NC2CCCCC2)CC1,134.00000000000003,-2.127104798364808,0,train
Cc1ccnc(C(=O)Nc2cccc(C(C)N3CCC(C(=O)NC4CCCCC4)CC3)c2)c1,63.99999999999999,-1.806179973983887,1,train
Cc1cc(C)nc(C(=O)Nc2cccc(C(C)N3CCC(C(=O)NC4CCCCC4)CC3)c2)c1,102.0,-2.008600171761917,1,train
CC(c1cccc(NC(=O)c2ccncn2)c1)N1CCC(C(=O)NC2CCCCC2)CC1,23.0,-1.3617278360175928,1,test
CC(c1cccc(NC(=O)c2cnc(N3CCCC3)s2)c1)N1CCC(C(=O)NC2CCCCC2)CC1,302.99999999999983,-2.481442628502305,0,train
Cc1cncc(C(=O)Nc2nc(CN3CCC(C(=O)NC4CCCC4)CC3)cs2)c1,408.00000000000006,-2.61066016308988,1,train
Cc1ccc(NC(=O)c2cccc(C(F)(F)F)n2)cc1CN1CCC(C(=O)NC(C)(C)C)CC1,1.0,-0.0,1,train
COc1ccc(NC(=O)c2cccc(C(F)(F)F)n2)cc1CN1CCC(C(=O)NC(C)(C)C)CC1,6.0,-0.7781512503836436,0,train
COc1ccc(NC(=O)c2cncc(C)c2)cc1CN1CCC(C(=O)NC(C)(C)C)CC1,98.0,-1.9912260756924949,1,train
COc1ccc(NC(=O)c2ccc(F)cc2)cc1CN1CCC(C(=O)NC(C)(C)C)CC1,19.0,-1.2787536009528289,1,train
Cc1cncc(C(=O)Nc2ccc(C)c(CN3CCC(C(=O)NC(C)(C)C)CC3)c2)c1,3.0,-0.4771212547196624,1,train
Cc1ccc(NC(=O)c2ccc(F)cc2)cc1CN1CCC(C(=O)NC(C)(C)C)CC1,1.0,-0.0,1,train
Cc1ccc(CN2CCC(C(=O)NC(C)(C)C)CC2)cc1NC(=O)c1cccc(C(F)(F)F)n1,2.0,-0.3010299956639812,1,train
Cc1cncc(C(=O)Nc2cc(CN3CCC(C(=O)NC(C)(C)C)CC3)ccc2C)c1,6.0,-0.7781512503836436,1,train
Cc1ccc(CN2CCC(C(=O)NC(C)(C)C)CC2)cc1NC(=O)c1ccc(F)cc1,3.0,-0.4771212547196624,0,train
COc1ccc(CN2CCC(C(=O)NC(C)(C)C)CC2)cc1NC(=O)c1cccc(C(F)(F)F)n1,4.0,-0.6020599913279624,1,train
COc1ccc(CN2CCC(C(=O)NC(C)(C)C)CC2)cc1NC(=O)c1cncc(C)c1,7.0,-0.8450980400142568,0,train
COc1ccc(CN2CCC(C(=O)NC(C)(C)C)CC2)cc1NC(=O)c1ccc(F)cc1,4.0,-0.6020599913279624,0,test
CCC(c1cccc(NC(=O)c2cncc(C)c2)c1)N1CCC(C(=O)NC2CCCCC2)CC1,350.0,-2.544068044350276,1,train
CCC(c1cccc(NC(=O)c2cccc(C(F)(F)F)n2)c1)N1CCC(C(=O)NC2CCCCC2)CC1,86.99999999999999,-1.9395192526186185,1,train
CC(C)(C)NC(=O)C1CCN(Cc2cccc(NC(=O)C3(c4ccccc4)CC3)c2)CC1,1.0,-0.0,1,train
CC(C)(C)NC(=O)C1CCN(Cc2cccc(NC(=O)C3(c4ccc(Cl)cc4)CC3)c2)CC1,2.0,-0.3010299956639812,0,train
CC(C)(C)NC(=O)C1CCN(Cc2cccc(NC(=O)C(C)(C)c3ccccc3)c2)CC1,1.0,-0.0,0,train
CC(C(=O)Nc1cccc(CN2CCC(C(=O)NC(C)(C)C)CC2)c1)c1ccc(Cl)cc1,7.999999999999999,-0.9030899869919436,0,train
Cc1c(CN2CCC(C(=O)NC(C)(C)C)CC2)cccc1NC(=O)c1ccc(F)cc1,19.0,-1.2787536009528289,0,test
Cc1cncc(C(=O)Nc2cccc(CN3CCC(C(=O)NC(C)(C)C)CC3)c2C)c1,144.99999999999997,-2.161368002234975,1,train
Cc1c(CN2CCC(C(=O)NC(C)(C)C)CC2)cccc1NC(=O)c1cccc(C(F)(F)F)n1,193.00000000000009,-2.285557309007774,1,train
Cc1cc(CN2CCC(C(=O)NC(C)(C)C)CC2)cc(NC(=O)c2cccc(C(F)(F)F)n2)c1,36.0,-1.5563025007672873,1,test
Cc1cc(CN2CCC(C(=O)NC(C)(C)C)CC2)cc(NC(=O)c2cncc(C)c2)c1,76.0,-1.8808135922807916,0,train
Cc1cc(CN2CCC(C(=O)NC(C)(C)C)CC2)cc(NC(=O)c2ccc(F)cc2)c1,12.999999999999998,-1.1139433523068367,1,test
COc1c(CN2CCC(C(=O)NC(C)(C)C)CC2)cccc1NC(=O)c1cccc(C(F)(F)F)n1,45.00000000000001,-1.6532125137753435,1,train
COc1c(CN2CCC(C(=O)NC(C)(C)C)CC2)cccc1NC(=O)c1cncc(C)c1,47.99999999999999,-1.6812412373755872,0,test
COc1c(CN2CCC(C(=O)NC(C)(C)C)CC2)cccc1NC(=O)c1ccc(F)cc1,6.0,-0.7781512503836436,0,train
CC(C)(C)NC(=O)C1CCN(Cc2cccc(NC(=O)c3cccnn3)c2)CC1,4.0,-0.6020599913279624,1,train
CC(C)(C)NC(=O)C1CCN(Cc2cccc(NC(=O)c3ccnnc3)c2)CC1,66.00000000000001,-1.8195439355418688,1,train
Cc1cc(C(=O)Nc2cccc(CN3CCC(C(=O)NC(C)(C)C)CC3)c2)c(Cl)nn1,50.99999999999999,-1.7075701760979365,1,train
COc1cc(CN2CCC(C(=O)NC(C)(C)C)CC2)cc(NC(=O)c2cccc(C(F)(F)F)n2)c1,261.9999999999999,-2.418301291319745,1,train
O=C(Nc1cccc(CN2CCC(C(=O)NC3CCCC3)CC2)c1)c1ccc(Cl)cc1,0.9,0.0457574905606751,1,train
Cc1cncc(C(=O)Nc2cccc(CN3CCCC(C(=O)NCC4CC4)CC3)c2)c1,304.0000000000001,-2.482873583608754,1,train
CCC(C)(C)NC(=O)C1CCCN(Cc2cccc(NC(=O)c3cncc(C)c3)c2)CC1,68.00000000000001,-1.8325089127062364,1,test
CC(C)(C)NC(=O)C1CCCN(Cc2cccc(NC(=O)c3cccc(C(F)(F)F)n3)c2)CC1,10.0,-1.0,1,train
CCC(C)NC(=O)C1CCCN(Cc2cccc(NC(=O)c3cccc(C(F)(F)F)n3)c2)CC1,6.0,-0.7781512503836436,1,train
CCC(C)(C)NC(=O)C1CCCN(Cc2cccc(NC(=O)c3cccc(C(F)(F)F)n3)c2)CC1,19.0,-1.2787536009528289,1,test
O=C(Nc1cccc(CN2CCCC(C(=O)NCC3CC3)CC2)c1)c1cccc(C(F)(F)F)n1,36.0,-1.5563025007672873,1,train
CC(C)(CO)NC(=O)C1CCN(Cc2cccc(NC(=O)c3cccc(C(F)(F)F)n3)c2)CC1,6.0,-0.7781512503836436,1,train
COCC(C)NC(=O)C1CCN(Cc2cccc(NC(=O)c3cccc(C(F)(F)F)n3)c2)CC1,3.0,-0.4771212547196624,1,test
COC(C)CNC(=O)C1CCN(Cc2cccc(NC(=O)c3cccc(C(F)(F)F)n3)c2)CC1,6.0,-0.7781512503836436,1,train
CCCNC(=O)C1CCN(Cc2cccc(NC(=O)c3cccc(C(F)(F)F)n3)c2)CC1,1.0,-0.0,1,train
CCCCNC(=O)C1CCN(Cc2cccc(NC(=O)c3cccc(C(F)(F)F)n3)c2)CC1,2.0,-0.3010299956639812,1,test
O=C(Nc1cc(CN2CCC(C(=O)NC3CCCCC3)CC2)ccn1)c1ccc(F)cc1,23.999999999999996,-1.380211241711606,1,train
O=C(Nc1cc(CN2CCC(C(=O)NC3CCCCC3)CC2)ccn1)c1ccc(Cl)cc1,57.00000000000001,-1.7558748556724917,1,test
O=C(Nc1cccc(CN2CCC(C(=O)NC3CCCCC3)CC2)n1)c1ccc(F)cc1,167.0,-2.2227164711475837,1,test
O=C(Nc1cncc(CN2CCC(C(=O)NC3CCCCC3)CC2)c1)c1ccc(Cl)cc1,36.0,-1.5563025007672873,1,train
CC(C)(C)NC(=O)C1CCN(Cc2cccc(NC(=O)c3ccc(Cl)cn3)c2)CC1,0.6,0.2218487496163563,1,train
CC(C)(C)NC(=O)C1CCN(Cc2cccc(NC(=O)c3ncc(Cl)cc3F)c2)CC1,0.7,0.1549019599857432,0,test
CCC(C)(C)NC(=O)C1CCN(Cc2cccc(NC(=O)c3ccc(C(F)(F)F)cn3)c2)CC1,1.0,-0.0,1,train
CN(C)C/C=C/C(=O)Nc1cccc(CN2CCC(C(=O)NC(C)(C)C)CC2)c1,215.9999999999999,-2.3344537511509307,1,test
CCC(C)(C)NC(=O)C1CCN(Cc2cccc(NC(=O)c3ncc(Cl)cc3F)c2)CC1,1.0,-0.0,1,train
CC(C)(C)NC(=O)C1CCN(Cc2cccc(NC(=O)c3cccc(Br)n3)c2)CC1,0.9,0.0457574905606751,1,train
CC(C)(C)NC(=O)C1CCN(Cc2cccc(NC(=O)c3cccc(C(F)(F)F)[n+]3[O-])c2)CC1,1.0,-0.0,1,train
CCC(C)(C)NC(=O)C1CCN(Cc2cccc(NC(=O)c3cccc(C(F)(F)F)[n+]3[O-])c2)CC1,1.0,-0.0,1,train
CCC(C)(C)NC(=O)C1CCN(Cc2cccc(NC(=O)c3ccc(C(F)(F)F)c[n+]3[O-])c2)CC1,16.0,-1.2041199826559248,1,train
CC(C)(C)NC(=O)C1CCN(Cc2cccc(NC(=O)c3ccc(C(F)(F)F)c[n+]3[O-])c2)CC1,7.999999999999999,-0.9030899869919436,0,train
COC(=O)c1cncc(C(=O)Nc2cccc(CN3CCC(C(=O)NC(C)(C)C)CC3)c2)c1,34.0,-1.5314789170422551,0,train
COC(=O)c1cncc(C(=O)Nc2cccc(CN3CCC(C(=O)NC4CCCCC4)CC3)c2)c1,29.0,-1.462397997898956,1,train
CC(C)(C)NC(=O)C1CCN(Cc2cccc(NC(=O)c3ccc(S(C)(=O)=O)cc3)c2)CC1,176.00000000000006,-2.24551266781415,1,train
Cc1ncccc1C(=O)Nc1cccc(CN2CCC(C(=O)NC3CCCCC3)CC2)c1,59.00000000000001,-1.7708520116421442,1,train
O=C(Nc1cccc(CN2CCC(C(=O)NC3CCCCC3)CC2)c1)c1cccnc1Cl,44.0,-1.6434526764861874,1,train
O=C(Nc1cccc(CN2CCC(C(=O)NC3CCCCC3)CC2)c1)c1ccc(Cl)nc1,2.0,-0.3010299956639812,1,train
O=C(Nc1cccc(CN2CCC(C(=O)NC3CCCCC3)CC2)c1)c1ccc(C(F)(F)F)nc1,7.0,-0.8450980400142568,1,test
COc1ncccc1C(=O)Nc1cccc(CN2CCC(C(=O)NC3CCCCC3)CC2)c1,10.0,-1.0,1,test
Cc1ccc(C(=O)Nc2cccc(CN3CCC(C(=O)NC4CCCCC4)CC3)c2)c(Cl)n1,40.000000000000014,-1.6020599913279625,1,train
CCN(CC)c1ccc(C(=O)Nc2cccc(CN3CCC(C(=O)NC4CCCCC4)CC3)c2)cn1,181.99999999999997,-2.2600713879850747,1,train
CN1CCN(c2ccc(C(=O)Nc3cccc(CN4CCC(C(=O)NC5CCCCC5)CC4)c3)cn2)CC1,471.0,-2.673020907128896,1,train
O=C(Nc1cccc(CN2CCC(C(=O)NC3CCCCC3)CC2)c1)c1cccnc1N1CCOCC1,371.00000000000017,-2.569373909615046,1,train
O=C(Nc1cccc(CN2CCC(C(=O)NC3CCCCC3)CC2)c1)c1ccncc1Cl,60.0,-1.7781512503836436,1,train
COc1cc(C(=O)Nc2cccc(CN3CCC(C(=O)NC4CCCCC4)CC3)c2)cc(Cl)n1,9.0,-0.9542425094393248,0,train
O=C(Nc1cccc(CN2CCC(C(=O)NC3CCCCC3)CC2)c1)c1cnc2[nH]ccc2c1,26.0,-1.414973347970818,0,train
O=C(Nc1cccc(CN2CCC(C(=O)NC3CCCCC3)CC2)c1)c1cc(Cl)ccn1,3.0,-0.4771212547196624,1,train
O=C(Nc1cccc(CN2CCC(C(=O)NC3CCCCC3)CC2)c1)c1cccc(Cl)n1,1.0,-0.0,1,train
CC(C(=O)Nc1cccc(CN2CCC(C(=O)NC(C)(C)C)CC2)c1)c1ccccc1,3.0,-0.4771212547196624,0,test
O=C(Nc1cccc(CN2CCC(C(=O)NC3CCCCC3)CC2)c1)c1cccc[n+]1[O-],13.999999999999998,-1.146128035678238,1,train
Cc1cccc(C(=O)Nc2cccc(CN3CCC(C(=O)NC4CCCCC4)CC3)c2)n1,0.9,0.0457574905606751,1,train
Cc1ccnc(C(=O)Nc2cccc(CN3CCC(C(=O)NC4CCCCC4)CC3)c2)c1,4.0,-0.6020599913279624,1,test
Cc1cc(C)nc(C(=O)Nc2cccc(CN3CCC(C(=O)NC4CCCCC4)CC3)c2)c1,10.999999999999996,-1.041392685158225,1,train
O=C(Nc1cccc(CN2CCC(C(=O)NC3CCCCC3)CC2)c1)c1ccc(N2CCCC2)cn1,38.99999999999999,-1.591064607026499,0,train
O=C(Nc1cccc(CN2CCC(C(=O)NC3CCCCC3)CC2)c1)c1ncccc1Br,1.0,-0.0,1,train
Cc1ncncc1C(=O)Nc1cccc(CN2CCC(C(=O)NC3CCCCC3)CC2)c1,527.0000000000001,-2.7218106152125467,1,train
O=C(Nc1cccc(CN2CCC(C(=O)NC3CCCCC3)CC2)c1)c1ncccn1,36.0,-1.5563025007672873,1,train
Cc1cc(C(=O)Nc2cccc(CN3CCC(C(=O)NC4CCCCC4)CC3)c2)nc(N(C)C)n1,23.999999999999996,-1.380211241711606,0,train
O=C(Nc1cccc(CN2CCC(C(=O)NC3CCCCC3)CC2)c1)c1cc(F)c(Cl)nc1Cl,15.000000000000004,-1.1760912590556811,0,train
O=C(Nc1cccc(CN2CCC(C(=O)NC3CCCCC3)CC2)c1)c1cnc(Cl)c(Cl)c1,6.0,-0.7781512503836436,0,train
O=C(Nc1cccc(CN2CCC(C(=O)NC3CCCCC3)CC2)c1)c1ccc(Cl)nc1Cl,12.000000000000002,-1.0791812460476249,1,train
COc1ccc(C(=O)Nc2cccc(CN3CCC(C(=O)NC4CCCCC4)CC3)c2)cn1,3.0,-0.4771212547196624,1,train
O=C(Nc1cccc(CN2CCC(C(=O)NC3CCCCC3)CC2)c1)c1cnc2cc[nH]c2c1,149.0,-2.173186268412274,1,train
O=C(Nc1cccc(CN2CCC(C(=O)NC3CCCCC3)CC2)c1)c1ccc(Cl)cn1,1.0,-0.0,1,train
O=C(Nc1cccc(CN2CCC(C(=O)NC3CCCCC3)CC2)c1)c1ccccc1OC(F)(F)F,5.000000000000001,-0.6989700043360189,1,train
CN(C)c1ccc(C(=O)Nc2cccc(CN3CCC(C(=O)NC4CCCCC4)CC3)c2)cc1,40.000000000000014,-1.6020599913279625,1,train
CC(c1cccc(NC(=O)c2ncccn2)c1)N1CCC(C(=O)NC2CCCCC2)CC1,176.00000000000006,-2.24551266781415,1,test
CCN(CC)c1ccc(C(=O)Nc2cccc(C(C)N3CCC(C(=O)NC4CCCCC4)CC3)c2)cn1,491.0000000000002,-2.6910814921229687,1,train
Cc1nccc(C(=O)Nc2cccc(C(C)N3CCC(C(=O)NC4CCCCC4)CC3)c2)n1,15.000000000000004,-1.1760912590556811,1,train
Cc1cc(C(=O)Nc2cccc(C(C)N3CCC(C(=O)NC4CCCCC4)CC3)c2)ncn1,92.0,-1.9637878273455556,1,train
O=C(Nc1cccc(CN2CCC(C(=O)NC3CC3)CC2)c1)c1ccc(F)cc1,3.0,-0.4771212547196624,1,train
O=C(Nc1cccc(CN2CCC(C(=O)NC3CC3)CC2)c1)c1cc(Cl)ccn1,16.0,-1.2041199826559248,1,test
Cc1cccc(C(=O)Nc2cccc(CN3CCC(C(=O)NC4CC4)CC3)c2)n1,3.0,-0.4771212547196624,1,train
Cc1ccc(C(=O)Nc2cccc(CN3CCC(C(=O)NC4CC4)CC3)c2)cn1,144.99999999999997,-2.161368002234975,1,train
Cc1cc(C(=O)Nc2cccc(CN3CCC(C(=O)NC4CC4)CC3)c2)ccn1,56.00000000000001,-1.7481880270062005,1,train
O=C(Nc1cccc(CN2CCC(C(=O)NC3CC3)CC2)c1)c1cncc(F)c1,47.00000000000001,-1.6720978579357175,1,train
O=C(Nc1cccc(CN2CCC(C(=O)NC3CC3)CC2)c1)c1ccc(F)cn1,2.0,-0.3010299956639812,1,train
O=C(Nc1cccc(CN2CCC(C(=O)NC3CCCC3)CC2)c1)c1ccc(F)cc1,0.9,0.0457574905606751,1,train
O=C(Nc1cccc(CN2CCC(C(=O)NC3CCCC3)CC2)c1)c1ccc(F)cn1,0.8,0.0969100130080563,1,train
O=C(Nc1cccc(CN2CCC(C(=O)NC3CCCC3)CC2)c1)c1cccc(C(F)(F)F)n1,0.6,0.2218487496163563,1,test
O=C(Nc1cccc(CN2CCC(C(=O)NC3CCCC3)CC2)c1)c1cncc(Cl)c1,1.0,-0.0,1,train
O=C(Nc1cccc(CN2CCC(C(=O)NC3CCCC3)CC2)c1)c1ccc(C(F)(F)F)cn1,0.6,0.2218487496163563,1,train
O=C(Nc1cccc(CN2CCC(C(=O)NC3CCCC3)CC2)c1)c1cnc2ccccc2c1,3.0,-0.4771212547196624,1,train
O=C(Nc1cccc(CN2CCC(C(=O)NC3CCCC3)CC2)c1)c1cncc(C(F)(F)F)c1,2.0,-0.3010299956639812,1,train
O=C(Nc1cccc(CN2CCC(C(=O)NC3CCCC3)CC2)c1)c1ccc2ncccc2c1,3.0,-0.4771212547196624,1,test
O=C(Nc1cccc(CN2CCC(C(=O)NC3CCCC3)CC2)c1)c1cccnc1C(F)(F)F,109.00000000000004,-2.037426497940624,1,test
O=C(Nc1cccc(CN2CCC(C(=O)NC3CCCC3)CC2)c1)c1cncc(F)c1,2.0,-0.3010299956639812,1,train
O=C(Nc1cccc(CN2CCC(C(=O)NC3CCCC3)CC2)c1)c1cc(C(F)(F)F)ccn1,7.0,-0.8450980400142568,1,train
O=C(Nc1ccc(Cl)c(CN2CCC(C(=O)NC3CCCC3)CC2)c1)c1ccccc1,0.4,0.3979400086720376,0,test
O=C(Nc1ccc(Cl)c(CN2CCC(C(=O)NC3CCCC3)CC2)c1)c1cccc(C(F)(F)F)n1,2.0,-0.3010299956639812,1,train
O=C(Nc1ccc(Cl)c(CN2CCC(C(=O)NC3CCCC3)CC2)c1)c1ccc(F)cc1,0.9,0.0457574905606751,0,train
O=C(Nc1ccc(Cl)c(CN2CCC(C(=O)NC3CCCC3)CC2)c1)c1ccc(C(F)(F)F)cn1,1.0,-0.0,0,train
O=C(Nc1ccc(Cl)c(CN2CCC(C(=O)NC3CCCC3)CC2)c1)c1ccc2ncccc2c1,1.0,-0.0,0,train
O=C(Nc1ccc(Cl)c(CN2CCC(C(=O)NC3CCCC3)CC2)c1)c1cnc2ccccc2c1,3.0,-0.4771212547196624,0,train
CC(C)(C)NC(=O)C1CCN(Cc2cccc(NC(=O)c3ccc(F)cc3)c2)CC1,0.5,0.3010299956639812,1,train
O=C(Nc1ccc(Cl)c(CN2CCC(C(=O)NC3CCCC3)CC2)c1)c1ccc(F)cn1,0.4,0.3979400086720376,0,train
O=C(Nc1ccc(Cl)c(CN2CCC(C(=O)NC3CCCC3)CC2)c1)c1cncc(C(F)(F)F)c1,0.8,0.0969100130080563,0,test
Cc1cncc(C(=O)Nc2ccc(Cl)c(CN3CCC(C(=O)NC4CCCC4)CC3)c2)c1,2.0,-0.3010299956639812,1,train
O=C(Nc1ccc(Cl)c(CN2CCC(C(=O)NC3CCCC3)CC2)c1)c1cncc(Cl)c1,0.6,0.2218487496163563,0,train
CNC(=O)C1CCN(Cc2cccc(NC(=O)c3ccc(Cl)cc3)c2)CC1,3.0,-0.4771212547196624,0,train
CC(C)NC(=O)C1CCN(Cc2cccc(NC(=O)c3ccc(Cl)cc3)c2)CC1,0.8,0.0969100130080563,1,train
CC(C)(C)NC(=O)C1CCN(Cc2cccc(NC(=O)c3ccc(Cl)cc3)c2)CC1,1.0,-0.0,1,train
COCCNC(=O)C1CCN(Cc2cccc(NC(=O)c3ccc(Cl)cc3)c2)CC1,5.000000000000001,-0.6989700043360189,0,train
O=C(Nc1cccc(CN2CCC(C(=O)NC3CC3)CC2)c1)c1ccc(Cl)cc1,2.0,-0.3010299956639812,1,train
O=C(Nc1cccc(CN2CCC(C(=O)NC3CCC3)CC2)c1)c1ccc(Cl)cc1,1.0,-0.0,1,test
O=C(Nc1cccc(CN2CCC(C(=O)NC3CC4CCC3C4)CC2)c1)c1ccc(Cl)cc1,6.0,-0.7781512503836436,1,train
CCN(CC)C(=O)C1CCN(Cc2cccc(NC(=O)c3ccc(Cl)cc3)c2)CC1,1.0,-0.0,0,train
O=C(Nc1cccc(CN2CCC(C(=O)NCC3CCCC3)CC2)c1)c1ccc(Cl)cc1,4.0,-0.6020599913279624,1,train
O=C(Nc1cccc(CN2CCC(C(=O)NC3CCC(O)CC3)CC2)c1)c1ccc(Cl)cc1,241.0,-2.3820170425748683,1,train
CC(C)(C)C1CCC(NC(=O)C2CCN(Cc3cccc(NC(=O)c4ccc(Cl)cc4)c3)CC2)CC1,1050.0000000000005,-3.0211892990699383,0,train
O=C(Nc1cccc(CN2CCC(C(=O)NC3CCOCC3)CC2)c1)c1ccc(Cl)cc1,12.999999999999998,-1.1139433523068367,1,train
O=C(Nc1cccc(CN2CCC(C(=O)NC3CCC(F)(F)CC3)CC2)c1)c1ccc(Cl)cc1,2.0,-0.3010299956639812,1,train
O=C(Nc1cccc(CN2CCC(C(=O)NCC3CCCCC3)CC2)c1)c1ccc(Cl)cc1,46.0,-1.662757831681574,1,test
CC(NC(=O)C1CCN(Cc2cccc(NC(=O)c3ccc(Cl)cc3)c2)CC1)C1CCCCC1,134.00000000000003,-2.127104798364808,0,train
CC(C)(NC(=O)C1CCN(Cc2cccc(NC(=O)c3ccc(Cl)cc3)c2)CC1)c1ccccc1,219.00000000000009,-2.3404441148401185,0,train
CC(NC(=O)C1CCN(Cc2cccc(NC(=O)c3ccc(Cl)cc3)c2)CC1)c1cccc2ccccc12,348.99999999999983,-2.54282542695918,0,train
O=C(Nc1cccc(CN2CCC(C(=O)NC3CCCc4ccccc43)CC2)c1)c1ccc(Cl)cc1,40.000000000000014,-1.6020599913279625,0,test
O=C(Nc1cccc(CN2CCC(C(=O)NC3CCc4ccccc43)CC2)c1)c1ccc(Cl)cc1,21.0,-1.3222192947339193,0,test
O=C(Nc1cccc(CN2CCC(C(=O)NCc3ccncc3)CC2)c1)c1ccc(Cl)cc1,217.9999999999999,-2.3384564936046046,1,test
O=C(Nc1cccc(CN2CCC(C(=O)NCc3ccccn3)CC2)c1)c1ccc(Cl)cc1,20.000000000000004,-1.3010299956639813,1,train
O=C(Nc1cccc(CN2CCC(C(=O)NCc3cccnc3)CC2)c1)c1ccc(Cl)cc1,161.99999999999994,-2.2095150145426308,1,train
O=C(Nc1cccc(CN2CCC(C(=O)NCc3nccs3)CC2)c1)c1ccc(Cl)cc1,32.00000000000001,-1.505149978319906,1,test
O=C(Nc1cccc(CN2CCC(C(=O)NCc3ccccc3Cl)CC2)c1)c1ccc(Cl)cc1,17.0,-1.230448921378274,1,train
COc1ccccc1CNC(=O)C1CCN(Cc2cccc(NC(=O)c3ccc(Cl)cc3)c2)CC1,15.000000000000004,-1.1760912590556811,0,train
O=C(Nc1cccc(CN2CCC(C(=O)NCc3cccc(Cl)c3)CC2)c1)c1ccc(Cl)cc1,442.0,-2.645422269349092,1,train
COc1cccc(CNC(=O)C2CCN(Cc3cccc(NC(=O)c4ccc(Cl)cc4)c3)CC2)c1,394.00000000000006,-2.595496221825574,0,train
O=C(Nc1cccc(CN2CCC(C(=O)NCc3ccc(Cl)cc3)CC2)c1)c1ccc(Cl)cc1,433.0000000000001,-2.6364878963533656,1,train
COc1ccc(CNC(=O)C2CCN(Cc3cccc(NC(=O)c4ccc(Cl)cc4)c3)CC2)cc1,832.0000000000001,-2.920123326290724,0,train
O=C(Nc1cccc(CN2CCC(C(=O)NCC(F)(F)F)CC2)c1)c1ccc(Cl)cc1,3.0,-0.4771212547196624,0,train
O=C(Nc1cccc(CN2CCC(C(=O)NC3(CO)CCCC3)CC2)c1)c1ccc(Cl)cc1,5.000000000000001,-0.6989700043360189,1,train
O=C(Nc1cccc(CN2CCC(C(=O)NC3Cc4ccccc4C3)CC2)c1)c1ccc(Cl)cc1,9.0,-0.9542425094393248,0,train
Cc1cc(CNC(=O)C2CCN(Cc3cccc(NC(=O)c4ccc(Cl)cc4)c3)CC2)c(C(F)(F)F)o1,533.0000000000001,-2.7267272090265724,0,train
O=C(Nc1cncc(CN2CCC(C(=O)NC3CCCCC3)CC2)c1)c1ccc(F)cc1,57.00000000000001,-1.7558748556724917,1,train
O=C(Nc1ccnc(CN2CCC(C(=O)NC3CCCCC3)CC2)c1)c1ccc(F)cc1,56.00000000000001,-1.7481880270062005,1,train
O=C(Nc1ccnc(CN2CCC(C(=O)NC3CCCCC3)CC2)c1)c1ccc(Cl)cc1,28.0,-1.4471580313422192,1,train
CC(C)(C)NC(=O)C1CCN(Cc2csc(NC(=O)c3ccc(F)cc3)c2)CC1,3.0,-0.4771212547196624,0,train
CC(C)(C)NC(=O)C1CCN(Cc2cc(NC(=O)c3ccc(F)cc3)cs2)CC1,4.0,-0.6020599913279624,0,train
CC(C)(C)NC(=O)C1CCN(Cc2csc(NC(=O)Cc3ccccc3Cl)c2)CC1,40.99999999999999,-1.6127838567197357,1,train
CC(C)(C)NC(=O)C1CCN(Cc2cc(NC(=O)Cc3ccccc3Cl)cs2)CC1,28.0,-1.4471580313422192,1,train
Cc1cncc(C(=O)Nc2cc(CN3CCC(C(=O)NC(C)(C)C)CC3)cs2)c1,44.0,-1.6434526764861874,1,train
Cc1cncc(C(=O)Nc2csc(CN3CCC(C(=O)NC(C)(C)C)CC3)c2)c1,12.999999999999998,-1.1139433523068367,1,test
Cc1cncc(C(=O)Nc2cccc(CN3CCC(F)(C(=O)NC4CCCCC4)CC3)c2)c1,46.0,-1.662757831681574,1,test
Cc1cncc(C(=O)Nc2cccc(CN3CCC(F)(C(=O)NC(C)(C)C)CC3)c2)c1,16.0,-1.2041199826559248,0,train
Cc1cncc(C(=O)Nc2cccc(CN3CCC(C)(C(=O)NC4CCCCC4)CC3)c2)c1,197.0,-2.294466226161593,1,test
Cc1cncc(C(=O)Nc2cccc(CN3CCC(C)(C(=O)NC(C)(C)C)CC3)c2)c1,59.00000000000001,-1.7708520116421442,1,train
O=C(Nc1cccc(CN2CCC(C(=O)NC3CCCCC3)CC2)c1)c1ccc(F)c[n+]1[O-],4.0,-0.6020599913279624,1,train
O=C(Nc1cccc(CN2CCC(C(=O)NC3CCCC3)CC2)c1)c1ccc(F)c[n+]1[O-],1.0,-0.0,1,train
CC(C)(C)NC(=O)C1CCN(Cc2cccc(NC(=O)c3cccc(S(C)(=O)=O)c3)c2)CC1,70.99999999999999,-1.8512583487190752,1,train
CC(C)(C)NC(=O)C1CCN(Cc2cccc(NC(=O)c3ccc4ncsc4c3)c2)CC1,3.0,-0.4771212547196624,0,train
Cc1nc2cc(C(=O)Nc3cccc(CN4CCC(C(=O)NC(C)(C)C)CC4)c3)ccc2s1,108.00000000000004,-2.03342375548695,1,train
CC(C)(C)NC(=O)C1CCN(Cc2cccc(NC(=O)c3ccc4snnc4c3)c2)CC1,3.0,-0.4771212547196624,1,train
Cc1cncc(C(=O)Nc2cccc(CN3CCC(C(=O)NC(C)(C)C)C3)c2)c1,28.0,-1.4471580313422192,1,train
CC(C)(C)NC(=O)C1CCN(Cc2cccc(NC(=O)Cc3ccc(F)cc3Cl)c2)C1,37.0,-1.568201724066995,1,train
CC(C)CNC(=O)C1CCN(Cc2cccc(NC(=O)c3cccc(C(F)(F)F)n3)c2)C1,193.00000000000009,-2.285557309007774,1,train
O=C(Nc1cccc(CN2CCC(C(=O)NC3CCCCC3)C2)c1)c1cccc(C(F)(F)F)n1,60.0,-1.7781512503836436,1,test
O=C(Cc1ccc(F)cc1Cl)Nc1cccc(CN2CCC(C(=O)NC3CCCCC3)C2)c1,160.99999999999994,-2.206825876031849,1,train
C[C@H]1C[C@@H](C(=O)NC(C)(C)C)CCN1Cc1cccc(NC(=O)c2cccc(C(F)(F)F)n2)c1,4.0,-0.6020599913279624,0,test
Cc1cncc(C(=O)Nc2cccc(CN3CC[C@H](C(=O)NC(C)(C)C)C[C@@H]3C)c2)c1,17.0,-1.230448921378274,0,test
CCc1ccc(C(=O)Nc2cccc(CN3CCC(C(=O)NC4CCCCC4)CC3)c2)cc1,5.000000000000001,-0.6989700043360189,1,train
CC(C)c1ccc(C(=O)Nc2cccc(CN3CCC(C(=O)NC4CCCCC4)CC3)c2)cc1,12.000000000000002,-1.0791812460476249,1,train
Cc1ccccc1C(=O)Nc1cccc(CN2CCC(C(=O)NC3CCCCC3)CC2)c1,19.0,-1.2787536009528289,1,train
Cc1cccc(C(=O)Nc2cccc(CN3CCC(C(=O)NC4CCCCC4)CC3)c2)c1,3.0,-0.4771212547196624,1,train
Cc1ccc(C(=O)Nc2cccc(CN3CCC(C(=O)NC4CCCCC4)CC3)c2)cc1,4.0,-0.6020599913279624,1,test
O=C(Nc1cccc(CN2CCC(C(=O)NC3CCCCC3)CC2)c1)c1ccccc1F,4.0,-0.6020599913279624,1,train
O=C(Nc1cccc(CN2CCC(C(=O)NC3CCCCC3)CC2)c1)c1cccc(F)c1,6.0,-0.7781512503836436,1,train
O=C(Nc1cccc(CN2CCC(C(=O)NC3CCCCC3)CC2)c1)c1cccc(C(F)(F)F)c1,5.000000000000001,-0.6989700043360189,1,test
O=C(Nc1cccc(CN2CCC(C(=O)NC3CCCCC3)CC2)c1)c1ccc(C(F)(F)F)cc1,5.000000000000001,-0.6989700043360189,1,test
N#Cc1cccc(C(=O)Nc2cccc(CN3CCC(C(=O)NC4CCCCC4)CC3)c2)c1,12.000000000000002,-1.0791812460476249,1,train
N#Cc1ccc(C(=O)Nc2cccc(CN3CCC(C(=O)NC4CCCCC4)CC3)c2)cc1,7.999999999999999,-0.9030899869919436,1,train
Cc1cccc(C)c1C(=O)Nc1cccc(CN2CCC(C(=O)NC3CCCCC3)CC2)c1,633.0000000000002,-2.801403710017355,1,train
Cc1cccc(C(=O)Nc2cccc(CN3CCC(C(=O)NC4CCCCC4)CC3)c2)c1C,40.000000000000014,-1.6020599913279625,1,train
Cc1ccc(C)c(C(=O)Nc2cccc(CN3CCC(C(=O)NC4CCCCC4)CC3)c2)c1,7.999999999999999,-0.9030899869919436,1,test
Cc1ccc(C(=O)Nc2cccc(CN3CCC(C(=O)NC4CCCCC4)CC3)c2)c(C)c1,4.0,-0.6020599913279624,1,train
Cc1cc(C)cc(C(=O)Nc2cccc(CN3CCC(C(=O)NC4CCCCC4)CC3)c2)c1,21.0,-1.3222192947339193,1,train
Cc1ccc(C(=O)Nc2cccc(CN3CCC(C(=O)NC4CCCCC4)CC3)c2)cc1C,7.0,-0.8450980400142568,1,train
Cc1c(F)cccc1C(=O)Nc1cccc(CN2CCC(C(=O)NC3CCCCC3)CC2)c1,12.999999999999998,-1.1139433523068367,1,train
Cc1cc(F)ccc1C(=O)Nc1cccc(CN2CCC(C(=O)NC3CCCCC3)CC2)c1,5.000000000000001,-0.6989700043360189,1,train
Cc1ccc(F)c(C(=O)Nc2cccc(CN3CCC(C(=O)NC4CCCCC4)CC3)c2)c1,6.0,-0.7781512503836436,1,train
Cc1cc(F)cc(C(=O)Nc2cccc(CN3CCC(C(=O)NC4CCCCC4)CC3)c2)c1,4.0,-0.6020599913279624,1,train
Cc1cc(C(=O)Nc2cccc(CN3CCC(C(=O)NC4CCCCC4)CC3)c2)ccc1F,3.0,-0.4771212547196624,1,train
Cc1ccc(C(=O)Nc2cccc(CN3CCC(C(=O)NC4CCCCC4)CC3)c2)c(F)c1,6.0,-0.7781512503836436,1,train
Cc1c(Cl)cccc1C(=O)Nc1cccc(CN2CCC(C(=O)NC3CCCCC3)CC2)c1,35.0,-1.5440680443502757,1,test
Cc1cc(Cl)ccc1C(=O)Nc1cccc(CN2CCC(C(=O)NC3CCCCC3)CC2)c1,5.000000000000001,-0.6989700043360189,1,train
COc1ccc(C(=O)Nc2cccc(CN3CCC(C(=O)NC4CCCCC4)CC3)c2)cc1C,15.000000000000004,-1.1760912590556811,1,train
COc1ccc(C(=O)Nc2cccc(CN3CCC(C(=O)NC4CCCCC4)CC3)c2)cc1F,4.0,-0.6020599913279624,1,train
COc1cc(F)cc(C(=O)Nc2cccc(CN3CCC(C(=O)NC4CCCCC4)CC3)c2)c1,5.000000000000001,-0.6989700043360189,0,train
COc1cc(OC)cc(C(=O)Nc2cccc(CN3CCC(C(=O)NC4CCCCC4)CC3)c2)c1,10.0,-1.0,0,train
COc1ccc(C(=O)Nc2cccc(CN3CCC(C(=O)NC4CCCCC4)CC3)c2)cc1OC,70.00000000000001,-1.845098040014257,1,train
O=C(Nc1cccc(CN2CCC(C(=O)NC3CCCCC3)CC2)c1)c1c(F)cccc1F,36.0,-1.5563025007672873,1,train
O=C(Nc1cccc(CN2CCC(C(=O)NC3CCCCC3)CC2)c1)c1cccc(F)c1F,5.000000000000001,-0.6989700043360189,1,train
CC(C)(C)NC(=O)C1CCN(Cc2cccc(NC(=O)c3cccc(C(F)(F)F)n3)c2)CC1,1.0,-0.0,1,train
CC(C)(C)NC(=O)C1CCN(Cc2cccc(NC(=O)c3ccc(C(F)(F)F)cn3)c2)CC1,0.5,0.3010299956639812,1,train
CC(C)(C)NC(=O)C1CCN(Cc2cccc(NC(=O)c3cncc(C(F)(F)F)c3)c2)CC1,1.0,-0.0,1,train
CC(C)(C)NC(=O)C1CCN(Cc2cccc(NC(=O)c3cccnc3C(F)(F)F)c2)CC1,99.0,-1.99563519459755,1,train
CC(C)(C)NC(=O)C1CCN(Cc2cccc(NC(=O)c3cnc4ccccc4n3)c2)CC1,3.0,-0.4771212547196624,0,train
CC(C)(C)NC(=O)C1CCN(Cc2cccc(NC(=O)c3cnc4ccccc4c3)c2)CC1,2.0,-0.3010299956639812,0,train
CC(C)(C)NC(=O)C1CCN(Cc2cccc(NC(=O)c3ccc4cnccc4n3)c2)CC1,2.0,-0.3010299956639812,0,train
CC(C)(C)NC(=O)C1CCN(Cc2cccc(NC(=O)c3ccc4ccccc4n3)c2)CC1,0.9,0.0457574905606751,1,train
CC(C)(C)NC(=O)C1CCN(Cc2cccc(NC(=O)c3cnc4cc(Cl)ccc4c3)c2)CC1,5.000000000000001,-0.6989700043360189,1,train
CC(C)(C)NC(=O)C1CCN(Cc2cccc(NC(=O)c3cccc(C(F)(F)F)c3)c2)CC1,4.0,-0.6020599913279624,1,test
CC(C)(C)NC(=O)C1CCN(Cc2cccc(NC(=O)c3ccc(C(F)(F)F)cc3)c2)CC1,4.0,-0.6020599913279624,1,train
CC(C)(C)NC(=O)C1CCN(Cc2cccc(NC(=O)c3ccccc3C(F)(F)F)c2)CC1,17.0,-1.230448921378274,1,train
CC(C)(C)NC(=O)C1CCN(Cc2cccc(NC(=O)c3cncc(C4CC4)c3)c2)CC1,3.0,-0.4771212547196624,0,train
CCc1cncc(C(=O)Nc2cccc(CN3CCC(C(=O)NC(C)(C)C)CC3)c2)c1,4.0,-0.6020599913279624,1,train
CC(C)(C)NC(=O)C1CCN(Cc2cccc(NC(=O)c3cc(C(F)(F)F)ccn3)c2)CC1,6.0,-0.7781512503836436,1,test
CC(C)(C)NC(=O)C1CCN(Cc2cccc(NC(=O)Cc3ccc(Cl)cc3Cl)c2)CC1,5.000000000000001,-0.6989700043360189,0,train
CC(C)(C)NC(=O)C1CCN(Cc2cccc(NC(=O)Cc3c(Cl)cccc3Cl)c2)CC1,1.0,-0.0,0,train
CC(C)(C)NC(=O)C1CCN(Cc2cccc(NC(=O)Cc3cccc(Cl)c3Cl)c2)CC1,3.0,-0.4771212547196624,1,train
CC(C)(C)NC(=O)C1CCN(Cc2cccc(NC(=O)Cc3c(F)cccc3Cl)c2)CC1,2.0,-0.3010299956639812,1,train
CC(C)(C)NC(=O)C1CCN(Cc2cccc(NC(=O)Cc3ccc(F)cc3Cl)c2)CC1,2.0,-0.3010299956639812,1,test
CC(C)(C)NC(=O)C1CCN(Cc2cccc(NC(=O)Cc3cccc(C(F)(F)F)c3Cl)c2)CC1,2.0,-0.3010299956639812,1,train
CC(C)(C)NC(=O)C1CCN(Cc2cccc(NC(=O)Cc3c(Cl)ccc(C(F)(F)F)c3Cl)c2)CC1,3.0,-0.4771212547196624,0,train
CC(C)(C)NC(=O)C1CCN(Cc2cccc(NC(=O)Cc3c(C(F)(F)F)ccc(Cl)c3Cl)c2)CC1,3.0,-0.4771212547196624,0,train
CC(C)(C)NC(=O)C1CCN(Cc2cccc(NC(=O)Cc3cc(F)c(Cl)cc3Cl)c2)CC1,4.0,-0.6020599913279624,0,train
CC(C)(C)NC(=O)C1CCN(Cc2cccc(NC(=O)Cc3c(F)ccc(Cl)c3Cl)c2)CC1,4.0,-0.6020599913279624,0,train
CC(C)(C)NC(=O)C1CCN(Cc2cccc(NC(=O)Cc3c(F)ccc(F)c3Cl)c2)CC1,2.0,-0.3010299956639812,0,test
CC(C)(C)NC(=O)C1CCN(Cc2cccc(NC(=O)CC3CCOCC3)c2)CC1,136.99999999999997,-2.1367205671564067,1,train
CC(C)(C)NC(=O)C1CCN(Cc2cccc(NC(=O)C3CCOC3)c2)CC1,222.0000000000001,-2.346352974450639,1,train
CC(C)(C)NC(=O)C1CCN(Cc2cccc(NC(=O)C3CC3(C)C)c2)CC1,7.0,-0.8450980400142568,1,train
CC(C)(C)NC(=O)C1CCN(Cc2cccc(NC(=O)Cc3ccccc3Cl)c2)CC1,1.0,-0.0,1,test
CC(C)(C)NC(=O)C1CCN(Cc2cccc(NC(=O)Cc3ccccc3)c2)CC1,4.0,-0.6020599913279624,1,test
CC(C)(C)NC(=O)C1CCN(Cc2cccc(NC(=O)C3C(C)(C)C3(C)C)c2)CC1,0.9,0.0457574905606751,0,train
O=C(Nc1cccc(CN2CCC(C(=O)NCc3ccccc3)CC2)c1)c1ccc(Cl)cc1,45.00000000000001,-1.6532125137753435,1,train
N#CC1(NC(=O)C2CCN(Cc3cccc(NC(=O)c4ccc(Cl)cc4)c3)CC2)CC1,15.000000000000004,-1.1760912590556811,0,test
Cc1cncc(C(=O)Nc2cccc(CN3CCC(C(=O)NC4CC4)CC3)c2)c1,82.0,-1.9138138523837167,1,train
Cc1cncc(C(=O)Nc2cccc(CN3CCC(C(=O)NC(C)C)CC3)c2)c1,12.000000000000002,-1.0791812460476249,1,train
Cc1cncc(C(=O)Nc2cccc(CN3CCC(C(=O)NC(C)(C)C)CC3)c2)c1,3.0,-0.4771212547196624,1,train
CCC(CC)NC(=O)C1CCN(Cc2cccc(NC(=O)c3cncc(C)c3)c2)CC1,7.999999999999999,-0.9030899869919436,1,train
Cc1cncc(C(=O)Nc2cccc(CN3CCC(C(=O)NC4CCC4)CC3)c2)c1,12.999999999999998,-1.1139433523068367,1,train
Cc1cncc(C(=O)Nc2cccc(CN3CCC(C(=O)NC4CCCC4)CC3)c2)c1,4.500000000000001,-0.6532125137753437,1,train
Cc1cncc(C(=O)Nc2cccc(CN3CCC(C(=O)NCC4CC4)CC3)c2)c1,20.000000000000004,-1.3010299956639813,1,train
Cc1cncc(C(=O)Nc2cccc(CN3CCC(C(=O)NC4CCC(F)(F)CC4)CC3)c2)c1,27.000000000000004,-1.4313637641589874,1,train
Cc1cncc(C(=O)Nc2cccc(CN3CCC(C(=O)NC4(C#N)CC4)CC3)c2)c1,401.99999999999983,-2.60422605308447,1,test
Cc1cncc(C(=O)Nc2cccc(CN3CCC(C(=O)N4CCCCC4)CC3)c2)c1,6.0,-0.7781512503836436,1,train
Cc1cncc(C(=O)Nc2cccc(CN3CCC(C(=O)N4CCCC4)CC3)c2)c1,67.0,-1.8260748027008264,1,train
Cc1cncc(C(=O)Nc2cccc(CN3CCC(C(=O)N4CCCCCC4)CC3)c2)c1,19.0,-1.2787536009528289,1,train
Cc1cncc(C(=O)Nc2cccc(CN3CCC(C(=O)N4CCC(F)(F)CC4)CC3)c2)c1,300.0000000000001,-2.4771212547196626,1,test
Cc1cncc(C(=O)Nc2cccc(CN3CCC(C(=O)N4CCCC4C)CC3)c2)c1,26.0,-1.414973347970818,1,train
Cc1cncc(C(=O)Nc2cccc(CN3CCC(C(=O)N4C(C)CCC4C)CC3)c2)c1,96.0,-1.9822712330395684,1,train
Cc1cncc(C(=O)Nc2cccc(CN3CCC(C(=O)N4CCC(F)(F)C4)CC3)c2)c1,109.00000000000004,-2.037426497940624,1,train
Cc1cncc(C(=O)Nc2cccc(CN3CCC(C(=O)N(C)C)CC3)c2)c1,60.0,-1.7781512503836436,1,train
CCCN(C)C(=O)C1CCN(Cc2cccc(NC(=O)c3cncc(C)c3)c2)CC1,6.0,-0.7781512503836436,1,train
Cc1cncc(C(=O)Nc2cccc(CN3CCC(C(=O)N(C)CC(C)C)CC3)c2)c1,7.999999999999999,-0.9030899869919436,1,train
COCCN(C)C(=O)C1CCN(Cc2cccc(NC(=O)c3cncc(C)c3)c2)CC1,224.0,-2.3502480183341627,1,train
CCC(C)(C)NC(=O)C1CCN(Cc2cccc(NC(=O)c3cncc(C)c3)c2)CC1,3.0,-0.4771212547196624,1,train
Cc1cncc(C(=O)Nc2cccc(CN3CCC(C(=O)N4CCCC4(C)C)CC3)c2)c1,10.0,-1.0,1,train
Cc1cncc(C(=O)Nc2cccc(CN3CCC(C(=O)N4CCC(C)(C)C4)CC3)c2)c1,63.99999999999999,-1.806179973983887,1,train
Cc1cncc(C(=O)Nc2cccc(CN3CCC(C(=O)NC4CCCC4)C3)c2)c1,28.0,-1.4471580313422192,1,test
Cc1cncc(C(=O)Nc2cccc(CN3CCC(C(=O)NC4CCCCC4)C3)c2)c1,92.0,-1.9637878273455556,1,train
CC(C)C(CO)NC(=O)C1CCN(Cc2cccc(NC(=O)c3cccc(C(F)(F)F)n3)c2)CC1,86.99999999999999,-1.9395192526186185,1,train
CCC(CO)NC(=O)C1CCN(Cc2cccc(NC(=O)c3cccc(C(F)(F)F)n3)c2)CC1,26.0,-1.414973347970818,1,test
O=C(Nc1cccc(CN2CCC(C(=O)N[C@H](CO)C3CCCCC3)CC2)c1)c1cccc(C(F)(F)F)n1,431.0,-2.6344772701607315,0,train
CC(C)(C)[C@@H](CO)NC(=O)C1CCN(Cc2cccc(NC(=O)c3cccc(C(F)(F)F)n3)c2)CC1,406.0000000000001,-2.6085260335771943,0,train
CC(C)(C)NC(=O)C1CCN(Cc2cccc(NC(=O)c3ccc(F)c[n+]3[O-])c2)CC1,3.0,-0.4771212547196624,0,test
O=C(Nc1cccc(CN2CCC(F)(C(=O)NC3CCCCC3)CC2)c1)c1cccc(C(F)(F)F)n1,70.99999999999999,-1.8512583487190752,1,train
CC(C)(C)NC(=O)C1(F)CCN(Cc2cccc(NC(=O)c3cccc(C(F)(F)F)n3)c2)CC1,20.000000000000004,-1.3010299956639813,1,train
CC1(C(=O)NC2CCCCC2)CCN(Cc2cccc(NC(=O)c3cccc(C(F)(F)F)n3)c2)CC1,57.00000000000001,-1.7558748556724917,0,train
CC(C)(C)NC(=O)C1(C)CCN(Cc2cccc(NC(=O)c3cccc(C(F)(F)F)n3)c2)CC1,12.999999999999998,-1.1139433523068367,1,train
COc1cncc(C(=O)Nc2cccc(CN3CCC(C(=O)NC4CCCCC4)CC3)c2)c1,10.0,-1.0,1,test
COc1cncc(C(=O)Nc2cccc(CN3CCC(C(=O)NC4CCCC4)CC3)c2)c1,9.0,-0.9542425094393248,1,test
COc1cncc(C(=O)Nc2cccc(CN3CCC(C(=O)NC(C)(C)C)CC3)c2)c1,7.999999999999999,-0.9030899869919436,1,test
COc1cncc(C(=O)Nc2cccc(CN3CCC(C(=O)N(C)CC(C)C)CC3)c2)c1,19.0,-1.2787536009528289,0,train
O=C(Nc1ccc(F)c(CN2CCC(C(=O)NC3CCCCC3)CC2)c1)c1cccc(C(F)(F)F)n1,3.0,-0.4771212547196624,1,train
CC(C)(C)NC(=O)C1CCN(Cc2cc(NC(=O)c3cccc(C(F)(F)F)n3)ccc2F)CC1,2.0,-0.3010299956639812,1,train
Cc1cncc(C(=O)Nc2ccc(F)c(CN3CCC(C(=O)NC4CCCCC4)CC3)c2)c1,10.999999999999996,-1.041392685158225,1,train
Cc1cncc(C(=O)Nc2ccc(F)c(CN3CCC(C(=O)NC(C)(C)C)CC3)c2)c1,7.999999999999999,-0.9030899869919436,1,train
CC(C)(C)NC(=O)C1CCN(Cc2cc(NC(=O)c3cccc(C(F)(F)F)n3)ncn2)CC1,29.0,-1.462397997898956,1,train
Cc1cncc(C(=O)Nc2cccc(CN3CC[C@H](C(=O)NC4CCCCC4)C[C@@H]3C)c2)c1,4.0,-0.6020599913279624,0,train
CC(C)(C)NC(=O)C1CCN(Cc2cccc(NC(=O)c3ccc(F)cn3)c2)CC1,0.6,0.2218487496163563,1,train
CCC(C)(C)NC(=O)C1CCN(Cc2cccc(NC(=O)c3ccc(F)c[n+]3[O-])c2)CC1,2.0,-0.3010299956639812,1,train
Cc1cc(C(=O)Nc2cccc(CN3CCC(C(=O)NC(C)(C)C)CC3)c2)c[n+]([O-])c1,234.00000000000009,-2.369215857410143,0,train
CCC(C)(C)NC(=O)C1CCN(Cc2cccc(NC(=O)c3cc(C)c[n+]([O-])c3)c2)CC1,173.00000000000003,-2.2380461031287955,1,train
CC(C)(C)NC(=O)C1CCN(Cc2cccc(NC(=O)c3ccc(Cl)c[n+]3[O-])c2)CC1,3.0,-0.4771212547196624,0,test
CCC(C)(C)NC(=O)C1CCN(Cc2cccc(NC(=O)c3ccc(Cl)c[n+]3[O-])c2)CC1,2.0,-0.3010299956639812,1,test
Cc1cc(C(=O)Nc2cccc(CN3CCC(C(=O)NC(C)(C)C)CC3)c2)cnn1,62.0,-1.792391689498254,1,train
CC(C)(C)NC(=O)C1CCN(Cc2cccc(NC(=O)c3ccc(N)cn3)c2)CC1,4.0,-0.6020599913279624,1,test
N=C(N)NCCC[C@@H]1NC(=O)[C@H](Cc2c[nH]c3ccccc23)NC(=O)[C@@H](Cc2ccccc2)NC(=O)[C@H](Cc2c[nH]c3ccccc23)NC(=O)[C@@H]2Cc3ccccc3CN2C(=O)[C@H]2CCCN2C1=O,46.0,-1.662757831681574,0,train
CC(C)(C)C[C@@H]1NC(=O)[C@@H](Cc2ccccc2)NC(=O)[C@H](COCc2ccccc2)NC(=O)CN(CCCc2ccc(F)cc2F)C(=O)[C@H]2CCCN2C(=O)[C@H](Cc2cscn2)NC1=O,15.000000000000004,-1.1760912590556811,0,train
CCc1ccn2ccnc2c1N1CCCN(CC2CCN(C(=O)[C@H]3C[C@@H]4CC[C@H]3O4)CC2)CC1,7.0,-0.8450980400142568,0,train
CCc1ccn2ccnc2c1N1CCCN([C@@H](CC(N)=O)C2CCN(C(=O)[C@H]3C[C@@H]4CC[C@H]3O4)CC2)CC1,10.999999999999996,-1.041392685158225,0,test
CC[C@H](C)[C@@H](OC(=O)CCc1ccccc1)C(=O)N1CCC[C@H]1C(=O)NCC(=O)N(C)[C@@H](CC(C)C)C(=O)N[C@@H](C)C(=O)N(C)[C@H](Cc1ccccc1)C(=O)N1CCC[C@H]1C(=O)OC,7810.000000000001,-3.892651033877301,0,test
CC[C@H](C)[C@@H](OC(=O)[C@H](Cc1ccccc1)N(C)C)C(=O)N1CCC[C@H]1C(=O)NCC(=O)N(C)[C@@H](CC(C)C)C(=O)N[C@@H](C)C(=O)N(C)[C@H](Cc1ccccc1)C(=O)N1CCC[C@H]1C(=O)OC,10460.0,-4.019531684531255,0,train
Nc1nc(NCCCc2ccccc2)nc(-c2cc(Cl)ccc2CO)n1,689.9999999999999,-2.838849090737255,0,train
Nc1nc(NCCc2ccccc2)nc(-c2cc(Cl)ccc2CO)n1,1700.000000000001,-3.230448921378274,0,test
C/C=C1/CN2CC[C@@H]1c1[nH]c3ccccc3c1C2,26999.99999999997,-4.431363764158987,0,train
COc1ccc2cccnc2c1N1CCCN(C(CC(=O)NCCN2CCCC2)c2csc(N3CCOCC3)n2)CC1,33.0,-1.5185139398778875,0,train
N=C(N)NCCC[C@H](NC(=O)[C@H]1CSSC[C@@H](NC(=O)[C@H](Cc2ccc3ccccc3c2)NC(=O)[C@H](CCCNC(=N)N)NC(=O)[C@@H](N)CCCNC(=N)N)C(=O)N[C@@H](Cc2ccc(O)cc2)C(=O)N[C@@H](CCCNC(N)=O)C(=O)N[C@@H](CCCCN)C(=O)N[C@H](CCCNC(N)=O)C(=O)N2CCC[C@H]2C(=O)N[C@@H](Cc2ccc(O)cc2)C(=O)N[C@@H](CCCNC(=N)N)C(=O)N[C@@H](CCCNC(N)=O)C(=O)N1)C(N)=O,350.0,-2.544068044350276,0,train
CSCC[C@H](NC(=O)[C@H](Cc1ccccc1)NC(=O)CNC(=O)CNC(=O)[C@@H](N)Cc1ccccc1)C(=O)N[C@@H](CCCNC(=N)N)C(=O)N[C@@H](CCCNC(=N)N)C(=O)N[C@@H](CCCCN)C(N)=O,0.61,0.2146701649892329,0,train
CCCC(=O)N[C@H](C(=O)N(C)[C@@H](CC(C)C)C(=O)N[C@@H](CC(C)C)C(=O)N1CCC[C@H]1C(=O)N(C)[C@@H](C(=O)N[C@H](C(=O)NCC(=O)N(C)[C@H](Cc1ccccc1)C(=O)N1CCC[C@H]1C(=O)OC)[C@@H](C)CC)C(C)C)C(C)C,2499.9999999999995,-3.397940008672037,0,train
CCc1cc(=O)n2nc(NCCCNc3ccc(C)cn3)sc2n1,19099.999999999985,-4.281033367247727,0,test
Cn1c(CNC(=O)CCCOc2cccc3ccccc23)nc2ccccc2c1=O,11400.000000000004,-4.056904851336473,0,test
COc1cc(C(=O)N(CCC2CCCN2C)C/C(C)=C/c2ccccc2C)cc(OC)c1OC,44.0,-1.6434526764861874,0,train
Cn1c(CNC(=O)CCCOc2ccc(C(C)(C)C)cc2)nc2ccccc2c1=O,2300.000000000001,-3.361727836017593,0,train
Cn1c(CNC(=O)CCCOc2ccccc2)nc2ccccc2c1=O,18799.99999999999,-4.27415784926368,0,train
Cn1c(CNC(=O)CCCCOc2ccc(C(C)(C)C)cc2)nc2ccccc2c1=O,2059.9999999999995,-3.3138672203691533,0,test
CN(Cc1nc2ccccc2c(=O)n1C)C(=O)CCCOc1cccc2ccccc12,1799.9999999999998,-3.255272505103306,0,train
CN(Cc1nc2ccccc2c(=O)n1C)C(=O)CCCOc1ccc2ccccc2c1,1440.0000000000005,-3.1583624920952498,0,train
CN(Cc1nc2ccccc2c(=O)n1C)C(=O)CCCOc1ccccc1,2670.000000000001,-3.4265112613645754,0,train
CCc1cc(=O)n2nc(NCCNc3ccc(C)cn3)sc2n1,74700.00000000003,-4.873320601815399,0,test
CCc1cc(=O)n2nc(NCCNc3ccccn3)sc2n1,58599.99999999996,-4.76789761601809,0,train
CCc1cc(=O)n2nc(NCCNc3ccc(C)cc3)sc2n1,85700.00000000007,-4.932980821923199,0,train
CCc1cc(=O)n2nc(NCCNc3cccc(C)c3)sc2n1,76199.99999999996,-4.8819549713396,0,train
CCc1cc(=O)n2nc(NCCNC3CCCCC3)sc2n1,57700.00000000005,-4.761175813155732,0,train
CCc1cc(=O)n2nc(NCCN3CCN(C(=O)OCc4ccccc4)CC3)sc2n1,45600.00000000002,-4.658964842664435,0,test
CCc1cc(=O)n2nc(NCCN3CCN(C(=O)CC4CCCCC4)CC3)sc2n1,52900.00000000005,-4.723455672035186,0,train
CCc1cc(=O)n2nc(NCCN3CCN(C(=O)CC(C)(C)C)CC3)sc2n1,62700.00000000006,-4.797267540830717,1,train
CCc1cc(=O)n2nc(NCCN3CCN(C(=O)C(C)(C)C)CC3)sc2n1,100000.0,-5.0,1,train
CCOC(=O)N1CCN(CCNc2nn3c(=O)cc(CC)nc3s2)CC1,100000.0,-5.0,0,train
CCc1cc(=O)n2nc(NCCN3CCN(C(=O)OC(C)(C)C)CC3)sc2n1,17399.99999999999,-4.2405492482826,0,train
CCc1cc(=O)n2nc(NCCCN3CCN(C(=O)OC(C)(C)C)CC3)sc2n1,3399.999999999998,-3.531478917042255,1,train
CCc1cc(=O)n2nc(NCCCN3CCC(C(=O)NC(C)(C)C)CC3)sc2n1,3500.0000000000005,-3.544068044350276,1,test
CCc1cc(=O)n2nc(NCCCN(C)Cc3ccccc3)sc2n1,11699.999999999987,-4.068185861746161,0,train
