smiles,exp_mean [nM],y,cliff_mol,split
CC(=O)c1cnc2ccc(-c3cc(Cl)c(O)c(Cl)c3)nc2c1N[C@H]1CC[C@H](CN(C)C)CC1,5.000000000000001,-0.6989700043360189,1,train
CCOC(=O)c1cnc2ccc(-c3cc(Cl)c(O)c(Cl)c3)nc2c1N[C@H]1CC[C@H](CN(C)C)CC1,7.0,-0.8450980400142568,1,train
CN(C)C[C@H]1CC[C@H](Nc2c(C#N)cnc3ccc(-c4cc(Cl)c(O)c(Cl)c4)nc23)CC1,45.00000000000001,-1.6532125137753435,0,train
CN(C)C[C@H]1CC[C@H](Nc2c(C(N)=O)cnc3ccc(-c4cc(Cl)c(O)c(Cl)c4)nc23)CC1,15.000000000000004,-1.1760912590556811,1,train
CNC(=O)c1cnc2ccc(-c3cc(Cl)c(O)c(Cl)c3)nc2c1N[C@H]1CC[C@H](CN(C)C)CC1,6.0,-0.7781512503836436,1,train
CCNC(=O)c1cnc2ccc(-c3cc(Cl)c(O)c(Cl)c3)nc2c1N[C@H]1CC[C@H](CN(C)C)CC1,6.0,-0.7781512503836436,1,train
CCCNC(=O)c1cnc2ccc(-c3cc(Cl)c(O)c(Cl)c3)nc2c1N[C@H]1CC[C@H](CN(C)C)CC1,6.0,-0.7781512503836436,1,train
CCCCNC(=O)c1cnc2ccc(-c3cc(Cl)c(O)c(Cl)c3)nc2c1N[C@H]1CC[C@H](CN(C)C)CC1,3.0,-0.4771212547196624,1,train
CCCCCNC(=O)c1cnc2ccc(-c3cc(Cl)c(O)c(Cl)c3)nc2c1N[C@H]1CC[C@H](CN(C)C)CC1,5.000000000000001,-0.6989700043360189,1,train
CC(C)CNC(=O)c1cnc2ccc(-c3cc(Cl)c(O)c(Cl)c3)nc2c1N[C@H]1CC[C@H](CN(C)C)CC1,6.0,-0.7781512503836436,1,train
CC(C)CCNC(=O)c1cnc2ccc(-c3cc(Cl)c(O)c(Cl)c3)nc2c1N[C@H]1CC[C@H](CN(C)C)CC1,3.0,-0.4771212547196624,1,train
CN(C)C[C@H]1CC[C@H](Nc2c(C(=O)N3CCOCC3)cnc3ccc(-c4cc(Cl)c(O)c(Cl)c4)nc23)CC1,640.9999999999998,-2.806858029518817,0,train
CN(C)C[C@H]1CC[C@H](Nc2c(C(=O)N(C)C)cnc3ccc(-c4cc(Cl)c(O)c(Cl)c4)nc23)CC1,353.99999999999983,-2.549003262025788,1,test
CCOC(=O)c1cnc2ccc(-c3cc(Cl)c(O)c(Cl)c3)nc2c1Nc1ccc(CN(C)C)cc1,26.0,-1.414973347970818,0,train
CCOC(=O)c1cnc2ccc(-c3cc(Cl)c(O)c(Cl)c3)nc2c1N[C@H]1CC[C@H](CN)CC1,7.999999999999999,-0.9030899869919436,1,train
CCOC(=O)c1cnc2ccc(-c3cc(Cl)c(O)c(Cl)c3)nc2c1N[C@H]1CC[C@H](CNC(C)=O)CC1,15.000000000000004,-1.1760912590556811,1,train
CC(=O)NC[C@H]1CC[C@H](Nc2c(CO)cnc3ccc(-c4cc(Cl)c(O)c(Cl)c4)nc23)CC1,16.0,-1.2041199826559248,1,train
CCOC(=O)c1cnc2ccc(-c3cc(Cl)c(O)c(Cl)c3)nc2c1N[C@H]1CC[C@H](CO)CC1,100.0,-2.0,1,train
CCOC(=O)c1cnc2ccc(-c3cc(Cl)c(O)c(Cl)c3)nc2c1N[C@H]1CC[C@H](N)CC1,9.0,-0.9542425094393248,1,train
CCOC(=O)c1cnc2ccc(-c3cc(Cl)c(O)c(Cl)c3)nc2c1NC1CCN(C)CC1,6.0,-0.7781512503836436,1,train
CCOC(=O)c1cnc2ccc(-c3cc(Cl)c(O)c(Cl)c3)nc2c1N1CCCCC1,203.00000000000003,-2.307496037913213,1,train
CCOC(=O)c1cnc2ccc(-c3cc(Cl)c(O)c(Cl)c3)nc2c1N1CCC(C)CC1,123.00000000000004,-2.089905111439398,1,test
CCOC(=O)c1cnc2ccc(-c3cc(Cl)c(O)c(Cl)c3)nc2c1N1CCOCC1,105.00000000000004,-2.0211892990699383,1,train
CCOC(=O)c1cnc2ccc(-c3cc(Cl)c(O)c(Cl)c3)nc2c1N1CCNCC1,73.0,-1.863322860120456,1,test
CCOC(=O)c1cnc2ccc(-c3cc(Cl)c(O)c(Cl)c3)nc2c1N[C@H]1CC[C@H](CN2CCOCC2)CC1,7.0,-0.8450980400142568,1,train
CCCCNC(=O)c1cnc2ccc(-c3cc(Cl)c(O)c(Cl)c3)nc2c1N[C@H]1CC[C@H](CN2CCOCC2)CC1,4.0,-0.6020599913279624,1,test
CCOC(=O)c1cnc2ccc(-c3cc(Cl)c(O)c(Cl)c3)nc2c1N[C@H]1CC[C@H](C(N)=O)CC1,1252.0,-3.097604328874411,1,test
CCOC(=O)c1cnc2ccc(-c3cc(Cl)c(O)c(Cl)c3)nc2c1N[C@H]1CC[C@H](C(=O)N(C)C)CC1,49.99999999999999,-1.6989700043360187,1,train
CCCCNC(=O)c1cnc2ccc(-c3cc(Cl)c(O)c(Cl)c3)nc2c1N[C@H]1CC[C@H](C(N)=O)CC1,175.0,-2.2430380486862944,1,train
NC(=O)[C@H]1CC[C@H](Nc2c(CO)cnc3ccc(-c4cc(Cl)c(O)c(Cl)c4)nc23)CC1,678.0,-2.831229693867064,1,train
CC(=O)c1cnc2ccc(-c3cc(Cl)c(O)c(Cl)c3)nc2c1N[C@H]1CC[C@H](C(N)=O)CC1,10.999999999999996,-1.041392685158225,1,train
CCOC(=O)c1cnc2ccc(-c3cc(Cl)c(O)c(Cl)c3)nc2c1N[C@H]1CC[C@H](C(=O)N2CCOCC2)CC1,97.0,-1.9867717342662448,1,train
CCCCNC(=O)c1cnc2ccc(-c3cc(Cl)c(O)c(Cl)c3)nc2c1N[C@H]1CC[C@H](C(=O)N2CCOCC2)CC1,56.00000000000001,-1.7481880270062005,1,train
NC(=O)C[C@H]1CC[C@H](Nc2c(CO)cnc3ccc(-c4cc(Cl)c(O)c(Cl)c4)nc23)CC1,74.00000000000001,-1.869231719730976,0,test
CCOC(=O)c1cnc2ccc(-c3cc(Cl)c(O)c(Cl)c3)nc2c1N[C@H]1CC[C@H](CC(N)=O)CC1,43.000000000000014,-1.6334684555795866,1,train
CCOC(=O)c1cnc2ccc(-c3ccc(O)cc3)nc2c1N[C@H]1CC[C@H](CN(C)C)CC1,300.0000000000001,-2.4771212547196626,1,train
CCOC(=O)c1cnc2ccc(-c3cc(C)c(O)c(C)c3)nc2c1N[C@H]1CC[C@H](CN(C)C)CC1,12.000000000000002,-1.0791812460476249,1,train
CCOC(=O)c1cnc2ccc(-c3ccc(N)cc3)nc2c1N[C@H]1CC[C@H](CN(C)C)CC1,2095.000000000001,-3.3211840273023143,1,train
CCOC(=O)c1cnc2ccc(-c3ccc(C(=O)O)cc3)nc2c1N[C@H]1CC[C@H](CN(C)C)CC1,989.9999999999994,-2.9956351945975497,0,train
CCOC(=O)c1cnc2ccc(-c3ccc(C(N)=O)cc3)nc2c1N[C@H]1CC[C@H](CN(C)C)CC1,4655.999999999998,-3.668012971641832,1,train
CCOC(=O)c1cnc2ccc(-c3ccncc3)nc2c1N[C@H]1CC[C@H](CN(C)C)CC1,223.0,-2.3483048630481607,0,train
CCOC(=O)c1cnc2ccc(-c3ccnc(C)c3)nc2c1N[C@H]1CC[C@H](CN(C)C)CC1,1530.0000000000002,-3.184691430817599,1,test
CCOC(=O)c1cnc2ccc(-c3ccnc(N)c3)nc2c1N[C@H]1CC[C@H](CN(C)C)CC1,59.00000000000001,-1.7708520116421442,1,test
CCNC(=O)c1cnc2ccc(-c3ccnc(N)c3)nc2c1N[C@H]1CC[C@H](CN(C)C)CC1,46.0,-1.662757831681574,1,train
CCOC(=O)c1cnc2ccc(-c3ccnc(O)c3)nc2c1N[C@H]1CC[C@H](CN(C)C)CC1,383.0000000000001,-2.583198773968623,1,test
CCOC(=O)c1cnc2ccc(-c3ccc(O)nc3)nc2c1N[C@H]1CC[C@H](CN(C)C)CC1,1336.000000000001,-3.125806458139527,1,train
CCOC(=O)c1cnc2ccc(-c3ccnc(N)c3)nc2c1N[C@H]1CC[C@H](CN2CCOCC2)CC1,37.0,-1.568201724066995,1,train
CCOC(=O)c1cnc2ccc(-c3ccnc(N)c3)nc2c1N[C@H]1CC[C@H](CN2CCCCC2)CC1,114.00000000000004,-2.0569048513364727,1,test
CCOC(=O)c1cnc2ccc(-c3ccnc(N)c3)nc2c1N[C@H]1CC[C@H](CN2CCCC2)CC1,108.00000000000004,-2.03342375548695,1,train
O=C(Nc1c[nH]nc1C(=O)Nc1cccnc1)c1cccnc1,12.000000000000002,-1.0791812460476249,0,train
O=C(Nc1c[nH]nc1C(=O)Nc1cncc(-c2cccc(F)c2)c1)c1cncc(F)c1,63.0,-1.7993405494535817,0,test
Cc1ccc(C(=O)Nc2c[nH]nc2C(=O)Nc2ccc(OCCN3CCCC3)nc2)cn1,27.000000000000004,-1.4313637641589874,0,test
COc1cncc(C(=O)Nc2c[nH]nc2C(=O)Nc2ccc(CN(C)C)cc2)c1,10.0,-1.0,0,train
COc1cncc(C(=O)Nc2c[nH]nc2C(=O)Nc2ccc(OCCN3CCCC3)nc2)c1,12.000000000000002,-1.0791812460476249,0,train
COc1cncc(C(=O)Nc2c[nH]nc2C(=O)Nc2ccc(N3CCC(F)(F)C3)nc2)c1,13.999999999999998,-1.146128035678238,0,train
COc1cncc(C(=O)Nc2c[nH]nc2C(=O)Nc2ccc(N3CCNCC3)nc2)c1,7.0,-0.8450980400142568,0,train
COc1cncc(C(=O)Nc2c[nH]nc2C(=O)Nc2ccc3c(c2)CCNC3)c1,7.999999999999999,-0.9030899869919436,0,train
COc1cncc(C(=O)Nc2c[nH]nc2C(=O)Nc2ccc3c(c2)CCN(C)C3)c1,7.999999999999999,-0.9030899869919436,0,train
CC(C)Oc1cncc(C(=O)Nc2c[nH]nc2C(=O)Nc2ccc(OC3CCN(C)CC3)nc2)c1,4.0,-0.6020599913279624,0,train
O=C(Nc1c[nH]nc1C(=O)Nc1ccc(N2CCCC2)nc1)c1cncc(OC2CCNCC2)c1,9.0,-0.9542425094393248,0,train
O=C(Nc1c[nH]nc1C(=O)Nc1ccc(N2CCC(F)(F)C2)nc1)c1cncc(OC2CCNCC2)c1,10.0,-1.0,0,train
O=C(Nc1c[nH]nc1C(=O)Nc1ccc(N2CCCCC2)nc1)c1cncc(OC2CCNCC2)c1,10.0,-1.0,0,train
O=C(Nc1c[nH]nc1C(=O)Nc1cncc(-c2cccc(F)c2)c1)c1cncc(OC2CCNCC2)c1,12.000000000000002,-1.0791812460476249,0,train
O=C(Nc1c[nH]nc1-c1nc2c(-c3cccc(F)c3)cccc2[nH]1)c1cccnc1,4.0,-0.6020599913279624,0,train
O=C(Nc1cccnc1)Nc1c[nH]nc1C(=O)Nc1ccc(C(F)(F)F)nc1,22.0,-1.3424226808222062,0,test
O=C(Nc1ccc(CN2CCCC2)cc1)c1n[nH]cc1/C=C/c1cccnc1,4.0,-0.6020599913279624,0,train
Cc1[nH]nc(C(=O)Nc2ccc(CN3CCCC3)cc2)c1/C=C/c1cccnc1,33.0,-1.5185139398778875,0,train
O=C(Nc1ccc(OCCN2CCCC2)cc1)c1n[nH]cc1/C=C/c1cccnc1,4.0,-0.6020599913279624,0,train
O=C(Nc1ccc(N2CCNCC2)nc1)c1n[nH]cc1/C=C/c1cccnc1,1.0,-0.0,0,train
CN1CCC(Oc2ccc(NC(=O)c3n[nH]cc3/C=C/c3cccnc3)cn2)CC1,1.0,-0.0,0,train
Cc1[nH]nc(C(=O)Nc2ccc(OC3CCN(C)CC3)nc2)c1/C=C/c1cccnc1,20.000000000000004,-1.3010299956639813,0,test
Fc1ccc(-c2nnc(-c3n[nH]cc3/C=C/c3cccnc3)o2)cc1,15.000000000000004,-1.1760912590556811,0,test
COc1ccc(NC(=O)c2n[nH]cc2/C=C/c2cncc(CN3CCCCC3)c2)cn1,5.000000000000001,-0.6989700043360189,0,test
CN1CCN(c2nccc3[nH]c(-c4n[nH]cc4/C=C/c4cncc(F)c4)nc23)CC1,10.0,-1.0,0,test
Fc1cccc(-c2cccc3[nH]c(-c4n[nH]cc4/C=C/c4cncc(CN5CCCC5)c4)nc23)c1,20.000000000000004,-1.3010299956639813,0,train
O=C(Nc1ccc(N2CCC(F)(F)C2)nc1)c1n[nH]cc1C#Cc1cccnc1,21.0,-1.3222192947339193,0,train
O=C(Nc1ccc(OCCN2CCCC2)nc1)c1n[nH]cc1C#Cc1cccnc1,23.999999999999996,-1.380211241711606,0,test
COc1cncc(C#Cc2c[nH]nc2C(=O)Nc2ccc(N3CCNCC3)nc2)c1,10.999999999999996,-1.041392685158225,0,train
COc1cncc(C#Cc2c[nH]nc2C(=O)Nc2ccc(OC3CCN(C)CC3)nc2)c1,9.0,-0.9542425094393248,0,train
COc1cncc(C#Cc2c[nH]nc2C(=O)Nc2ccc(OCCN3CCCC3)nc2)c1,19.0,-1.2787536009528289,0,train
O=C(Nc1cccnc1)c1n[nH]cc1C#Cc1cncc(OC2CCNCC2)c1,23.999999999999996,-1.380211241711606,0,train
Fc1cccc(-c2cncc3[nH]c(-c4n[nH]cc4C#Cc4cncc(OC5CCNCC5)c4)nc23)c1,56.00000000000001,-1.7481880270062005,0,train
Cc1n[nH]c2ccc(-c3cncc(OCCN)c3)cc12,21.0,-1.3222192947339193,0,train
Cc1n[nH]c2ccc(-c3cncc(OC[C@@H](N)Cc4ccccc4)c3)cc12,2.0,-0.3010299956639812,1,test
Cc1n[nH]c2ccc(-c3cncc(N4CC(C)(N)C4)n3)cc12,63.0,-1.7993405494535817,0,test
CCC1(N)CN(c2cncc(-c3ccc4[nH]nc(C)c4c3)n2)C1,54.000000000000014,-1.7323937598229686,0,train
Cc1n[nH]c2ccc(-c3cncc(N4CCC[C@H](N)C4)n3)cc12,49.99999999999999,-1.6989700043360187,0,train
Cc1n[nH]c2ccc(-c3cncc(N4CCC(O)CC4)n3)cc12,22.0,-1.3424226808222062,0,train
Cc1n[nH]c2cc(F)c(-c3cncc(CN4CCCCC4)n3)cc12,60.0,-1.7781512503836436,0,train
Cc1n[nH]c2ccc(-c3cncc(NC4CCNCC4)n3)cc12,9.0,-0.9542425094393248,0,train
Cc1n[nH]c2ccc(-c3cncc(N[C@H]4CCNC[C@@H]4F)n3)cc12,1.0,-0.0,0,train
Cc1n[nH]c2ccc(-c3cncc(N[C@H]4CC[C@H](O)CC4)n3)cc12,1.0,-0.0,0,train
Cc1n[nH]c2cc(F)c(-c3cncc(O[C@H]4CCNC[C@@H]4F)n3)cc12,6.0,-0.7781512503836436,0,train
Cc1n[nH]c2ccc(-c3cncc(O[C@H]4CCNCC4(F)F)n3)cc12,2.0,-0.3010299956639812,0,test
Cc1n[nH]c2ccc(-c3cncc(NCC4(F)CNC4)n3)cc12,10.999999999999996,-1.041392685158225,0,train
Cc1n[nH]c2ccc(-c3cncc(OCC4(F)CNC4)n3)cc12,25.000000000000007,-1.3979400086720375,0,train
Cc1n[nH]c2ccc(-c3cncc(OC[C@@H]4Cc5ccccc5CN4)n3)cc12,56.00000000000001,-1.7481880270062005,0,train
Cc1n[nH]c2ccc(-c3cncc(N[C@H](CO)Cc4cccc(C(F)(F)F)c4)n3)cc12,45.00000000000001,-1.6532125137753435,0,train
Cc1n[nH]c2ccc(-c3cncc(OC[C@H](N)Cc4ccccc4)n3)cc12,4.0,-0.6020599913279624,0,train
Cc1n[nH]c2ccc(-c3cc(OC[C@H](N)Cc4ccccc4)cnn3)cc12,32.00000000000001,-1.505149978319906,1,train
CN(C)C(=O)Nc1cncc(-c2ccc3[nH]nc(C(=O)Nc4cccnc4)c3c2)c1,1.0,-0.0,0,train
CN1CCN(c2ccc(NC(=O)c3n[nH]c4ccc(-c5cncc(NC(=O)C6CC6)c5)cc34)cn2)CC1,1.0,-0.0,0,train
O=C(Nc1cccnc1)c1n[nH]c2ccc(-c3cncc(NC(=O)N4CCOCC4)c3)cc12,2.0,-0.3010299956639812,0,train
CN1CCN(c2ccc(NC(=O)c3n[nH]c4ccc(-c5cncc(NC(=O)c6c(F)cccc6F)c5)cc34)cn2)CC1,3.0,-0.4771212547196624,0,train
CC(C)OCCCNC(=O)c1n[nH]c2ccc(-c3cccnc3)cc12,5.000000000000001,-0.6989700043360189,0,train
O=C(N[C@H]1C[C@@H]1c1ccccc1)c1n[nH]c2ccc(-c3cccnc3)cc12,4.0,-0.6020599913279624,0,train
Cc1cc2[nH]nc(C(=O)Nc3ccc(CN4CCCC4)cc3)c2cc1-c1cccnc1,17.0,-1.230448921378274,0,train
O=C(Nc1cccnc1)c1n[nH]c2ncc(-c3cccnc3)cc12,6.0,-0.7781512503836436,0,train
CN1CCN(Cc2ccc(NC(=O)c3n[nH]c4ccc(-c5cccnc5)cc34)cn2)CC1,1.0,-0.0,0,test
O=C(Nc1cnccc1NC(=O)C1CC1)c1n[nH]c2ccc(-c3cccnc3)cc12,6.0,-0.7781512503836436,0,test
O=C(Nc1ccnnc1)c1n[nH]c2ccc(-c3cccnc3)cc12,1.0,-0.0,0,train
O=C(Nc1ccc(CN2CCCC2)cc1)c1n[nH]c2ccc(-c3cccnc3F)cc12,1.0,-0.0,0,train
CN1CCC(Oc2ccc(NC(=O)c3n[nH]c4ccc(-c5ccc(N)nc5)cc34)cc2)CC1,4.0,-0.6020599913279624,0,train
COc1ccc(NC(=O)c2n[nH]c3ccc(-c4cncc(CO)c4)cc23)cn1,1.0,-0.0,0,train
O=C(Nc1ccc(N2CCCC2)nc1)c1n[nH]c2ccc(-c3cncc(CN4CCC4)c3)cc12,3.0,-0.4771212547196624,0,train
O=C(Nc1cccnc1)c1n[nH]c2ccc(-c3cncc(CN4CC(CO)(CO)C4)c3)cc12,2.0,-0.3010299956639812,0,train
CN(C)Cc1cncc(NC(=O)c2n[nH]c3ccc(-c4cncc(CN5CCCC5)c4)cc23)c1,2.0,-0.3010299956639812,0,train
COc1ccc(NC(=O)c2n[nH]c3ccc(-c4cncc(CN5CCCC5)c4)cc23)cn1,2.0,-0.3010299956639812,0,test
COc1ccc(NC(=O)c2n[nH]c3ccc(-c4cncc(CN5CCC(F)(F)C5)c4)cc23)cn1,2.0,-0.3010299956639812,0,train
CN1CCN(c2ccc(NC(=O)c3n[nH]c4ccc(-c5cncc(CN6CCC(F)(F)C6)c5)cc34)cn2)CC1,1.0,-0.0,0,train
NC(=O)c1n[nH]c2ccc(-c3cncc(CN4CCCCC4)c3)cc12,6.0,-0.7781512503836436,0,train
CC(C)NC(=O)c1n[nH]c2ccc(-c3cncc(CN4CCC(F)(F)CC4)c3)cc12,6.0,-0.7781512503836436,0,train
O=C(N[C@H]1C[C@@H]1c1ccccc1)c1n[nH]c2ccc(-c3cncc(CN4CCCCC4)c3)cc12,1.0,-0.0,0,train
O=C(NCc1cc(F)cc(F)c1)c1n[nH]c2ccc(-c3cncc(CN4CCCCC4)c3)cc12,2.0,-0.3010299956639812,0,train
Cc1ccc(NC(=O)c2n[nH]c3ccc(-c4cncc(CN5CCCCC5)c4)cc23)cn1,1.0,-0.0,1,test
Cc1cncc(NC(=O)c2n[nH]c3ccc(-c4cncc(CN5CCCCC5)c4)cc23)c1,2.0,-0.3010299956639812,0,train
O=C(Nc1ccnc(C(F)(F)F)c1)c1n[nH]c2ccc(-c3cncc(CN4CCCCC4)c3)cc12,4.0,-0.6020599913279624,0,train
COc1ccc(NC(=O)c2n[nH]c3ccc(-c4cncc(CN5CCCCC5)c4)cc23)cn1,1.0,-0.0,1,train
CC(C)Oc1ccc(NC(=O)c2n[nH]c3ccc(-c4cncc(CN5CCCCC5)c4)cc23)cn1,17.0,-1.230448921378274,1,train
O=C(Nc1ccc(OC(CO)CO)nc1)c1n[nH]c2ccc(-c3cncc(CN4CCCCC4)c3)cc12,4.0,-0.6020599913279624,0,train
CN(C)CCN(C)c1ccc(NC(=O)c2n[nH]c3ccc(-c4cncc(CN5CCCCC5)c4)cc23)cn1,1.0,-0.0,0,train
CC(C)CC(=O)Nc1ccncc1NC(=O)c1n[nH]c2ccc(-c3cncc(CN4CCCCC4)c3)cc12,59.00000000000001,-1.7708520116421442,0,test
O=C(Nc1cnccc1NC(=O)C1CC1)c1n[nH]c2ccc(-c3cncc(CN4CCCCC4)c3)cc12,37.99999999999999,-1.57978359661681,0,train
NC(=O)c1ccc(NC(=O)c2n[nH]c3ccc(-c4cncc(CN5CCCCC5)c4)cc23)cn1,1.0,-0.0,1,train
O=C(Nc1ccc(C(=O)N2CCCC2)nc1)c1n[nH]c2ccc(-c3cncc(CN4CCCCC4)c3)cc12,1.0,-0.0,0,train
CS(=O)(=O)c1ccc(NC(=O)c2n[nH]c3ccc(-c4cncc(CN5CCCCC5)c4)cc23)cn1,1.0,-0.0,1,train
O=C(Nc1ccc(N2CC(CO)(CO)C2)nc1)c1n[nH]c2ccc(-c3cncc(CN4CCCCC4)c3)cc12,2.0,-0.3010299956639812,0,test
O=C(Nc1ccc(N2CCC(O)CC2)nc1)c1n[nH]c2ccc(-c3cncc(CN4CCCCC4)c3)cc12,1.0,-0.0,0,train
C[C@@H]1CN(c2ccc(NC(=O)c3n[nH]c4ccc(-c5cncc(CN6CCCCC6)c5)cc34)cn2)C[C@H](C)O1,1.0,-0.0,0,train
O=C(Nc1ccc(-c2ccccc2)nc1)c1n[nH]c2ccc(-c3cncc(CN4CCCCC4)c3)cc12,7.0,-0.8450980400142568,0,train
O=C(Nc1ccnnc1)c1n[nH]c2ccc(-c3cncc(CN4CCCCC4)c3)cc12,1.0,-0.0,0,train
O=C(Nc1cnccn1)c1n[nH]c2ccc(-c3cncc(CN4CCCCC4)c3)cc12,1.0,-0.0,0,train
Nc1ncc(NC(=O)c2n[nH]c3ccc(-c4cncc(CN5CCCCC5)c4)cc23)cn1,1.0,-0.0,0,train
O=C(Nc1ccc2c(c1)OCCO2)c1n[nH]c2ccc(-c3cncc(CN4CCCCC4)c3)cc12,3.0,-0.4771212547196624,0,train
CC1CCN(Cc2cncc(-c3ccc4[nH]nc(C(=O)Nc5cccnc5)c4c3)c2)CC1,2.0,-0.3010299956639812,0,test
O=C(Nc1cnccn1)c1n[nH]c2ccc(-c3cncc(CN4CCCCCC4)c3)cc12,2.0,-0.3010299956639812,0,train
O=C(Nc1cccnc1)c1n[nH]c2ccc(-c3cncc(CN4CCS(=O)(=O)CC4)c3)cc12,2.0,-0.3010299956639812,0,train
O=C(Nc1cccnc1)c1n[nH]c2ccc(-c3cncc(CN4CC5CC(C4)O5)c3)cc12,1.0,-0.0,0,train
CC(C)Oc1ccc(NC(=O)c2n[nH]c3ccc(-c4cncc(CN5CC6CC(C5)O6)c4)cc23)cn1,4.0,-0.6020599913279624,0,test
O=C(Nc1ccc(CN2CCCC2)cc1)c1n[nH]c2ccc(-c3cncnc3)cc12,4.0,-0.6020599913279624,0,test
O=C(Nc1ccc(CN2CCCC2)cc1)c1n[nH]c2ccc(-c3cnccn3)cc12,4.0,-0.6020599913279624,0,test
CC(C)NC(=O)c1n[nH]c2ccc(-c3cncc(NC4CCNCC4)n3)cc12,1.0,-0.0,0,train
CN1CCC(n2cc(NC(=O)c3n[nH]c4ccc(-c5cnn(C)c5)cc34)cn2)CC1,1.0,-0.0,0,train
Cn1cc(-c2cc3c(C(=O)Nc4ccc(CN5CCCC5)cc4)n[nH]c3cc2F)cn1,1.0,-0.0,0,train
Cn1cc(-c2cc3c(C(=O)Nc4ccc(OCCN5CCCC5)cc4)n[nH]c3cc2F)cn1,1.0,-0.0,0,test
CN1CCC(Nc2ccc(NC(=O)c3n[nH]c4cc(F)c(-c5cnn(C)c5)cc34)cn2)CC1,2.0,-0.3010299956639812,0,test
CN1CCC(Oc2ccc(NC(=O)c3n[nH]c4cc(F)c(-c5cnn(C)c5)cc34)cn2)CC1,1.0,-0.0,0,train
CN1CCC(Oc2ncc(NC(=O)c3n[nH]c4cc(F)c(-c5cnn(C)c5)cc34)cc2F)CC1,1.0,-0.0,0,test
Cn1cc(-c2cc3c(C(=O)Nc4ccc5c(c4)CNC5)n[nH]c3cc2F)cn1,2.0,-0.3010299956639812,0,train
O=C(Nc1ccc(CN2CCCC2)cc1)c1n[nH]c2ccc(-c3cnn(C4CC4)c3)cc12,4.0,-0.6020599913279624,0,train
Cc1ncc(NC(=O)c2n[nH]c3ccc(-c4cnn(C5CCN(C)CC5)c4)cc23)s1,3.0,-0.4771212547196624,0,train
Cc1ncc(NC(=O)c2n[nH]c3ccc(-c4cnc(C)n4C)cc23)s1,4.0,-0.6020599913279624,0,train
O=C(Nc1ccc(OC(F)F)cc1)c1n[nH]c2ccc(-c3cnc4n3CCNC4)cc12,16.0,-1.2041199826559248,0,train
Cc1cc(-c2ccc3[nH]nc(C(=O)Nc4ccc(OC5CCN(C)CC5)cc4)c3c2)sn1,3.0,-0.4771212547196624,0,train
O=C(Nc1cccnc1)c1n[nH]c2cnc(-c3cncc(CN4CCCCC4)c3)cc12,4.0,-0.6020599913279624,0,test
Fc1cccc(-c2cncc3[nH]c(-c4n[nH]c5ncc(-c6cccnc6)cc45)nc23)c1,12.000000000000002,-1.0791812460476249,0,train
CCC(=O)Nc1cncc(-c2ccc3[nH]nc(-c4nc5c(-c6cccc(F)c6)cncc5[nH]4)c3c2)c1,61.000000000000014,-1.7853298350107671,1,train
CCC(=O)Nc1cncc(-c2ccc3[nH]nc(-c4nc5c(-c6cccc(F)c6)ccnc5[nH]4)c3n2)c1,36.0,-1.5563025007672873,0,train
CCCC(=O)Nc1cncc(-c2cc3c(-c4nc5c(-c6cccc(F)c6)nccc5[nH]4)n[nH]c3cn2)c1,53.000000000000014,-1.7242758696007892,0,train
CC(C)CC(=O)Nc1cncc(-c2ccc3[nH]nc(-c4nc5cncc(-c6cccc(F)c6)c5[nH]4)c3c2)c1,5.000000000000001,-0.6989700043360189,1,train
CC(C)CC(=O)Nc1cncc(-c2ccc3[nH]nc(-c4nc5c(-c6cccc(F)c6)ccnc5[nH]4)c3c2)c1,43.000000000000014,-1.6334684555795866,1,train
CC(C)CC(=O)Nc1cncc(-c2cnc3[nH]nc(-c4nc5c(-c6cccc(F)c6)cncc5[nH]4)c3c2)c1,2.0,-0.3010299956639812,1,train
O=C(Nc1cncc(-c2cnc3[nH]nc(-c4nc5c(-c6cccc(F)c6)cncc5[nH]4)c3c2)c1)C1CC1,75.00000000000001,-1.8750612633917,1,test
O=C(Nc1cncc(-c2cnc3[nH]nc(-c4nc5c(-c6cccc(F)c6)cncc5[nH]4)c3c2)c1)N1CCOCC1,13.999999999999998,-1.146128035678238,0,train
O=C(CC1CCNCC1)Nc1cncc(-c2cc3c(-c4nc5c(-c6cccc(F)c6)ccnc5[nH]4)n[nH]c3cn2)c1,5.000000000000001,-0.6989700043360189,0,train
O=C(Cc1ccccc1)Nc1cncc(-c2ccc3[nH]nc(-c4nc5c(-c6cccc(F)c6)cncc5[nH]4)c3c2)c1,23.999999999999996,-1.380211241711606,0,train
CN(C)C(=O)Nc1cncc(-c2cnc3[nH]nc(-c4nc5c(-c6cccc(F)c6)cncc5[nH]4)c3c2)c1,4.0,-0.6020599913279624,1,train
CC(C)Nc1cncc(-c2cnc3[nH]nc(-c4nc5c(-c6cccc(F)c6)cncc5[nH]4)c3c2)c1,20.000000000000004,-1.3010299956639813,1,test
CN(C)c1cncc(-c2ccc3[nH]nc(-c4nc5c(-c6cccc(F)c6)cncc5[nH]4)c3n2)c1,25.000000000000007,-1.3979400086720375,0,train
CN(C)c1cncc(-c2ccc3[nH]nc(-c4nc5c(-c6cccc(F)c6)ccnc5[nH]4)c3n2)c1,25.000000000000007,-1.3979400086720375,0,train
CCNCc1cncc(-c2cnc3[nH]nc(-c4nc5c(-c6cccc(F)c6)cccc5[nH]4)c3c2)c1,47.99999999999999,-1.6812412373755872,0,test
CN(C)Cc1cncc(-c2cc3c(-c4nc5c(-c6cccc(F)c6)cccc5[nH]4)n[nH]c3cn2)c1,15.000000000000004,-1.1760912590556811,0,train
CN(C)Cc1cncc(-c2ccc3[nH]nc(-c4nc5c(-c6cccc(F)c6)cccc5[nH]4)c3n2)c1,64.99999999999999,-1.8129133566428557,1,test
CN(C)Cc1cncc(-c2cnc3[nH]nc(-c4nc5c(-c6cccc(F)c6)cncc5[nH]4)c3c2)c1,5.000000000000001,-0.6989700043360189,1,train
CN(C)Cc1cncc(-c2ccc3[nH]nc(-c4nc5c(-c6cccc(F)c6)nccc5[nH]4)c3n2)c1,47.99999999999999,-1.6812412373755872,0,train
CN(C)Cc1cncc(-c2ccc3[nH]nc(-c4nc5c(-c6cccc(F)c6)cncc5[nH]4)c3n2)c1,62.0,-1.792391689498254,1,train
CCN(C)Cc1cncc(-c2cnc3[nH]nc(-c4nc5c(-c6cccc(F)c6)cncc5[nH]4)c3c2)c1,7.999999999999999,-0.9030899869919436,1,train
Fc1cccc(-c2cncc3[nH]c(-c4n[nH]c5ccc(-c6cncc(CN7CCC(F)(F)C7)c6)cc45)nc23)c1,28.0,-1.4471580313422192,0,train
Fc1cccc(-c2ccnc3[nH]c(-c4n[nH]c5ccc(-c6cncc(CN7CCC(F)(F)C7)c6)cc45)nc23)c1,79.99999999999999,-1.9030899869919435,0,train
Oc1cncc(-c2ccc3[nH]nc(-c4nc5c(-c6cccc(F)c6)ccnc5[nH]4)c3c2)c1,12.000000000000002,-1.0791812460476249,0,train
Oc1cncc(-c2ccc3[nH]nc(-c4nc5c(-c6cccc(F)c6)nccc5[nH]4)c3n2)c1,23.999999999999996,-1.380211241711606,1,test
Oc1cncc(-c2ccc3[nH]nc(-c4nc5c(-c6cccc(F)c6)cncc5[nH]4)c3n2)c1,31.0,-1.4913616938342726,1,train
Oc1cncc(-c2ccc3[nH]nc(-c4nc5c(-c6cccc(F)c6)ccnc5[nH]4)c3n2)c1,43.000000000000014,-1.6334684555795866,1,train
COc1cncc(-c2cc3c(-c4nc5c(-c6cccc(F)c6)cncc5[nH]4)n[nH]c3cn2)c1,26.0,-1.414973347970818,0,test
COc1cncc(-c2ccc3[nH]nc(-c4nc5c(-c6cccc(F)c6)nccc5[nH]4)c3n2)c1,46.0,-1.662757831681574,0,test
COc1cncc(-c2ccc3[nH]nc(-c4nc5c(-c6cccc(F)c6)cncc5[nH]4)c3n2)c1,40.000000000000014,-1.6020599913279625,0,train
COc1cncc(-c2ccc3[nH]nc(-c4nc5c(-c6cccc(F)c6)ccnc5[nH]4)c3n2)c1,50.99999999999999,-1.7075701760979365,0,test
CN(C)CCOc1cncc(-c2cnc3[nH]nc(-c4nc5c(-c6cccc(F)c6)nccc5[nH]4)c3c2)c1,5.000000000000001,-0.6989700043360189,1,train
Fc1cccc(-c2cncc3[nH]c(-c4n[nH]c5cnc(-c6cncc(OC7CCNCC7)c6)cc45)nc23)c1,5.000000000000001,-0.6989700043360189,1,train
Fc1cccc(-c2ccnc3[nH]c(-c4n[nH]c5ncc(-c6cn[nH]c6)cc45)nc23)c1,16.0,-1.2041199826559248,0,train
Fc1cccc(-c2cncc3[nH]c(-c4n[nH]c5ccc(-c6cn[nH]c6)nc45)nc23)c1,16.0,-1.2041199826559248,0,train
Cn1cc(-c2cnc3[nH]nc(-c4nc5c(-c6cccc(F)c6)nccc5[nH]4)c3c2)cn1,38.99999999999999,-1.591064607026499,1,train
Cn1cc(-c2cc3c(-c4nc5c(-c6cccc(F)c6)nccc5[nH]4)n[nH]c3cn2)cn1,26.0,-1.414973347970818,1,train
Cn1cc(-c2cc3c(-c4nc5c(-c6cccc(F)c6)cncc5[nH]4)n[nH]c3cn2)cn1,15.000000000000004,-1.1760912590556811,0,train
Cc1ncc(-c2ccc3[nH]nc(-c4nc5c(-c6cccc(F)c6)cccc5[nH]4)c3n2)n1C,79.99999999999999,-1.9030899869919435,1,train
Cc1ncc(-c2cnc3[nH]nc(-c4nc5c(-c6cccc(F)c6)nccc5[nH]4)c3c2)n1C,5.000000000000001,-0.6989700043360189,1,train
CCC(=O)Nc1cncc(-c2cnc3[nH]nc(-c4nc5c(-c6ccc(F)cc6)cncc5[nH]4)c3c2)c1,10.999999999999996,-1.041392685158225,0,train
CC(C)(C)C(=O)Nc1cncc(-c2ccc3[nH]nc(-c4nc5c(-c6ccc(F)cc6)cncc5[nH]4)c3c2)c1,55.00000000000001,-1.740362689494244,1,train
CC(C)(C)C(=O)Nc1cncc(-c2ccc3[nH]nc(-c4nc5c(-c6ccc(F)cc6)cncc5[nH]4)c3n2)c1,63.99999999999999,-1.806179973983887,1,train
CC(C)CC(=O)Nc1cncc(-c2ccc3[nH]nc(-c4nc5c(-c6ccc(F)cc6)cncc5[nH]4)c3c2)c1,60.0,-1.7781512503836436,1,test
O=C(Nc1cncc(-c2ccc3[nH]nc(-c4nc5c(-c6ccc(F)cc6)cncc5[nH]4)c3c2)c1)C1CCC1,73.0,-1.863322860120456,1,train
Nc1cncc(-c2ccc3[nH]nc(-c4nc5c(-c6ccccc6F)nccc5[nH]4)c3c2)c1,6.0,-0.7781512503836436,1,train
Nc1cncc(-c2ccc3[nH]nc(-c4nc5c(-c6ccccc6F)cccc5[nH]4)c3n2)c1,40.000000000000014,-1.6020599913279625,1,train
Nc1cncc(-c2ccc3[nH]nc(-c4nc5c(-c6ccccc6F)ccnc5[nH]4)c3c2)c1,5.000000000000001,-0.6989700043360189,1,train
Nc1cncc(-c2cnc3[nH]nc(-c4nc5c(-c6ccccc6F)ccnc5[nH]4)c3c2)c1,49.99999999999999,-1.6989700043360187,1,test
Nc1cncc(-c2ccc3[nH]nc(-c4nc5c(-c6ccccc6F)nccc5[nH]4)c3n2)c1,7.999999999999999,-0.9030899869919436,0,train
Nc1cncc(-c2ccc3[nH]nc(-c4nc5c(-c6ccccc6F)cncc5[nH]4)c3n2)c1,7.0,-0.8450980400142568,1,train
Nc1cncc(-c2ccc3[nH]nc(-c4nc5c(-c6ccccc6F)ccnc5[nH]4)c3n2)c1,15.000000000000004,-1.1760912590556811,0,test
CCCC(=O)Nc1cncc(-c2cnc3[nH]nc(-c4nc5c(-c6ccccc6F)cncc5[nH]4)c3c2)c1,70.00000000000001,-1.845098040014257,1,train
CC(C)C(=O)Nc1cncc(-c2ccc3[nH]nc(-c4nc5c(-c6ccccc6F)cncc5[nH]4)c3c2)c1,10.0,-1.0,0,train
CC(C)C(=O)Nc1cncc(-c2ccc3[nH]nc(-c4nc5c(-c6ccccc6F)cncc5[nH]4)c3n2)c1,30.0,-1.4771212547196624,1,train
O=C(Nc1cncc(-c2ccc3[nH]nc(-c4nc5c(-c6ccccc6F)cccc5[nH]4)c3n2)c1)C(F)(F)F,30.0,-1.4771212547196624,0,train
O=C(Nc1cncc(-c2ccc3[nH]nc(-c4nc5c(-c6ccccc6F)ccnc5[nH]4)c3n2)c1)C(F)(F)F,85.99999999999999,-1.934498451243568,0,train
CC(C)Nc1cncc(-c2ccc3[nH]nc(-c4nc5c(-c6ccccc6F)cncc5[nH]4)c3c2)c1,36.0,-1.5563025007672873,0,train
c1cncc(-c2ccc3[nH]nc(-c4nc5c(-c6cccnc6)cncc5[nH]4)c3c2)c1,76.0,-1.8808135922807916,1,train
c1cncc(-c2cc3c(-c4nc5c(-c6cccnc6)cccc5[nH]4)n[nH]c3cn2)c1,42.00000000000001,-1.6232492903979006,1,test
c1cncc(-c2ccc3[nH]nc(-c4nc5c(-c6cccnc6)cccc5[nH]4)c3n2)c1,53.000000000000014,-1.7242758696007892,1,test
c1cncc(-c2cnc3[nH]nc(-c4nc5c(-c6cccnc6)cncc5[nH]4)c3c2)c1,85.99999999999999,-1.934498451243568,1,test
c1cncc(-c2cc3c(-c4nc5c(-c6cccnc6)nccc5[nH]4)n[nH]c3cn2)c1,29.0,-1.462397997898956,1,train
c1cncc(-c2ccc3[nH]nc(-c4nc5c(-c6cccnc6)nccc5[nH]4)c3n2)c1,36.0,-1.5563025007672873,1,test
c1cncc(-c2ccc3[nH]nc(-c4nc5c(-c6cccnc6)cncc5[nH]4)c3n2)c1,47.00000000000001,-1.6720978579357175,1,train
c1cncc(-c2ccc3[nH]nc(-c4nc5c(-c6cccnc6)ccnc5[nH]4)c3n2)c1,28.0,-1.4471580313422192,1,train
CC(C)C(=O)Nc1cncc(-c2ccc3[nH]nc(-c4nc5c(-c6cccnc6)cncc5[nH]4)c3c2)c1,10.0,-1.0,0,train
CC(C)C(=O)Nc1cncc(-c2ccc3[nH]nc(-c4nc5c(-c6cccnc6)ccnc5[nH]4)c3n2)c1,30.0,-1.4771212547196624,1,train
CC(C)(C)C(=O)Nc1cncc(-c2ccc3[nH]nc(-c4nc5c(-c6cccnc6)cncc5[nH]4)c3c2)c1,5.000000000000001,-0.6989700043360189,1,test
CC(C)CC(=O)Nc1cncc(-c2ccc3[nH]nc(-c4nc5c(-c6cccnc6)cncc5[nH]4)c3c2)c1,12.000000000000002,-1.0791812460476249,0,train
O=C(Nc1cncc(-c2cnc3[nH]nc(-c4nc5c(-c6cccnc6)cncc5[nH]4)c3c2)c1)C1CC1,13.999999999999998,-1.146128035678238,0,train
O=C(Nc1cncc(-c2cnc3[nH]nc(-c4nc5c(-c6cccnc6)cncc5[nH]4)c3c2)c1)C1CCC1,10.999999999999996,-1.041392685158225,0,test
O=C(Nc1cncc(-c2ccc3[nH]nc(-c4nc5c(-c6cccnc6)cncc5[nH]4)c3c2)c1)c1ccccc1,6.0,-0.7781512503836436,0,train
CC(C)Nc1cncc(-c2ccc3[nH]nc(-c4nc5c(-c6cccnc6)nccc5[nH]4)c3n2)c1,13.999999999999998,-1.146128035678238,0,train
CC(C)Nc1cncc(-c2ccc3[nH]nc(-c4nc5c(-c6cccnc6)cncc5[nH]4)c3n2)c1,15.000000000000004,-1.1760912590556811,0,train
CC(C)Nc1cncc(-c2ccc3[nH]nc(-c4nc5c(-c6cccnc6)ccnc5[nH]4)c3n2)c1,13.999999999999998,-1.146128035678238,0,train
CCCC(=O)Nc1cncc(-c2ccc3[nH]nc(-c4nc5c(-c6ccncc6)cncc5[nH]4)c3n2)c1,12.999999999999998,-1.1139433523068367,0,train
O=C(Nc1cncc(-c2ccc3[nH]nc(-c4nc5c(-c6ccncc6)ccnc5[nH]4)c3n2)c1)C1CCCCC1,26.0,-1.414973347970818,1,train
CCNCc1cncc(-c2ccc3[nH]nc(-c4nc5c(-c6ccccn6)nccc5[nH]4)c3c2)c1,10.0,-1.0,0,train
c1cncc(-c2cc3c(-c4nc5ccccc5[nH]4)n[nH]c3cn2)c1,72.00000000000001,-1.8573324964312683,1,train
c1cncc(-c2ccc3[nH]nc(-c4nc5cnccc5[nH]4)c3n2)c1,97.0,-1.9867717342662448,1,train
CC(C)(C)CC(=O)Nc1cncc(-c2ccc3[nH]nc(-c4nc5ccncc5[nH]4)c3c2)c1,3.0,-0.4771212547196624,0,train
CC(C)(C)CC(=O)Nc1cncc(-c2ccc3[nH]nc(-c4nc5ccncc5[nH]4)c3n2)c1,21.0,-1.3222192947339193,1,train
O=C(Nc1cncc(-c2ccc3[nH]nc(-c4nc5ccncc5[nH]4)c3c2)c1)C1CC1,42.00000000000001,-1.6232492903979006,1,train
NC1CN(c2cncc(-c3ccc4[nH]nc(-c5nc6ccncc6[nH]5)c4c3)n2)C1,3.0,-0.4771212547196624,0,train
CCC(=O)Nc1cncc(-c2ccc3[nH]nc(-c4nc5c(N6CCCCC6)cncc5[nH]4)c3n2)c1,16.0,-1.2041199826559248,0,train
CCC(=O)Nc1cncc(-c2ccc3[nH]nc(-c4nc5c(N6CCCCC6)ccnc5[nH]4)c3n2)c1,89.99999999999997,-1.9542425094393248,1,train
CCCC(=O)Nc1cncc(-c2ccc3[nH]nc(-c4nc5c(N6CCCCC6)cncc5[nH]4)c3c2)c1,13.999999999999998,-1.146128035678238,0,train
CC(C)(C)C(=O)Nc1cncc(-c2ccc3[nH]nc(-c4nc5c(N6CCCCC6)cncc5[nH]4)c3c2)c1,7.999999999999999,-0.9030899869919436,0,train
O=C(Nc1cncc(-c2ccc3[nH]nc(-c4nc5c(N6CCCCC6)cncc5[nH]4)c3c2)c1)C1CCC1,4.0,-0.6020599913279624,1,test
FC1(F)CCN(Cc2cncc(-c3ccc4[nH]nc(-c5nc6c(N7CCCCC7)cncc6[nH]5)c4c3)c2)C1,22.0,-1.3424226808222062,0,train
FC1(F)CCN(Cc2cncc(-c3cc4c(-c5nc6c(N7CCCCC7)cncc6[nH]5)n[nH]c4cn3)c2)C1,6.0,-0.7781512503836436,1,train
CN1CCN(c2cncc3[nH]c(-c4n[nH]c5ccc(-c6cccnc6)cc45)nc23)CC1,2.0,-0.3010299956639812,1,train
CN1CCN(c2nccc3[nH]c(-c4n[nH]c5ccc(-c6cncc(N)c6)nc45)nc23)CC1,45.00000000000001,-1.6532125137753435,1,train
CN1CCN(c2cncc3[nH]c(-c4n[nH]c5ccc(-c6cncc(N)c6)nc45)nc23)CC1,9.0,-0.9542425094393248,1,train
CN1CCN(c2ccnc3[nH]c(-c4n[nH]c5ccc(-c6cncc(N)c6)nc45)nc23)CC1,93.0,-1.968482948553935,1,train
CC(C)CC(=O)Nc1cncc(-c2ccc3[nH]nc(-c4nc5c(N6CCN(C)CC6)cccc5[nH]4)c3c2)c1,5.000000000000001,-0.6989700043360189,1,train
CN1CCN(c2cncc3[nH]c(-c4n[nH]c5ccc(-c6cncc(N7CCOCC7)c6)cc45)nc23)CC1,2.0,-0.3010299956639812,1,train
CN1CCN(c2nccc3[nH]c(-c4n[nH]c5cc(F)c(-c6cnn(C)c6)cc45)nc23)CC1,4.0,-0.6020599913279624,0,train
c1cncc(-c2ccc3[nH]nc(-c4nc5c(N6CCOCC6)cncc5[nH]4)c3c2)c1,2.0,-0.3010299956639812,1,train
Cc1cn(-c2nccc3[nH]c(-c4n[nH]c5ccc(-c6cncc(NC(=O)C(C)(C)C)c6)nc45)nc23)cn1,38.99999999999999,-1.591064607026499,1,train
Cc1cn(-c2cncc3[nH]c(-c4n[nH]c5ccc(-c6cncc(NC(=O)C(C)(C)C)c6)nc45)nc23)cn1,2.0,-0.3010299956639812,1,train
Cc1cn(-c2ccnc3[nH]c(-c4n[nH]c5ccc(-c6cncc(NC(=O)C(C)(C)C)c6)nc45)nc23)cn1,22.0,-1.3424226808222062,1,train
Cc1cn(-c2nccc3[nH]c(-c4n[nH]c5ccc(-c6cncc(NC(=O)CC(C)C)c6)cc45)nc23)cn1,9.0,-0.9542425094393248,0,train
Cc1cn(-c2cncc3[nH]c(-c4n[nH]c5ccc(-c6cncc(NC(=O)CC(C)C)c6)cc45)nc23)cn1,1.0,-0.0,1,train
Cc1cn(-c2nccc3[nH]c(-c4n[nH]c5ccc(-c6cncc(NC(=O)CC(C)C)c6)nc45)nc23)cn1,28.0,-1.4471580313422192,1,train
Cc1cn(-c2cncc3[nH]c(-c4n[nH]c5ccc(-c6cncc(NC(=O)C7CCC7)c6)nc45)nc23)cn1,7.999999999999999,-0.9030899869919436,1,test
Cc1cn(-c2ccnc3[nH]c(-c4n[nH]c5ccc(-c6cncc(NC(=O)C7CCC7)c6)nc45)nc23)cn1,20.000000000000004,-1.3010299956639813,1,train
c1cncc(-c2ccc3[nH]nc(-c4nc5c(-c6ccoc6)cncc5[nH]4)c3c2)c1,3.0,-0.4771212547196624,1,train
CCCC(=O)Nc1cncc(-c2cnc3[nH]nc(-c4nc5c(-c6ccoc6)cccc5[nH]4)c3c2)c1,25.000000000000007,-1.3979400086720375,0,test
CCCCC(=O)Nc1cncc(-c2ccc3[nH]nc(-c4nc5c(-c6ccoc6)cncc5[nH]4)c3n2)c1,92.0,-1.9637878273455556,1,train
CC(C)(C)C(=O)Nc1cncc(-c2cnc3[nH]nc(-c4nc5c(-c6ccoc6)cncc5[nH]4)c3c2)c1,12.000000000000002,-1.0791812460476249,0,test
CC(C)CC(=O)Nc1cncc(-c2cc3c(-c4nc5c(-c6ccoc6)cccc5[nH]4)n[nH]c3cn2)c1,37.99999999999999,-1.57978359661681,0,train
O=C(Cc1ccccc1)Nc1cncc(-c2ccc3[nH]nc(-c4nc5c(-c6ccoc6)cncc5[nH]4)c3c2)c1,17.0,-1.230448921378274,0,train
O=C(Nc1cncc(-c2cnc3[nH]nc(-c4nc5c(-c6ccoc6)cncc5[nH]4)c3c2)c1)c1ccccc1,30.0,-1.4771212547196624,1,train
CC(C)Nc1cncc(-c2ccc3[nH]nc(-c4nc5c(-c6ccoc6)nccc5[nH]4)c3c2)c1,44.0,-1.6434526764861874,0,train
CC(C)Nc1cncc(-c2cnc3[nH]nc(-c4nc5c(-c6ccoc6)nccc5[nH]4)c3c2)c1,19.0,-1.2787536009528289,0,train
CC(C)Nc1cncc(-c2ccc3[nH]nc(-c4nc5c(-c6ccoc6)nccc5[nH]4)c3n2)c1,17.999999999999996,-1.255272505103306,0,train
CC(C)Nc1cncc(-c2ccc3[nH]nc(-c4nc5c(-c6ccoc6)cncc5[nH]4)c3n2)c1,23.999999999999996,-1.380211241711606,0,train
CC(C)Nc1cncc(-c2ccc3[nH]nc(-c4nc5c(-c6ccoc6)ccnc5[nH]4)c3n2)c1,26.0,-1.414973347970818,0,train
FC1(F)CCN(Cc2cncc(-c3cnc4[nH]nc(-c5nc6c(-c7ccoc7)nccc6[nH]5)c4c3)c2)C1,10.0,-1.0,0,test
Cc1ccncc1-c1ccc2[nH]nc(-c3nc4c(-c5ccsc5)nccc4[nH]3)c2c1,52.00000000000001,-1.7160033436347992,0,train
CCC(=O)Nc1cncc(-c2cnc3[nH]nc(-c4nc5c(-c6ccsc6)cccc5[nH]4)c3c2)c1,76.0,-1.8808135922807916,1,train
CCC(=O)Nc1cncc(-c2ccc3[nH]nc(-c4nc5c(-c6ccsc6)cncc5[nH]4)c3c2)c1,13.999999999999998,-1.146128035678238,0,train
CCCC(=O)Nc1cncc(-c2ccc3[nH]nc(-c4nc5c(-c6ccsc6)ccnc5[nH]4)c3c2)c1,17.0,-1.230448921378274,0,test
CCCC(=O)Nc1cncc(-c2cc3c(-c4nc5c(-c6ccsc6)cncc5[nH]4)n[nH]c3cn2)c1,7.999999999999999,-0.9030899869919436,0,train
CCCC(=O)Nc1cncc(-c2ccc3[nH]nc(-c4nc5c(-c6ccsc6)cncc5[nH]4)c3n2)c1,46.0,-1.662757831681574,0,train
O=C(CC1CCNCC1)Nc1cncc(-c2ccc3[nH]nc(-c4nc5c(-c6ccsc6)nccc5[nH]4)c3n2)c1,10.0,-1.0,0,train
CCNCc1cncc(-c2cc3c(-c4nc5c(-c6ccsc6)nccc5[nH]4)n[nH]c3cn2)c1,2.0,-0.3010299956639812,1,train
c1cc(-c2cncc3[nH]c(-c4n[nH]c5ccc(-c6cncc(CNCC7CCCC7)c6)cc45)nc23)cs1,12.000000000000002,-1.0791812460476249,0,train
CN(C)Cc1cncc(-c2cnc3[nH]nc(-c4nc5c(-c6ccsc6)cccc5[nH]4)c3c2)c1,83.00000000000001,-1.919078092376074,1,train
CN(C)Cc1cncc(-c2cnc3[nH]nc(-c4nc5c(-c6ccsc6)cncc5[nH]4)c3c2)c1,10.0,-1.0,0,train
FC1(F)CCN(Cc2cncc(-c3ccc4[nH]nc(-c5nc6c(-c7ccsc7)cncc6[nH]5)c4c3)c2)C1,15.000000000000004,-1.1760912590556811,0,train
c1cncc(-c2cnc3[nH]nc(-c4nc5c(-c6cccs6)cccc5[nH]4)c3c2)c1,83.00000000000001,-1.919078092376074,1,train
CCC(=O)Nc1cncc(-c2cnc3[nH]nc(-c4nc5c(-c6cccs6)cncc5[nH]4)c3c2)c1,23.0,-1.3617278360175928,1,train
CC(C)CC(=O)Nc1cncc(-c2ccc3[nH]nc(-c4nc5c(-c6cccs6)cncc5[nH]4)c3c2)c1,19.0,-1.2787536009528289,0,train
O=C(Nc1cncc(-c2cc3c(-c4nc5c(-c6cccs6)nccc5[nH]4)n[nH]c3cn2)c1)C1CC1,35.0,-1.5440680443502757,0,test
CN(C)c1cncc(-c2ccc3[nH]nc(-c4nc5c(-c6cccs6)cncc5[nH]4)c3n2)c1,34.0,-1.5314789170422551,0,train
c1csc(-c2cncc3[nH]c(-c4n[nH]c5ncc(-c6cncc(CNCC7CCCC7)c6)cc45)nc23)c1,16.0,-1.2041199826559248,0,train
CN(C)Cc1cncc(-c2cnc3[nH]nc(-c4nc5c(-c6cccs6)cncc5[nH]4)c3c2)c1,9.0,-0.9542425094393248,0,test
CN(C)CCOc1cncc(-c2ccc3[nH]nc(-c4nc5c(-c6cccs6)cccc5[nH]4)c3n2)c1,40.99999999999999,-1.6127838567197357,0,train
CC(C)(C)C(=O)Nc1cncc(-c2ccc3[nH]nc(-c4nc5c(-c6ccc(F)s6)ccnc5[nH]4)c3c2)c1,98.0,-1.9912260756924949,1,test
CC(C)(C)C(=O)Nc1cncc(-c2cc3c(-c4nc5c(-c6ccc(F)s6)nccc5[nH]4)n[nH]c3cn2)c1,30.0,-1.4771212547196624,1,test
Fc1ccc(-c2cncc3[nH]c(-c4n[nH]c5cnc(-c6cncc(CN7CCCC7)c6)cc45)nc23)s1,7.999999999999999,-0.9030899869919436,0,train
CC(C)(C)C(=O)Nc1cncc(-c2ccc3[nH]nc(-c4nc5c(-c6ccc(Cl)s6)cncc5[nH]4)c3n2)c1,70.00000000000001,-1.845098040014257,1,train
CC(C)CC(=O)Nc1cncc(-c2ccc3[nH]nc(-c4nc5c(-c6ccc(Cl)s6)cncc5[nH]4)c3n2)c1,72.00000000000001,-1.8573324964312683,1,train
O=C(Nc1cncc(-c2ccc3[nH]nc(-c4nc5c(-c6ccc(Cl)s6)nccc5[nH]4)c3n2)c1)C1CCC1,92.0,-1.9637878273455556,1,train
O=C(Nc1cncc(-c2ccc3[nH]nc(-c4nc5c(-c6ccc(Cl)s6)cncc5[nH]4)c3n2)c1)C1CCC1,72.00000000000001,-1.8573324964312683,1,train
O=C(Nc1cncc(-c2ccc3[nH]nc(-c4nc5c(-c6ccc(Cl)s6)ccnc5[nH]4)c3n2)c1)C1CCC1,28.0,-1.4471580313422192,0,train
Clc1ccc(-c2cncc3[nH]c(-c4n[nH]c5ccc(-c6cncc(CN7CCCC7)c6)nc45)nc23)s1,54.000000000000014,-1.7323937598229686,1,train
Cc1ccc(-c2cccc3[nH]c(-c4n[nH]c5ccc(-c6cncc(N)c6)nc45)nc23)s1,20.000000000000004,-1.3010299956639813,1,train
Cc1ccc(-c2nccc3[nH]c(-c4n[nH]c5ccc(-c6cncc(N)c6)cc45)nc23)s1,58.00000000000001,-1.7634279935629371,1,train
Cc1ccc(-c2nccc3[nH]c(-c4n[nH]c5cnc(-c6cncc(N)c6)cc45)nc23)s1,4.0,-0.6020599913279624,1,test
Cc1ccc(-c2cncc3[nH]c(-c4n[nH]c5cnc(-c6cncc(N)c6)cc45)nc23)s1,44.0,-1.6434526764861874,1,train
Cc1ccc(-c2nccc3[nH]c(-c4n[nH]c5ccc(-c6cncc(N)c6)nc45)nc23)s1,2.0,-0.3010299956639812,1,train
Cc1ccc(-c2cncc3[nH]c(-c4n[nH]c5ccc(-c6cncc(N)c6)nc45)nc23)s1,2.0,-0.3010299956639812,1,test
Cc1ccc(-c2cncc3[nH]c(-c4n[nH]c5cnc(-c6cncc(NC(=O)C7CCC7)c6)cc45)nc23)s1,12.000000000000002,-1.0791812460476249,0,train
CN(C)CCNc1cc(F)cc(-c2cncc3[nH]c(-c4n[nH]c5ncc(-c6cccnc6)cc45)nc23)c1,5.000000000000001,-0.6989700043360189,1,train
CCCCC(=O)Nc1cncc(-c2ccc3[nH]nc(-c4nc5c(-c6cc(F)cc(NCCN(C)C)c6)cncc5[nH]4)c3n2)c1,55.00000000000001,-1.740362689494244,0,train
CCCCC(=O)Nc1cncc(-c2ccc3[nH]nc(-c4nc5c(-c6cc(F)cc(NCCN(C)C)c6)ccnc5[nH]4)c3n2)c1,17.999999999999996,-1.255272505103306,0,train
CC(C)CC(=O)Nc1cncc(-c2ccc3[nH]nc(-c4nc5c(-c6cc(F)cc(NCCN(C)C)c6)cncc5[nH]4)c3c2)c1,10.0,-1.0,0,train
CC(C)Nc1cncc(-c2ccc3[nH]nc(-c4nc5c(-c6cc(F)cc(NCCN(C)C)c6)nccc5[nH]4)c3c2)c1,10.999999999999996,-1.041392685158225,0,test
CC(C)Nc1cncc(-c2cnc3[nH]nc(-c4nc5c(-c6cc(F)cc(NCCN(C)C)c6)nccc5[nH]4)c3c2)c1,5.000000000000001,-0.6989700043360189,0,train
CC(C)Nc1cncc(-c2ccc3[nH]nc(-c4nc5c(-c6cc(F)cc(NCCN(C)C)c6)cncc5[nH]4)c3n2)c1,9.0,-0.9542425094393248,0,train
CCNCc1cncc(-c2ccc3[nH]nc(-c4nc5c(-c6cc(F)cc(NCCN(C)C)c6)nccc5[nH]4)c3n2)c1,12.000000000000002,-1.0791812460476249,0,train
CCNCc1cncc(-c2ccc3[nH]nc(-c4nc5c(-c6cc(F)cc(NCCN(C)C)c6)ccnc5[nH]4)c3n2)c1,7.999999999999999,-0.9030899869919436,0,test
Cc1ncc(-c2ccc3[nH]nc(-c4nc5c(-c6cc(F)cc(NCCN(C)C)c6)ccnc5[nH]4)c3n2)n1C,7.999999999999999,-0.9030899869919436,0,test
Cc1ccncc1-c1cc2c(-c3nc4c(-c5cc(F)cc(CNS(C)(=O)=O)c5)cccc4[nH]3)n[nH]c2cn1,58.00000000000001,-1.7634279935629371,0,train
Cc1ccncc1-c1cnc2[nH]nc(-c3nc4c(-c5cc(F)cc(CNS(C)(=O)=O)c5)nccc4[nH]3)c2c1,83.99999999999999,-1.9242792860618816,1,test
Cc1ccncc1-c1cc2c(-c3nc4c(-c5cc(F)cc(CNS(C)(=O)=O)c5)cncc4[nH]3)n[nH]c2cn1,6.0,-0.7781512503836436,1,train
Cc1ccncc1-c1cc2c(-c3nc4c(-c5cc(F)cc(CNS(C)(=O)=O)c5)ccnc4[nH]3)n[nH]c2cn1,56.00000000000001,-1.7481880270062005,0,train
CC(C)CC(=O)Nc1cncc(-c2ccc3[nH]nc(-c4nc5c(-c6cc(F)cc(CNS(C)(=O)=O)c6)cncc5[nH]4)c3c2)c1,16.0,-1.2041199826559248,0,train
CS(=O)(=O)NCc1cc(F)cc(-c2nccc3[nH]c(-c4n[nH]c5ccc(-c6cncnc6)cc45)nc23)c1,96.0,-1.9822712330395684,0,train
CN(C)Cc1cncc(-c2cnc3[nH]nc(-c4nc5c(-c6cc(F)cc(N7CCOCC7)c6)cncc5[nH]4)c3c2)c1,10.999999999999996,-1.041392685158225,0,test
COc1cccc(-c2nccc3[nH]c(-c4n[nH]c5ccc(-c6cccnc6)nc45)nc23)c1,26.0,-1.414973347970818,0,test
COc1cccc(-c2cncc3[nH]c(-c4n[nH]c5ccc(-c6cccnc6)nc45)nc23)c1,30.0,-1.4771212547196624,0,test
COc1cccc(-c2ccnc3[nH]c(-c4n[nH]c5ccc(-c6cccnc6)nc45)nc23)c1,36.0,-1.5563025007672873,0,train
CC(C)CC(=O)Nc1cncc(-c2cc3c(-c4nc5c(-c6cc(F)cc(OCCN7CCCC7)c6)cncc5[nH]4)n[nH]c3cn2)c1,3.0,-0.4771212547196624,0,train
CN1CCC(Oc2ccc3[nH]c(-c4n[nH]c5ccc(-c6cnn(C)c6)cc45)nc3c2)CC1,2.0,-0.3010299956639812,0,train
Fc1cccc(-c2cncc3[nH]c(-c4n[nH]c5ncc(-c6cccnc6)cc45)cc23)c1,57.00000000000001,-1.7558748556724917,1,test
Fc1cccc(-c2nccc3[nH]c(-c4n[nH]c5ccc(-c6cccnc6)nc45)cc23)c1,28.0,-1.4471580313422192,1,train
CCC(=O)Nc1cncc(-c2ccc3[nH]nc(-c4cc5c(-c6cccc(F)c6)nccc5[nH]4)c3c2)c1,17.999999999999996,-1.255272505103306,0,train
CCC(=O)Nc1cncc(-c2ccc3[nH]nc(-c4cc5c(-c6cccc(F)c6)cncc5[nH]4)c3c2)c1,27.000000000000004,-1.4313637641589874,1,test
CCC(=O)Nc1cncc(-c2ccc3[nH]nc(-c4cc5c(-c6cccc(F)c6)ccnc5[nH]4)c3c2)c1,33.0,-1.5185139398778875,0,test
CCC(=O)Nc1cncc(-c2cnc3[nH]nc(-c4cc5c(-c6cccc(F)c6)cncc5[nH]4)c3c2)c1,12.999999999999998,-1.1139433523068367,0,test
CCC(=O)Nc1cncc(-c2cc3c(-c4cc5c(-c6cccc(F)c6)nccc5[nH]4)n[nH]c3cn2)c1,45.00000000000001,-1.6532125137753435,0,train
CC(C)C(=O)Nc1cncc(-c2cc3c(-c4cc5c(-c6cccc(F)c6)cncc5[nH]4)n[nH]c3cn2)c1,64.99999999999999,-1.8129133566428557,1,train
CN(C)Cc1cncc(-c2ccc3[nH]nc(-c4cc5c(-c6cccc(F)c6)nccc5[nH]4)c3c2)c1,93.0,-1.968482948553935,1,train
CN(C)Cc1cncc(-c2ccc3[nH]nc(-c4cc5c(-c6cccc(F)c6)cncc5[nH]4)c3c2)c1,43.000000000000014,-1.6334684555795866,1,train
CN(C)Cc1cncc(-c2cnc3[nH]nc(-c4cc5c(-c6cccc(F)c6)nccc5[nH]4)c3c2)c1,91.0,-1.9590413923210936,1,test
CN(C)Cc1cncc(-c2cc3c(-c4cc5c(-c6cccc(F)c6)nccc5[nH]4)n[nH]c3cn2)c1,54.000000000000014,-1.7323937598229686,1,train
Fc1cccc(-c2nccc3[nH]c(-c4n[nH]c5ccc(-c6cncc(CN7CCCCC7)c6)nc45)cc23)c1,70.99999999999999,-1.8512583487190752,1,train
Fc1cccc(-c2cncc3[nH]c(-c4n[nH]c5ncc(-c6cncc(CN7CCCCC7)c6)cc45)cc23)c1,74.00000000000001,-1.869231719730976,1,train
O=C(Nc1cncc(-c2cc3c(-c4cc5c(-c6ccc(F)cc6)nccc5[nH]4)n[nH]c3cn2)c1)C1CC1,74.00000000000001,-1.869231719730976,1,train
Fc1ccc(-c2nccc3[nH]c(-c4n[nH]c5ccc(-c6cncc(CN7CCCC7)c6)cc45)cc23)cc1,60.0,-1.7781512503836436,0,train
Fc1ccc(-c2nccc3[nH]c(-c4n[nH]c5cnc(-c6cncc(CN7CCC(F)(F)C7)c6)cc45)cc23)cc1,10.0,-1.0,0,train
Fc1ccc(-c2cncc3[nH]c(-c4n[nH]c5cnc(-c6cncc(CN7CCC(F)(F)C7)c6)cc45)cc23)cc1,30.0,-1.4771212547196624,0,train
CN(C)CCOc1cncc(-c2cc3c(-c4cc5c(-c6ccc(F)cc6)nccc5[nH]4)n[nH]c3cn2)c1,43.000000000000014,-1.6334684555795866,0,train
Fc1ccc(-c2cncc3[nH]c(-c4n[nH]c5ncc(-c6cncnc6)cc45)cc23)cc1,21.0,-1.3222192947339193,1,test
Nc1cncc(-c2ccc3[nH]nc(-c4cc5c(-c6ccccc6F)ccnc5[nH]4)c3c2)c1,34.0,-1.5314789170422551,1,train
Nc1cncc(-c2cnc3[nH]nc(-c4cc5c(-c6ccccc6F)nccc5[nH]4)c3c2)c1,31.0,-1.4913616938342726,1,train
Nc1cncc(-c2cnc3[nH]nc(-c4cc5c(-c6ccccc6F)ccnc5[nH]4)c3c2)c1,59.00000000000001,-1.7708520116421442,1,train
Nc1cncc(-c2cc3c(-c4cc5c(-c6ccccc6F)nccc5[nH]4)n[nH]c3cn2)c1,5.000000000000001,-0.6989700043360189,1,train
Nc1cncc(-c2cc3c(-c4cc5c(-c6ccccc6F)cncc5[nH]4)n[nH]c3cn2)c1,40.000000000000014,-1.6020599913279625,1,train
Nc1cncc(-c2cc3c(-c4cc5c(-c6ccccc6F)ccnc5[nH]4)n[nH]c3cn2)c1,42.00000000000001,-1.6232492903979006,1,train
CC(C)CC(=O)Nc1cncc(-c2ccc3[nH]nc(-c4cc5c(-c6ccccc6F)nccc5[nH]4)c3n2)c1,23.0,-1.3617278360175928,0,train
CC(C)(C)CC(=O)Nc1cncc(-c2cc3c(-c4cc5c(-c6ccccc6F)nccc5[nH]4)n[nH]c3cn2)c1,49.99999999999999,-1.6989700043360187,0,train
O=C(Nc1cncc(-c2cnc3[nH]nc(-c4cc5c(-c6ccccc6F)nccc5[nH]4)c3c2)c1)C1CC1,20.000000000000004,-1.3010299956639813,0,train
O=C(Nc1cncc(-c2cnc3[nH]nc(-c4cc5c(-c6ccccc6F)cncc5[nH]4)c3c2)c1)C1CC1,47.99999999999999,-1.6812412373755872,1,train
O=C(Nc1cncc(-c2ccc3[nH]nc(-c4cc5c(-c6ccccc6F)nccc5[nH]4)c3n2)c1)C1CC1,46.0,-1.662757831681574,0,train
O=C(Nc1cncc(-c2ccc3[nH]nc(-c4cc5c(-c6ccccc6F)nccc5[nH]4)c3c2)c1)C1CCCC1,81.0,-1.9084850188786495,1,train
CC(C)Nc1cncc(-c2cnc3[nH]nc(-c4cc5c(-c6ccccc6F)nccc5[nH]4)c3c2)c1,44.0,-1.6434526764861874,0,train
CC(C)Nc1cncc(-c2cnc3[nH]nc(-c4cc5c(-c6ccccc6F)ccnc5[nH]4)c3c2)c1,35.0,-1.5440680443502757,0,train
CCNCc1cncc(-c2cnc3[nH]nc(-c4cc5c(-c6ccccc6F)cncc5[nH]4)c3c2)c1,13.999999999999998,-1.146128035678238,0,test
CCNCc1cncc(-c2cc3c(-c4cc5c(-c6ccccc6F)ccnc5[nH]4)n[nH]c3cn2)c1,70.00000000000001,-1.845098040014257,1,train
CN(C)Cc1cncc(-c2cnc3[nH]nc(-c4cc5c(-c6ccccc6F)cncc5[nH]4)c3c2)c1,12.000000000000002,-1.0791812460476249,0,train
CN(C)Cc1cncc(-c2ccc3[nH]nc(-c4cc5c(-c6ccccc6F)cncc5[nH]4)c3n2)c1,68.99999999999999,-1.8388490907372552,0,train
Fc1ccccc1-c1nccc2[nH]c(-c3n[nH]c4cnc(-c5cncc(CN6CCCC6)c5)cc34)cc12,40.99999999999999,-1.6127838567197357,0,train
Fc1ccccc1-c1cncc2[nH]c(-c3n[nH]c4ncc(-c5cn[nH]c5)cc34)cc12,20.000000000000004,-1.3010299956639813,0,train
Fc1ccccc1-c1nccc2[nH]c(-c3n[nH]c4cnc(-c5cn[nH]c5)cc34)cc12,63.0,-1.7993405494535817,0,train
c1cncc(-c2ccc3[nH]nc(-c4cc5c(-c6cccnc6)cncc5[nH]4)c3c2)c1,1.0,-0.0,1,train
c1cncc(-c2ccc3[nH]nc(-c4cc5c(-c6cccnc6)ccnc5[nH]4)c3c2)c1,34.0,-1.5314789170422551,1,test
c1cncc(-c2cc3c(-c4cc5c(-c6cccnc6)cncc5[nH]4)n[nH]c3cn2)c1,17.0,-1.230448921378274,1,train
c1cncc(-c2ccc3[nH]nc(-c4cc5c(-c6cccnc6)ccnc5[nH]4)c3n2)c1,10.0,-1.0,0,test
Cc1ccncc1-c1cnc2[nH]nc(-c3cc4c(-c5cccnc5)cncc4[nH]3)c2c1,17.0,-1.230448921378274,0,test
Cc1ccncc1-c1ccc2[nH]nc(-c3cc4c(-c5cccnc5)cncc4[nH]3)c2n1,45.00000000000001,-1.6532125137753435,0,train
Nc1cncc(-c2ccc3[nH]nc(-c4cc5c(-c6cccnc6)nccc5[nH]4)c3c2)c1,2.0,-0.3010299956639812,1,train
CCC(=O)Nc1cncc(-c2cnc3[nH]nc(-c4cc5c(-c6cccnc6)cccc5[nH]4)c3c2)c1,12.999999999999998,-1.1139433523068367,0,test
CC(C)C(=O)Nc1cncc(-c2ccc3[nH]nc(-c4cc5c(-c6cccnc6)cncc5[nH]4)c3c2)c1,6.0,-0.7781512503836436,1,train
CC(C)C(=O)Nc1cncc(-c2cc3c(-c4cc5c(-c6cccnc6)cccc5[nH]4)n[nH]c3cn2)c1,77.0,-1.8864907251724816,1,train
CCCCC(=O)Nc1cncc(-c2cc3c(-c4cc5c(-c6cccnc6)ccnc5[nH]4)n[nH]c3cn2)c1,29.0,-1.462397997898956,1,test
CC(C)CC(=O)Nc1cncc(-c2cnc3[nH]nc(-c4cc5c(-c6cccnc6)ccnc5[nH]4)c3c2)c1,5.000000000000001,-0.6989700043360189,0,train
CC(C)(C)CC(=O)Nc1cncc(-c2cnc3[nH]nc(-c4cc5c(-c6cccnc6)cncc5[nH]4)c3c2)c1,4.0,-0.6020599913279624,1,train
O=C(Nc1cncc(-c2cc3c(-c4cc5c(-c6cccnc6)cccc5[nH]4)n[nH]c3cn2)c1)C1CC1,34.0,-1.5314789170422551,0,train
O=C(Nc1cncc(-c2cnc3[nH]nc(-c4cc5c(-c6cccnc6)cccc5[nH]4)c3c2)c1)C1CCC1,25.000000000000007,-1.3979400086720375,1,train
O=C(Nc1cncc(-c2ccc3[nH]nc(-c4cc5c(-c6cccnc6)cncc5[nH]4)c3c2)c1)C1CCCC1,23.999999999999996,-1.380211241711606,1,train
O=C(Nc1cncc(-c2ccc3[nH]nc(-c4cc5c(-c6cccnc6)nccc5[nH]4)c3c2)c1)c1ccccc1,19.0,-1.2787536009528289,0,train
O=C(Nc1cncc(-c2ccc3[nH]nc(-c4cc5c(-c6cccnc6)cncc5[nH]4)c3c2)c1)c1ccccc1,35.0,-1.5440680443502757,1,train
CC(C)Nc1cncc(-c2ccc3[nH]nc(-c4cc5c(-c6cccnc6)cccc5[nH]4)c3c2)c1,83.00000000000001,-1.919078092376074,1,test
CC(C)Nc1cncc(-c2ccc3[nH]nc(-c4cc5c(-c6cccnc6)cncc5[nH]4)c3c2)c1,21.0,-1.3222192947339193,1,test
CC(C)Nc1cncc(-c2ccc3[nH]nc(-c4cc5c(-c6cccnc6)ccnc5[nH]4)c3c2)c1,20.000000000000004,-1.3010299956639813,0,train
CC(C)Nc1cncc(-c2cnc3[nH]nc(-c4cc5c(-c6cccnc6)ccnc5[nH]4)c3c2)c1,17.999999999999996,-1.255272505103306,0,train
CC(C)Nc1cncc(-c2cc3c(-c4cc5c(-c6cccnc6)ccnc5[nH]4)n[nH]c3cn2)c1,19.0,-1.2787536009528289,0,test
CC(C)Nc1cncc(-c2ccc3[nH]nc(-c4cc5c(-c6cccnc6)ccnc5[nH]4)c3n2)c1,25.000000000000007,-1.3979400086720375,0,train
CCNCc1cncc(-c2ccc3[nH]nc(-c4cc5c(-c6cccnc6)ccnc5[nH]4)c3c2)c1,56.00000000000001,-1.7481880270062005,1,test
CCNCc1cncc(-c2cnc3[nH]nc(-c4cc5c(-c6cccnc6)ccnc5[nH]4)c3c2)c1,26.0,-1.414973347970818,1,train
CCNCc1cncc(-c2cc3c(-c4cc5c(-c6cccnc6)cncc5[nH]4)n[nH]c3cn2)c1,2.0,-0.3010299956639812,1,test
CN(C)Cc1cncc(-c2ccc3[nH]nc(-c4cc5c(-c6cccnc6)cccc5[nH]4)c3n2)c1,82.0,-1.9138138523837167,0,train
c1cncc(-c2ccnc3[nH]c(-c4n[nH]c5cnc(-c6cncc(CN7CCCC7)c6)cc45)cc23)c1,72.00000000000001,-1.8573324964312683,1,train
FC1(F)CCN(Cc2cncc(-c3ccc4[nH]nc(-c5cc6c(-c7cccnc7)ccnc6[nH]5)c4c3)c2)C1,10.0,-1.0,0,train
FC1(F)CCN(Cc2cncc(-c3ccc4[nH]nc(-c5cc6c(-c7cccnc7)cncc6[nH]5)c4n3)c2)C1,30.0,-1.4771212547196624,0,train
c1cncc(-c2ccnc3[nH]c(-c4n[nH]c5ncc(-c6cncc(CN7CCCCC7)c6)cc45)cc23)c1,15.000000000000004,-1.1760912590556811,0,train
c1cncc(-c2cncc3[nH]c(-c4n[nH]c5ncc(-c6cncnc6)cc45)cc23)c1,7.0,-0.8450980400142568,1,train
c1cncc(-c2ccnc3[nH]c(-c4n[nH]c5cnc(-c6cncnc6)cc45)cc23)c1,100.0,-2.0,1,train
Cn1cc(-c2ccc3[nH]nc(-c4cc5c(-c6cccnc6)cncc5[nH]4)c3c2)cn1,53.000000000000014,-1.7242758696007892,1,test
Cc1ccncc1-c1ccc2[nH]nc(-c3cc4c(-c5ccncc5)ccnc4[nH]3)c2n1,66.00000000000001,-1.8195439355418688,0,train
Nc1cncc(-c2ccc3[nH]nc(-c4cc5c(-c6ccncc6)nccc5[nH]4)c3c2)c1,10.999999999999996,-1.041392685158225,1,train
Nc1cncc(-c2cnc3[nH]nc(-c4cc5c(-c6ccncc6)nccc5[nH]4)c3c2)c1,4.0,-0.6020599913279624,1,train
Nc1cncc(-c2cnc3[nH]nc(-c4cc5c(-c6ccncc6)cncc5[nH]4)c3c2)c1,3.0,-0.4771212547196624,1,test
Nc1cncc(-c2cnc3[nH]nc(-c4cc5c(-c6ccncc6)ccnc5[nH]4)c3c2)c1,19.0,-1.2787536009528289,0,train
Nc1cncc(-c2cc3c(-c4cc5c(-c6ccncc6)cncc5[nH]4)n[nH]c3cn2)c1,3.0,-0.4771212547196624,1,train
Nc1cncc(-c2ccc3[nH]nc(-c4cc5c(-c6ccncc6)ccnc5[nH]4)c3n2)c1,7.999999999999999,-0.9030899869919436,0,test
CCCC(=O)Nc1cncc(-c2ccc3[nH]nc(-c4cc5c(-c6ccncc6)cncc5[nH]4)c3c2)c1,6.0,-0.7781512503836436,1,train
CC(C)C(=O)Nc1cncc(-c2cc3c(-c4cc5c(-c6ccncc6)nccc5[nH]4)n[nH]c3cn2)c1,45.00000000000001,-1.6532125137753435,1,test
CCCCC(=O)Nc1cncc(-c2cnc3[nH]nc(-c4cc5c(-c6ccncc6)cncc5[nH]4)c3c2)c1,17.0,-1.230448921378274,0,train
CC(C)CC(=O)Nc1cncc(-c2ccc3[nH]nc(-c4cc5c(-c6ccncc6)nccc5[nH]4)c3c2)c1,25.000000000000007,-1.3979400086720375,0,train
CC(C)CC(=O)Nc1cncc(-c2ccc3[nH]nc(-c4cc5c(-c6ccncc6)cncc5[nH]4)c3c2)c1,4.0,-0.6020599913279624,1,test
CC(C)CC(=O)Nc1cncc(-c2cnc3[nH]nc(-c4cc5c(-c6ccncc6)cccc5[nH]4)c3c2)c1,23.0,-1.3617278360175928,1,train
CC(C)(C)C(=O)Nc1cncc(-c2ccc3[nH]nc(-c4cc5c(-c6ccncc6)ccnc5[nH]4)c3c2)c1,20.000000000000004,-1.3010299956639813,0,train
CC(C)(C)C(=O)Nc1cncc(-c2cnc3[nH]nc(-c4cc5c(-c6ccncc6)cncc5[nH]4)c3c2)c1,5.000000000000001,-0.6989700043360189,1,train
CC(C)(C)C(=O)Nc1cncc(-c2cc3c(-c4cc5c(-c6ccncc6)cncc5[nH]4)n[nH]c3cn2)c1,7.999999999999999,-0.9030899869919436,0,train
O=C(CC1CCNCC1)Nc1cncc(-c2cnc3[nH]nc(-c4cc5c(-c6ccncc6)ccnc5[nH]4)c3c2)c1,21.0,-1.3222192947339193,0,train
O=C(Nc1cncc(-c2cnc3[nH]nc(-c4cc5c(-c6ccncc6)cncc5[nH]4)c3c2)c1)C1CCC1,4.0,-0.6020599913279624,1,train
O=C(Nc1cncc(-c2ccc3[nH]nc(-c4cc5c(-c6ccncc6)nccc5[nH]4)c3c2)c1)C1CCCC1,10.999999999999996,-1.041392685158225,0,train
c1cc(-c2ccnc3[nH]c(-c4n[nH]c5ccc(-c6cncc(CNCC7CCCC7)c6)nc45)cc23)ccn1,40.000000000000014,-1.6020599913279625,1,train
CN(C)c1cncc(-c2cnc3[nH]nc(-c4cc5c(-c6ccncc6)cncc5[nH]4)c3c2)c1,13.999999999999998,-1.146128035678238,0,train
CN(C)Cc1cncc(-c2ccc3[nH]nc(-c4cc5c(-c6ccncc6)cncc5[nH]4)c3c2)c1,27.000000000000004,-1.4313637641589874,0,train
CN(C)Cc1cncc(-c2cc3c(-c4cc5c(-c6ccncc6)cncc5[nH]4)n[nH]c3cn2)c1,20.000000000000004,-1.3010299956639813,1,train
CN(C)Cc1cncc(-c2cc3c(-c4cc5c(-c6ccncc6)ccnc5[nH]4)n[nH]c3cn2)c1,70.99999999999999,-1.8512583487190752,0,train
FC1(F)CCN(Cc2cncc(-c3cnc4[nH]nc(-c5cc6c(-c7ccncc7)cccc6[nH]5)c4c3)c2)C1,76.0,-1.8808135922807916,1,train
FC1(F)CCN(Cc2cncc(-c3cnc4[nH]nc(-c5cc6c(-c7ccncc7)cncc6[nH]5)c4c3)c2)C1,12.999999999999998,-1.1139433523068367,0,train
c1cc(-c2cncc3[nH]c(-c4n[nH]c5ccc(-c6cncc(CN7CCCCC7)c6)nc45)cc23)ccn1,20.000000000000004,-1.3010299956639813,0,train
c1cc(-c2ccnc3[nH]c(-c4n[nH]c5ccc(-c6cncc(OCCN7CCCC7)c6)nc45)cc23)ccn1,28.0,-1.4471580313422192,0,train
c1cc(-c2ccnc3[nH]c(-c4n[nH]c5ccc(-c6cncnc6)cc45)cc23)ccn1,68.00000000000001,-1.8325089127062364,1,train
Cc1ncc(-c2cnc3[nH]nc(-c4cc5c(-c6ccncc6)cncc5[nH]4)c3c2)n1C,28.0,-1.4471580313422192,0,train
Nc1cncc(-c2ccc3[nH]nc(-c4cc5c(-c6ccccn6)ccnc5[nH]4)c3c2)c1,12.999999999999998,-1.1139433523068367,1,train
O=C(CC1CCNCC1)Nc1cncc(-c2ccc3[nH]nc(-c4cc5c(-c6ccccn6)cccc5[nH]4)c3n2)c1,10.0,-1.0,0,test
FC1(F)CCN(Cc2cncc(-c3ccc4[nH]nc(-c5cc6c(-c7ccccn7)cccc6[nH]5)c4n3)c2)C1,33.0,-1.5185139398778875,1,train
c1cncc(-c2ccc3[nH]nc(-c4cc5cnccc5[nH]4)c3c2)c1,1.0,-0.0,1,train
c1cncc(-c2cnc3[nH]nc(-c4cc5cccnc5[nH]4)c3c2)c1,9.0,-0.9542425094393248,1,train
c1cncc(-c2cc3c(-c4cc5cnccc5[nH]4)n[nH]c3cn2)c1,2.0,-0.3010299956639812,1,train
c1cncc(-c2cc3c(-c4cc5cccnc5[nH]4)n[nH]c3cn2)c1,5.000000000000001,-0.6989700043360189,1,train
c1cncc(-c2ccc3[nH]nc(-c4cc5cccnc5[nH]4)c3n2)c1,23.999999999999996,-1.380211241711606,1,train
Cc1ccncc1-c1ccc2[nH]nc(-c3cc4ccncc4[nH]3)c2c1,21.0,-1.3222192947339193,0,test
Cc1ccncc1-c1cc2c(-c3cc4cnccc4[nH]3)n[nH]c2cn1,10.999999999999996,-1.041392685158225,0,train
Nc1cncc(-c2ccc3[nH]nc(-c4cc5cccnc5[nH]4)c3c2)c1,2.0,-0.3010299956639812,1,test
CCC(=O)Nc1cncc(-c2cnc3[nH]nc(-c4cc5cnccc5[nH]4)c3c2)c1,2.0,-0.3010299956639812,1,train
CC(C)C(=O)Nc1cncc(-c2cc3c(-c4cc5cnccc5[nH]4)n[nH]c3cn2)c1,1.0,-0.0,1,train
CCCCC(=O)Nc1cncc(-c2ccc3[nH]nc(-c4cc5cccnc5[nH]4)c3c2)c1,17.0,-1.230448921378274,0,train
CCCCC(=O)Nc1cncc(-c2cnc3[nH]nc(-c4cc5cnccc5[nH]4)c3c2)c1,3.0,-0.4771212547196624,1,test
CCCCC(=O)Nc1cncc(-c2cc3c(-c4cc5cnccc5[nH]4)n[nH]c3cn2)c1,2.0,-0.3010299956639812,1,train
CC(C)CC(=O)Nc1cncc(-c2cc3c(-c4cc5cccnc5[nH]4)n[nH]c3cn2)c1,12.999999999999998,-1.1139433523068367,1,train
CC(C)(C)CC(=O)Nc1cncc(-c2cnc3[nH]nc(-c4cc5cnccc5[nH]4)c3c2)c1,2.0,-0.3010299956639812,1,train
CC(C)(C)CC(=O)Nc1cncc(-c2cc3c(-c4cc5cnccc5[nH]4)n[nH]c3cn2)c1,3.0,-0.4771212547196624,0,train
O=C(Nc1cncc(-c2cc3c(-c4cc5cnccc5[nH]4)n[nH]c3cn2)c1)C1CC1,4.0,-0.6020599913279624,1,train
O=C(Nc1cncc(-c2cc3c(-c4cc5cccnc5[nH]4)n[nH]c3cn2)c1)C1CC1,6.0,-0.7781512503836436,0,train
O=C(Nc1cncc(-c2ccc3[nH]nc(-c4cc5cnccc5[nH]4)c3c2)c1)C1CCC1,2.0,-0.3010299956639812,1,train
O=C(Nc1cncc(-c2ccc3[nH]nc(-c4cc5cccnc5[nH]4)c3c2)c1)C1CCCC1,6.0,-0.7781512503836436,0,train
O=C(Nc1cncc(-c2ccc3[nH]nc(-c4cc5ccncc5[nH]4)c3n2)c1)C1CCCC1,12.000000000000002,-1.0791812460476249,0,train
O=C(Nc1cncc(-c2ccc3[nH]nc(-c4cc5cnccc5[nH]4)c3c2)c1)C1CCCCC1,2.0,-0.3010299956639812,1,train
O=C(Nc1cncc(-c2cnc3[nH]nc(-c4cc5cccnc5[nH]4)c3c2)c1)C1CCCCC1,10.999999999999996,-1.041392685158225,0,train
O=C(Nc1cncc(-c2cc3c(-c4cc5cnccc5[nH]4)n[nH]c3cn2)c1)C1CCCCC1,3.0,-0.4771212547196624,1,test
O=C(Cc1ccccc1)Nc1cncc(-c2ccc3[nH]nc(-c4cc5cnccc5[nH]4)c3c2)c1,7.999999999999999,-0.9030899869919436,0,test
O=C(Nc1cncc(-c2cnc3[nH]nc(-c4cc5cnccc5[nH]4)c3c2)c1)c1ccccc1,2.0,-0.3010299956639812,1,test
O=C(Nc1cncc(-c2cnc3[nH]nc(-c4cc5cccnc5[nH]4)c3c2)c1)c1ccccc1,13.999999999999998,-1.146128035678238,0,train
O=C(Nc1cncc(-c2cc3c(-c4cc5cnccc5[nH]4)n[nH]c3cn2)c1)c1ccccc1,3.0,-0.4771212547196624,1,train
CCNCc1cncc(-c2ccc3[nH]nc(-c4cc5ccccc5[nH]4)c3c2)c1,10.999999999999996,-1.041392685158225,1,train
CCNCc1cncc(-c2ccc3[nH]nc(-c4cc5cnccc5[nH]4)c3c2)c1,3.0,-0.4771212547196624,1,train
CCNCc1cncc(-c2ccc3[nH]nc(-c4cc5cccnc5[nH]4)c3n2)c1,29.0,-1.462397997898956,1,train
CN(C)c1cncc(-c2cc3c(-c4cc5cnccc5[nH]4)n[nH]c3cn2)c1,12.000000000000002,-1.0791812460476249,0,train
CN(C)Cc1cncc(-c2ccc3[nH]nc(-c4cc5cnccc5[nH]4)c3n2)c1,12.999999999999998,-1.1139433523068367,0,train
CN(C)Cc1cncc(-c2ccc3[nH]nc(-c4cc5cccnc5[nH]4)c3n2)c1,42.00000000000001,-1.6232492903979006,0,train
c1ccc2[nH]c(-c3n[nH]c4ncc(-c5cncc(CN6CCCC6)c5)cc34)cc2c1,56.00000000000001,-1.7481880270062005,1,test
FC1(F)CCN(Cc2cncc(-c3cc4c(-c5cc6cccnc6[nH]5)n[nH]c4cn3)c2)C1,12.000000000000002,-1.0791812460476249,0,train
FC1(F)CCN(Cc2cncc(-c3ccc4[nH]nc(-c5cc6cnccc6[nH]5)c4n3)c2)C1,3.0,-0.4771212547196624,1,train
FC1(F)CCN(Cc2cncc(-c3ccc4[nH]nc(-c5cc6cccnc6[nH]5)c4n3)c2)C1,10.999999999999996,-1.041392685158225,0,train
c1cc2[nH]c(-c3n[nH]c4ccc(-c5cncc(CN6CCCCC6)c5)cc34)cc2cn1,4.0,-0.6020599913279624,1,train
c1cnc2cc(-c3n[nH]c4ccc(-c5cncc(CN6CCCCC6)c5)cc34)[nH]c2c1,5.000000000000001,-0.6989700043360189,1,train
c1cnc2[nH]c(-c3n[nH]c4ccc(-c5cncc(CN6CCCCC6)c5)cc34)cc2c1,4.0,-0.6020599913279624,1,train
c1cc2[nH]c(-c3n[nH]c4ncc(-c5cncc(CN6CCCCC6)c5)cc34)cc2cn1,7.0,-0.8450980400142568,1,train
c1cc2cc(-c3n[nH]c4ccc(-c5cncc(OCCN6CCCC6)c5)cc34)[nH]c2cn1,4.0,-0.6020599913279624,1,train
c1cnc2[nH]c(-c3n[nH]c4ccc(-c5cncc(OCCN6CCCC6)c5)cc34)cc2c1,10.0,-1.0,0,train
Cn1cc(-c2cnc3[nH]nc(-c4cc5cccnc5[nH]4)c3c2)cn1,7.999999999999999,-0.9030899869919436,0,train
Nc1cncc(-c2ccc3[nH]nc(-c4cc5c(N6CCCCC6)ccnc5[nH]4)c3c2)c1,33.0,-1.5185139398778875,1,train
Nc1cncc(-c2cc3c(-c4cc5c(N6CCCCC6)cncc5[nH]4)n[nH]c3cn2)c1,6.0,-0.7781512503836436,0,train
CCC(=O)Nc1cncc(-c2ccc3[nH]nc(-c4cc5c(N6CCCCC6)nccc5[nH]4)c3c2)c1,5.000000000000001,-0.6989700043360189,1,train
CCCCC(=O)Nc1cncc(-c2ccc3[nH]nc(-c4cc5c(N6CCCCC6)cccc5[nH]4)c3n2)c1,40.000000000000014,-1.6020599913279625,1,train
CCCCC(=O)Nc1cncc(-c2ccc3[nH]nc(-c4cc5c(N6CCCCC6)nccc5[nH]4)c3n2)c1,43.000000000000014,-1.6334684555795866,1,test
O=C(Nc1cncc(-c2cnc3[nH]nc(-c4cc5c(N6CCCCC6)nccc5[nH]4)c3c2)c1)C1CC1,31.0,-1.4913616938342726,0,train
O=C(Nc1cncc(-c2cc3c(-c4cc5c(N6CCCCC6)nccc5[nH]4)n[nH]c3cn2)c1)C1CCC1,23.0,-1.3617278360175928,1,train
O=C(CC1CCNCC1)Nc1cncc(-c2ccc3[nH]nc(-c4cc5c(N6CCCCC6)nccc5[nH]4)c3n2)c1,6.0,-0.7781512503836436,1,test
CC(C)Nc1cncc(-c2cnc3[nH]nc(-c4cc5c(N6CCCCC6)nccc5[nH]4)c3c2)c1,70.00000000000001,-1.845098040014257,1,train
CN(C)Cc1cncc(-c2ccc3[nH]nc(-c4cc5c(N6CCCCC6)cccc5[nH]4)c3c2)c1,70.99999999999999,-1.8512583487190752,1,train
CN(C)Cc1cncc(-c2ccc3[nH]nc(-c4cc5c(N6CCCCC6)nccc5[nH]4)c3c2)c1,33.0,-1.5185139398778875,0,test
c1ncc(-c2ccc3[nH]nc(-c4cc5c(N6CCCCC6)cncc5[nH]4)c3c2)cc1CN1CCCC1,23.999999999999996,-1.380211241711606,0,train
FC1(F)CCN(Cc2cncc(-c3ccc4[nH]nc(-c5cc6c(N7CCCCC7)cccc6[nH]5)c4c3)c2)C1,22.0,-1.3424226808222062,0,train
FC1(F)CCN(Cc2cncc(-c3ccc4[nH]nc(-c5cc6c(N7CCCCC7)ccnc6[nH]5)c4n3)c2)C1,30.0,-1.4771212547196624,0,train
c1cc2[nH]c(-c3n[nH]c4ccc(-c5cncc(CN6CCCCC6)c5)cc34)cc2c(N2CCCCC2)n1,32.00000000000001,-1.505149978319906,0,test
CN1CCN(c2cncc3[nH]c(-c4n[nH]c5ccc(-c6cncc(N)c6)cc45)cc23)CC1,3.0,-0.4771212547196624,1,test
CN1CCN(c2ccnc3[nH]c(-c4n[nH]c5ccc(-c6cncc(N)c6)cc45)cc23)CC1,7.0,-0.8450980400142568,1,train
CN1CCN(c2nccc3[nH]c(-c4n[nH]c5cnc(-c6cncc(N)c6)cc45)cc23)CC1,16.0,-1.2041199826559248,0,train
CCC(=O)Nc1cncc(-c2cc3c(-c4cc5c(N6CCN(C)CC6)nccc5[nH]4)n[nH]c3cn2)c1,3.0,-0.4771212547196624,1,train
CC(C)C(=O)Nc1cncc(-c2cc3c(-c4cc5c(N6CCN(C)CC6)cccc5[nH]4)n[nH]c3cn2)c1,26.0,-1.414973347970818,0,train
CC(C)C(=O)Nc1cncc(-c2ccc3[nH]nc(-c4cc5c(N6CCN(C)CC6)nccc5[nH]4)c3c2)c1,15.000000000000004,-1.1760912590556811,0,train
CC(C)C(=O)Nc1cncc(-c2cnc3[nH]nc(-c4cc5c(N6CCN(C)CC6)nccc5[nH]4)c3c2)c1,7.0,-0.8450980400142568,0,train
CC(C)CC(=O)Nc1cncc(-c2ccc3[nH]nc(-c4cc5c(N6CCN(C)CC6)ccnc5[nH]4)c3n2)c1,5.000000000000001,-0.6989700043360189,1,train
CN1CCN(c2nccc3[nH]c(-c4n[nH]c5cnc(-c6cncc(NC(=O)C(C)(C)C)c6)cc45)cc23)CC1,3.0,-0.4771212547196624,1,train
CN1CCN(c2cncc3[nH]c(-c4n[nH]c5ccc(-c6cncc(NC(=O)CC(C)(C)C)c6)cc45)cc23)CC1,12.000000000000002,-1.0791812460476249,0,train
CN1CCN(c2ccnc3[nH]c(-c4n[nH]c5ccc(-c6cncc(NC(=O)CC(C)(C)C)c6)nc45)cc23)CC1,10.0,-1.0,0,train
CN1CCN(c2nccc3[nH]c(-c4n[nH]c5ncc(-c6cncc(NC(=O)C7CCCC7)c6)cc45)cc23)CC1,7.0,-0.8450980400142568,1,train
CN1CCN(c2nccc3[nH]c(-c4n[nH]c5ccc(-c6cncc(NC(=O)C7CCCCC7)c6)cc45)cc23)CC1,22.0,-1.3424226808222062,0,train
CN1CCN(c2nccc3[nH]c(-c4n[nH]c5cnc(-c6cncc(NC(=O)C7CCCCC7)c6)cc45)cc23)CC1,3.0,-0.4771212547196624,1,train
CN1CCN(c2nccc3[nH]c(-c4n[nH]c5ccc(-c6cncc(NC(=O)CC7CCNCC7)c6)cc45)cc23)CC1,25.000000000000007,-1.3979400086720375,0,test
CN1CCN(c2cncc3[nH]c(-c4n[nH]c5ccc(-c6cncc(NC(=O)CC7CCNCC7)c6)cc45)cc23)CC1,15.000000000000004,-1.1760912590556811,0,train
CN1CCN(c2nccc3[nH]c(-c4n[nH]c5ccc(-c6cncc(NC(=O)c7ccccc7)c6)cc45)cc23)CC1,16.0,-1.2041199826559248,0,train
CN1CCN(c2nccc3[nH]c(-c4n[nH]c5cnc(-c6cncc(NC(=O)c7ccccc7)c6)cc45)cc23)CC1,4.0,-0.6020599913279624,1,train
CN1CCN(c2ccnc3[nH]c(-c4n[nH]c5ccc(-c6cncc(NC(=O)c7ccccc7)c6)nc45)cc23)CC1,29.0,-1.462397997898956,0,train
CN1CCN(c2ccnc3[nH]c(-c4n[nH]c5cnc(-c6cncc(CNCC7CCCC7)c6)cc45)cc23)CC1,50.99999999999999,-1.7075701760979365,0,test
CN1CCN(c2cncc3[nH]c(-c4n[nH]c5ccc(-c6cncc(CNCc7ccccc7)c6)cc45)cc23)CC1,7.0,-0.8450980400142568,0,test
CN(C)Cc1cncc(-c2cc3c(-c4cc5c(N6CCN(C)CC6)nccc5[nH]4)n[nH]c3cn2)c1,43.000000000000014,-1.6334684555795866,1,test
CN1CCN(c2nccc3[nH]c(-c4n[nH]c5ccc(-c6cncc(CN7CCCC7)c6)cc45)cc23)CC1,47.99999999999999,-1.6812412373755872,1,train
CN1CCN(c2cccc3[nH]c(-c4n[nH]c5ccc(-c6cncc(CN7CCCCC7)c6)cc45)cc23)CC1,35.0,-1.5440680443502757,1,train
CN1CCN(c2cccc3[nH]c(-c4n[nH]c5ncc(-c6cncc(CN7CCCCC7)c6)cc45)cc23)CC1,34.0,-1.5314789170422551,1,train
CN1CCN(c2nccc3[nH]c(-c4n[nH]c5ncc(-c6cncc(CN7CCCCC7)c6)cc45)cc23)CC1,10.999999999999996,-1.041392685158225,0,train
CN1CCN(c2nccc3[nH]c(-c4n[nH]c5ccc(-c6cncc(CN7CCCCC7)c6)nc45)cc23)CC1,15.000000000000004,-1.1760912590556811,0,train
CN1CCN(c2ccnc3[nH]c(-c4n[nH]c5ncc(-c6cn[nH]c6)cc45)cc23)CC1,35.0,-1.5440680443502757,1,train
CN1CCN(c2ccnc3[nH]c(-c4n[nH]c5ccc(-c6cn[nH]c6)nc45)cc23)CC1,48.99999999999999,-1.6901960800285136,1,train
CCCCC(=O)Nc1cncc(-c2ccc3[nH]nc(-c4cc5c(-c6ccoc6)cncc5[nH]4)c3c2)c1,12.999999999999998,-1.1139433523068367,0,train
CC(C)(C)CC(=O)Nc1cncc(-c2ccc3[nH]nc(-c4cc5c(-c6ccoc6)ccnc5[nH]4)c3c2)c1,20.000000000000004,-1.3010299956639813,1,train
O=C(CC1CCNCC1)Nc1cncc(-c2ccc3[nH]nc(-c4cc5c(-c6ccoc6)ccnc5[nH]4)c3n2)c1,63.99999999999999,-1.806179973983887,1,train
c1cc(-c2ccoc2)c2cc(-c3n[nH]c4ccc(-c5cncc(CNCC6CCCC6)c5)nc34)[nH]c2c1,59.00000000000001,-1.7708520116421442,1,train
FC1(F)CCN(Cc2cncc(-c3cnc4[nH]nc(-c5cc6c(-c7ccoc7)cccc6[nH]5)c4c3)c2)C1,10.999999999999996,-1.041392685158225,0,train
COc1cncc(-c2ccc3[nH]nc(-c4cc5c(-c6ccoc6)nccc5[nH]4)c3c2)c1,35.0,-1.5440680443502757,1,train
c1ncc(-c2ccc3[nH]nc(-c4cc5c(-c6ccoc6)nccc5[nH]4)c3c2)cn1,33.0,-1.5185139398778875,1,train
CC(C)CC(=O)Nc1cncc(-c2cc3c(-c4cc5c(-c6cccs6)nccc5[nH]4)n[nH]c3cn2)c1,44.0,-1.6434526764861874,1,train
O=C(Nc1cncc(-c2cnc3[nH]nc(-c4cc5c(-c6cccs6)nccc5[nH]4)c3c2)c1)C1CCC1,46.0,-1.662757831681574,1,train
c1ccc(CNCc2cncc(-c3ccc4[nH]nc(-c5cc6c(-c7cccs7)cncc6[nH]5)c4c3)c2)cc1,63.0,-1.7993405494535817,1,train
c1csc(-c2nccc3[nH]c(-c4n[nH]c5cnc(-c6cncc(CN7CCCCC7)c6)cc45)cc23)c1,31.0,-1.4913616938342726,0,test
c1csc(-c2ccnc3[nH]c(-c4n[nH]c5ccc(-c6cncc(OC7CCNCC7)c6)nc45)cc23)c1,43.000000000000014,-1.6334684555795866,1,train
CN(C)CCNc1cc(F)cc(-c2cccc3[nH]c(-c4n[nH]c5cnc(-c6cncc(N)c6)cc45)cc23)c1,23.0,-1.3617278360175928,0,train
CCCC(=O)Nc1cncc(-c2cc3c(-c4cc5c(-c6cc(F)cc(NCCN(C)C)c6)ccnc5[nH]4)n[nH]c3cn2)c1,38.99999999999999,-1.591064607026499,0,train
CN(C)CCNc1cc(F)cc(-c2cccc3[nH]c(-c4n[nH]c5cnc(-c6cncc(NC(=O)C(C)(C)C)c6)cc45)cc23)c1,45.00000000000001,-1.6532125137753435,0,train
CN(C)CCNc1cc(F)cc(-c2cccc3[nH]c(-c4n[nH]c5ccc(-c6cncc(CN7CCCCC7)c6)nc45)cc23)c1,40.000000000000014,-1.6020599913279625,0,train
CN(C)CCNc1cc(F)cc(-c2cccc3[nH]c(-c4n[nH]c5cnc(-c6cncc(O)c6)cc45)cc23)c1,60.0,-1.7781512503836436,0,train
CN(C)CCNc1cc(F)cc(-c2cccc3[nH]c(-c4n[nH]c5ccc(-c6cncnc6)nc45)cc23)c1,75.00000000000001,-1.8750612633917,1,train
CCC(=O)Nc1cncc(-c2ccc3[nH]nc(-c4cc5c(-c6cc(F)cc(CNS(C)(=O)=O)c6)cncc5[nH]4)c3c2)c1,22.0,-1.3424226808222062,0,train
CCCC(=O)Nc1cncc(-c2cnc3[nH]nc(-c4cc5c(-c6cc(F)cc(CNS(C)(=O)=O)c6)cncc5[nH]4)c3c2)c1,13.999999999999998,-1.146128035678238,0,test
CC(C)C(=O)Nc1cncc(-c2cnc3[nH]nc(-c4cc5c(-c6cc(F)cc(CNS(C)(=O)=O)c6)cncc5[nH]4)c3c2)c1,31.0,-1.4913616938342726,0,train
CC(C)C(=O)Nc1cncc(-c2cc3c(-c4cc5c(-c6cc(F)cc(CNS(C)(=O)=O)c6)nccc5[nH]4)n[nH]c3cn2)c1,27.000000000000004,-1.4313637641589874,0,test
CCCCC(=O)Nc1cncc(-c2cc3c(-c4cc5c(-c6cc(F)cc(CNS(C)(=O)=O)c6)nccc5[nH]4)n[nH]c3cn2)c1,62.0,-1.792391689498254,0,test
CC(C)CC(=O)Nc1cncc(-c2cnc3[nH]nc(-c4cc5c(-c6cc(F)cc(CNS(C)(=O)=O)c6)nccc5[nH]4)c3c2)c1,19.0,-1.2787536009528289,0,test
CC(C)CC(=O)Nc1cncc(-c2cnc3[nH]nc(-c4cc5c(-c6cc(F)cc(CNS(C)(=O)=O)c6)cncc5[nH]4)c3c2)c1,16.0,-1.2041199826559248,0,train
CC(C)CC(=O)Nc1cncc(-c2cc3c(-c4cc5c(-c6cc(F)cc(CNS(C)(=O)=O)c6)cncc5[nH]4)n[nH]c3cn2)c1,99.0,-1.99563519459755,0,train
CC(C)CC(=O)Nc1cncc(-c2ccc3[nH]nc(-c4cc5c(-c6cc(F)cc(CNS(C)(=O)=O)c6)nccc5[nH]4)c3n2)c1,13.999999999999998,-1.146128035678238,0,test
CS(=O)(=O)NCc1cc(F)cc(-c2cncc3[nH]c(-c4n[nH]c5ccc(-c6cncc(NC(=O)C7CC7)c6)nc45)cc23)c1,53.000000000000014,-1.7242758696007892,0,train
CS(=O)(=O)NCc1cc(F)cc(-c2cncc3[nH]c(-c4n[nH]c5ccc(-c6cncc(NC(=O)C7CCC7)c6)cc45)cc23)c1,34.0,-1.5314789170422551,0,test
CS(=O)(=O)NCc1cc(F)cc(-c2nccc3[nH]c(-c4n[nH]c5ncc(-c6cncc(NC(=O)C7CCC7)c6)cc45)cc23)c1,16.0,-1.2041199826559248,0,train
CS(=O)(=O)NCc1cc(F)cc(-c2cncc3[nH]c(-c4n[nH]c5cnc(-c6cncc(NC(=O)C7CCC7)c6)cc45)cc23)c1,32.00000000000001,-1.505149978319906,0,test
CS(=O)(=O)NCc1cc(F)cc(-c2nccc3[nH]c(-c4n[nH]c5ccc(-c6cncc(NC(=O)Cc7ccccc7)c6)nc45)cc23)c1,100.0,-2.0,0,train
CCNCc1cncc(-c2ccc3[nH]nc(-c4cc5c(-c6cc(F)cc(CNS(C)(=O)=O)c6)cncc5[nH]4)c3c2)c1,21.0,-1.3222192947339193,0,train
CCNCc1cncc(-c2cnc3[nH]nc(-c4cc5c(-c6cc(F)cc(CNS(C)(=O)=O)c6)nccc5[nH]4)c3c2)c1,30.0,-1.4771212547196624,0,train
CCNCc1cncc(-c2cnc3[nH]nc(-c4cc5c(-c6cc(F)cc(CNS(C)(=O)=O)c6)cncc5[nH]4)c3c2)c1,6.0,-0.7781512503836436,0,train
CS(=O)(=O)NCc1cc(F)cc(-c2nccc3[nH]c(-c4n[nH]c5cnc(-c6cncc(CNCC7CCCC7)c6)cc45)cc23)c1,27.000000000000004,-1.4313637641589874,0,train
CS(=O)(=O)NCc1cc(F)cc(-c2cncc3[nH]c(-c4n[nH]c5ncc(-c6cncc(CN7CCCCC7)c6)cc45)cc23)c1,21.0,-1.3222192947339193,0,train
CS(=O)(=O)NCc1cc(F)cc(-c2nccc3[nH]c(-c4n[nH]c5ccc(-c6cncc(CN7CCCCC7)c6)nc45)cc23)c1,68.00000000000001,-1.8325089127062364,0,train
CS(=O)(=O)NCc1cc(F)cc(-c2nccc3[nH]c(-c4n[nH]c5ncc(-c6cncc(OCc7ccccc7)c6)cc45)cc23)c1,97.0,-1.9867717342662448,0,train
CS(=O)(=O)NCc1cc(F)cc(-c2cncc3[nH]c(-c4n[nH]c5ccc(-c6cncnc6)nc45)cc23)c1,76.0,-1.8808135922807916,0,train
CC#CC(=O)Nc1cc2cc(-c3cnn(C)c3)ccc2cn1,6.0,-0.7781512503836436,0,train
CN(C)Cc1ccc(C(=O)Nc2cc3cc(-c4cnn(C)c4)ccc3cn2)cc1,2.0,-0.3010299956639812,0,test
CN1CCC(Oc2ccc(C(=O)Nc3cc4cc(-c5cnn(C)c5)ccc4cn3)cc2)CC1,1.0,-0.0,0,test
CN1CCN(c2ccc(C(=O)Nc3cc4cc(-c5cnn(C)c5)ccc4cn3)cn2)CC1,1.0,-0.0,0,train
CN(C)CCNc1cc(C(=O)Nc2cc3cc(-c4cnn(C)c4)ccc3cn2)ccn1,2.0,-0.3010299956639812,0,train
CN(C)CCOc1cc(C(=O)Nc2cc3cc(-c4cnn(C)c4)ccc3cn2)ccn1,3.0,-0.4771212547196624,0,train
CN1CCN(c2cc(C(=O)Nc3cc4cc(-c5cnn(C)c5)ccc4cn3)ccn2)CC1,1.0,-0.0,1,train
CN1CCN(c2cc(C(=O)Nc3cc4cc(-c5cnn(C)c5)c(F)cc4cn3)ccn2)CC1,2.0,-0.3010299956639812,0,train
CN1CCN(c2cc(C(=O)Nc3cc4c(Cl)c(-c5cnn(C)c5)ccc4cn3)ccn2)CC1,4.0,-0.6020599913279624,0,train
Cc1cc(C(=O)Nc2cc3cc(-c4cnn(C)c4)ccc3cn2)cc(N2CCN(C)CC2)n1,3.0,-0.4771212547196624,0,train
Cn1cc(-c2ccc3cnc(NC(=O)c4ccnc(N5CC6CC5CN6)c4)cc3c2)cn1,2.0,-0.3010299956639812,0,train
CN1CCCN(c2cc(C(=O)Nc3cc4cc(-c5cnn(C)c5)ccc4cn3)ccn2)CC1,2.0,-0.3010299956639812,0,train
CN1CCN(c2cc(CC(=O)Nc3cc4cc(-c5cnn(C)c5)ccc4cn3)ccn2)CC1,2.0,-0.3010299956639812,0,train
CN(C)C1CCN(c2cc(C(=O)Nc3cc4cc(-c5cnn(C)c5)ccc4cn3)ccn2)CC1,1.0,-0.0,0,train
CN1CCN(c2ccc(C(=O)N3CCN(c4cc(C(=O)Nc5cc6cc(-c7cnn(C)c7)ccc6cn5)ccn4)CC3)cn2)CC1,2.0,-0.3010299956639812,0,train
CN1CCC2(CC1)CN(c1cc(C(=O)Nc3cc4cc(-c5cnn(C)c5)ccc4cn3)ccn1)C2,1.0,-0.0,0,test
CN1CCC(Nc2cc(C(=O)Nc3cc4cc(-c5cnn(C)c5)ccc4cn3)ccn2)CC1,2.0,-0.3010299956639812,0,train
Cn1cc(-c2ccc3cnc(NC(=O)c4ccnc(OC5CNC5)c4)cc3c2)cn1,3.0,-0.4771212547196624,0,train
Cn1cc(-c2ccc3cnc(NC(=O)c4ccc5c(c4)CNCC5)cc3c2)cn1,2.0,-0.3010299956639812,0,train
Cn1cc(-c2ccc3cnc(NC(=O)c4ccc5c(cnn5C)c4)cc3c2)cn1,2.0,-0.3010299956639812,0,train
Cn1cc(-c2ccc3cnc(NC(=O)c4cnc5ccccc5c4)cc3c2)cn1,3.0,-0.4771212547196624,0,train
Cn1cc(-c2ccc3cnc(NC(=O)c4ccc5cnccc5c4)cc3c2)cn1,3.0,-0.4771212547196624,0,test
CN1CCC(n2cc(C(=O)Nc3cc4cc(-c5cnn(C)c5)ccc4cn3)cn2)CC1,2.0,-0.3010299956639812,0,test
CC(C)OC(=O)N1CCC(n2cc(C(=O)Nc3cc4cc(-c5cnn(C)c5)ccc4cn3)cn2)CC1,3.0,-0.4771212547196624,0,train
CC(C)N1CCC(c2nc(C(=O)Nc3cc4cc(-c5cnn(C)c5)ccc4cn3)co2)CC1,16.0,-1.2041199826559248,0,test
CN(C)C1CN(c2ncc(C(=O)Nc3cc4cc(-c5cnn(C)c5)ccc4cn3)s2)C1,2.0,-0.3010299956639812,0,train
CN1CCN(c2cc(C(=O)Nc3cc4cc(-c5cnn(C6CC6)c5)ccc4cn3)ccn2)CC1,10.0,-1.0,0,train
CN1CCN(c2cc(C(=O)Nc3cc4cc(-c5cnn(C)c5N)ccc4cn3)ccn2)CC1,2.0,-0.3010299956639812,0,train
Cn1ncc(-c2ccc3cnc(NC(=O)c4ccc(OC(F)F)cc4)cc3c2)c1CO,4.0,-0.6020599913279624,0,train
CN1CCC2(CC1)CN(c1cc(C(=O)Nc3cc4cc(-c5cnn(C)c5CO)ccc4cn3)ccn1)C2,2.0,-0.3010299956639812,0,train
CO[C@H]1CC[C@H](C(=O)Nc2cc3cc(-c4cnn(C)c4CN4CCCCC4)ccc3cn2)CC1,2.0,-0.3010299956639812,0,test
Cn1ncc(-c2ccc3cnc(NC(=O)[C@H]4CC[C@H](CO)CC4)cc3c2)c1CN1CCCCC1,3.0,-0.4771212547196624,0,train
Cn1ncc(-c2ccc3cnc(NC(=O)C4CCN(C(=O)c5ccccc5)CC4)cc3c2)c1CN1CCCCC1,3.0,-0.4771212547196624,0,train
Cn1ncc(-c2ccc3cnc(NC(=O)c4cccc(CN5CCCC5)c4)cc3c2)c1CN1CCCCC1,2.0,-0.3010299956639812,0,train
Cn1ncc(-c2ccc3cnc(NC(=O)c4ccnc(N5CCOCC5)c4)cc3c2)c1CN1CCOCC1,2.0,-0.3010299956639812,0,train
O=C(Nc1cc2cc(-c3cnn4c3CCNC4)ccc2cn1)c1ccc(OC(F)F)cc1,6.0,-0.7781512503836436,0,train
CC(C)N1CCC(Oc2cc(C(=O)Nc3cc4cc(-c5cnn6c5CCNC6)ccc4cn3)ccn2)CC1,10.999999999999996,-1.041392685158225,0,train
CN1CCN(c2ccc(C(=O)Nc3cc4cc(-c5cnn6c5CN(CCF)CC6)ccc4cn3)cn2)CC1,1.0,-0.0,0,train
CNC(=O)c1ccc(C(=O)Nc2cc3cc(-c4cn(C)nn4)ccc3cn2)cn1,2.0,-0.3010299956639812,0,test
CN1CCc2cc(C(=O)Nc3cc4cc(-c5cn(C)nn5)ccc4cn3)ccc2C1,2.0,-0.3010299956639812,0,train
CC(C)N1CCC(n2cc(C(=O)Nc3cc4cc(-c5cn(C)nn5)ccc4cn3)cn2)CC1,3.0,-0.4771212547196624,0,train
Cn1cncc1-c1ccc2cnc(NC(=O)c3ccc(F)cc3)cc2c1,1.0,-0.0,0,train
Cn1cncc1-c1ccc2cnc(NC(=O)c3ccnc(N4CC(N)C4)c3)cc2c1,1.0,-0.0,0,train
Cn1cncc1-c1ccc2cnc(NC(=O)c3ccnc(N4CCN(C5CC5)CC4)c3)cc2c1,1.0,-0.0,0,train
CN1Cc2ccc(C(=O)Nc3cc4cc(-c5cncn5C)ccc4cn3)cc2C1,1.0,-0.0,0,train
Cc1nnc(C(=O)Nc2cc3cc(-c4cncn4C)ccc3cn2)s1,4.0,-0.6020599913279624,0,train
CC(C)n1cc(C(=O)Nc2cc3cc(-c4cncn4C)ccc3cn2)cn1,2.0,-0.3010299956639812,0,train
CC(C)n1cc(C(=O)Nc2cc3cc(-c4cncn4C(C)C)ccc3cn2)cn1,9.0,-0.9542425094393248,0,train
Cc1ncc(-c2ccc3cnc(NC(=O)C4(F)CC4)cc3c2)n1C,6.0,-0.7781512503836436,0,train
Cc1ncc(-c2ccc3cnc(NC(=O)c4ccc(OC(C)C)cc4)cc3c2)n1C,4.0,-0.6020599913279624,0,train
Cc1ncc(C(=O)Nc2cc3cc(-c4cnc(C)n4C)ccc3cn2)s1,1.0,-0.0,0,train
NC1CN(c2cc(C(=O)Nc3cc4cc(-c5cnco5)ccc4cn3)ccn2)C1,2.0,-0.3010299956639812,0,train
CN1CCN(c2cc(C(=O)Nc3cc4cc(-c5cncs5)ccc4cn3)ccn2)CC1,1.0,-0.0,1,train
O=C(Nc1cc2cc(-c3cncs3)ccc2cn1)c1ccc2c(c1)CNCC2,1.0,-0.0,0,test
CN1CCN(c2cc(C(=O)Nc3cc4cc(-c5cnc(N)s5)ccc4cn3)ccn2)CC1,4.0,-0.6020599913279624,0,test
Cc1nnc(-c2ccc3cnc(NC(=O)c4ccnc(C5=CCN(C)CC5)c4)cc3c2)s1,3.0,-0.4771212547196624,0,train
Cc1nnc(-c2ccc3cnc(NC(=O)c4ccnc(N(C)C5CCN(C)CC5)c4)cc3c2)s1,2.0,-0.3010299956639812,0,train
CN1CCN(c2cc(C(=O)Nc3cc4cc(-c5ccc(N)nc5)ccc4cn3)ccn2)CC1,12.000000000000002,-1.0791812460476249,1,train
O=C(Nc1cc2cc(-c3cncc(CN4CCC(O)CC4)c3)ccc2cn1)c1ccc(F)cc1,3.0,-0.4771212547196624,0,train
CC(C)Nc1cncc(-c2ccc3cnc(NC(=O)C4CCN(CCF)CC4)cc3c2)n1,1.0,-0.0,0,train
CC(C)Nc1cncc(-c2ccc3cnc(NC(=O)c4cccc(C5CCN(C)CC5)c4)cc3c2)n1,1.0,-0.0,1,test
O=C(Nc1cc2cc(-c3cncc(NC4CCNCC4)n3)ccc2cn1)C1CC(F)(F)C1,1.0,-0.0,0,train
O=C(Nc1cc2cc(-c3cncc(NC4CCNCC4)n3)ccc2cn1)C1CCCCC1,1.0,-0.0,0,train
O=C(Nc1cc2cc(-c3cncc(NCC4(F)CNC4)n3)ccc2cn1)C1CC1,1.0,-0.0,0,train
O=C(Nc1cc2cc(-c3cncc(N[C@H]4CCNC[C@@H]4F)n3)ccc2cn1)C1CC1,1.0,-0.0,0,test
CN1CCC(n2cc(C(=O)Nc3cc4cc(-c5cncc6[nH]ccc56)ccc4cn3)cn2)CC1,3.0,-0.4771212547196624,0,train
CN1CCC(n2cc(C(=O)Nc3cc4cc(-c5cnc6cc[nH]c6c5)ccc4cn3)cn2)CC1,5.000000000000001,-0.6989700043360189,0,train
CN1CCN(c2cc(C(=O)Nc3cc4nc(-c5cnn(C)c5)ccc4cn3)ccn2)CC1,7.0,-0.8450980400142568,0,test
CN1CCN(c2cc(C(=O)Nc3ncc4ccc(-c5cnn(C)c5)cc4n3)ccn2)CC1,7.999999999999999,-0.9030899869919436,0,train
Cn1cc(-c2ccc3cnc(NC(=O)c4ccc5nccnc5c4)cc3n2)cn1,7.0,-0.8450980400142568,0,train
CC(C)OC(=O)N1CCC(n2cc(C(=O)Nc3cc4cc(-c5cnn(C)c5)ncc4cn3)cn2)CC1,5.000000000000001,-0.6989700043360189,0,train
CN1CCC2(CC1)CN(c1cc(C(=O)Nc3cc4cc(-c5cnn(C)c5CN5CCCCC5)cnc4cn3)ccn1)C2,7.999999999999999,-0.9030899869919436,0,train
Cc1ncc(C(=O)Nc2cc3nc(-c4cnc(C)n4C)ccc3cn2)s1,1.0,-0.0,0,train
CN1CC=C(c2cc(C(=O)Nc3cc4cc(-c5cncc(NC(C)(C)C)n5)cnc4cn3)ccn2)CC1,1.0,-0.0,0,test
O=C(Nc1cc2cc(-c3cncc(NC4CCNCC4)n3)ncc2cn1)C1CCOCC1,4.0,-0.6020599913279624,0,train
CC(C)n1cc(C(=O)Nc2cc3cc(-c4cncc(NC5CCN(C)CC5)n4)ncc3cn2)cn1,1.0,-0.0,0,test
O=C(Nc1cc2cc(-c3cncc(NCC4(F)CNC4)n3)ncc2cn1)C1CC1,2.0,-0.3010299956639812,0,train
CN1CCC(n2cc(C(=O)Nc3ncc4ccc(-c5cncc6[nH]ccc56)cc4n3)cn2)CC1,7.0,-0.8450980400142568,0,train
CN1CCCCN(C)c2nccc3[nH]c(nc23)-c2c[nH]c3ccc(cc23)-c2cncc(c2)C1,2.0,-0.3010299956639812,0,train
c1cc2cc(c1)-c1cncc3[nH]c(nc13)-c1n[nH]c3ccc(cc13)-c1cncc(c1)CNC2,3.0,-0.4771212547196624,0,train
O=C1CCc2cccc(c2)-c2cncc3[nH]c(nc23)-c2n[nH]c3ccc(cc23)-c2cncc(c2)N1,10.0,-1.0,0,train
O=C1COc2cccc(c2)-c2cncc3[nH]c(nc23)-c2n[nH]c3ccc(cc23)-c2cncc(c2)N1,5.000000000000001,-0.6989700043360189,0,train
CN1CCCn2cc(nn2)-c2nccc3[nH]c(nc23)-c2n[nH]c3ccc(cc23)-c2cncc(c2)C1,4.0,-0.6020599913279624,0,test
O=C1CCc2cccc(c2)-c2cncc(c2)NC(=O)c2n[nH]c3ccc(cc23)-c2cncc(c2)CN1,9.0,-0.9542425094393248,0,train
CN1CCN(c2cc(Nc3ncc4c(-c5ccc6ncccc6c5)c[nH]c4n3)ccn2)CC1,1.0,-0.0,0,test
CNc1nc(NCc2ncccn2)c2c(-c3ccc4ncccc4c3)c[nH]c2n1,7.0,-0.8450980400142568,0,test
O=C(Nc1cc2cc(-c3cncs3)ccc2cn1)C1(F)CCCCC1,7.999999999999999,-0.9030899869919436,0,test
CN1CC2CCC(C1)N2C(=O)Nc1cc2cc(-c3cnn(C)c3)ccc2cn1,7.0,-0.8450980400142568,0,train
CN1CCC(C(=O)Nc2cc3cc(-c4cnsc4)cnc3cn2)CC1,40.000000000000014,-1.6020599913279625,0,train
O=C(Nc1cc2cc(-c3cnco3)cnc2cn1)[C@H]1CC[C@H](CO)CC1,29.0,-1.462397997898956,0,train
O=C(Nc1cc2cc(-c3cnco3)cnc2cn1)C1CCNCC1,40.000000000000014,-1.6020599913279625,0,train
CC(F)(F)CN1CCC(C(=O)Nc2cc3cc(-c4cnco4)cnc3cn2)CC1,16.0,-1.2041199826559248,0,train
