smiles,exp_mean [nM],y,cliff_mol,split
O=c1n(C2CSC(CO)O2)ccc2nc(CO)cn12,77700.00000000004,-4.8904210188009145,1,train
N#CN/C(=N\C1CCCC1)Nc1cc(C(F)(F)F)cc(C(F)(F)F)c1,10400.00000000001,-4.017033339298781,0,train
O=c1n(C2CSC(CO)O2)ccc2nc(-c3ccc([N+](=O)[O-])cc3)cn12,4799.999999999999,-3.681241237375587,0,test
CC(C)CC/N=C(\NC#N)Nc1cc(Cl)cc(Cl)c1,22000.00000000002,-4.342422680822207,0,train
O=c1n(C2COC(CO)O2)ccc2nc(CO)cn12,2000.0,-3.3010299956639813,1,train
O=c1n(C2COC(CO)O2)ccc2nc(-c3ccc(F)cc3)cn12,4199.999999999999,-3.6232492903979,0,train
O=c1nc(/N=C/N2CCOCC2)ccn1C1CSC(CO)O1,49.99999999999999,-1.6989700043360187,0,train
O=c1nc(/N=C/N(c2ccccc2)c2ccccc2)ccn1C1CSC(CO)O1,49.99999999999999,-1.6989700043360187,0,train
COc1ccc(N(/C=N/c2ccn(C3CSC(CO)O3)c(=O)n2)c2ccc(OC)cc2)cc1,30.0,-1.4771212547196624,0,train
CN(C)/C=N/c1ccn(C2CSC(CO)O2)c(=O)n1,10.0,-1.0,0,train
O=c1nc(/N=C/N(c2ccc(F)cc2)c2ccc(F)cc2)ccn1C1CSC(CO)O1,10.0,-1.0,0,train
Cc1cn(C2C/C(=N\O)C(CO)O2)c(=O)[nH]c1=O,979.5086784468904,-2.9910082881969107,0,train
Nc1ncnc2c1ncn2[C@H]1C=C[C@@H](CO)O1,1199.9999999999995,-3.0791812460476247,0,train
Nc1ncnc2c1ncn2[C@H]1CC[C@@H](CO)O1,6000.000000000003,-3.778151250383644,0,train
Nc1nc(O)c2ncn([C@@H]3C[C@H](CO)[C@@H](O)C3)c2n1,49.99999999999999,-1.6989700043360187,0,train
C=C1[C@H](CO)[C@@H](O)C[C@@H]1n1cnc2c(N)ncnc21,128.0,-2.1072099696478683,0,train
C=C1[C@@H](CO)[C@H](O)C[C@H]1n1cnc2c(O)nc(N)nc21,100000.0,-5.0,1,test
C=C1[C@H](CO)[C@@H](O)C[C@@H]1n1cc(I)c(=O)[nH]c1=O,10500.000000000004,-4.021189299069938,0,test
C=C1[C@H](CO)[C@@H](O)C[C@@H]1n1cnc2c(=O)[nH]c(N)nc21,3.0,-0.4771212547196624,1,train
OC[C@H]1O[C@@H](n2cnc3c(O)ncnc32)[C@H](F)[C@@H]1O,8000.000000000004,-3.903089986991944,0,train
Nc1ncnc2c1ncn2[C@@H]1O[C@H](CO)[C@@H](O)[C@H]1F,1500.0000000000005,-3.1760912590556813,0,train
O=C(N/C(C(=O)N1CCOCC1)=C(/Cl)c1ccccc1)c1ccccc1,7300.0,-3.863322860120456,0,train
Nc1nc(=O)n([C@@H]2CS[C@H](CO)O2)cc1F,30.0,-1.4771212547196624,1,test
O=C(N/C(C(=O)N1CCCC1)=C(/Cl)c1ccccc1)c1ccccc1,5599.999999999998,-3.7481880270062,0,train
CC(=O)SCCOP(=O)(OCCSC(C)=O)OC[C@H]1C=C[C@@H](n2cc(F)c(N)nc2=O)O1,2.0,-0.3010299956639812,0,train
Nc1nc(=O)n([C@@H]2C=C[C@H](CO)O2)cc1F,17.0,-1.230448921378274,1,train
Nc1ccn([C@H]2C[Se][C@@H](CO)O2)c(=O)n1,1199.9999999999995,-3.0791812460476247,0,train
Nc1nc(=O)n([C@H]2C[Se][C@@H](CO)O2)cc1F,1199.9999999999995,-3.0791812460476247,1,train
Nc1nc(O)c2ncn(CC3(OCP(=O)(O)O)CC3)c2n1,500.0,-2.6989700043360187,1,train
Cc1nc(N)nc2c1ncn2CC1(OCP(=O)(O)O)CC1,8000.000000000004,-3.903089986991944,1,train
Nc1nc(Cl)c2ncn(CC3(OCP(=O)(O)O)CC3)c2n1,1500.0000000000005,-3.1760912590556813,0,test
CCOc1nc(N)nc2c1ncn2CC1(OCP(=O)(O)O)CC1,500.0,-2.6989700043360187,1,train
Nc1ncnc2c1ncn2CCOCP(=O)(O)O,2000.0,-3.3010299956639813,0,test
Nc1ncnc2c1ncn2CC1(OCP(=O)(O)O)CC1,8000.000000000004,-3.903089986991944,0,train
O=c1cc(-c2ccc(O)c(-c3c(O)cc4oc(-c5ccc(O)cc5)cc(=O)c4c3O)c2)oc2cc(O)cc(O)c12,249.99999999999997,-2.397940008672037,0,test
Nc1nc(O)c2ncn(CCC(CO)CO)c2n1,189.99999999999997,-2.278753600952829,0,train
Nc1ncc2ncn(CC3(OCP(=O)(O)O)CC3)c2n1,4000.000000000001,-3.6020599913279625,0,train
Nc1ccn(C2CSC(COC(=O)NCP(=O)(O)O)O2)c(=O)n1,4999.999999999999,-3.6989700043360183,0,train
NCCCCNC(=O)OCC1OC(n2ccc(N)nc2=O)CS1,1000.0,-3.0,0,train
Nc1ccn(C2CSC(COC(=O)NCCCCCCO)O2)c(=O)n1,4999.999999999999,-3.6989700043360183,0,train
Nc1ccn(C2CSC(COC(=O)NCCCCO)O2)c(=O)n1,4999.999999999999,-3.6989700043360183,0,train
NCCCOC(=O)OCC1OC(n2ccc(N)nc2=O)CS1,500.0,-2.6989700043360187,0,train
CCCCNC(=O)OCC1OC(n2ccc(N)nc2=O)CS1,1000.0,-3.0,0,train
Nc1ccn(C2CSC(COC(=O)NCCCO)O2)c(=O)n1,1000.0,-3.0,0,train
CCCNC(=O)OCC1OC(n2ccc(N)nc2=O)CS1,4999.999999999999,-3.6989700043360183,0,train
NCCCCOC(=O)OCC1OC(n2ccc(N)nc2=O)CS1,1000.0,-3.0,0,train
NCCCNC(=O)OCC1OC(n2ccc(N)nc2=O)CS1,1000.0,-3.0,0,test
CCCCOP(=O)(CCCCC1(C(=O)NCc2ccccc2)c2ccccc2-c2ccccc21)OCCCC,58.00000000000001,-1.7634279935629371,0,train
CCCCOP(=O)(CCCCC1(C(=O)NCC(F)(F)F)c2ccccc2-c2ccccc21)OCCCC,7.0,-0.8450980400142568,0,train
CCCCOP(=O)(CCCCC1(C(=O)NCCc2ccc(OC)cc2)c2ccccc2-c2ccccc21)OCCCC,23.0,-1.3617278360175928,0,train
O=C(NC1CCN(CCCC2(C(=O)NCC(F)(F)F)c3ccccc3-c3ccccc32)CC1)c1ccccc1,79.99999999999999,-1.9030899869919435,0,train
C[C@]12Cc3cnn(-c4ccc(F)cc4)c3C=C1CCC21OCCO1,211.0,-2.3242824552976926,0,train
C/C=C/[C@H]1OC2(CCC3=Cc4c(cnn4-c4ccc(F)cc4)C[C@@]32C)O[C@@H]1/C=C/C,164.00000000000003,-2.214843848047698,0,train
CCN(CC)Cc1ccc(C(=O)N(CCc2ccccc2OC)[C@@H]2CCNC2)cc1,599.9999999999997,-2.7781512503836434,0,train
O=C(O)Cc1cccc2c(NCc3cccc(-c4ccnc5c(C(F)(F)F)cccc45)c3)cccc12,4039.9999999999977,-3.6063813651106047,0,train
Cc1cnc2c(C(F)(F)F)cccc2c1-c1cccc(CNc2cccc3c(CC(=O)O)cccc23)c1,4049.999999999997,-3.607455023214668,0,test
O=C(O)Cc1cccc2c(NCc3cccc(-c4c(Cc5ccccc5)cnc5c(C(F)(F)F)cccc45)c3)cccc12,263.0000000000001,-2.419955748489758,0,train
Cc1cc(C=C2C(=O)C=CC2=O)cc(C)c1O,2070.0000000000005,-3.315970345456918,0,test
CCCCCCCCCCCCCCCCCC(=O)O[C@H]1C[C@@H](O)[C@]2(C)[C@H]3CC[C@@H]4[C@@H]([C@@](C)(O)CCC=C(C)C)CC[C@@]4(C)[C@]3(C)CC[C@H]2C1(C)C,7799.999999999999,-3.89209460269048,0,train
CCCCCCCCCCCCCCCCCC(=O)O[C@H]1C[C@@H](O)[C@]2(C)[C@H]3CC[C@@H]4[C@@H]([C@@](C)(O)C/C=C/C(C)(C)OO)CC[C@@]4(C)[C@]3(C)CC[C@H]2C1(C)C,15700.000000000013,-4.195899652409234,0,train
CCCCCCCCCCCCCCCCCC(=O)O[C@H]1CC[C@]2(C)[C@H]3[C@H](O)C[C@@H]4[C@@H]([C@@](C)(O)CCC=C(C)C)CC[C@@]4(C)[C@]3(C)CC[C@H]2C1(C)C,9400.000000000002,-3.9731278535996983,0,train
C[S+](O)CCCCN=C=S,4000.000000000001,-3.6020599913279625,0,train
O=c1cc(-c2ccc(Br)cc2)oc2ccccc12,30000.00000000001,-4.477121254719663,0,train
O=c1cc(-c2ccccc2)oc2ccc3ccccc3c12,8000.000000000004,-3.903089986991944,0,test
COc1cc2c(c(OC)c1OC)-c1ccc(OC)c(=O)cc1[C@@H](NC(C)=O)CC2,31.0,-1.4913616938342726,0,test
COc1cc2c(c(OC)c1OC)-c1ccc(OC)c(=O)cc1[C@@H](NC(=O)CCC1=[N+]3C(=Cc4cccn4[B-]3(F)F)C=C1)CC2,179.99999999999997,-2.255272505103306,0,test
COc1cc2c(c(OC)c1OC)-c1ccc(OC)c(=O)cc1[C@@H](NC(=O)CCCCCNC(=O)COc1ccc(/C=C/C3=[N+]4C(=Cc5ccc(-c6ccc[nH]6)n5[B-]4(F)F)C=C3)cc1)CC2,1199.9999999999995,-3.0791812460476247,0,train
CCCCCCOc1ccc(C(=O)CCN(C)C)c(C(F)(F)F)c1,10000.0,-4.0,0,train
CCCCCCOc1ccc2c(c1)CCC(CN(C)C)C2=O,12000.000000000007,-4.079181246047625,0,train
CCCCCCOc1ccc2c(c1)OCC(CN(C)C)C2=O,12000.000000000007,-4.079181246047625,0,test
CCCCCCSc1cc(Cl)c(C(=O)CCN2CCN(S(=O)(=O)CC)CC2)c(Cl)c1,12000.000000000007,-4.079181246047625,0,train
CCCCCCSc1cc(Cl)c(C(=O)CCN2CCOCC2)c(Cl)c1,13000.000000000004,-4.113943352306837,0,train
CCCCCCOc1ccc2c(c1)CC(CN(C)C)C2=O,14000.000000000004,-4.146128035678238,0,train
CCCCCCSc1cc(Cl)c(C(=O)CCN2CCN(C(C)=O)CC2)c(Cl)c1,14000.000000000004,-4.146128035678238,0,train
CCCCCCOc1cc(C)c(C(=O)CCN(C)C)c(C)c1,15000.000000000004,-4.176091259055681,0,train
CCCCCCOc1cc(Cl)c(C(=O)CCN2CCN(C(C)=O)CC2)c(Cl)c1,15000.000000000004,-4.176091259055681,0,test
CCCCCCOc1ccc(C(=O)CCN(C)C)cc1C(C)(C)C,16000.00000000001,-4.204119982655925,0,test
CCCCCCOc1ccc(C(=O)CCN(C)C)cc1-c1ccccc1,16000.00000000001,-4.204119982655925,0,train
CCCCCCSc1cc(Cl)c(C(=O)CCN2CCNC(=O)C2)c(Cl)c1,16000.00000000001,-4.204119982655925,0,train
CCCCCCOc1ccc(C(=O)CCN2CCN(C(C)=O)CC2)c(Cl)c1Cl,17000.000000000007,-4.230448921378274,0,train
CCCCCCOc1cc(Cl)c(C(=O)CCN2CCOCC2)c(Cl)c1,17000.000000000007,-4.230448921378274,0,train
CCCCCCOc1cc(Cl)c(C(=O)CCN(C)C)c(Cl)c1,18000.000000000015,-4.2552725051033065,0,train
CCCCCCOc1cc(Cl)c(C(=O)CCN2CCN(S(=O)(=O)CC)CC2)c(Cl)c1,18000.000000000015,-4.2552725051033065,0,train
CCCCCCSc1cc(Cl)c(C(=O)CCN2CCOCC2)cc1Cl,19000.0,-4.278753600952829,0,test
CCCCCCSc1ccc(C(=O)CCN2CCOCC2)c(Cl)c1Cl,20000.000000000004,-4.301029995663981,0,test
CCCCCCOc1cc(Cl)c(C(=O)CCN2CCNC(=O)C2)c(Cl)c1,23000.00000000001,-4.361727836017593,0,train
CCCCCCSc1ccc(C(=O)CCN2CCN(C(C)=O)CC2)c(Cl)c1Cl,23000.00000000001,-4.361727836017593,0,train
CCCCCCOc1ccc(C(=O)CCN(C)C)cc1Cc1ccccc1,24000.00000000002,-4.380211241711606,0,train
CCCCCCSc1ccc(C(=O)CCN2CCNC(=O)C2)c(Cl)c1Cl,24000.00000000002,-4.380211241711606,0,train
CCCCCCSc1cc(Cl)c(C(=O)CCN2CCN(C(C)=O)CC2)cc1Cl,24000.00000000002,-4.380211241711606,0,train
CCCCCCOc1ccc(C(=O)CCN2CCOCC2)c(Cl)c1Cl,24999.999999999996,-4.3979400086720375,0,train
CCCCCCSc1cc(C)c(C(=O)CCN2CCN(S(=O)(=O)CC)CC2)c(C)c1,24999.999999999996,-4.3979400086720375,0,test
CCCCCCOc1cc(C(C)C)c(C(=O)CCN(C)C)cc1C,26000.00000000001,-4.414973347970818,0,test
CCCCCCSc1ccc(C(=O)CCN2CCN(S(=O)(=O)CC)CC2)c(Cl)c1Cl,26000.00000000001,-4.414973347970818,0,train
CCCCCCSc1cc(C)c(C(=O)CCN(C)C)c(C)c1,26000.00000000001,-4.414973347970818,0,train
CCCCCCSc1cc(C)c(C(=O)CCN2CCN(C(C)=O)CC2)c(C)c1,26000.00000000001,-4.414973347970818,0,train
CCCCCCOc1ccc(C(=O)C(CN(C)C)c2ccccc2)cc1,26999.99999999997,-4.431363764158987,0,test
CCCCCCSc1cc(Cl)c(C(=O)CCN(C)C)cc1Cl,26999.99999999997,-4.431363764158987,0,train
CCCCCCOc1ccc(C(=O)CCN2CCN(S(=O)(=O)CC)CC2)c(Cl)c1,28000.00000000001,-4.447158031342219,0,train
CCCCCCOc1ccc(C(=O)CCN2CCN(S(=O)(=O)CC)CC2)c(Cl)c1Cl,28000.00000000001,-4.447158031342219,0,train
CCCCCCOc1cc(Cl)c(C(=O)CCN2CCOCC2)cc1Cl,28000.00000000001,-4.447158031342219,0,train
CCCCCCOc1cc(Cl)c(C(=O)CCN2CCN(C(C)=O)CC2)cc1Cl,28000.00000000001,-4.447158031342219,0,test
CCCCCCS(=O)(=O)c1cc(C)c(C(=O)CCN2CCN(C(C)=O)CC2)c(C)c1,28000.00000000001,-4.447158031342219,0,train
CCCCCCOc1ccc(C(=O)CCN(C)C)cc1SC,28999.99999999997,-4.462397997898956,0,train
CCCCCCSc1cc(Cl)c(C(=O)CCN2CC2C)c(Cl)c1,28999.99999999997,-4.462397997898956,0,train
CCCCCCS(=O)(=O)c1cc(C)c(C(=O)CCN(C)C)c(C)c1,28999.99999999997,-4.462397997898956,0,test
CCCCCCOc1ccc(C(=O)CCN(C)C)cc1I,31000.00000000003,-4.491361693834273,0,train
CCCCCCOc1ccc(C(=O)CCN(C)C)c(Cl)c1Cl,31000.00000000003,-4.491361693834273,0,train
CCCCCCOc1cc(Cl)c(C(=O)CCN2CCN(S(=O)(=O)CC)CC2)cc1Cl,31000.00000000003,-4.491361693834273,0,train
CCCCCCOc1cc(C)c(C(=O)CCN2CCOCC2)c(C)c1,31000.00000000003,-4.491361693834273,0,train
CCCCCCSc1ccc(C(=O)CCN2CCN(C(C)=O)CC2)c(Cl)c1,31000.00000000003,-4.491361693834273,0,test
CCCCCCOc1ccc(C(=O)CCN(C)C)c(C)c1,32000.000000000025,-4.505149978319906,0,train
CCCCCCOc1ccc(C(=O)CCN(C)C)cc1Cl,32000.000000000025,-4.505149978319906,0,train
CCCCCCSc1cc(Cl)c(C(=O)CCN2CCN(S(=O)(=O)CC)CC2)cc1Cl,32000.000000000025,-4.505149978319906,0,train
CCCCCCS(=O)(=O)c1cc(Cl)c(C(=O)CCN2CCN(S(=O)(=O)CC)CC2)c(Cl)c1,32000.000000000025,-4.505149978319906,0,train
CCCCCCS(=O)(=O)c1cc(C)c(C(=O)CCN2CCOCC2)c(C)c1,32000.000000000025,-4.505149978319906,0,train
CCCCCCOc1ccc(C(=O)CCN(C)C)cc1Br,32999.99999999997,-4.518513939877887,0,train
CCCCCCOc1cc(C)c(C(=O)CCN2CC2C)c(C)c1,32999.99999999997,-4.518513939877887,0,train
CCCCCCOc1ccc(C(=O)CCN(C)C)cc1C(F)(F)F,34000.00000000002,-4.531478917042255,0,train
CCCCCCSc1ccc(C(=O)CCN(C)C)cc1,34000.00000000002,-4.531478917042255,0,train
CCCCCCOc1cc(C)c(C(=O)CCN2CCN(C(C)=O)CC2)c(C)c1,34000.00000000002,-4.531478917042255,0,test
CCCCCCSc1ccc(C(=O)CCN2CCN(S(=O)(=O)CC)CC2)c(Cl)c1,34000.00000000002,-4.531478917042255,0,test
CCCCCCSc1cc(C)c(C(=O)CCN2CC2C)c(C)c1,35000.0,-4.544068044350276,0,train
CCCCCCSc1cc(C)c(C(=O)CCN2CCOCC2)c(C)c1,35000.0,-4.544068044350276,0,train
CCCCCCS(=O)(=O)c1cc(C)c(C(=O)CCN2CC2C)c(C)c1,35000.0,-4.544068044350276,0,train
CCCCCCSc1ccc(C(=O)CCN(C)C)c(Cl)c1,35999.99999999996,-4.556302500767287,0,train
CCCCCCOc1ccc(C(=O)CCN(C)C)cc1F,37000.0,-4.568201724066995,0,train
CCCCCCSc1ccc(C(=O)CCN2CCOCC2)c(Cl)c1,37000.0,-4.568201724066995,0,train
CCCCCCOc1ccc(C(=O)CCN(C)C)cc1C,37999.99999999999,-4.57978359661681,0,train
CCCCCCOc1ccc(C(=O)CCN(C)C)c2ccccc12,37999.99999999999,-4.57978359661681,0,test
CCCCCCS(=O)(=O)c1cc(C)c(C(=O)CCN2CCN(S(=O)(=O)CC)CC2)c(C)c1,37999.99999999999,-4.57978359661681,0,train
CCCCCCOc1ccc(C(=O)CCN2CCOCC2)c(Cl)c1,39000.00000000003,-4.5910646070265,0,train
CCCCCCOc1ccc(C(=O)CCN2CC2C)c(Cl)c1Cl,39000.00000000003,-4.5910646070265,0,train
CCCCCCOc1cc(C)c(C(=O)CCN2CCNC(=O)C2)c(C)c1,39000.00000000003,-4.5910646070265,0,train
CCCCCCOc1cc(C)c(C(=O)CCN2CCN(S(=O)(=O)CC)CC2)c(C)c1,39000.00000000003,-4.5910646070265,0,test
CCCCCCS(=O)(=O)c1cc(Cl)c(C(=O)CCN2CCOCC2)c(Cl)c1,39000.00000000003,-4.5910646070265,0,train
CCCCCCOc1c(C)cc(C(=O)CCN(C)C)cc1C,40999.99999999999,-4.612783856719736,0,train
CCCCCCOc1ccc(C(=O)CCN(C)C)cc1[N+](=O)[O-],42999.99999999997,-4.633468455579586,0,train
CCCCCCOc1ccc(C(=O)CCN2CCN(C(C)=O)CC2)c(Cl)c1,42999.99999999997,-4.633468455579586,0,train
CCCCCCOc1cc(Cl)c(C(=O)CCN2CC2C)c(Cl)c1,42999.99999999997,-4.633468455579586,0,train
CCCCCCSc1cc(Cl)c(C(=O)CCN2CCNC(=O)C2)cc1Cl,42999.99999999997,-4.633468455579586,0,train
CCCCCCS(=O)(=O)c1cc(Cl)c(C(=O)CCN2CCN(C(C)=O)CC2)c(Cl)c1,42999.99999999997,-4.633468455579586,0,train
CCCCCCOc1cccc(C(=O)CCN(C)C)c1,45000.00000000003,-4.653212513775344,0,train
CCCCCCOc1ccc(C(=O)CCN(C)C)c(S(C)(=O)=O)c1,45000.00000000003,-4.653212513775344,0,train
CCCCCCSc1cc(Cl)c(C(=O)CCN(C)C)c(Cl)c1,46000.00000000003,-4.662757831681574,0,train
CCCCCCOc1ccc(C(=O)CCN2CCNC(=O)C2)c(Cl)c1Cl,46999.99999999996,-4.672097857935717,0,test
CCCCCCSc1ccc(C(=O)CCN2CCNC(=O)C2)c(Cl)c1,46999.99999999996,-4.672097857935717,0,test
CCCCCCOc1ccc(C(=O)CCN(CCCC)CCCC)cc1,48000.00000000005,-4.681241237375588,0,train
CCCCCCSc1cc(C)c(C(=O)CCN2CCNC(=O)C2)c(C)c1,48000.00000000005,-4.681241237375588,0,train
CCCCCCS(=O)(=O)c1cc(C)c(C(=O)CCN2CCNC(=O)C2)c(C)c1,49999.99999999999,-4.698970004336019,0,test
CCCCCCOc1ccc(C(=O)CCN2CC2C)c(Cl)c1,51000.00000000005,-4.707570176097937,0,train
CCCCCCOc1ccc(C(=O)CCN(C)C)c(Cl)c1,53000.000000000015,-4.724275869600789,0,train
CCCCCCOc1ccc(C(=O)CCN(C)C)c(Br)c1,53999.99999999996,-4.732393759822968,0,train
CCCCCCOc1ccc(C(=O)CCN2CCN(C)CC2)cc1,53999.99999999996,-4.732393759822968,0,train
CCCCCCOc1ccc(C(=O)CCn2ccnc2)cc1,53999.99999999996,-4.732393759822968,0,train
CCCCCCOc1cc(Cl)c(C(=O)CCN2CCNC(=O)C2)cc1Cl,53999.99999999996,-4.732393759822968,0,train
CCCCCCS(=O)(=O)c1cc(Cl)c(C(=O)CCN(C)C)c(Cl)c1,53999.99999999996,-4.732393759822968,0,train
CCCCCCOc1ccc(C(=O)CCN(C)C)c(I)c1,55000.00000000004,-4.740362689494244,0,train
CCCCCCSc1ccc(C(=O)CCN2CC2C)c(Cl)c1,55000.00000000004,-4.740362689494244,0,test
CCCCCCOc1ccc(C(=O)C(C)CN(C)C)cc1,56000.00000000004,-4.748188027006201,0,train
CCCCCCOc1ccc(C(=O)CCN2CCOCC2)cc1,56000.00000000004,-4.748188027006201,0,test
CCCCCCS(=O)(=O)c1ccc(C(=O)CCN2CCOCC2)c(Cl)c1Cl,56000.00000000004,-4.748188027006201,0,train
CCCCCCOc1cc(Cl)c(C(=O)CCN2CC2C)cc1Cl,57000.00000000001,-4.755874855672492,0,test
CCCCCCS(=O)(=O)c1cc(Cl)c(C(=O)CCN2CC2C)c(Cl)c1,57000.00000000001,-4.755874855672492,0,train
CCCCCCOc1ccc(C(=O)CCN2CCCC2)cc1,58999.99999999994,-4.770852011642144,0,train
CCCCCCOc1ccc(C(=O)CCN2CCNC(=O)C2)c(Cl)c1,60000.00000000003,-4.778151250383644,0,test
CCCCCCS(=O)(=O)c1cc(Cl)c(C(=O)CCN2CCN(S(=O)(=O)CC)CC2)cc1Cl,60000.00000000003,-4.778151250383644,0,train
CCCCCCS(=O)(=O)c1cc(Cl)c(C(=O)CCN2CCNC(=O)C2)c(Cl)c1,61000.000000000015,-4.785329835010767,0,train
CCCCCCOc1ccc(C(=O)CCN(C)C)c(OC)c1,61999.99999999994,-4.792391689498253,0,train
CCCCCCOc1cc(Cl)c(C(=O)CCN(C)C)cc1Cl,61999.99999999994,-4.792391689498253,0,train
CCCCCCOc1ccc(C(=O)C(CN(C)C)C(C)C)cc1,61999.99999999994,-4.792391689498253,0,test
CCCCCCSc1ccc(C(=O)CCN(C)C)c(Cl)c1Cl,61999.99999999994,-4.792391689498253,0,train
CCCCCCSc1ccc(C(=O)CCN2CC2C)c(Cl)c1Cl,61999.99999999994,-4.792391689498253,0,train
CCCCCCS(=O)(=O)c1cc(Cl)c(C(=O)CCN(C)C)cc1Cl,63000.00000000006,-4.799340549453582,0,train
CCCCCCOc1ccc(C(=O)CCN(C)C)cc1,65000.000000000015,-4.812913356642856,0,train
CCCCCCOc1ccc2cc(C(=O)CCN(C)C)ccc2c1,65000.000000000015,-4.812913356642856,0,train
CCCCCCOc1ccc(C(=O)CCN2CCCCC2)cc1,65999.99999999994,-4.819543935541868,0,train
CCCCCCS(=O)(=O)c1ccc(C(=O)CCN(C)C)c(Cl)c1,65999.99999999994,-4.819543935541868,0,train
CCCCCCS(=O)(=O)c1ccc(C(=O)CCN(C)C)c(Cl)c1Cl,65999.99999999994,-4.819543935541868,0,train
CCCCCCOc1ccc(C(=O)CCN2CC2C)cc1,66999.99999999993,-4.826074802700826,0,test
CCCCCCS(=O)(=O)c1cc(Cl)c(C(=O)CCN2CCOCC2)cc1Cl,71999.99999999994,-4.857332496431268,0,train
CCCCCCS(=O)(=O)c1ccc(C(=O)CCN2CCN(S(=O)(=O)CC)CC2)c(Cl)c1Cl,73000.0,-4.863322860120456,0,train
CCCCCCSc1cc(Cl)c(C(=O)CCN2CC2C)cc1Cl,78000.00000000007,-4.892094602690481,0,train
CCCCCCOc1ccc(C(=O)CCN2CCN(c3ccccc3)CC2)cc1,80999.99999999996,-4.9084850188786495,0,train
CCCCCCS(=O)(=O)c1ccc(C(=O)CCN2CC2C)c(Cl)c1Cl,82000.0,-4.913813852383717,0,test
CCCCCCS(=O)(=O)c1cc(Cl)c(C(=O)CCN2CCN(C(C)=O)CC2)cc1Cl,86999.99999999994,-4.939519252618618,0,train
CCCCCCS(=O)(=O)c1ccc(C(=O)CCN2CCNC(=O)C2)c(Cl)c1Cl,92000.00000000006,-4.963787827345556,0,train
CCCCCCS(=O)(=O)c1ccc(C(=O)CCN2CCN(C(C)=O)CC2)c(Cl)c1Cl,97000.00000000007,-4.986771734266245,0,train
CCCCCCS(=O)(=O)c1ccc(C(=O)CCN2CCOCC2)c(Cl)c1,98000.00000000006,-4.991226075692495,0,train
CCCCCCS(=O)(=O)c1ccc(C(=O)CCN2CCNC(=O)C2)c(Cl)c1,98999.99999999994,-4.99563519459755,0,test
CCCCCCOc1ccc(C(=O)CCN(C)C)cc1OC,100000.0,-5.0,0,train
CCCCCCS(=O)(=O)c1ccc(C(=O)CCN2CCN(S(=O)(=O)CC)CC2)c(Cl)c1,100000.0,-5.0,0,train
CCCCCCCc1ccc(C(=O)CCN(C)C)cc1,53999.99999999996,-4.732393759822968,0,train
CC(C)=CC(=O)C[C@@H](C)[C@H]1CC[C@@]2(C)[C@@H]3CC[C@H]4[C@](C)(C(=O)O)[C@@H](O)C[C@H](O)[C@@]45C[C@@]35CC[C@]12C,66400.0,-4.8221680793680175,0,train
COc1ccc(-c2csc(=O)n2-c2cc(OC)c(OC)c(OC)c2)cc1N,3890.0,-3.589949601325708,0,test
Cc1cnc2c(C(F)(F)F)cccc2c1-c1cccc(Oc2cccc(S(C)(=O)=O)c2)c1,146.99999999999997,-2.167317334748176,1,train
Cc1nc2c(C(F)(F)F)cccc2n1-c1cccc(Oc2cccc(S(C)(=O)=O)c2)c1,270.5000000000001,-2.4321672694425884,1,train
Cc1nc2c(Cl)cccc2n1-c1cccc(Oc2cccc(S(C)(=O)=O)c2)c1,124.00000000000004,-2.093421685162235,0,train
CCS(=O)(=O)c1cccc(Oc2cccc(-n3c(C)nc4c(C(F)(F)F)cccc43)c2)c1,261.9999999999999,-2.418301291319745,0,train
CCS(=O)(=O)c1cccc(Oc2cccc(-n3c(C)nc4c(Cl)cccc43)c2)c1,220.0,-2.342422680822206,0,train
Cc1nc2c(C(F)(F)F)cccc2n1-c1cccc(Oc2cccc(S(=O)(=O)C(C)C)c2)c1,179.00000000000006,-2.2528530309798933,0,train
Cc1nc2c(Cl)cccc2n1-c1cccc(Oc2cccc(S(=O)(=O)C(C)C)c2)c1,134.00000000000003,-2.127104798364808,0,train
CCCS(=O)(=O)c1cccc(Oc2cccc(-n3c(C)nc4c(C(F)(F)F)cccc43)c2)c1,273.0,-2.436162647040756,0,train
Cc1nc2c(C(F)(F)F)cccc2n1-c1cccc(Oc2cccc(S(=O)(=O)CCCO)c2)c1,594.0,-2.773786444981193,0,test
Cc1nc2c(Cl)cccc2n1-c1cccc(Oc2cccc(S(=O)(=O)C(F)(F)F)c2)c1,122.00000000000004,-2.0863598306747484,0,test
Cc1nc2c(C(F)(F)F)cccc2n1-c1cccc(Oc2cc(F)cc(S(C)(=O)=O)c2)c1,192.00000000000003,-2.2833012287035497,0,train
CCS(=O)(=O)c1cc(F)cc(Oc2cccc(-n3c(C)nc4c(C(F)(F)F)cccc43)c2)c1,168.0,-2.225309281725863,0,train
CS(=O)(=O)c1cccc(Oc2cccc(-n3cnc4c(C(F)(F)F)cccc43)c2)c1,523.9999999999998,-2.7193312869837265,0,test
CS(=O)(=O)c1cccc(Oc2cccc(-n3c(C(F)(F)F)nc4c(C(F)(F)F)cccc43)c2)c1,185.0,-2.2671717284030137,0,train
CCc1nc2c(C(F)(F)F)cccc2n1-c1cccc(Oc2cccc(S(C)(=O)=O)c2)c1,119.99999999999996,-2.0791812460476247,1,train
CC(C)c1nc2c(C(F)(F)F)cccc2n1-c1cccc(Oc2cccc(S(C)(=O)=O)c2)c1,212.0000000000001,-2.326335860928752,1,train
CS(=O)(=O)c1cccc(Oc2cccc(-n3c(C4CC4)nc4c(C(F)(F)F)cccc43)c2)c1,906.9999999999998,-2.957607287060095,0,train
CC(C)Cc1nc2c(C(F)(F)F)cccc2n1-c1cccc(Oc2cccc(S(C)(=O)=O)c2)c1,76.0,-1.8808135922807916,1,train
CS(=O)(=O)c1cccc(Oc2cccc(-n3c(-c4ccccc4)nc4c(C(F)(F)F)cccc43)c2)c1,2285.9999999999995,-3.359076226059263,1,train
CC(C)c1nc2c(Cl)cccc2n1-c1cccc(Oc2cccc(S(C)(=O)=O)c2)c1,616.9999999999998,-2.7902851640332416,0,train
CS(=O)(=O)c1cccc(Oc2ccc(Cl)c(-n3cnc4c(C(F)(F)F)cccc43)c2)c1,217.9999999999999,-2.3384564936046046,0,test
CCS(=O)(=O)c1cccc(Oc2ccc(Cl)c(-n3cnc4c(C(F)(F)F)cccc43)c2)c1,197.0,-2.294466226161593,0,train
CC(C)S(=O)(=O)c1cccc(Oc2ccc(Cl)c(-n3cnc4c(C(F)(F)F)cccc43)c2)c1,204.99999999999997,-2.311753861055754,0,train
Cc1nc2c(Cl)cccc2n1-c1cc(Oc2cccc(S(C)(=O)=O)c2)ccc1Cl,49.99999999999999,-1.6989700043360187,0,train
CCS(=O)(=O)c1cccc(Oc2ccc(Cl)c(-n3c(C)nc4c(Cl)cccc43)c2)c1,184.0,-2.2648178230095364,0,train
Cc1nc2c(Cl)cccc2n1-c1cc(Oc2cccc(S(=O)(=O)C(C)C)c2)ccc1Cl,298.00000000000006,-2.4742162640762557,0,train
Cc1nc2c(Cl)cccc2n1-c1cc(Oc2cc(F)cc(S(C)(=O)=O)c2)ccc1Cl,296.99999999999994,-2.4727564493172123,0,test
Cc1nc2c(Cl)cccc2n1-c1cc(Oc2cccc(S(=O)(=O)C(F)(F)F)c2)ccc1Cl,878.9999999999997,-2.943988875073772,0,train
CS(=O)(=O)c1cccc(Oc2cccc(-c3c(C(N)=O)cnc4c(Cl)cccc34)c2)c1,1249.9999999999995,-3.096910013008056,0,train
CS(=O)(=O)c1cccc(Oc2cccc(-c3c(C(N)=O)cnc4c(C(F)(F)F)cccc34)c2)c1,370.0,-2.568201724066995,0,train
O=c1[nH]c(=O)n([C@H]2C[C@H](O)[C@@H](CO)O2)cc1F,18839.999999999985,-4.275080898456858,0,train
CCS[C@@H]1[C@H](SCC)[C@@H](CO)O[C@H]1n1cc(-c2ccc(OC)cc2)nn1,10979.99999999999,-4.040602340114073,0,test
CCS[C@@H]1[C@H](SCC)[C@@H](CO)O[C@H]1n1cc(-c2ccc(F)cc2)nn1,9620.000000000004,-3.983175072037813,0,test
CCS[C@@H]1[C@H](SCC)[C@@H](CO)O[C@H]1n1cc(-c2ccccc2)nn1,9600.0,-3.982271233039568,0,train
CCS[C@@H]1[C@H](SCC)[C@@H](CO)O[C@H]1n1ccc(=O)[nH]c1=O,74739.99999999994,-4.873553093513618,0,train
Cc1nc2c(C(F)(F)F)cccn2c1-c1cccc(Oc2cccc(S(C)(=O)=O)c2)c1,72.00000000000001,-1.8573324964312683,1,train
CCc1nc2c(C(F)(F)F)cccn2c1-c1cccc(Oc2cccc(S(C)(=O)=O)c2)c1,226.9999999999999,-2.3560258571931225,1,train
CS(=O)(=O)c1cccc(Oc2cccc(-c3c(Cc4ccccc4)nc4c(C(F)(F)F)cccn34)c2)c1,64.99999999999999,-1.8129133566428557,1,train
CS(=O)(=O)c1cccc(Oc2cccc(-c3c(CN4CCCCC4)nc4c(C(F)(F)F)cccn34)c2)c1,128.0,-2.1072099696478683,0,train
CS(=O)(=O)c1cccc(Oc2cccc(-c3c(CN4CCSC4)nc4c(C(F)(F)F)cccn34)c2)c1,42.00000000000001,-1.6232492903979006,0,train
CC(=O)N1CCC(C(=O)N2CCC(N3CCN(C(=O)c4cc(-c5ccc(C)cc5)nc(-c5ccc(C)cc5)c4)CC3)CC2)CC1,580.0000000000001,-2.7634279935629373,0,train
CC1=CC[C@@H](O)[C@]2(C)CC3(O)OC(=O)C(C)=C3[C@H](O)[C@@H]12,67500.00000000006,-4.829303772831025,0,train
C/C1=C\CCC2=C[C@@H](OC2=O)c2c(C)coc2C1,98000.00000000006,-4.991226075692495,0,test
C=C1CC=C[C@]2(C)C[C@]3(O)OC(=O)C(C)C3=C[C@@H]12,42400.00000000003,-4.627365856592733,0,train
CCc1nc2c(C(F)(F)F)cccc2nc1-c1ccc(-c2cccc(S(C)(=O)=O)c2)cc1,350.0,-2.544068044350276,1,test
Cc1nc2c(Cl)cccc2nc1-c1ccc(-c2cccc(S(C)(=O)=O)c2)cc1,380.0,-2.57978359661681,0,train
CS(=O)(=O)c1cc(Cl)cc(Oc2cccc(-c3c(C(N)=O)cnc4c(C(F)(F)F)cccc34)c2)c1,3179.999999999999,-3.502427119984433,0,train
COc1ccccc1C1C2=C(N=c3s/c(=C\c4cccc(OCC(=O)O)c4)c(=O)n31)c1ccccc1CC2,12700.000000000013,-4.103803720955957,0,train
CCOC(=O)COc1cccc(/C=c2\sc3n(c2=O)C(c2ccccc2OC)C2=C(N=3)c3ccccc3CC2)c1,32300.000000000007,-4.509202522331103,0,train
COc1ccccc1C1C2=C(N=c3s/c(=C\c4ccc(OCC(=O)O)cc4)c(=O)n31)c1ccccc1CC2,15299.999999999987,-4.184691430817598,0,train
COc1ccccc1C1C2=C(N=c3s/c(=C\c4ccccc4OCC(=O)O)c(=O)n31)c1ccccc1CC2,41899.99999999999,-4.622214022966295,0,train
COc1ccccc1C1C2=C(N=c3s/c(=C\c4ccc(/C=C/C(=O)O)cc4)c(=O)n31)c1ccccc1CC2,49800.00000000001,-4.697229342759718,0,train
COc1ccccc1C1C2=C(N=c3s/c(=C\c4ccc(-c5cccc(C(=O)O)c5)cc4)c(=O)n31)c1ccccc1CC2,7200.000000000001,-3.857332496431269,0,train
COc1ccccc1C1C2=C(N=c3s/c(=C\c4ccc(C(=O)O)cc4)c(=O)n31)c1ccccc1CC2,45000.00000000003,-4.653212513775344,0,train
COc1ccccc1C1C2=C(N=c3s/c(=C\c4ccc(-c5cccc(C(=O)O)c5)o4)c(=O)n31)c1ccccc1CC2,35599.99999999997,-4.551449997972875,0,train
O=C(O)COc1cccc(/C=c2\sc3n(c2=O)C(c2ccccc2)C2=C(N=3)c3ccccc3CC2)c1,14500.000000000013,-4.161368002234975,0,train
COc1ccc(C2C3=C(N=c4s/c(=C\c5ccc(OCc6cccc(C(=O)O)c6)c(OC)c5)c(=O)n42)c2ccccc2CC3)cc1,9899.999999999996,-3.9956351945975497,0,train
O=C(O)COc1cccc(/C=c2\sc3n(c2=O)C(c2ccco2)C2=C(N=3)c3ccccc3CC2)c1,72800.00000000007,-4.862131379313038,0,train
O=C(O)COc1cccc(/C=c2\sc3n(c2=O)C(c2cccc4ccccc24)C2=C(N=3)c3ccccc3CC2)c1,19899.99999999999,-4.298853076409706,0,train
COc1ccccc1C1C2=C(N=c3s/c(=C\c4cccc(OCC(=O)O)c4)c(=O)n31)c1ccccc1C(OC)C2,46999.99999999996,-4.672097857935717,0,test
COc1ccccc1C1C2=C(N=c3s/c(=C\c4cccc(OCC(=O)O)c4)c(=O)n31)c1ccc(OC(=O)c3ccccc3-c3ccccc3)cc1CC2,78200.00000000007,-4.893206753059848,0,train
COc1ccccc1C1C2=C(N=c3s/c(=C\c4cccc(OCC(=O)O)c4)c(=O)n31)c1ccc(OCc3ccccc3)cc1CC2,20500.0,-4.311753861055754,0,train
O=C(O)COc1cccc(/C=c2\sc3n(c2=O)C(c2cccc(F)c2)C2=C(N=3)/C(=C/c3cccc(F)c3)CCC2)c1,15900.000000000013,-4.201397124320452,0,train
O=C(O)c1cccc(-c2ccc(/C=c3\sc4n(c3=O)C(c3ccccc3)C3=C(N=4)c4ccccc4CC3)o2)c1,13600.000000000013,-4.133538908370218,0,train
O=C(O)c1cccc(-c2ccc(/C=c3\sc4n(c3=O)C(c3cccc(F)c3)C3=C(N=4)c4ccccc4CC3)o2)c1,15399.999999999984,-4.187520720836463,0,train
O=C(O)c1cccc(-c2ccc(/C=c3\sc4n(c3=O)C(c3cccc([N+](=O)[O-])c3)C3=C(N=4)c4ccccc4CC3)o2)c1,13399.999999999987,-4.127104798364807,0,train
O=C(O)c1cccc(-c2ccc(/C=c3\sc4n(c3=O)C(c3ccc(F)cc3)C3=C(N=4)c4ccccc4CC3)o2)c1,35099.999999999985,-4.545307116465824,0,train
COC1CC2=C(N=c3s/c(=C\c4ccc(-c5cccc(C(=O)O)c5)o4)c(=O)n3C2c2cccc(F)c2)c2ccccc21,10700.000000000002,-4.02938377768521,0,train
O=C(O)c1cccc(-c2ccc(/C=c3\sc4n(c3=O)C(c3cccc(F)c3)C3=C(N=4)/C(=C/c4cccc(F)c4)CCC3)o2)c1,8000.000000000004,-3.903089986991944,0,test
Cc1coc2c1C(=O)C(=O)c1c-2ccc2c(C)cccc12,6300.0,-3.7993405494535817,0,train
CS(=O)(=O)c1cccc(-c2cccc(-c3ccnc4c(C(F)(F)F)cccc34)c2)c1,77.0,-1.8864907251724816,0,test
Cc1cnc2c(C(F)(F)F)cccc2c1-c1cccc(-c2cccc(S(C)(=O)=O)c2)c1,23.0,-1.3617278360175928,1,train
CS(=O)(=O)c1ccc(-c2cccc(-c3c(Cc4ccccc4)cnc4c(C(F)(F)F)cccc34)c2)cc1,571.0000000000001,-2.756636108245848,0,train
CCc1cnc2c(C(F)(F)F)cccc2c1-c1cccc(-c2cccc(S(C)(=O)=O)c2)c1,0.7,0.1549019599857432,1,test
CCCc1cnc2c(C(F)(F)F)cccc2c1-c1cccc(-c2cccc(S(C)(=O)=O)c2)c1,0.4,0.3979400086720376,1,test
CC(C)c1cnc2c(C(F)(F)F)cccc2c1-c1cccc(-c2cccc(S(C)(=O)=O)c2)c1,0.5,0.3010299956639812,1,train
CCS(=O)(=O)c1cccc(-c2cccc(-c3ccnc4c(C(F)(F)F)cccc34)c2)c1,156.0,-2.1931245983544616,0,train
CCS(=O)(=O)c1cccc(-c2cccc(-c3c(C)cnc4c(C(F)(F)F)cccc34)c2)c1,189.99999999999997,-2.278753600952829,0,train
CS(=O)(=O)c1cc(-c2cccc(-c3ccnc4c(C(F)(F)F)cccc34)c2)ccc1F,40.99999999999999,-1.6127838567197357,0,train
CS(=O)(=O)c1cc(-c2cccc(-c3ccnc4c(C(F)(F)F)cccc34)c2)c(F)cc1F,133.0,-2.123851640967086,0,test
CCS[C@@H]1[C@H](SCC)[C@@H](Cn2cc(-c3ccc(C)cc3)nn2)O[C@H]1n1ccc(=O)[nH]c1=O,19920.000000000007,-4.29928933408768,0,train
CCS[C@@H]1[C@H](SCC)[C@@H](Cn2cc(-c3cccc(C)c3)nn2)O[C@H]1n1ccc(=O)[nH]c1=O,18260.00000000001,-4.26150077319828,0,train
CCS[C@@H]1[C@H](SCC)[C@@H](Cn2cc(-c3cccs3)nn2)O[C@H]1n1ccc(=O)[nH]c1=O,91819.99999999996,-4.962937288430002,1,train
CCS[C@@H]1[C@H](SCC)[C@@H](Cn2cc(-c3ccccc3)nn2)O[C@H]1n1cc(C)c(=O)[nH]c1=O,64980.00000000003,-4.812779707008964,0,train
CCS[C@@H]1[C@H](SCC)[C@@H](Cn2cc(-c3ccc(F)cc3)nn2)O[C@H]1n1cc(C)c(=O)[nH]c1=O,22719.999999999975,-4.356408327038981,0,train
CCS[C@@H]1[C@H](SCC)[C@@H](Cn2cc(-c3ccc(OC)cc3)nn2)O[C@H]1n1cc(C)c(=O)[nH]c1=O,22779.99999999999,-4.357553719743081,0,train
CCS[C@@H]1[C@H](SCC)[C@@H](Cn2cc(-c3ccccc3C(F)(F)F)nn2)O[C@H]1n1cc(C)c(=O)[nH]c1=O,22090.000000000007,-4.344195715871435,0,train
CCS[C@@H]1[C@H](SCC)[C@@H](Cn2cc(-c3ccc(C)cc3)nn2)O[C@H]1n1cc(C)c(=O)[nH]c1=O,21609.999999999975,-4.334654766883241,0,test
CCS[C@@H]1[C@H](SCC)[C@@H](Cn2cc(-c3ccccc3)nn2)O[C@H]1n1ccc(N)nc1=O,57100.000000000015,-4.756636108245848,0,test
CCS[C@@H]1[C@H](SCC)[C@@H](Cn2cc(-c3ccccc3)nn2)O[C@H]1n1ccc(=O)[nH]c1=O,8379.999999999998,-3.923244018630277,1,test
CCS[C@@H]1[C@H](SCC)[C@@H](Cn2cc(-c3ccc(F)cc3)nn2)O[C@H]1n1ccc(=O)[nH]c1=O,22570.000000000004,-4.353531559077762,0,train
CCS[C@@H]1[C@H](SCC)[C@@H](Cn2cc(-c3ccc(OC)cc3)nn2)O[C@H]1n1ccc(=O)[nH]c1=O,16210.000000000007,-4.209783014848515,0,train
CCS[C@@H]1[C@H](SCC)[C@@H](Cn2cc(-c3ccccc3C(F)(F)F)nn2)O[C@H]1n1ccc(=O)[nH]c1=O,30279.99999999997,-4.481155870828035,0,test
CCNC(=O)Nc1sc2cc(C)ccc2c1C(=O)N1CCN(C2CCN(C(=O)C(C)(C)C(F)(F)F)CC2)CC1,370.0,-2.568201724066995,0,train
CCc1ccc(NC(=O)Nc2cc(C)nc3ccccc23)cc1,17000.000000000007,-4.230448921378274,0,train
Cc1cc(NC(=O)Nc2cccc(Cl)c2)c2ccccc2n1,19000.0,-4.278753600952829,0,train
Cc1cc(NC(=O)Nc2ccc(Cl)c(Cl)c2)c2ccccc2n1,17000.000000000007,-4.230448921378274,0,train
Cc1cc(NC(=O)Nc2ccc(Cl)cc2Cl)c2ccccc2n1,16000.00000000001,-4.204119982655925,0,train
Cc1cc(NC(=O)Nc2ccc(F)cc2F)c2ccccc2n1,17000.000000000007,-4.230448921378274,0,train
Cc1cc(NC(=O)Nc2ccc(F)c(F)c2)c2ccccc2n1,21000.00000000001,-4.32221929473392,0,train
Cc1cc(NC(=O)Nc2ccc(C(C)(C)C)cc2)c2ccccc2n1,17000.000000000007,-4.230448921378274,0,test
Cc1cc(NC(=O)Nc2cccc(C(F)(F)F)c2)c2ccccc2n1,21000.00000000001,-4.32221929473392,0,train
Cc1cc(NC(=O)Nc2ccc(C(F)(F)F)cc2)c2ccccc2n1,23000.00000000001,-4.361727836017593,0,train
Cc1cc(NC(=O)Nc2cccc(OC(F)(F)F)c2)c2ccccc2n1,13000.000000000004,-4.113943352306837,0,test
Cc1cc(NC(=O)Nc2ccc(OC(F)(F)F)cc2)c2ccccc2n1,15000.000000000004,-4.176091259055681,0,train
CSc1ccc(NC(=O)Nc2cc(C)nc3ccccc23)cc1,16000.00000000001,-4.204119982655925,0,train
Cc1cc(NC(=O)Nc2ccc(SC(F)(F)F)cc2)c2ccccc2n1,20000.000000000004,-4.301029995663981,0,test
CC(=O)c1ccc(NC(=O)Nc2cc(C)nc3ccccc23)cc1,19000.0,-4.278753600952829,0,test
COC(=O)c1cccc(NC(=O)Nc2cc(C)nc3ccccc23)c1,23000.00000000001,-4.361727836017593,0,train
COC(=O)c1ccc(NC(=O)Nc2cc(C)nc3ccccc23)cc1,20000.000000000004,-4.301029995663981,0,train
CC(=O)OC(C)(C)/C=C/C(=O)[C@](C)(O)[C@H]1[C@H](O)C[C@@]2(C)[C@@H]3CC=C4[C@@H](C=C(O[C@@H]5O[C@H](CO)[C@@H](O)[C@H](O)[C@H]5O)C(=O)C4(C)C)[C@]3(C)C(=O)C[C@]12C,45329.99999999996,-4.656385719058688,0,train
CC(C)(O)/C=C/C(=O)[C@](C)(O)[C@H]1[C@H](O)C[C@@]2(C)[C@@H]3CC=C4[C@@H](C[C@H](O)C(=O)C4(C)C)[C@]3(C)C(=O)C[C@]12C,8999.999999999998,-3.9542425094393248,0,train
CC(C)(O)/C=C/C(=O)[C@](C)(O)[C@H]1[C@H](O)C[C@@]2(C)[C@@H]3CC=C4[C@@H](CC(=O)[C@@H](O)C4(C)C)[C@]3(C)C(=O)C[C@]12C,13800.000000000013,-4.139879086401237,0,train
CC(C)(O)/C=C/C(=O)[C@](C)(O)[C@H]1[C@H](O)C[C@@]2(C)[C@@H]3CC=C4[C@@H](C=C(O)C(=O)C4(C)C)[C@]3(C)C(=O)C[C@]12C,3160.0000000000005,-3.499687082618404,0,train
COC1=C[C@@H]2C(=CC[C@@H]3[C@@]2(C)C(=O)C[C@]2(C)[C@@H]([C@@](C)(O)C(=O)/C=C/C(C)(C)O)[C@H](O)C[C@@]32C)C(C)(C)C1=O,5250.000000000002,-3.720159303405957,0,train
COC1=C[C@@H]2C(=CC[C@@H]3[C@@]2(C)C(=O)C[C@]2(C)[C@@H]([C@@](C)(O)C(=O)CCC(C)(C)O)[C@H](O)C[C@@]32C)C(C)(C)C1=O,4999.999999999999,-3.6989700043360183,0,train
CC(=O)OC(C)(C)/C=C/C(=O)[C@](C)(O)[C@H]1[C@H](O)C[C@@]2(C)[C@@H]3CC=C4[C@H](C[C@H](O)C(=O)C4(C)C)[C@]3(C)C(=O)C[C@]12C,10500.000000000004,-4.021189299069938,0,test
CC(=O)OC(C)(C)/C=C/C(=O)[C@](C)(O)[C@H]1[C@H](O)C[C@@]2(C)[C@@H]3CC=C4[C@@H](C=C(O)C(=O)C4(C)C)[C@]3(C)C(=O)C[C@]12C,3199.999999999999,-3.505149978319906,0,train
COC1=C[C@@H]2C(=CC[C@@H]3[C@@]2(C)C(=O)C[C@]2(C)[C@@H]([C@@](C)(O)C(=O)/C=C/C(C)(C)OC(C)=O)[C@H](O)C[C@@]32C)C(C)(C)C1=O,2399.9999999999995,-3.380211241711606,0,train
COC1=C[C@@H]2C(=CC[C@@H]3[C@@]2(C)C(=O)C[C@]2(C)[C@@H]([C@@](C)(O)C(=O)/C=C/C(C)(C)OC(C)=O)[C@H](OC(C)=O)C[C@@]32C)C(C)(C)C1=O,5199.999999999998,-3.716003343634799,0,train
O=C(/C=C/c1ccc(O)cc1)COc1c(-c2ccc(O)cc2)oc2cc(O)cc(O)c2c1=O,368.0,-2.5658478186735176,1,test
O=C(/C=C/c1ccc(OCc2ccccc2)cc1)COc1c(-c2ccc(O)cc2)oc2cc(O)cc(O)c2c1=O,658.0000000000003,-2.818225893613956,0,train
COc1ccc(/C=C/C(=O)COc2c(-c3ccc(O)cc3)oc3cc(O)cc(O)c3c2=O)cc1,149.0,-2.173186268412274,1,train
CCOc1ccc(/C=C/C(=O)COc2c(-c3ccc(O)cc3)oc3cc(O)cc(O)c3c2=O)cc1,42.00000000000001,-1.6232492903979006,1,test
O=C(/C=C/c1ccccc1)COc1c(-c2ccc(O)cc2)oc2cc(O)cc(O)c2c1=O,473.0,-2.674861140737812,0,train
Cc1ccc(/C=C/C(=O)COc2c(-c3ccc(O)cc3)oc3cc(O)cc(O)c3c2=O)cc1,10.0,-1.0,1,train
CC(C)c1ccc(/C=C/C(=O)COc2c(-c3ccc(O)cc3)oc3cc(O)cc(O)c3c2=O)cc1,15.000000000000004,-1.1760912590556811,1,train
CC(C)(C)c1ccc(/C=C/C(=O)COc2c(-c3ccc(O)cc3)oc3cc(O)cc(O)c3c2=O)cc1,12.999999999999998,-1.1139433523068367,0,test
N#Cc1ccc(/C=C/C(=O)COc2c(-c3ccc(O)cc3)oc3cc(O)cc(O)c3c2=O)cc1,3.0,-0.4771212547196624,1,train
O=C(/C=C/c1ccc(F)cc1)COc1c(-c2ccc(O)cc2)oc2cc(O)cc(O)c2c1=O,669.0000000000002,-2.8254261177678237,1,train
O=C(/C=C/c1ccc(Cl)cc1)COc1c(-c2ccc(O)cc2)oc2cc(O)cc(O)c2c1=O,1075.0,-3.031408464251624,1,test
O=C(/C=C/c1ccc(Br)cc1)COc1c(-c2ccc(O)cc2)oc2cc(O)cc(O)c2c1=O,392.9999999999999,-2.5943925503754266,1,train
COc1ccc(/C=C/C(=O)COc2c(-c3ccc(O)cc3)oc3cc(O)cc(O)c3c2=O)cc1O,5070.000000000001,-3.705007959333336,1,train
COc1cc(/C=C/C(=O)COc2c(-c3ccc(O)cc3)oc3cc(O)cc(O)c3c2=O)ccc1O,6190.000000000002,-3.791690649020118,1,train
O=C(/C=C/c1ccc(O)c(Cl)c1)COc1c(-c2ccc(O)cc2)oc2cc(O)cc(O)c2c1=O,3554.999999999998,-3.550839605065785,0,test
O=C(/C=C/c1ccc(Cl)c(Cl)c1)COc1c(-c2ccc(O)cc2)oc2cc(O)cc(O)c2c1=O,2586.9999999999995,-3.4127964287165438,0,train
CN(C)C(=N)NC(=N)N,270.00000000000006,-2.431363764158988,0,train
O=C(/C=C/c1ccc(O)cc1)OC[C@H]1O[C@@H](Oc2c(-c3ccc(O)cc3)oc3cc(O)cc(O)c3c2=O)[C@H](O)[C@@H](O)[C@@H]1O,154.99999999999997,-2.1903316981702914,0,test
COc1ccc(Oc2ccc3c(NCCCNCc4ccco4)ccnc3c2)cc1,5300.000000000001,-3.724275869600789,0,train
COc1ccc(F)cc1CNCCCNc1ccnc2cc(Oc3cccc(N(C)C)c3)ccc12,3300.0000000000005,-3.5185139398778875,0,test
c1ccc(Oc2ccc3c(NCCCNCc4ccc5c(c4)OCO5)ccnc3c2)cc1,2700.0000000000005,-3.431363764158988,0,test
COc1ccccc1Oc1ccc2c(NCCCNCc3ccco3)ccnc2c1,6500.000000000002,-3.812913356642856,0,train
Fc1ccc(Oc2ccc3c(NCCCNCc4ccco4)ccnc3c2)cc1,16000.00000000001,-4.204119982655925,0,train
COc1ccc(F)cc1CNCCCNc1ccnc2cc(Oc3ccc(Cl)cc3)ccc12,4499.999999999998,-3.653212513775344,0,train
COc1ccc(F)cc1CNCCCNc1ccnc2cc(Oc3ccc(F)cc3)ccc12,6600.000000000002,-3.8195439355418688,0,train
COc1ccc(F)cc1CNCCCNc1ccnc2cc(Oc3ccccc3)ccc12,1500.0000000000005,-3.1760912590556813,0,train
COc1cccc(Oc2ccc3c(NCCCNCc4ccco4)ccnc3c2)c1,15500.000000000013,-4.190331698170292,0,train
CN(C)c1cccc(Oc2ccc3c(NCCCNCc4ccco4)ccnc3c2)c1,16000.00000000001,-4.204119982655925,0,train
COc1cccc(CNCCCNc2ccnc3cc(Oc4ccc(C(C)(C)C)cc4)ccc23)c1O,1500.0000000000005,-3.1760912590556813,0,train
COc1cccc(Oc2ccc3c(NCCCNCc4cc(F)ccc4OC)ccnc3c2)c1,7100.000000000003,-3.851258348719076,0,train
Clc1ccc(Oc2ccc3c(NCCCNCc4ccc5c(c4)OCO5)ccnc3c2)cc1,7200.000000000001,-3.857332496431269,0,train
COc1ccc(Oc2ccc3c(NCCCNCc4cccc(OC)c4O)ccnc3c2)cc1,5499.999999999997,-3.740362689494244,0,train
COc1ccccc1Oc1ccc2c(NCCCNCc3ccc4c(c3)OCO4)ccnc2c1,5900.000000000001,-3.770852011642144,0,test
COc1cccc(Oc2ccc3c(NCCCNCc4ccc5c(c4)OCO5)ccnc3c2)c1,14099.999999999993,-4.14921911265538,0,train
COc1ccc(Oc2ccc3c(NCCCNCc4cc(F)ccc4OC)ccnc3c2)cc1,7000.000000000002,-3.845098040014257,0,train
Fc1ccc(Oc2ccc3c(NCCCNCc4ccc5c(c4)OCO5)ccnc3c2)cc1,16000.00000000001,-4.204119982655925,0,train
COc1cccc(CNCCCNc2ccnc3cc(Oc4ccc(Cl)cc4)ccc23)c1O,5700.000000000001,-3.755874855672492,0,train
Clc1ccc(Oc2ccc3c(NCCCNCc4ccco4)ccnc3c2)cc1,7799.999999999999,-3.89209460269048,0,train
COc1ccc(F)cc1CNCCCNc1ccnc2cc(Oc3ccccc3OC)ccc12,6399.999999999998,-3.806179973983887,0,test
COc1ccc(Oc2ccc3c(NCCCNCc4ccc5c(c4)OCO5)ccnc3c2)cc1,7899.999999999999,-3.8976270912904414,0,test
COc1cccc(CNCCCNc2ccnc3cc(Oc4ccccc4)ccc23)c1O,6799.999999999997,-3.832508912706236,0,train
COc1cccc(CNCCCNc2ccnc3cc(Oc4cccc(N(C)C)c4)ccc23)c1O,7300.0,-3.863322860120456,0,test
CC(C)(C)c1ccc(Oc2ccc3c(NCCCNCc4ccc5c(c4)OCO5)ccnc3c2)cc1,899.9999999999998,-2.9542425094393248,0,train
COc1ccc(F)cc1CNCCCNc1ccnc2cc(Oc3ccc(C(C)(C)C)cc3)ccc12,7200.000000000001,-3.857332496431269,1,test
COc1cccc(Oc2ccc3c(NCCCNCc4cccc(OC)c4O)ccnc3c2)c1,5300.000000000001,-3.724275869600789,0,train
COc1cccc(CNCCCNc2ccnc3cc(Oc4ccc(F)cc4)ccc23)c1O,11000.000000000007,-4.041392685158225,0,train
CN(C)c1cccc(Oc2ccc3c(NCCCNCc4ccc5c(c4)OCO5)ccnc3c2)c1,16000.00000000001,-4.204119982655925,0,train
CC(C)(C)c1ccc(Oc2ccc3c(NCCCNCc4ccco4)ccnc3c2)cc1,3099.9999999999995,-3.4913616938342726,0,train
COc1ccccc1Oc1ccc2c(NCCCNCc3cccc(OC)c3O)ccnc2c1,11200.00000000001,-4.049218022670182,0,test
c1ccc(Oc2ccc3c(NCCCNCc4ccco4)ccnc3c2)cc1,15200.000000000002,-4.181843587944773,0,train
COc1ccc(-c2ccc3c(NCCCNCc4ccco4)ccnc3c2)cc1,6000.000000000003,-3.778151250383644,0,train
COc1ccc(F)cc1CNCCCNc1ccnc2cc(Cc3ccc4c(c3)OCO4)ccc12,6039.999999999999,-3.781036938621132,0,train
COc1cccc(CNCCCNc2ccnc3cc(-c4ccc(C(F)(F)F)cc4)ccc23)c1O,2209.9999999999995,-3.3443922736851106,0,train
COc1ccc(-c2ccc3c(NCCCNCc4ccc5c(c4)OCO5)ccnc3c2)cc1,5630.0,-3.750508394851346,0,train
c1cc(NCCCNCc2ccc3c(c2)OCO3)c2ccc(Cc3ccc4c(c3)OCO4)cc2n1,4790.0,-3.680335513414563,0,train
COc1ccc(-c2ccc3c(NCCCNCc4cc(F)ccc4OC)ccnc3c2)cc1,5960.000000000002,-3.775246259740237,0,train
c1ccc(-c2ccc3c(NCCCNCc4ccc5c(c4)OCO5)ccnc3c2)cc1,4069.999999999999,-3.60959440922522,0,test
Fc1ccc(-c2ccc3c(NCCCNCc4ccc5c(c4)OCO5)ccnc3c2)cc1,8770.000000000004,-3.9429995933660407,0,train
COc1ccc(F)cc1CNCCCNc1ccnc2cc(-c3ccccc3)ccc12,2960.000000000001,-3.4712917110589387,0,train
c1coc(CNCCCNc2ccnc3cc(Cc4ccc5c(c4)OCO5)ccc23)c1,6500.000000000002,-3.812913356642856,0,train
COc1cccc(CNCCCNc2ccnc3cc(Cc4ccc5c(c4)OCO5)ccc23)c1O,1140.0000000000002,-3.0569048513364727,0,train
Fc1ccc(-c2ccc3c(NCCCNCc4ccco4)ccnc3c2)cc1,7760.000000000002,-3.889861721258189,0,train
COc1ccc(-c2ccc3c(NCCCNCc4cccc(OC)c4O)ccnc3c2)cc1,1600.000000000001,-3.204119982655925,0,train
COc1ccc(F)cc1CNCCCNc1ccnc2cc(-c3ccc(C(F)(F)F)cc3)ccc12,5189.999999999997,-3.7151673578484576,1,train
COc1ccc(F)cc1CNCCCNc1ccnc2cc(-c3ccc(F)cc3)ccc12,770.0,-2.886490725172482,1,train
FC(F)(F)c1ccc(-c2ccc3c(NCCCNCc4ccc5c(c4)OCO5)ccnc3c2)cc1,1890.000000000001,-3.2764618041732443,0,train
c1ccc(-c2ccc3c(NCCCNCc4ccco4)ccnc3c2)cc1,5920.000000000003,-3.77232170672292,0,train
COc1cccc(CNCCCNc2ccnc3cc(-c4cc(C(F)(F)F)cc(C(F)(F)F)c4)ccc23)c1O,940.0000000000002,-2.9731278535996988,0,train
FC(F)(F)c1ccc(-c2ccc3c(NCCCNCc4ccco4)ccnc3c2)cc1,3469.999999999998,-3.5403294747908736,0,train
CC(C)(C)c1ccc(-c2ccc3c(NCCCNCc4ccco4)ccnc3c2)cc1,3149.9999999999995,-3.4983105537896004,0,train
COc1cccc(CNCCCNc2ccnc3cc(-c4ccc(C(C)(C)C)cc4)ccc23)c1O,689.9999999999999,-2.838849090737255,0,train
CC(C)(C)c1ccc(-c2ccc3c(NCCCNCc4ccc5c(c4)OCO5)ccnc3c2)cc1,1369.9999999999998,-3.1367205671564067,0,train
c1ccc2c(-c3ccc4c(NCCCNCc5ccc6c(c5)OCO6)ccnc4c3)cccc2c1,6569.999999999998,-3.8175653695597807,0,test
FC(F)(F)c1cc(-c2ccc3c(NCCCNCc4ccc5c(c4)OCO5)ccnc3c2)cc(C(F)(F)F)c1,1160.0000000000002,-3.0644579892269186,0,test
COc1ccc(F)cc1CNCCCNc1ccnc2cc(-c3cc(C(F)(F)F)cc(C(F)(F)F)c3)ccc12,870.0000000000003,-2.9395192526186187,0,train
COc1cccc(CNCCCNc2ccnc3cc(-c4ccc(F)cc4)ccc23)c1O,6839.999999999998,-3.835056101720116,0,train
FC(F)(F)c1cc(-c2ccc3c(NCCCNCc4ccco4)ccnc3c2)cc(C(F)(F)F)c1,2410.0,-3.3820170425748683,0,train
COc1ccc(F)cc1CNCCCNc1ccnc2cc(-c3cccc4ccccc34)ccc12,16000.00000000001,-4.204119982655925,0,train
COc1cccc(CNCCCNc2ccnc3cc(-c4cccc5ccccc45)ccc23)c1O,2520.0000000000005,-3.401400540781544,0,train
c1coc(CNCCCNc2ccnc3cc(-c4cccc5ccccc45)ccc23)c1,5599.999999999998,-3.7481880270062,0,train
COc1ccc(F)cc1CNCCCNc1ccnc2cc(-c3ccc(C(C)(C)C)cc3)ccc12,620.0,-2.792391689498254,1,train
COc1cccc(CNCCCNc2ccnc3cc(-c4ccccc4)ccc23)c1O,3209.999999999998,-3.506505032404872,0,train
CCC(CC)c1ccc2c(NCCCNCc3cccc(OC)c3O)ccnc2c1,410.0,-2.6127838567197355,0,test
COc1cccc(CNCCCNc2ccnc3cc(Cc4cc(C)cc(C)c4)ccc23)c1O,2680.000000000001,-3.428134794028789,0,train
Cc1cc(C)cc(Cc2ccc3c(NCCCNCc4ccco4)ccnc3c2)c1,6269.999999999999,-3.797267540830717,0,train
COc1cccc(CNCCCNc2ccnc3cc(Cc4ccc(C#N)cc4)ccc23)c1O,7150.0,-3.8543060418010806,0,test
COc1ccc(F)cc1CNCCCNc1ccnc2cc(Cc3ccccc3)ccc12,7989.999999999996,-3.902546779313991,1,train
COc1cccc(CNCCCNc2ccnc3cc(Cc4ccc(F)cc4Cl)ccc23)c1O,2350.0,-3.3710678622717363,0,train
c1ccc(CCc2ccc3c(NCCCNCc4ccc5c(c4)OCO5)ccnc3c2)cc1,4980.000000000001,-3.6972293427597176,0,train
COc1cccc(CNCCCNc2ccnc3cc(Cc4ccc(F)cc4)ccc23)c1O,4779.999999999999,-3.679427896612119,0,train
COc1cccc(CNCCCNc2ccnc3cc(CCc4ccccc4)ccc23)c1O,6799.999999999997,-3.832508912706236,0,train
COc1cccc(CNCCCNc2ccnc3cc(Cc4ccccc4)ccc23)c1O,5720.000000000002,-3.757396028793024,0,train
COc1cccc(CNCCCNc2ccnc3cc(C4CCCCC4)ccc23)c1O,1080.0000000000005,-3.03342375548695,0,train
Fc1ccc(Cc2ccc3c(NCCCNCc4ccco4)ccnc3c2)c(Cl)c1,5729.999999999998,-3.75815462196739,0,train
COc1cccc(CNCCCNc2ccnc3cc(CC(C)C)ccc23)c1O,2920.000000000001,-3.4653828514484184,0,test
COc1cccc(CNCCCNc2ccnc3cc(CCC(C)C)ccc23)c1O,5390.000000000001,-3.7315887651867383,0,train
N#Cc1ccc(Cc2ccc3c(NCCCNCc4ccc5c(c4)OCO5)ccnc3c2)cc1,6080.000000000003,-3.783903579272735,0,train
COc1cccc(CNCCCNc2ccnc3cc(Cc4cccc(C(F)(F)F)c4)ccc23)c1O,1719.999999999999,-3.2355284469075487,0,test
Fc1ccc(Cc2ccc3c(NCCCNCc4ccc5c(c4)OCO5)ccnc3c2)c(Cl)c1,16000.00000000001,-4.204119982655925,0,train
CCC(CC)c1ccc2c(NCCCNCc3ccc4c(c3)OCO4)ccnc2c1,6349.999999999998,-3.802773725291976,0,train
CC(C)CCc1ccc2c(NCCCNCc3ccc4c(c3)OCO4)ccnc2c1,2800.0000000000014,-3.4471580313422194,0,train
COc1ccc(F)cc1CNCCCNc1ccnc2cc(Cc3ccc(C#N)cc3)ccc12,6050.000000000002,-3.781755374652469,0,train
COc1ccc(F)cc1CNCCCNc1ccnc2cc(Cc3cc(C)cc(C)c3)ccc12,940.0000000000002,-2.9731278535996988,0,train
N#Cc1ccc(Cc2ccc3c(NCCCNCc4ccco4)ccnc3c2)cc1,7909.999999999997,-3.898176483497677,0,train
FC(F)(F)c1cccc(Cc2ccc3c(NCCCNCc4ccc5c(c4)OCO5)ccnc3c2)c1,2199.9999999999995,-3.342422680822206,0,train
c1ccc(Cc2ccc3c(NCCCNCc4ccco4)ccnc3c2)cc1,16000.00000000001,-4.204119982655925,0,test
COc1ccc(F)cc1CNCCCNc1ccnc2cc(Cc3cccc(C(F)(F)F)c3)ccc12,440.0,-2.6434526764861874,1,train
CCC(CC)c1ccc2c(NCCCNCc3cc(F)ccc3OC)ccnc2c1,7859.999999999999,-3.895422546039408,0,train
c1cc(NCCCNCc2ccc3c(c2)OCO3)c2ccc(CC3CCCCC3)cc2n1,6290.000000000003,-3.798650645445269,0,train
Cc1cc(C)cc(Cc2ccc3c(NCCCNCc4ccc5c(c4)OCO5)ccnc3c2)c1,2250.000000000001,-3.3521825181113627,0,train
c1ccc(CCc2ccc3c(NCCCNCc4ccco4)ccnc3c2)cc1,16000.00000000001,-4.204119982655925,0,test
COc1cccc(CNCCCNc2ccnc3cc(CC4CCCCC4)ccc23)c1O,969.9999999999998,-2.9867717342662448,0,test
c1coc(CNCCCNc2ccnc3cc(CC4CCCCC4)ccc23)c1,1700.000000000001,-3.230448921378274,0,train
FC(F)(F)c1cccc(Cc2ccc3c(NCCCNCc4ccco4)ccnc3c2)c1,3189.999999999999,-3.503790683057181,0,test
Fc1ccc(Cc2ccc3c(NCCCNCc4ccco4)ccnc3c2)cc1,5599.999999999998,-3.7481880270062,0,train
CC(C)Cc1ccc2c(NCCCNCc3ccc4c(c3)OCO4)ccnc2c1,2379.9999999999995,-3.376576957056512,0,train
COc1ccc(F)cc1CNCCCNc1ccnc2cc(Cc3ccc(F)cc3)ccc12,3529.999999999998,-3.5477747053878224,0,test
CCC(CC)c1ccc2c(NCCCNCc3ccco3)ccnc2c1,6760.0,-3.829946695941636,0,train
COc1ccc(F)cc1CNCCCNc1ccnc2cc(CC(C)C)ccc12,2900.0,-3.462397997898956,0,test
COc1ccc(F)cc1CNCCCNc1ccnc2cc(C3CCCCC3)ccc12,2289.9999999999995,-3.359835482339888,0,train
COc1ccc(F)cc1CNCCCNc1ccnc2cc(CCC(C)C)ccc12,890.0,-2.949390006644913,0,test
c1coc(CNCCCNc2ccnc3cc(C4CCCCC4)ccc23)c1,4759.999999999999,-3.677606952720493,0,train
Fc1ccc(Cc2ccc3c(NCCCNCc4ccc5c(c4)OCO5)ccnc3c2)cc1,5550.000000000001,-3.744292983122676,0,train
c1cc(NCCCNCc2ccc3c(c2)OCO3)c2ccc(C3CCCCC3)cc2n1,3019.999999999999,-3.4800069429571505,0,train
COc1ccc(F)cc1CNCCCNc1ccnc2cc(CCc3ccccc3)ccc12,4239.999999999998,-3.627365856592733,0,train
COc1ccc(F)cc1CNCCCNc1ccnc2cc(CC3CCCCC3)ccc12,1829.9999999999995,-3.2624510897304293,0,train
CC(C)CCc1ccc2c(NCCCNCc3ccco3)ccnc2c1,11240.0,-4.050766311233042,0,test
COc1ccc(F)cc1CNCCCNc1ccnc2cc(Cc3ccc(F)cc3Cl)ccc12,2460.000000000001,-3.3909351071033798,0,train
CC(C)Cc1ccc2c(NCCCNCc3ccco3)ccnc2c1,16000.00000000001,-4.204119982655925,0,train
c1ccc(Cc2ccc3c(NCCCNCc4ccc5c(c4)OCO5)ccnc3c2)cc1,6279.999999999999,-3.797959643737196,0,train
O=C(Cc1ccccc1)Nc1nnc(-c2ccc3c(c2)OCCO3)s1,51725.65031988973,-4.713705959532343,0,train
O=C(Nc1nnc(-c2ccc3c(c2)OCCO3)s1)c1ccccc1,102482.20263071053,-5.010648451046576,0,train
O=C(Cc1cccc(Cl)c1)Nc1nnc(-c2ccc3c(c2)OCCO3)s1,47518.61554010848,-4.676863778941779,0,train
O=C(Cc1ccc(Cl)cc1)Nc1nnc(-c2ccc3c(c2)OCCO3)s1,35529.38264474742,-4.550587661294312,0,train
O=C(Cc1cccc(Br)c1)Nc1nnc(-c2ccc3c(c2)OCCO3)s1,105898.92643748886,-5.024891557419687,0,train
O=C(Cc1ccc(Br)cc1)Nc1nnc(-c2ccc3c(c2)OCCO3)s1,97501.96044867084,-4.989013348041923,0,train
O=C(CCc1ccccc1)Nc1nnc(-c2ccc3c(c2)OCCO3)s1,41722.23280624878,-4.620367542071977,0,train
O=C(Cc1ccc(F)cc1)Nc1nnc(-c2ccc3c(c2)OCCO3)s1,64029.208951164896,-4.806378136366317,0,train
O=C(Nc1nnc(-c2ccc3c(c2)OCCO3)s1)c1ccc(Cl)nc1,40954.19266879927,-4.612298369093171,0,train
O=C(/C=C/c1ccccc1)Nc1nnc(-c2ccc3c(c2)OCCO3)s1,28132.474398900977,-4.449207932326175,0,train
CN[C@@H]1C[C@H]2O[C@@](C)([C@@H]1OC)n1c3ccccc3c3c4c(c5c6ccccc6n2c5c31)C(=O)NC4,46598.26253212466,-4.6683697238406845,0,train
COc1ccc(CCNC(=O)CCO[Si](C)(C)C(C)(C)C)cc1OC,4891.099999999999,-3.6894065421924176,0,train
CCc1nc(-c2ccc(S(C)(=O)=O)c([N+](=O)[O-])c2)sc1C(=O)N1CCCCC1,11200.00000000001,-4.049218022670182,0,train
CCc1nc(-c2ccc(S(C)(=O)=O)c([N+](=O)[O-])c2)sc1C(=O)N1CC2(C)CC1CC(C)(C)C2,10099.99999999999,-4.004321373782642,0,test
Cc1nc(-c2ccc(S(C)(=O)=O)c([N+](=O)[O-])c2)sc1C(=O)NC12CC3CC(CC(C3)C1)C2,6399.999999999998,-3.806179973983887,0,train
CS(=O)(=O)c1ccc(C(=O)OCC(=O)NC23CC4CC(CC(C4)C2)C3)cc1[N+](=O)[O-],16400.000000000004,-4.214843848047698,0,train
Cc1nnc2n1-c1ccccc1C(c1ccccc1)=NC2NC(=O)OCc1ccccc1,440.0,-2.6434526764861874,0,train
CCNC(=O)C[C@@H]1N=C(c2ccc(Cl)cc2)c2cc(OC)ccc2-n2c(C)nnc21,700.0000000000001,-2.845098040014257,0,train
O=C(NCCCNCc1cc(Cl)cc(Cl)c1)Nc1cccc(F)c1,17900.000000000007,-4.252853030979893,0,train
O=C(NCCCNCc1cc(Cl)cc(Cl)c1)Nc1cccs1,14500.000000000013,-4.161368002234975,0,train
O=C(NCCCNCc1cc(Cl)cc(Cl)c1)Nc1ccccc1,20000.000000000004,-4.301029995663981,0,train
COc1cc(Cl)cc(CNCCCNC(=O)Nc2ccccc2)c1,20000.000000000004,-4.301029995663981,0,train
O=C(NCCCNCc1cc(Cl)cc(Cl)c1)Nc1ccsc1,13000.000000000004,-4.113943352306837,0,test
O=C(NCCCNCc1cc(Cl)cc(Cl)c1)Nc1cccc(O)c1,12000.000000000007,-4.079181246047625,0,train
COc1cc(Cl)cc(CNCCCNC(=O)Nc2ccsc2)c1,22000.00000000002,-4.342422680822207,0,train
COc1ccc([Si](C)(C)[C@H]2[C@H](CC(=O)N3CCC[C@H]3CO)O[C@@]3(C(=O)N(Cc4cccc(I)c4)c4ccccc43)[C@@H]2C)cc1,17000.000000000007,-4.230448921378274,0,train
O=C(Nc1nc(-c2cccc(F)c2)cs1)c1cc([N+](=O)[O-])ccc1Cl,18000.000000000015,-4.2552725051033065,0,test
CN1CCN(c2cc(Cl)c(C(=O)Nc3cccc(-c4nc5ccccc5s4)c3)cc2[N+](=O)[O-])CC1,8600.000000000004,-3.934498451243568,0,train
O=C(Nc1cccc(-c2nc3ccccc3s2)c1)c1cc([N+](=O)[O-])c(N2CCNCC2)cc1Cl,5300.000000000001,-3.724275869600789,0,train
CC1Cc2ccccc2N1C(=O)CN(C)C(=O)c1ccc(S(C)(=O)=O)c([N+](=O)[O-])c1,5499.999999999997,-3.740362689494244,0,train
CN(CC(=O)N1CCCCC1)C(=O)c1ccc(S(C)(=O)=O)c([N+](=O)[O-])c1,11300.000000000004,-4.05307844348342,0,train
CN(CC(=O)N1CCN(c2ccc(C(F)(F)F)cc2)CC1)C(=O)c1ccc(S(C)(=O)=O)c([N+](=O)[O-])c1,11900.000000000007,-4.075546961392531,0,train
CN(CC(=O)N1CCN(c2ccc(F)cc2)CC1)C(=O)c1ccc(S(C)(=O)=O)c([N+](=O)[O-])c1,17199.999999999993,-4.235528446907549,0,train
CN(CC(=O)N1CCN(c2ccccc2F)CC1)C(=O)c1ccc(S(C)(=O)=O)c([N+](=O)[O-])c1,10299.999999999996,-4.012837224705172,0,train
CS(=O)(=O)c1ccc(C(=O)NCCCC(=O)N2CCN(c3ccc(C(F)(F)F)cc3)CC2)cc1[N+](=O)[O-],13000.000000000004,-4.113943352306837,0,train
CS(=O)(=O)c1ccc(C(=O)NCCC(=O)N2CCCc3ccccc32)cc1[N+](=O)[O-],10500.000000000004,-4.021189299069938,0,train
CS(=O)(=O)c1ccc(C(=O)NCCC(=O)N2Cc3ccccc3C2)cc1[N+](=O)[O-],11200.00000000001,-4.049218022670182,0,train
CN(Cc1cccc(F)c1)C(=O)CCNC(=O)c1ccc(S(C)(=O)=O)c([N+](=O)[O-])c1,11200.00000000001,-4.049218022670182,0,train
CS(=O)(=O)c1ccc(C(=O)NCC(=O)N2CCCCC2)cc1[N+](=O)[O-],14000.000000000004,-4.146128035678238,0,train
CS(=O)(=O)c1ccc(C(=O)NCC(=O)N2CCN(c3ccc(F)cc3)CC2)cc1[N+](=O)[O-],12899.999999999996,-4.110589710299249,0,train
CS(=O)(=O)c1ccc(C(=O)NCC(=O)N(Cc2ccccc2)Cc2ccccc2)cc1[N+](=O)[O-],11900.000000000007,-4.075546961392531,0,train
CN(Cc1ccccc1F)C(=O)CNC(=O)c1ccc(S(C)(=O)=O)c([N+](=O)[O-])c1,11400.000000000004,-4.056904851336473,0,test
N=c1n(CC(=O)N/N=C/c2ccc3c(c2)OCO3)c2ccc(C(=O)c3ccccc3)cc2n1CC(=O)N/N=C/c1ccc2c(c1)OCO2,10.2,-1.0086001717619175,0,train
CCOC(=O)Cn1c(=N)n(CC(=O)OCC)c2cc(C(=O)c3ccccc3)ccc21,70.09999999999998,-1.8457180179666584,0,test
N#CCCCCn1c(=N)n(CCCCC#N)c2cc(C(=O)c3ccccc3)ccc21,94.1,-1.973589623427257,0,train
CCCCn1c(=N)n(CCCC)c2cc([N+](=O)[O-])ccc21,141.99999999999994,-2.1522883443830563,0,train
CN(C)CCC(=O)Nc1cccc(-c2nc3ccccc3s2)c1,21000.00000000001,-4.32221929473392,0,train
O=C(CCl)Nc1cccc(-c2nc3ccccc3s2)c1,16000.00000000001,-4.204119982655925,0,train
C=C1CC[C@H]2[C@@H](c3c(C)c(OC(C)=O)c4c(c31)C(=O)C(C)C4)C2(C)C,26041.700000000023,-4.415669331529051,0,train
C/C1=C/C2=C[C@H](C)C[C@@]23O[C@]2(CC(C)(C)[C@@H](Nc4ccccc4)[C@@H]2C1=O)[C@@H](C)C3=O,26041.700000000023,-4.415669331529051,0,train
C/C1=C/C2=C[C@H](C)C[C@@]23O[C@]2(CC(C)(C)C4CC1(ON4)O2)C(C)C3=O,26041.700000000023,-4.415669331529051,0,train
C/C1=C/C2=C[C@H](C)C[C@@]23O[C@]2(CC(C)(C)[C@@H](OC(C)C)[C@@H]2C1=O)[C@@H](C)C3=O,26041.700000000023,-4.415669331529051,0,train
CO[C@H]1[C@@H]2C(=O)/C(C)=C\C3=C[C@H](C)C[C@@]34O[C@]2(CC1(C)C)[C@@H](C)C4=O,26041.700000000023,-4.415669331529051,0,test
C/C1=C/C2=C[C@H](C)C[C@@]23O[C@]2(CC(C)(C)[C@@H](O)[C@@H]2C1=O)[C@@H](C)C3=O,26041.700000000023,-4.415669331529051,0,train
CC1=C2CC(C)(C)/C(c3ccc(C(F)(F)F)cc3)=C/C(=O)/C(C)=C\C3=C[C@H](C)C[C@]3(O2)C1=O,26041.700000000023,-4.415669331529051,0,train
CC1=C2CC(C)(C)/C(c3ccccc3)=C/C(=O)/C(C)=C\C3=C[C@H](C)C[C@]3(O2)C1=O,26041.700000000023,-4.415669331529051,0,train
COc1ccc(/C2=C\C(=O)/C(C)=C\C3=C[C@H](C)C[C@@]34OC(=C(C)C4=O)CC2(C)C)cc1,26041.700000000023,-4.415669331529051,0,train
C/C1=C/C2=C[C@H](C)CC2(Br)C(=O)[C@@]2(C)O[C@@H]([C@@H](Br)C1=O)C(C)(C)CC2=O,26041.700000000023,-4.415669331529051,0,train
C/C1=C/C2=C[C@H](C)C[C@@]23O[C@]2(CC(C)(C)[C@@H](Br)[C@@H]2C1=O)[C@](C)(Br)C3=O,26041.700000000023,-4.415669331529051,0,train
C/C1=C/C2=C[C@H](C)C[C@@]23O[C@]2(CC(C)(C)C[C@@H]2[C@@H]1OC(=S)Sc1ccccc1)[C@@H](C)C3=O,26041.700000000023,-4.415669331529051,0,train
CC1=C2CC(C)(C)/C=C/[C@H](OC(=S)Sc3ccccc3)/C(C)=C\C3=C[C@H](C)C[C@]3(O2)C1=O,26041.700000000023,-4.415669331529051,0,test
CC1=C2CC(C)(C)/C=C/[C@H](OC(=S)n3ccnc3)/C(C)=C\C3=C[C@H](C)C[C@]3(O2)C1=O,26041.700000000023,-4.415669331529051,0,train
CC(=O)O[C@H]1/C=C/C(C)(C)CC2=C(C)[C@@H](OC(C)=O)[C@]3(C[C@@H](C)C=C3/C=C\1C)O2,26041.700000000023,-4.415669331529051,0,train
CC1=C2CC(C)(C)[C@@H]3C=C(OC3)/C(C)=C\C3=C[C@H](C)C[C@]3(O2)C1=O,26041.700000000023,-4.415669331529051,0,train
C/C1=C/C2=C[C@H](C)C[C@@]23O[C@]2(CC(C)(C)C[C@@H]2[C@@]1(O)C#N)[C@@H](C)C3=O,26041.700000000023,-4.415669331529051,0,train
CC1=C2CC(C)(C)/C=C/C(=O)/C(C)=C\C3=C[C@H](C)C[C@]3(O2)[C@@]1(O)C#N,26041.700000000023,-4.415669331529051,0,train
CC1=C2CC(C)(C)[C@@H](C)CC(=O)/C(C)=C\C3=C[C@H](C)C[C@]3(O2)C1=O,26041.700000000023,-4.415669331529051,0,train
CC1=C2CC(C)(C)/C=C/C(=O)/C(C)=C\C3=C[C@H](C)C[C@]3(O2)[C@]1(C)O,26041.700000000023,-4.415669331529051,0,train
CC1=C2CC(C)(C)/C=C/C(=O)/C(C)=C\C3=C[C@H](C)C[C@]3(O2)[C@@]1(O)C(F)(F)F,26041.700000000023,-4.415669331529051,0,train
C/C1=C/C2=C[C@H](C)C[C@@]23O[C@]2(CC(C)(C)C[C@@H]2[C@@]1(O)C(F)(F)F)[C@@H](C)C3=O,26041.700000000023,-4.415669331529051,0,train
CC1=C2CC(C)(C)/C=C/C/C(C)=C\C3=C[C@H](C)C[C@]3(O2)C1=O,26041.700000000023,-4.415669331529051,0,train
C=C1/C=C/C(C)(C)CC2=C(C)C(=O)[C@]3(C[C@@H](C)C=C3/C=C\1C)O2,26041.700000000023,-4.415669331529051,0,train
C/C1=C/[C@]23O[C@H]2[C@H](C)C=C3C(=O)[C@@](C)(O)C(=O)CC(C)(C)/C=C/C1=O,26041.700000000023,-4.415669331529051,0,train
CC1=C2CC(C)(C)CCC(=O)C(C)CC3=C[C@H](C)C[C@]3(O2)C1=O,26041.700000000023,-4.415669331529051,0,train
CC1=C2CC(C)(C)CCC(=O)C(C)CC3C[C@H](C)C[C@]3(O2)C1=O,26041.700000000023,-4.415669331529051,0,test
C[C@@H]1C[C@@]23O[C@@]45CC(C)(C)[C@@H](Sc6ccccc6)[C@@H]4C(=O)C(C)(C=C2[C@H]1Sc1ccccc1)[C@]3(O)[C@@H]5C,26041.700000000023,-4.415669331529051,0,test
CCOC(=O)CNC(=O)[C@H](CS[C@H]1[C@@H]2C(=O)/C(C)=C\C3=C[C@H](C)C[C@@]34O[C@]2(CC1(C)C)[C@@H](C)C4=O)NC(=O)CC[C@H](N)C(=O)O,26041.700000000023,-4.415669331529051,0,train
C[C@@H]1CC[C@H]2CC3C(=O)CC[C@@]31C2(C)C,26041.700000000023,-4.415669331529051,0,train
C[C@@H]1CC[C@H]2CC3=C(CO)CC[C@@]31C2(C)C,26041.700000000023,-4.415669331529051,0,train
C[C@@H]1CC[C@H]2CC3=C(C=O)CC[C@@]31C2(C)C,26041.700000000023,-4.415669331529051,0,train
COC(=O)C1=C2C[C@@H]3CC[C@@H](C)[C@]2(CC1)C3(C)C,26041.700000000023,-4.415669331529051,0,train
C[C@@H]1CC[C@H]2CC3=C(C(=O)O)CC[C@@]31C2(C)C,26041.700000000023,-4.415669331529051,0,train
CC(=O)O[C@H]1CC[C@]2(C)[C@H]3CC[C@]4(C)C(=CC[C@@]5(C(=O)O)CCC(C)(C)C[C@H]54)[C@]3(C)CC[C@H]2C1(C)C,26041.700000000023,-4.415669331529051,0,train
CC1=C2CC(C)(C)/C=C/C(=O)/C(C)=C\C3=C[C@H](C)C[C@]3(O2)C1=O,6091.299999999997,-3.7847099892791474,0,train
O=C(/C=C/c1ccc(CN(CCCCOc2ccccc2)CCc2ccc3c(c2)OCO3)o1)NO,97690.0,-4.98985010960318,0,train
Cc1ccc(OCCN(CCc2ccc3c(c2)OCO3)Cc2ccc(/C=C/C(=O)NO)o2)cc1,66709.99999999999,-4.824190940652583,0,train
O=C(/C=C/c1ccc(CN(CCOc2ccccc2)CCc2ccc3c(c2)OCO3)o1)NO,68260.00000000003,-4.83416628394262,0,test
O=C(/C=C/c1ccc(CN(CCc2ccc3c(c2)OCO3)Cc2ccccc2)o1)NO,73200.00000000006,-4.864511081058392,0,train
CCCCCN(CCc1ccc2c(c1)OCO2)Cc1ccc(/C=C/C(=O)NO)o1,65340.00000000005,-4.815179130139419,0,train
CC(C)CN(CCc1ccc2c(c1)OCO2)Cc1ccc(/C=C/C(=O)NO)o1,38010.00000000003,-4.579897869603104,0,test
CCCCN(CCc1ccc2c(c1)OCO2)Cc1ccc(/C=C/C(=O)NO)o1,54329.99999999999,-4.735039705033721,0,train
CCCN(CCc1ccc2c(c1)OCO2)Cc1ccc(/C=C/C(=O)NO)o1,28720.0,-4.458184435570263,0,train
CCN(CCc1ccc2c(c1)OCO2)Cc1ccc(/C=C/C(=O)NO)o1,81660.00000000007,-4.912009375586979,0,train
Cc1ccc(OCCCCN(Cc2ccc(-c3ccccc3)cc2)Cc2ccc(/C=C/C(=O)NO)o2)cc1,15919.999999999996,-4.20194306340165,0,train
O=C(/C=C/c1ccc(CN(CCCCOc2ccccc2)Cc2ccc(-c3ccccc3)cc2)o1)NO,32899.99999999998,-4.517195897949974,0,train
Cc1ccc(OCCCN(Cc2ccc(-c3ccccc3)cc2)Cc2ccc(/C=C/C(=O)NO)o2)cc1,11649.999999999996,-4.066325925362038,0,train
O=C(/C=C/c1ccc(CN(CCCOc2ccccc2)Cc2ccc(-c3ccccc3)cc2)o1)NO,12740.000000000013,-4.105169427999332,0,train
Cc1ccc(OCCN(Cc2ccc(-c3ccccc3)cc2)Cc2ccc(/C=C/C(=O)NO)o2)cc1,19400.00000000002,-4.2878017299302265,0,test
O=C(/C=C/c1ccc(CN(CCOc2ccccc2)Cc2ccc(-c3ccccc3)cc2)o1)NO,18100.0,-4.2576785748691846,0,train
O=C(/C=C/c1ccc(CN(CCO)Cc2ccc(-c3ccccc3)cc2)o1)NO,22560.0,-4.353339095311305,0,train
O=C(/C=C/c1ccc(CN(Cc2ccccc2)Cc2ccc(-c3ccccc3)cc2)o1)NO,66610.00000000001,-4.823539433656859,0,test
CCCCCCCCN(Cc1ccc(-c2ccccc2)cc1)Cc1ccc(/C=C/C(=O)NO)o1,36929.99999999996,-4.567379307650978,0,train
CCCCCN(Cc1ccc(-c2ccccc2)cc1)Cc1ccc(/C=C/C(=O)NO)o1,19709.99999999998,-4.294686624279443,0,train
CC(C)N(Cc1ccc(-c2ccccc2)cc1)Cc1ccc(/C=C/C(=O)NO)o1,15510.000000000004,-4.190611797813605,0,train
CCN(Cc1ccc(-c2ccccc2)cc1)Cc1ccc(/C=C/C(=O)NO)o1,12849.999999999987,-4.108903127667313,0,train
Cc1ccc(OCCCCN(Cc2ccccc2)Cc2ccc(/C=C/C(=O)NO)o2)cc1,16290.000000000016,-4.21192108430851,0,train
O=C(/C=C/c1ccc(CN(CCCCOc2ccccc2)Cc2ccccc2)o1)NO,14739.999999999998,-4.168497483523033,0,train
Cc1ccc(OCCCN(Cc2ccccc2)Cc2ccc(/C=C/C(=O)NO)o2)cc1,5950.000000000003,-3.7745169657285498,0,train
O=C(/C=C/c1ccc(CN(CCCOc2ccccc2)Cc2ccccc2)o1)NO,14950.000000000013,-4.174641192660449,0,test
Cc1ccc(OCCN(Cc2ccccc2)Cc2ccc(/C=C/C(=O)NO)o2)cc1,12960.0,-4.112605001534575,0,test
O=C(/C=C/c1ccc(CN(CCOc2ccccc2)Cc2ccccc2)o1)NO,44720.0,-4.650501794878367,0,train
CCCCCCCCN(Cc1ccccc1)Cc1ccc(/C=C/C(=O)NO)o1,3959.999999999999,-3.597695185925512,0,train
CCCCCCN(Cc1ccccc1)Cc1ccc(/C=C/C(=O)NO)o1,21800.00000000001,-4.338456493604605,0,test
CC(C)CN(Cc1ccccc1)Cc1ccc(/C=C/C(=O)NO)o1,27679.999999999996,-4.44216608578472,0,test
CCCCN(Cc1ccccc1)Cc1ccc(/C=C/C(=O)NO)o1,24300.0,-4.385606273598312,0,train
CC(C)N(Cc1ccccc1)Cc1ccc(/C=C/C(=O)NO)o1,67519.99999999997,-4.829432433617598,0,train
CCCN(Cc1ccccc1)Cc1ccc(/C=C/C(=O)NO)o1,16720.000000000015,-4.223236273102998,0,test
COc1ccc2c(c1)C1CC1(C(=O)N1C3CC1CN(Cc1ccccc1)C3)Cn1c-2c(C2CCCCC2)c2ccc(C(=O)NS(=O)(=O)N(C)C)cc21,22000.00000000002,-4.342422680822207,0,train
CCN1CC2CC(C1)N2C(=O)[C@]12C[C@H]1c1cc(OC)ccc1-c1c(C3CCCCC3)c3ccc(C(=O)NS(=O)(=O)N(C)C)cc3n1C2,19000.0,-4.278753600952829,0,test
COc1ccc2c(c1)[C@@H]1C[C@]1(C(=O)N1C3CC1CN(C)C3)Cn1c-2c(C2CCCCC2)c2ccc(C(=O)NS(=O)(=O)N(C)C)cc21,24999.999999999996,-4.3979400086720375,0,test
COc1ccc(Nc2nc(N)nc(CSC(=S)N3CCOCC3)n2)cc1,20530.00000000002,-4.312388949370592,0,train
NNC(=O)Cc1nc2sc3c(c2c(=O)[nH]1)CCCC3,2179.999999999999,-3.3384564936046046,0,train
CCNC(=S)NNC(=O)Cc1nc2sc3c(c2c(=O)[nH]1)CCCC3,1020.0,-3.008600171761917,0,train
CCNC(=S)NNC(=O)Cc1nc2sc(C(=O)OCC)c(C)c2c(=O)[nH]1,189.99999999999997,-2.278753600952829,0,train
CCn1c(S)nnc1Cc1nc2sc3c(c2c(=O)[nH]1)CCCC3,2080.0,-3.318063334962761,0,test
CCOC(=O)c1sc2nc(Cc3nnc(S)n3CC)[nH]c(=O)c2c1C,1400.0000000000005,-3.146128035678238,0,train
CCNc1nnc(Cc2nc3sc(C(=O)OCC)c(C)c3c(=O)[nH]2)s1,1260.0,-3.100370545117563,0,train
Nc1ccccc1C(=O)NCCc1c[nH]c2ccccc12,809.9999999999995,-2.908485018878649,0,test
Nc1cccc(C(=O)NCCc2c[nH]c3ccccc23)c1,10719.999999999996,-4.030194785356751,0,train
Nc1ccc(C(=O)NCCc2c[nH]c3ccccc23)cc1,6550.000000000002,-3.816241299991783,0,train
O=C(NCCc1c[nH]c2ccccc12)c1ccccc1,710.0000000000003,-2.8512583487190755,0,train
O=C(NCCc1c[nH]c2ccccc12)c1ccccc1O,209.99999999999991,-2.322219294733919,1,train
Cc1ccccc1C(=O)NCCc1c[nH]c2ccccc12,1659.9999999999995,-3.220108088040055,0,train
CCC(=O)Nc1ccccc1C(=O)NCCc1c[nH]c2ccccc12,3280.000000000001,-3.515873843711679,0,test
Nc1ccccc1C(=O)NCCc1ccccc1,35.0,-1.5440680443502757,0,train
CCC(=O)Nc1cccc(C(=O)NCCc2c[nH]c3ccccc23)c1,1280.0,-3.1072099696478683,1,train
CCC(=O)Nc1ccc(C(=O)NCCc2c[nH]c3ccccc23)cc1,33239.99999999999,-4.521661015112073,1,train
O=C(NCCc1c[nH]c2ccccc12)c1ccccc1NC(=O)C(F)(F)F,1560.0,-3.1931245983544616,0,train
O=C(NCCc1c[nH]c2ccccc12)c1cccc(NC(=O)C(F)(F)F)c1,19550.00000000001,-4.291146761731886,0,train
O=C(NCCc1c[nH]c2ccccc12)c1ccc(NC(=O)C(F)(F)F)cc1,8860.0,-3.9474337218870503,0,train
O=C(NCCc1c[nH]c2ccccc12)c1cccnc1,3670.0,-3.5646660642520893,1,test
O=C(NCCc1c[nH]c2ccccc12)Oc1ccccc1,6379.999999999999,-3.804820678721162,1,train
O=C(NCCc1ccccc1)c1ccccc1O,120.99999999999991,-2.08278537031645,0,train
COc1cc(C(=O)/C=C/c2ccc(F)cc2)cc(OC)c1OC,10000.0,-4.0,0,train
Clc1ccc2nccc(N3CCC(CN4CCC(c5c[nH]c6ccccc56)CC4)CC3)c2c1,3860.000000000002,-3.586587304671755,0,train
c1ccc2c(C3CCN(Cc4ccc(CN5CCC(c6c[nH]c7ccccc67)CC5)cc4)CC3)c[nH]c2c1,460.0000000000003,-2.6627578316815743,0,train
O=C(c1cccnc1)N1CCC(c2c[nH]c3ccccc23)CC1,12800.000000000013,-4.107209969647869,0,train
Clc1ccc2nccc(N3CCC(c4c[nH]c5ccccc45)CC3)c2c1,4239.999999999998,-3.627365856592733,0,train
N#C/C(=C\c1c(-c2ccccc2)[nH]c2ccccc12)C(=O)c1ccc(Cl)cc1,37000.0,-4.568201724066995,0,train
N#C/C(=C\c1c(-c2ccccc2)[nH]c2ccccc12)C(=O)c1cccs1,24999.999999999996,-4.3979400086720375,0,train
COCCOC(=O)/C(C#N)=C/c1c(-c2ccccc2)[nH]c2ccccc12,85000.00000000003,-4.929418925714293,0,test
CC(=O)/C(=C/c1c(-c2ccccc2)[nH]c2ccccc12)C(=O)c1ccccc1,79000.00000000007,-4.897627091290442,0,test
CCOC(=O)/C(=C/c1c(-c2ccccc2)[nH]c2ccccc12)C(=O)c1ccccc1,31000.00000000003,-4.491361693834273,0,test
CCOC(=O)/C(=C/c1c(-c2ccccc2)[nH]c2ccccc12)C(=O)c1ccc([N+](=O)[O-])cc1,28000.00000000001,-4.447158031342219,0,test
O=C(/C(=C\c1c(-c2ccccc2)[nH]c2ccccc12)C(=O)C(F)(F)F)c1ccco1,16000.00000000001,-4.204119982655925,0,test
CCOC(=O)/C(=C\c1c(-c2ccccc2)[nH]c2ccccc12)C(C)=O,19000.0,-4.278753600952829,0,train
COc1ccc(-c2[nH]c3ccccc3c2/C=C(\C#N)S(=O)(=O)c2ccccc2)cc1,11000.000000000007,-4.041392685158225,0,train
COc1ccc2[nH]c(-c3ccccc3)c(/C=C(\C#N)S(=O)(=O)c3ccccc3)c2c1,9600.0,-3.982271233039568,0,train
COc1ccc(-c2[nH]c3ccc(OC)cc3c2/C=C(\C#N)S(=O)(=O)c2ccccc2)cc1,6399.999999999998,-3.806179973983887,0,train
Cc1cn([C@H]2C[C@H](n3cc(CNC(=O)CCCCCOc4ccc5c(c4)-c4nc6ccccc6nc4[C@@H]4C(C)(C)CCC[C@]54C)nn3)[C@@H](CO)O2)c(=O)[nH]c1=O,6000.000000000003,-3.778151250383644,0,train
O=C(c1ccc(Cl)cc1)n1c2ccccc2c2nnsc21,60249.99999999998,-4.779957051246906,0,train
CC1=NN(C(=O)CCl)C(c2cc(Cl)ccc2O)C1,20290.0,-4.307282047033346,0,train
CC1=NN(C(=O)CF)C(c2ccccc2O)C1,9410.000000000002,-3.973589623427257,0,train
CC1=NN(C(=O)C(F)(F)F)C(c2ccccc2O)C1,4799.999999999999,-3.681241237375587,0,train
CC1=NN(C(=O)CBr)C(c2ccccc2O)C1,14399.999999999987,-4.158362492095249,0,test
COc1ccc(C(=O)N2N=C(C)CC2c2ccccc2O)cc1,40330.000000000015,-4.605628222007619,0,train
CC1=NN(C(=O)c2ccc(F)cc2)C(c2ccccc2O)C1,39200.00000000003,-4.593286067020458,0,train
CC1=NN(C(=O)CCl)C(c2cc(Br)ccc2O)C1,12289.999999999996,-4.089551882886454,0,train
CC1=NN(C(=O)CCl)C(c2cc(F)ccc2O)C1,4210.0,-3.624282095835668,0,test
CC1=NN(S(=O)(=O)c2ccccc2C)C(c2cc(Br)ccc2O)C1,39269.99999999999,-4.594060901270418,0,train
CC1=NN(S(=O)(=O)c2ccc(F)cc2)C(c2cc(Br)ccc2O)C1,50110.00000000002,-4.699924402742477,0,test
CC1=NN(S(=O)(=O)c2ccc(Cl)cc2Cl)C(c2cc(Br)ccc2O)C1,45200.00000000004,-4.655138434811383,0,train
COc1ccc(S(=O)(=O)N2N=C(C)CC2c2cc(Br)ccc2O)cc1,38199.99999999998,-4.5820633629117085,0,train
CC1=NN(S(=O)(=O)c2ccc(C(F)(F)F)cc2)C(c2cc(Br)ccc2O)C1,22090.000000000007,-4.344195715871435,0,train
O=c1c(O)c(-c2ccc(O)cc2)oc2cc(O)cc(O)c12,7740.000000000001,-3.8887409606828927,0,train
O=c1c(O)c(-c2ccc(O)c(O)c2)oc2cc(O)cc(O)c12,4630.000000000002,-3.665580991017953,0,test
COc1ccc(-c2cc(=O)c3c(O)cc(O)cc3o2)cc1O,7979.999999999995,-3.902002891350729,0,train
CC(=O)c1cc2cc(NCc3cc(NC(=O)c4ccc(CN5CCC(N(C)C)C5)c(C(F)(F)F)c4)ccc3C)cnc2[nH]1,275.0000000000001,-2.439332693830263,0,train
CNC(=O)c1cc2cc(NCc3cc(NC(=O)c4ccc(CN5CCC(N(C)C)C5)c(C(F)(F)F)c4)ccc3C)cnc2[nH]1,179.00000000000006,-2.2528530309798933,0,test
COC(=O)c1cc2cc(NC(=O)c3cc(NC(=O)c4ccc(CN5CCC(N(C)C)C5)c(C(F)(F)F)c4)ccc3C)cnc2[nH]1,977.0,-2.989894563718773,0,train
CC(=O)c1cc2cc(CCc3cc(NC(=O)c4ccc(CN5CCC(N(C)C)C5)c(C(F)(F)F)c4)ccc3C)cnc2[nH]1,248.00000000000009,-2.3944516808262164,0,test
CNC(=O)c1cc(Oc2ccc(NC(=O)Nc3ccc(Cl)c(C(F)(F)F)c3)cc2)ccn1,301.99999999999994,-2.4800069429571505,0,train
COC(=O)c1cc2cc(NCc3cc(NC(=O)c4cncc(C)c4)ccc3C)cnc2[nH]1,509.9999999999999,-2.7075701760979363,0,train
COC(=O)c1cc2cc(NCc3cc(NC(=O)c4cncc(C(F)(F)F)c4)ccc3C)cnc2[nH]1,963.0,-2.9836262871245345,0,test
COC(=O)c1cc2cc(NCc3cc(NC(=O)c4ccc(CN5CCC(N(C)C)C5)c(C(F)(F)F)c4)ccc3C)cnc2[nH]1,673.0000000000002,-2.828015064223977,0,train
COC(=O)c1cc2cc(NCc3cc(NC(=O)c4cc(-n5cnc(C)c5)cc(C(F)(F)F)c4)ccc3C)cnc2[nH]1,37.99999999999999,-1.57978359661681,0,train
CCOC(=O)C1=C(C)Oc2nc3c(c(N)c2C1c1cc2cc(OC)ccc2nc1Cl)CCCC3,73000.0,-4.863322860120456,0,train
CCN(CC)CCCC(C)Nc1c2ccc(Cl)cc2nc2ccc(OC)cc12,10440.0,-4.018700498666243,0,train
COc1ccc(Nc2nc(NCc3ccco3)c3ccccc3n2)cc1,2499.9999999999995,-3.397940008672037,0,train
COc1ccc(Nc2nc(N3CCOCC3)c3ccccc3n2)cc1,25600.00000000003,-4.40823996531185,0,train
COc1ccc(Nc2ncc3c(NCCCO)cccc3n2)cc1,15900.000000000013,-4.201397124320452,0,train
c1cc(NC2CCCC2)c2cnc(Nc3ccc4c(c3)OCO4)nc2c1,7799.999999999999,-3.89209460269048,0,train
CNc1nc(Nc2ccc(OC)cc2)nc2ccccc12,26099.999999999996,-4.416640507338281,0,train
CNc1nc(Nc2ccc(F)cc2)nc2ccccc12,16199.999999999993,-4.209515014542631,0,train
CN(C)c1nc(Nc2ccc(F)cc2)nc2ccccc12,20099.99999999999,-4.303196057420489,0,train
Cc1ccc(Nc2nc(NCc3ccco3)c3ccccc3n2)cc1,5900.000000000001,-3.770852011642144,0,train
Brc1ccc(Nc2nc(NCc3ccco3)c3ccccc3n2)cc1,19000.0,-4.278753600952829,0,train
Clc1ccc(Nc2nc(NCc3ccco3)c3ccccc3n2)cc1,7400.000000000001,-3.869231719730976,0,train
Fc1ccc(Nc2nc(NCc3ccco3)c3ccccc3n2)cc1,4900.000000000002,-3.690196080028514,0,train
Clc1cccc(Nc2nc(NCc3ccco3)c3ccccc3n2)c1,4999.999999999999,-3.6989700043360183,0,train
Fc1cccc(Nc2nc(NCC3CCCO3)c3ccccc3n2)c1,8600.000000000004,-3.934498451243568,0,train
Fc1ccccc1Nc1nc(NCC2CCCO2)c2ccccc2n1,21300.00000000002,-4.328379603438738,0,test
COC(=O)c1ccc(Nc2nc(NCc3ccco3)c3ccccc3n2)cc1,33500.00000000003,-4.525044807036846,0,test
CC(O)c1ccc(Nc2nc(NCc3ccco3)c3ccccc3n2)cc1,12599.999999999987,-4.1003705451175625,0,train
NC(=O)c1ccc(Nc2nc(NCC3CCCO3)c3ccccc3n2)cc1,34599.99999999998,-4.539076098792776,0,train
NC(=O)c1ccc(Nc2nc(NCc3ccco3)c3ccccc3n2)cc1,20000.000000000004,-4.301029995663981,0,train
CC(=O)Nc1ccc(Nc2nc(NCC3CCCO3)c3ccccc3n2)cc1,38300.00000000001,-4.583198773968623,0,train
c1ccc2c(NCC3CCCO3)nc(Nc3ccc4c(c3)OCO4)nc2c1,8600.000000000004,-3.934498451243568,0,test
COc1cccc(Nc2nc(NCC3CCCO3)c3ccccc3n2)c1,7699.999999999999,-3.886490725172482,0,train
COc1ccccc1Nc1nc(NCC2CCCO2)c2ccccc2n1,24500.000000000007,-4.389166084364533,0,test
COc1ccc(Nc2nc(NCC3CCCO3)c3ccccc3n2)c(OC)c1,15800.000000000016,-4.198657086954423,0,train
COc1cccc(Nc2nc(NCc3ccco3)c3ccccc3n2)c1OC,20099.99999999999,-4.303196057420489,0,train
COc1ccc(Nc2nc(NCc3ccccc3)c3ccccc3n2)cc1,8500.000000000002,-3.929418925714293,0,train
CCOc1ccc(Nc2nc(NCc3ccccc3)c3ccccc3n2)cc1,4499.999999999998,-3.653212513775344,0,train
Fc1ccc(Nc2nc(NCc3ccccc3)c3ccccc3n2)cc1,5099.999999999999,-3.707570176097936,0,train
FC(F)(F)c1ccc(Nc2nc(NCc3ccccc3)c3ccccc3n2)cc1,6399.999999999998,-3.806179973983887,0,train
Clc1cc(Nc2nc(NCc3ccccc3)c3ccccc3n2)ccc1Br,2900.0,-3.462397997898956,0,train
Fc1ccc(Nc2nc(NCc3ccccc3)c3ccccc3n2)cc1Cl,6300.0,-3.7993405494535817,0,test
Fc1cc(Nc2nc(NCc3ccccc3)c3ccccc3n2)ccc1Cl,6600.000000000002,-3.8195439355418688,0,test
FC(F)(F)c1ccc(Nc2nc(NCc3ccccc3)c3ccccc3n2)cn1,8900.0,-3.949390006644913,0,train
COc1cc2nc(Nc3ccc(F)cc3)nc(NCC3CCCO3)c2cc1OC,5499.999999999997,-3.740362689494244,0,train
COc1cc2nc(Nc3ccc(F)cc3)nc(NCc3ccccc3)c2cc1OC,2800.0000000000014,-3.4471580313422194,0,train
Fc1ccc(Nc2nc(NCc3ccccc3)c3ccncc3n2)cc1,17799.999999999985,-4.250420002308894,0,train
Fc1ccc(Nc2nc(NCc3ccccc3)c3cccnc3n2)cc1,12399.999999999987,-4.093421685162235,0,test
Fc1ccc(Nc2nc(NCc3ccccc3)c3ncccc3n2)cc1,18200.00000000001,-4.260071387985075,0,train
Fc1ccc(Nc2nc(NCc3ccccc3)c3sccc3n2)cc1,18699.99999999998,-4.271841606536499,0,test
Cn1cnc2nc(Nc3ccc(F)cc3)nc(NCc3ccccc3)c21,8999.999999999998,-3.9542425094393248,0,train
Cn1ncc2c(NCc3ccccc3)nc(Nc3ccc(F)cc3)nc21,26000.00000000001,-4.414973347970818,0,train
CN1CCN(CCNc2nc(Nc3ccc(F)c(Cl)c3)nc3cccnc23)CC1,8900.0,-3.949390006644913,0,train
CN1CCN(CCNc2nc(Nc3ccc(Cl)c(F)c3)nc3cccnc23)CC1,12300.000000000004,-4.089905111439398,0,test
CN1CCC(Nc2nc(Nc3ccc(F)c(Cl)c3)nc3cccnc23)CC1,11500.000000000004,-4.060697840353612,0,test
CN1CCC(Nc2nc(Nc3ccc(Cl)c(F)c3)nc3cccnc23)CC1,11100.000000000004,-4.045322978786658,0,train
CN(C)CCNc1nc(Nc2ccc(F)cc2)nc2ccccc12,27899.99999999999,-4.445604203273597,0,train
CN1CCN(CCNc2nc(Nc3ccc(F)cc3)nc3ccccc23)CC1,15299.999999999987,-4.184691430817598,0,train
Fc1ccc(Nc2nc(NCCN3CCOCC3)c3ccccc3n2)cc1,30099.999999999985,-4.478566495593843,0,train
Fc1ccc(Nc2nc(NCCN3CCCC3)c3ccccc3n2)cc1,26500.000000000004,-4.423245873936808,0,test
CN1CCN(C(=O)CNc2nc(Nc3ccc(F)cc3)nc3ccccc23)CC1,30400.00000000001,-4.482873583608754,0,test
CN1CCC(Nc2nc(Nc3ccc(F)cc3)nc3ccccc23)CC1,11500.000000000004,-4.060697840353612,0,train
CCOc1ccc(Br)c2c1B(O)O[C@@H]2CN,47099.99999999995,-4.673020907128896,0,train
COc1cc(-c2nc3ccccc3c3cc[nH]c23)cc(OC)c1OC,98999.99999999994,-4.99563519459755,0,test
Nc1ccc(-c2nc3ccccc3c3cc[nH]c23)cc1,40999.99999999999,-4.612783856719736,0,train
O=C(O)c1ccc(-c2nc3ccccc3c3cc[nH]c23)cc1,82000.0,-4.913813852383717,0,train
Brc1ccc2[nH]cc(-c3nc4ccccc4c4cc[nH]c34)c2c1,92999.99999999993,-4.968482948553935,0,test
Brc1ccc2c(-c3nc4ccccc4c4cc[nH]c34)c[nH]c2c1,42000.00000000003,-4.623249290397901,0,train
COc1ccc2c(c1)nc(CC(C)C)c1[nH]ccc12,35000.0,-4.544068044350276,0,train
COc1ccc2c(c1)nc(-c1ccccc1)c1[nH]ccc12,60000.00000000003,-4.778151250383644,0,train
COc1ccc2c(c1)nc(-c1ccc(N(C)C)cc1)c1[nH]ccc12,20000.000000000004,-4.301029995663981,0,train
COc1ccc2c(c1)nc(-c1c[nH]c3ccccc13)c1[nH]ccc12,20000.000000000004,-4.301029995663981,0,train
O=c1c(-c2ccc(O)cc2)coc2cc(O)cc(O)c12,67694.50000000007,-4.830553384834593,0,train
O=c1cc(-c2ccccc2)oc2cc(O)c(O)c(O)c12,60000.00000000003,-4.778151250383644,0,train
CN1CC[C@H](c2c(O)cc(O)c3c(=O)cc(-c4ccccc4Cl)oc23)[C@H](O)C1,146.4,-2.165541076722373,0,train
CN(C)C(=O)c1cc2cnc(Nc3ccc(N4CCNCC4)cn3)nc2n1C1CCCC1,286.1999999999999,-2.4566696294237573,0,train
COc1ccc(-c2cc(=O)c3c(OC)cc(OC)cc3n2S(=O)(=O)c2ccc(Br)cc2)cc1,16289.79999999999,-4.211915752237939,0,train
COc1cc(OC)c2c(=O)cc(C(=O)Nc3cc(C(F)(F)F)ccc3Oc3ccccc3OC)[nH]c2c1,10709.2,-4.029757029322772,0,train
COc1ccc(Oc2ccc(C(F)(F)F)cc2NC(=O)c2cc(=O)c3c(OC)cc(OC)cc3[nH]2)cc1,5302.500000000003,-3.7244806771886,0,train
COc1cc(OC)c2c(=O)cc(C(=O)N3CCN(C(=O)OC(C)(C)C)CC3)[nH]c2c1,11309.999999999996,-4.053462604925455,0,train
CCn1c2ccccc2c2cc(C(=O)c3ccc(C)c4ccccc34)ccc21,1689.000000000001,-3.227629649571009,1,train
CCn1c2ccccc2c2cc(C(=O)c3cccc4ncccc34)ccc21,66.00000000000001,-1.8195439355418688,1,train
CCn1c2ccccc2c2cc(C(O)c3ccc(C)c4ccccc34)ccc21,101.0,-2.004321373782642,1,train
CC1(C)[C@@H](OC(N)=O)C=C[C@]2(C=O)[C@H]3CC[C@]4(C)[C@@H](c5ccc(=O)oc5)[C@@H](Cl)C[C@]4(O)C3=CC[C@@H]12,5.800000000000001,-0.7634279935629373,0,train
CC1(C)[C@@H](OC(N)=O)[C@H]2O[C@H]2[C@]2(C=O)[C@H]3CC[C@]4(C)[C@@H](c5ccc(=O)oc5)[C@@H](Cl)C[C@]4(O)C3=CC[C@@H]12,3.2000000000000006,-0.505149978319906,1,train
CC1(C)[C@H]2OC(=O)O[C@H]2[C@@H](O)[C@]2(C=O)[C@H]3CC[C@]4(C)[C@@H](c5ccc(=O)oc5)[C@@H](Cl)C[C@]4(O)C3=CC[C@@H]12,1300.0000000000005,-3.113943352306837,1,train
C[C@]12CC[C@H](O)C[C@H]1CC[C@@H]1[C@@H]2CC[C@]2(C)[C@@H](c3ccc(=O)oc3)CC[C@]12O,35.0,-1.5440680443502757,0,train
O[C@@H](c1cc(C(F)(F)F)nc2c(C(F)(F)F)cccc12)[C@H]1CCCCN1,9799.999999999996,-3.991226075692495,0,train
CC(C)C[C@H](NC(=O)[C@H](Cc1ccccc1)NC(=O)c1cnccn1)B(O)O,10.0,-1.0,0,train
N#CC(Cc1ccccc1Br)(Cc1ccccc1Br)C(=O)NCCN,55891.261401279895,-4.747343911251859,0,train
N#CC(Cc1ccccc1C(F)(F)F)(Cc1ccccc1C(F)(F)F)C(=O)NCCN,54128.2975973802,-4.733424368201531,0,train
N#CC(Cc1cc(C(F)(F)F)cc(C(F)(F)F)c1)(Cc1cc(C(F)(F)F)cc(C(F)(F)F)c1)C(=O)NCCN,34519.36104662702,-4.53806274832671,0,train
N#CC(Cc1ccc(C(F)(F)F)cc1)(Cc1ccc(C(F)(F)F)cc1)C(=O)NCCN,51872.951864156006,-4.714940962507518,0,test
N#CC(Cc1ccc(F)c2ccccc12)(Cc1ccc(F)c2ccccc12)C(=O)NCCN,27057.680209787195,-4.432290559620245,0,train
NCCNC(=O)C(CN)(Cc1ccccc1Br)Cc1ccccc1Br,102297.21176162196,-5.009863796634504,0,test
NCCNC(=O)C(CN)(Cc1cc(Br)cc(Br)c1)Cc1cc(Br)cc(Br)c1,20733.22243717435,-4.316666807058678,0,train
NCCNC(=O)C(CN)(Cc1ccccc1C(F)(F)F)Cc1ccccc1C(F)(F)F,100575.96502638442,-5.002494208318844,0,train
NCCNC(=O)C(CN)(Cc1cc(C(F)(F)F)cc(C(F)(F)F)c1)Cc1cc(C(F)(F)F)cc(C(F)(F)F)c1,18854.438591950537,-4.275413605421147,0,train
NCCNC(=O)C(CN)(Cc1ccc(F)c2ccccc12)Cc1ccc(F)c2ccccc12,26813.904797231007,-4.428360063084182,0,train
NCCNCC(CN)(Cc1ccccc1Br)Cc1ccccc1Br,39539.75722589061,-4.597033998417721,0,train
NCCNCC(CN)(Cc1cc(Br)cc(Br)c1)Cc1cc(Br)cc(Br)c1,19574.898455214272,-4.2916995178332,0,train
NCCNCC(CN)(Cc1cc(C(F)(F)F)cc(C(F)(F)F)c1)Cc1cc(C(F)(F)F)cc(C(F)(F)F)c1,12292.90839675888,-4.089654645395192,0,train
NCCNCC(CN)(Cc1ccc(F)c2ccccc12)Cc1ccc(F)c2ccccc12,27678.723826306785,-4.442146062375411,0,test
CN1C(=O)c2cc(NC(=O)c3ccc(C(F)(F)F)cc3)ccc2OC[C@@H]2O[C@@H](CC(=O)NC3Cc4ccccc4C3)CC[C@@H]21,2030.0000000000005,-3.307496037913213,0,train
CC(C)Cc1n[nH]c2nc(N[C@H]3CC[C@H](NC(=O)Cc4ccccc4)CC3)ncc12,50118.72000000005,-4.699999970860912,0,train
CC(C)Cc1n[nH]c2nc(N[C@H]3CC[C@@H](NS(=O)(=O)CC(C)C)CC3)ncc12,63095.730000000025,-4.799999969383821,0,test
CC(C)Cc1n[nH]c2nc(N[C@H]3CC[C@H](NS(=O)(=O)CCC(F)(F)F)CC3)ncc12,50118.72000000005,-4.699999970860912,0,train
CN(C)c1ccc(C(NC(=O)OCc2ccccc2)P(=O)(Oc2ccccc2)Oc2ccccc2)cc1,28400.00000000002,-4.453318340047038,0,test
Nc1cccc(C(NC(=O)OCc2ccccc2)P(=O)(Oc2ccccc2)Oc2ccccc2)c1,23800.00000000002,-4.376576957056512,0,test
O=C(NC(c1c[nH]c2ccc(Cl)cc12)P(=O)(Oc1ccccc1)Oc1ccccc1)OCc1ccccc1,10500.000000000004,-4.021189299069938,0,train
N=C(N)c1ccc2cc(C(NC(=O)OCc3ccccc3)P(=O)(Oc3ccccc3)Oc3ccccc3)ccc2c1,28300.000000000025,-4.451786435524291,0,train
O=C(NC(c1ccc(N2CCNCC2)cc1)P(=O)(Oc1ccccc1)Oc1ccccc1)OCc1ccccc1,1099.9999999999998,-3.041392685158225,0,train
C/C(=N\Nc1ncc(C(=O)c2cc3ccccc3oc2=O)s1)c1ccccc1,9500.91927813556,-3.977765628247429,0,test
C/C(=N\Nc1ncc(C(=O)c2cc3ccccc3oc2=O)s1)c1ccc(C)cc1,9170.605483030658,-3.9623980106163783,0,train
COc1ccc(/C(C)=N/Nc2ncc(C(=O)c3cc4ccccc4oc3=O)s2)cc1,8820.822863572865,-3.94550910082795,0,test
O=C(NCc1ccccc1)c1n[nH]c2c1CN(Cc1c[nH]c3ccccc13)CC2,29400.00000000003,-4.468347330412158,0,train
CCOC(=O)n1nc(C(=O)NCc2ccccc2)c2c1CCN(Cc1c[nH]c3ccccc13)C2,29700.0,-4.472756449317212,0,train
Cc1cccc(CNC(=O)c2nn(CCO)c3c2CN(Cc2c[nH]c4ccccc24)CC3)c1,34799.999999999985,-4.541579243946581,0,train
Cn1nc(C(=O)NCc2cccc3ccccc23)c2c1CCN(Cc1c[nH]c3ccccc13)C2,14399.999999999987,-4.158362492095249,0,test
O=C(NCc1cccc2ccccc12)c1nn(CCO)c2c1CN(Cc1c[nH]c3ccccc13)CC2,7869.999999999995,-3.895974732359064,0,train
COc1ccc(CN2CCc3c(c(C(=O)NCc4ccccc4)nn3CCO)C2)c2ccccc12,34899.999999999985,-4.54282542695918,0,train
Cn1cc(CN2CCc3c(c(C(=O)NCc4cccc5ccccc45)nn3CCO)C2)c2ccccc21,8600.000000000004,-3.934498451243568,0,train
CC(=O)n1cc(CN2CCc3c(c(C(=O)NCc4cccc5ccccc45)nn3CCO)C2)c2ccccc21,22699.99999999999,-4.3560258571931225,0,train
CS(=O)(=O)n1cc(CN2CCc3c(c(C(=O)NCc4cccc5ccccc45)nn3CCO)C2)c2ccccc21,13300.0,-4.123851640967086,0,train
COc1cccc2c(CN3CCc4c(c(C(=O)NCc5cccc6ccccc56)nn4CCO)C3)c[nH]c12,13800.000000000013,-4.139879086401237,0,train
COc1cccc2c(CN3CCc4c(c(C(=O)NCc5cccc6ccccc56)nn4CCO)C3)cn(C)c12,7340.000000000001,-3.865696059916071,0,train
COC(=O)c1cccc2c(CN3CCc4c(c(C(=O)NCc5cccc6ccccc56)nn4CCO)C3)c[nH]c12,12899.999999999996,-4.110589710299249,0,train
O=C(NCc1cccc2ccccc12)c1nn(CCO)c2c1CN(Cc1cc3ccccc3[nH]1)CC2,9390.0,-3.972665592266111,0,test
O=C(NCc1cccc2ccccc12)c1nn(CCO)c2c1CN(Cc1cccc3ccccc13)CC2,9110.0,-3.9595183769729982,0,train
C[S+](O)c1ccc(CN2CCc3c(c(C(=O)NCc4cccc5ccccc45)nn3CCO)C2)c2ccccc12,29200.000000000007,-4.465382851448418,0,test
O=C(NCc1cccc2ccccc12)c1nn(CCO)c2c1CN(Cc1ccccc1)CC2,38199.99999999998,-4.5820633629117085,0,train
O=C(NCc1cccc2ccccc12)c1nn(CCO)c2c1CN(Cc1ccc(Cl)cc1)CC2,14099.999999999993,-4.14921911265538,0,train
COc1ccc(CN2CCc3c(c(C(=O)NCc4cccc5ccccc45)nn3CCO)C2)cc1OC,40799.99999999996,-4.61066016308988,0,train
O=C(NCc1cccc2ccccc12)c1nn(CCO)c2c1CN(CC1Cc3ccccc3C1)CC2,13800.000000000013,-4.139879086401237,0,train
COc1ccc(CN2CCc3c(c(CNCc4cccc5ccccc45)nn3CCO)C2)c2ccccc12,29600.00000000001,-4.471291711058939,0,train
COc1ccc(CN2CCc3c(c(CNS(=O)(=O)c4cccc5ccccc45)nn3CCO)C2)c2ccccc12,16400.000000000004,-4.214843848047698,0,train
COc1ccc(CN2CCc3c(c(C(=O)NCc4cccc5ccccc45)nn3CCN)C2)c2ccccc12,3740.000000000001,-3.5728716022004803,0,train
CNCCn1nc(C(=O)NCc2cccc3ccccc23)c2c1CCN(Cc1ccc(OC)c3ccccc13)C2,7360.000000000001,-3.866877814337499,0,train
COc1ccc(CN2CCc3c(c(C(=O)NCc4cccc5ccccc45)nn3CCN(C)C)C2)c2ccccc12,8840.0,-3.946452265013073,0,test
COc1ccc(CN2CCc3c(c(C(=O)NCc4cccc5ccccc45)nn3CCn3ccnc3)C2)c2ccccc12,7539.999999999996,-3.877371345869774,0,train
COc1ccc(CN2CCc3c(c(C(=O)NCc4cccc5ccccc45)nn3CCN3CCOCC3)C2)c2ccccc12,42000.00000000003,-4.623249290397901,0,train
COc1ccc(CN2CCc3c(c(C(=O)NCc4cccc5ccccc45)nn3CCNC(C)=O)C2)c2ccccc12,4919.999999999997,-3.69196510276736,0,train
COc1ccc(CN2CCc3c(c(C(=O)NCc4cccc5ccccc45)nn3CCNC(C)(C)CO)C2)c2ccccc12,6500.000000000002,-3.812913356642856,0,test
COc1ccc(CN2Cc3c(C(=O)NCc4cccc5ccccc45)nn(CCN)c3C2)c2ccccc12,3670.0,-3.5646660642520893,0,test
COc1ccc(CN2Cc3c(C(=O)NCc4cccc5ccccc45)nn(CCNC(C)(C)CO)c3C2)c2ccccc12,3820.000000000002,-3.582063362911709,0,test
O=C(Nc1ccc(F)c(-c2nc3cc(-c4ccccc4)cnc3[nH]2)c1)N1CCCC1,10879.99999999999,-4.036628895362161,0,train
O=C(Nc1ccc(F)c(-c2nc3ncc(-c4cccc(F)c4)cc3[nH]2)c1)N1CCCC1,28199.99999999999,-4.450249108319361,0,train
O=C(Nc1ccc(F)c(-c2nc3ncc(-c4ccc(F)cc4F)cc3[nH]2)c1)N1CCCC1,32399.999999999996,-4.510545010206612,0,test
O=C(Nc1ccc(F)c(-c2nc3ncc(-c4ccccc4)cc3[nH]2)c1)N1CC[C@@H](F)C1,29600.00000000001,-4.471291711058939,0,train
O=c1nc(SCc2ccc(C(F)(F)F)cc2)nc(SCc2ccccc2F)[nH]1,85999.99999999994,-4.934498451243568,0,test
O=c1nc(SCc2cc(F)cc(C(F)(F)F)c2)nc(SCc2cccc(Cl)c2)[nH]1,38700.0,-4.587710965018911,0,train
Cc1c(N2CC3CC3(N)C2)c(F)cc2c(CN)c(F)c(=O)n(C3CC3)c12,82000.0,-4.913813852383717,0,train
Cc1nn(-c2ccccc2)c2nc(-c3ccc(C(C)(C)C)cc3)c(C#N)c(-c3ccccc3O)c12,24400.00000000001,-4.38738982633873,0,train
CN(C)CCNc1cc(/C=C/c2ccc(C(F)(F)F)cc2)nc2ccc(Cl)cc12,11235.29999999999,-4.050584673248704,0,train
CN(C)CCNc1cc(/C=C/c2ccc(F)cc2)nc2ccc(Cl)cc12,5331.600000000001,-3.726857559288496,0,train
CN(C)CCNc1cc(/C=C/c2ccccc2F)nc2ccc(Cl)cc12,4827.300000000001,-3.6837042895574537,0,train
CN(C)CCNc1cc(/C=C/c2cccc(F)c2)nc2ccc(Cl)cc12,4777.4,-3.679191605218894,0,train
CCN(CC)CCCC(C)Nc1cc(/C=C/c2ccc([N+](=O)[O-])cc2)nc2ccc(OC)cc12,7019.100000000004,-3.8462814297806167,0,train
CN(C)CCNc1cc(/C=C/c2ccncc2)nc2ccc(Cl)cc12,6110.600000000002,-3.7860838557246663,0,test
Fc1ccc(/C=C/c2cc(NCc3ccccn3)c3cc(Cl)ccc3n2)cc1,19760.600000000017,-4.295800127130815,0,train
Fc1ccc(/C=C/c2cc(NCCN3CCOCC3)c3cc(Cl)ccc3n2)cc1,17204.599999999995,-4.235644579903059,0,train
CN1CCN(CCNc2cc(/C=C/c3ccc(F)cc3)nc3ccc(Cl)cc23)CC1,3195.2000000000003,-3.5044980475266274,0,train
Fc1ccc(/C=C/c2cc(NCCCCN3CCOCC3)c3cc(Cl)ccc3n2)cc1,3547.000000000001,-3.549861188471943,0,test
Clc1ccc2nc(/C=C/c3ccncc3)cc(NCCCCN3CCOCC3)c2c1,5670.099999999998,-3.753590718340035,0,train
CN1CCN(CCCCNc2cc(/C=C/c3ccncc3)nc3ccc(Cl)cc23)CC1,8377.700000000003,-3.9231248045000977,0,train
FC(F)(F)c1ccc(/C=C/c2cc(NCCCCN3CCOCC3)c3cc(Cl)ccc3n2)cc1,10178.199999999995,-4.00767098043814,0,test
Fc1ccc(/C=C/c2cc(NCCCCN3CCOCC3)c3cc(Cl)ccc3n2)cc1F,10430.000000000002,-4.018284308426531,0,train
O=C(NCCN1CCC1)c1cc(-c2ccc(CN3CCOCC3)cc2)nc2ccc(F)cc12,40999.99999999999,-4.612783856719736,0,train
CC/C(=C(\c1ccccc1)c1ccc(OCCN(C)C)cc1)c1ccccc1,35000.0,-4.544068044350276,0,train
C[C@H](CCC(=O)O)[C@H]1CC[C@H]2[C@@H]3CC[C@@H]4C[C@H](O)CC[C@]4(C)[C@H]3CC[C@]12C,49999.99999999999,-4.698970004336019,0,train
CN[C@@H](C)C(=O)N[C@H](C(=O)N1C[C@@H](Oc2ccccc2)C[C@H]1C(=O)N[C@@H](Cc1ccc(-c2ccccc2)cc1)C(=O)NCCS)C(C)(C)C,8099.999999999995,-3.9084850188786495,0,train
CCCCCCCCCCCCCCCCCCSCCNC(=O)[C@H](Cc1ccc(-c2ccccc2)cc1)NC(=O)[C@@H]1C[C@H](Oc2ccccc2)CN1C(=O)[C@@H](NC(=O)[C@H](C)NC)C(C)(C)C,1700.000000000001,-3.230448921378274,0,test
CCCCCCCCCCCCCCCCCCS(=O)(=O)CCNC(=O)[C@H](Cc1ccc(-c2ccccc2)cc1)NC(=O)[C@@H]1C[C@H](Oc2ccccc2)CN1C(=O)[C@@H](NC(=O)[C@H](C)NC)C(C)(C)C,2099.999999999999,-3.322219294733919,0,train
CCCCCCCCCCCCCCCCCCSC[C@H](NC(=O)[C@H](C)NC)C(=O)N1CCC[C@H]1C(=O)NC(c1ccccc1)c1ccccc1,6399.999999999998,-3.806179973983887,0,train
CCCCCCCCCCCCCCCCS[C@H]1C[C@@H](C(=O)NC(c2ccccc2)c2ccccc2)N(C(=O)[C@@H](NC(=O)[C@H](C)NC)C(C)(C)C)C1,24300.0,-4.385606273598312,0,train
CCCCCCCCCCCCCCCCS[C@H]1C[C@@H](C(=O)NCC(c2ccccc2)c2ccccc2)N(C(=O)[C@@H](NC(=O)[C@H](C)NC)C(C)(C)C)C1,32000.000000000025,-4.505149978319906,0,train
CCCCCCCCCCCCCCCc1cccc(O[C@H]2C[C@@H](C(=O)NC(c3ccccc3)c3ccccc3)N(C(=O)[C@@H](NC(=O)[C@H](C)NC)C(C)(C)C)C2)c1,2800.0000000000014,-3.4471580313422194,0,train
CCCCCCCCCCCCCCCc1cccc(O[C@H]2C[C@@H](C(=O)NCC(c3ccccc3)c3ccccc3)N(C(=O)[C@@H](NC(=O)[C@H](C)NC)C(C)(C)C)C2)c1,5400.000000000001,-3.7323937598229686,0,train
NCCc1ccc(Oc2ccc(O)cc2)c(I)c1,839.9999999999999,-2.9242792860618816,0,train
Clc1ccc2nc(/C=C/c3ccncc3)cc(NCCn3cc(CN4CCCCC4)nn3)c2c1,13480.000000000002,-4.129689892199301,0,train
Clc1ccc2nc(/C=C/c3ccncc3)cc(NCCCCn3cc(CN4CCCCC4)nn3)c2c1,5490.0,-3.739572344450092,0,train
CN1CCN(Cc2cn(CCCCNc3cc(/C=C/c4ccncc4)nc4ccc(Cl)cc34)nn2)CC1,15830.000000000002,-4.199480914862356,0,train
Clc1ccc2nc(/C=C/c3ccncc3)cc(NCCCCn3cc(Cn4cccn4)nn3)c2c1,21240.000000000004,-4.327154512409432,0,train
O=C1S/C(=C\c2ccccc2)C(=O)N1Cc1cn(CCNc2cc(/C=C/c3ccncc3)nc3ccc(Cl)cc23)nn1,5729.999999999998,-3.75815462196739,0,train
CC(C(=O)N(C)CCc1ccccc1)N1CCN(S(=O)(=O)c2ccc(C(C)(C)C)cc2)CC1,17000.000000000007,-4.230448921378274,0,test
CC(C(=O)N1CCc2ccccc2C1)N1CCN(S(=O)(=O)c2ccc(C(C)(C)C)cc2)CC1,28999.99999999997,-4.462397997898956,0,train
CC(C(=O)N1CCc2ccccc2C1C)N1CCN(S(=O)(=O)c2ccc(C(C)(C)C)cc2)CC1,28000.00000000001,-4.447158031342219,0,train
COc1ccc(-c2ccccc2N2CCN(CCCCOc3ccc4c(c3)NC(=O)C(C)O4)CC2)cc1,21699.99999999998,-4.336459733848529,0,train
COc1ccc(-c2ccccc2C2CCN(C[C@@H](O)COc3ccc(-c4cn5ccccc5n4)cc3)CC2)cc1,2720.0,-3.4345689040341987,0,train
Cc1c(N2CC3CC3(N)C2)c(F)cc2c(CN)cc(=O)n(C3CC3)c12,82000.0,-4.913813852383717,0,train
Cc1c(N2CC[C@@H]([C@H](C)N)C2)c(F)cc2ccc(=O)n(C3CC3)c12,92999.99999999993,-4.968482948553935,0,train
Cc1c(N2CC[C@@H]([C@H](C)N)C2)c(F)cc2cc(O)c(=O)n(C3CC3)c12,74000.00000000001,-4.869231719730976,0,train
CC[C@@](C)(NC(=O)C(C)(C)NC(=O)[C@H](CC(C)C)NC(=O)[C@@H]1CCCN1C(=O)C(C)(C)NC(=O)[C@H](CC(C)C)NC(=O)CNC(=O)C(C)(C)NC(=O)[C@@H](NC(=O)C(C)(C)NC(=O)[C@H](CCC(N)=O)NC(=O)[C@H](C)NC(=O)C(C)(C)NC(=O)[C@H](C)NC(=O)CNC(=O)C(C)(C)NC(C)=O)C(C)C)C(=O)N[C@@H](CCC(N)=O)C(=O)N[C@H](CO)CC(C)C,17419.999999999993,-4.241048150671644,0,train
CC[C@@](C)(NC(=O)[C@H](CCC(N)=O)NC(=O)C(C)(C)NC(=O)C(C)(C)NC(=O)[C@H](C)NC(=O)CNC(=O)C(C)(C)NC(C)=O)C(=O)N[C@H](C(=O)NC(C)(C)C(=O)NCC(=O)N[C@@H](CC(C)C)C(=O)NC(C)(C)C(=O)N1CCC[C@H]1C(=O)N[C@@H](CC(C)C)C(=O)NC(C)(C)C(=O)N[C@](C)(CC)C(=O)N[C@@H](CCC(N)=O)C(=O)N[C@H](CO)CC(C)C)C(C)C,12300.000000000004,-4.089905111439398,0,train
CC[C@H](C)[C@H](NC(=O)C(C)(C)NC(=O)[C@H](CCC(N)=O)NC(=O)[C@@](C)(CC)NC(=O)C(C)(C)NC(=O)[C@H](C)NC(=O)CNC(=O)C(C)(C)NC(C)=O)C(=O)NC(C)(C)C(=O)NCC(=O)N[C@@H](CC(C)C)C(=O)NC(C)(C)C(=O)N1CCC[C@H]1C(=O)N[C@@H](CC(C)C)C(=O)NC(C)(C)C(=O)N[C@](C)(CC)C(=O)N[C@@H](CCC(N)=O)C(=O)N[C@H](CO)CC(C)C,9609.999999999998,-3.982723387668545,0,train
CC[C@H](C)[C@H](NC(=O)[C@@](C)(CC)NC(=O)[C@H](CCC(N)=O)NC(=O)[C@@](C)(CC)NC(=O)C(C)(C)NC(=O)[C@H](C)NC(=O)CNC(=O)C(C)(C)NC(C)=O)C(=O)NC(C)(C)C(=O)NCC(=O)N[C@@H](CC(C)C)C(=O)NC(C)(C)C(=O)N1CCC[C@H]1C(=O)N[C@@H](CC(C)C)C(=O)NC(C)(C)C(=O)N[C@](C)(CC)C(=O)N[C@@H](CCC(N)=O)C(=O)N[C@H](CO)CC(C)C,6230.000000000002,-3.7944880466591697,0,train
CC(=O)NC(C)(C)C(=O)NCC(=O)N[C@@H](C)C(=O)NC(C)(C)C(=O)NC(C)(C)C(=O)N[C@@H](CCC(N)=O)C(=O)NC(C)(C)C(=O)N[C@H](C(=O)NC(C)(C)C(=O)NCC(=O)N[C@@H](CC(C)C)C(=O)NC(C)(C)C(=O)N1CCC[C@H]1C(=O)N[C@@H](CC(C)C)C(=O)NC(C)(C)C(=O)NC(C)(C)C(=O)N[C@@H](CCC(N)=O)C(=O)N[C@H](CO)CC(C)C)C(C)C,21400.000000000007,-4.330413773349191,0,train
CC[C@@](C)(NC(=O)C(C)(C)NC(=O)[C@H](CC(C)C)NC(=O)[C@@H]1CCCN1C(=O)C(C)(C)NC(=O)[C@H](CC(C)C)NC(=O)CNC(=O)C(C)(C)NC(=O)[C@@H](NC(=O)C(C)(C)NC(=O)[C@H](CCC(N)=O)NC(=O)C(C)(C)NC(=O)C(C)(C)NC(=O)[C@H](C)NC(=O)CNC(=O)C(C)(C)NC(C)=O)C(C)C)C(=O)N[C@@H](CCC(N)=O)C(=O)N[C@H](CO)CC(C)C,12800.000000000013,-4.107209969647869,0,test
CC[C@@](C)(NC(=O)C(C)(C)NC(=O)[C@H](C)NC(=O)CNC(=O)C(C)(C)NC(C)=O)C(=O)N[C@@H](CCC(N)=O)C(=O)NC(C)(C)C(=O)N[C@H](C(=O)NC(C)(C)C(=O)NCC(=O)N[C@@H](CC(C)C)C(=O)NC(C)(C)C(=O)N1CCC[C@H]1C(=O)N[C@@H](CC(C)C)C(=O)NC(C)(C)C(=O)N[C@](C)(CC)C(=O)N[C@@H](CCC(N)=O)C(=O)N[C@H](CO)CC(C)C)C(C)C,14669.99999999999,-4.166430113843282,0,test
CC[C@@](C)(NC(=O)[C@H](CCC(N)=O)NC(=O)[C@@](C)(CC)NC(=O)C(C)(C)NC(=O)[C@H](C)NC(=O)CNC(=O)C(C)(C)NC(C)=O)C(=O)N[C@H](C(=O)NC(C)(C)C(=O)NCC(=O)N[C@@H](CC(C)C)C(=O)NC(C)(C)C(=O)N1CCC[C@H]1C(=O)N[C@@H](CC(C)C)C(=O)NC(C)(C)C(=O)N[C@](C)(CC)C(=O)N[C@@H](CCC(N)=O)C(=O)N[C@H](CO)CC(C)C)C(C)C,17989.99999999999,-4.255031163345551,0,train
CC[C@@](C)(NC(=O)C(C)(C)NC(=O)[C@H](C)NC(=O)CNC(=O)C(C)(C)NC(C)=O)C(=O)N[C@@H](CCC(N)=O)C(=O)N[C@H](C(=O)N[C@H](C(=O)NC(C)(C)C(=O)NCC(=O)N[C@@H](CC(C)C)C(=O)NC(C)(C)C(=O)N1CCC[C@H]1C(=O)N[C@@H](CC(C)C)C(=O)NC(C)(C)C(=O)N[C@](C)(CC)C(=O)N[C@@H](CCC(N)=O)C(=O)N[C@H](CO)CC(C)C)C(C)C)C(C)C,11100.000000000004,-4.045322978786658,0,train
CCCCCCCC(=O)NC(C)(C)C(=O)NCC(=O)N[C@H](C(=O)NC(C)(C)C(=O)NCC(=O)NCC(=O)N[C@H](C(=O)NC(C)(C)C(=O)NCC(=O)N[C@H](C(=O)N[C@H](CO)CC(C)C)[C@@H](C)CC)C(C)C)C(C)C,10729.999999999987,-4.030599721965951,0,train
CCCCCCCC(=O)NC(C)(C)C(=O)NCC(=O)N[C@@H](CC(C)C)C(=O)NC(C)(C)C(=O)NCC(=O)NCC(=O)N[C@H](C(=O)NC(C)(C)C(=O)NCC(=O)NCC(=O)N[C@@H](CC(C)C)C(=O)NC(C)(C)C(=O)NCC(=O)N[C@H](C(=O)N[C@H](CO)CC(C)C)[C@@H](C)CC)C(C)C,23550.000000000025,-4.371990911464915,0,train
CC(=O)NC(C)(C)C(=O)N[C@@H](C)C(=O)N[C@@H](C)C(=O)N[C@@H](C)C(=O)NC(C)(C)C(=O)NC(C)(C)C(=O)N[C@@H](CCC(N)=O)C(=O)NC(C)(C)C(=O)N[C@H](C(=O)NC(C)(C)C(=O)NCC(=O)N[C@@H](CC(C)C)C(=O)NC(C)(C)C(=O)N1CCC[C@H]1C(=O)N[C@H](C(=O)NC(C)(C)C(=O)NC(C)(C)C(=O)N[C@@H](CCC(N)=O)C(=O)N[C@@H](CCC(N)=O)C(=O)N[C@H](CO)Cc1ccccc1)C(C)C)C(C)C,9279.999999999996,-3.967547976218862,0,train
CC(=O)NC(C)(C)C(=O)N[C@@H](C)C(=O)N[C@@H](C)C(=O)N[C@@H](C)C(=O)NC(C)(C)C(=O)NC(C)(C)C(=O)N[C@@H](CCC(N)=O)C(=O)NC(C)(C)C(=O)N[C@@H](CC(C)C)C(=O)NC(C)(C)C(=O)NCC(=O)N[C@@H](CC(C)C)C(=O)NC(C)(C)C(=O)N1CCC[C@H]1C(=O)N[C@H](C(=O)NC(C)(C)C(=O)NC(C)(C)C(=O)N[C@@H](CCC(N)=O)C(=O)N[C@@H](CCC(N)=O)C(=O)N[C@H](CO)Cc1ccccc1)C(C)C,5769.999999999999,-3.7611758131557314,0,train
CC(=O)NC(C)(C)C(=O)N[C@@H](C)C(=O)NC(C)(C)C(=O)N[C@@H](C)C(=O)NC(C)(C)C(=O)NC(C)(C)C(=O)N[C@@H](CCC(N)=O)C(=O)NC(C)(C)C(=O)N[C@H](C(=O)NC(C)(C)C(=O)NCC(=O)N[C@@H](CC(C)C)C(=O)NC(C)(C)C(=O)N1CCC[C@H]1C(=O)N[C@H](C(=O)NC(C)(C)C(=O)NC(C)(C)C(=O)N[C@@H](CCC(N)=O)C(=O)N[C@@H](CCC(N)=O)C(=O)N[C@H](CO)Cc1ccccc1)C(C)C)C(C)C,6529.999999999999,-3.814913181275074,0,train
CC[C@H](C)[C@H](NC(=O)C(C)(C)NC(=O)[C@H](CCC(N)=O)NC(=O)C(C)(C)NC(=O)C(C)(C)NC(=O)[C@H](C)NC(=O)[C@H](C)NC(=O)[C@H](C)NC(=O)C(C)(C)NC(C)=O)C(=O)NC(C)(C)C(=O)NCC(=O)N[C@@H](CC(C)C)C(=O)NC(C)(C)C(=O)N1CCC[C@H]1C(=O)N[C@H](C(=O)NC(C)(C)C(=O)N[C@](C)(CC)C(=O)N[C@@H](CCC(N)=O)C(=O)N[C@@H](CCC(N)=O)C(=O)N[C@H](CO)Cc1ccccc1)C(C)C,3349.9999999999995,-3.525044807036845,0,train
CC[C@H](C)[C@H](NC(=O)C(C)(C)NC(=O)[C@H](CCC(N)=O)NC(=O)C(C)(C)NC(=O)C(C)(C)NC(=O)[C@H](C)NC(=O)C(C)(C)NC(=O)[C@H](C)NC(=O)C(C)(C)NC(C)=O)C(=O)NC(C)(C)C(=O)NCC(=O)N[C@@H](CC(C)C)C(=O)NC(C)(C)C(=O)N1CCC[C@H]1C(=O)N[C@H](C(=O)NC(C)(C)C(=O)NC(C)(C)C(=O)N[C@@H](CCC(N)=O)C(=O)N[C@@H](CCC(N)=O)C(=O)N[C@H](CO)Cc1ccccc1)C(C)C,2930.000000000001,-3.4668676203541096,0,train
CC[C@H](C)[C@H](NC(=O)C(C)(C)NC(=O)[C@H](CCC(N)=O)NC(=O)C(C)(C)NC(=O)C(C)(C)NC(=O)[C@H](C)NC(=O)C(C)(C)NC(=O)[C@H](C)NC(=O)C(C)(C)NC(C)=O)C(=O)NC(C)(C)C(=O)NCC(=O)N[C@@H](CC(C)C)C(=O)NC(C)(C)C(=O)N1CCC[C@H]1C(=O)N[C@H](C(=O)NC(C)(C)C(=O)N[C@](C)(CC)C(=O)N[C@@H](CCC(N)=O)C(=O)N[C@@H](CCC(N)=O)C(=O)N[C@H](CO)Cc1ccccc1)C(C)C,3779.9999999999977,-3.577491799837225,0,train
CCCC[C@@H](NC(=O)[C@H](CCCCN)NC(=O)[C@@H](CCCC)NC(=O)[C@H](CO)NC(=O)[C@@H](NC(=O)CNC(=O)[C@@H](NC(=O)[C@H](CO)NC(=O)[C@H](CCC(N)=O)NC(=O)[C@@H](NC(=O)[C@@H](NC(=O)[C@H](CCCCN)NC(=O)[C@@H]1CCCN1)[C@@H](C)CC)[C@@H](C)CC)C(C)C)[C@@H](C)CC)C(N)=O,61700.00000000005,-4.790285164033242,0,train
NCCNCc1nccn1-c1ccc(-c2nc(CCc3ccc4ccccc4c3)cs2)c(OCCN2CCNC2=O)c1,27099.999999999975,-4.432969290874405,0,train
NCCNCc1nccn1-c1ccc(-c2nc(CCc3ccc(-c4ccccc4)cc3)cs2)c(OCCN2CCNC2=O)c1,14200.000000000007,-4.152288344383057,0,train
O=C(NCCN1CCCC1)c1cc(-c2ccc(CN3CCCCC3)cc2)nc2ccc(F)cc12,40999.99999999999,-4.612783856719736,0,test
COc1ccc(C2CN(c3cccc(C#N)n3)C2)cc1-c1ccnc(N)c1,5660.0,-3.752816431188272,0,train
COc1cc(-c2cc(C3CN(c4cccc(C#N)n4)C3)ccc2OC)ccn1,460.0000000000003,-2.6627578316815743,0,train
CC1(C)CCC[C@]2(C)[C@@H](Cc3c(O)cccc3O)[C@](C)(O)CC[C@@H]12,13919.999999999998,-4.143639235274543,0,train
CC1(C)CCC[C@]2(C)[C@@H](Cc3ccc(O)cc3O)[C@](C)(O)CC[C@@H]12,10159.999999999993,-4.0068937079479,0,train
Cc1cc(O)cc(O)c1C[C@@H]1[C@@]2(C)CCCC(C)(C)[C@@H]2CC[C@@]1(C)O,11089.99999999999,-4.04493154614916,0,train
Cc1cc(O)c(C[C@@H]2[C@@]3(C)CCCC(C)(C)[C@@H]3CC[C@@]2(C)O)c(O)c1,10440.0,-4.018700498666243,0,train
O=C1CC2(CCNCC2)Oc2c1ccc1ccccc21,7000.000000000002,-3.845098040014257,0,test
CCN1CCC2(CC1)CC(=O)c1ccc3ccccc3c1O2,18000.000000000015,-4.2552725051033065,0,train
O=C1CC2(CCN(Cc3ccccc3)CC2)Oc2c1ccc1ccccc21,11000.000000000007,-4.041392685158225,1,train
O=C1CC2(CCN(CCc3ccccc3)CC2)Oc2c1ccc1ccccc21,8000.000000000004,-3.903089986991944,0,test
O=C1CC2(CCN(CCC3CCCCC3)CC2)Oc2c1ccc1ccccc21,16000.00000000001,-4.204119982655925,0,train
O=C(CN1CCC2(CC1)CC(=O)c1ccc3ccccc3c1O2)c1ccc(F)c(F)c1,4000.000000000001,-3.6020599913279625,0,train
O=C1CC2(CCN(C(=O)Cc3ccc(F)c(F)c3)CC2)Oc2c1ccc1ccccc21,18000.000000000015,-4.2552725051033065,0,train
CCN1CCC2(CC1)CC(O)c1ccc3ccccc3c1O2,16000.00000000001,-4.204119982655925,0,train
OC1CC2(CCN(Cc3ccccc3)CC2)Oc2c1ccc1ccccc21,6000.000000000003,-3.778151250383644,0,test
OC1CC2(CCN(CCC3CCCCC3)CC2)Oc2c1ccc1ccccc21,14000.000000000004,-4.146128035678238,0,train
OC1CC2(CCN(CCCc3ccccc3)CC2)Oc2c1ccc1ccccc21,1000.0,-3.0,1,train
O=C(CN1CCC2(CC1)CC(O)c1ccc3ccccc3c1O2)c1ccc(F)c(F)c1,32999.99999999997,-4.518513939877887,0,train
O=C(Cc1ccc(F)c(F)c1)N1CCC2(CC1)CC(O)c1ccc3ccccc3c1O2,4999.999999999999,-3.6989700043360183,0,test
c1ccc2c3c(ccc2c1)CCC1(CCN(CCC2CCCCC2)CC1)O3,2000.0,-3.3010299956639813,0,train
O=C(Cc1ccc(F)c(F)c1)N1CCC2(CCc3ccc4ccccc4c3O2)CC1,4999.999999999999,-3.6989700043360183,0,train
CCN1CCC2(CCc3ccc4c(c3O2)CCCC4)CC1,4999.999999999999,-3.6989700043360183,0,train
CCN1CCC2(C=Cc3ccc4ccccc4c3O2)CC1,12000.000000000007,-4.079181246047625,0,test
Fc1ccc(CCN2CCC3(C=Cc4ccc5ccccc5c4O3)CC2)cc1F,13000.000000000004,-4.113943352306837,0,train
OC1C[C@]2(CCCN(CCc3ccc(F)c(F)c3)C2)Oc2c1ccc1ccccc21,6000.000000000003,-3.778151250383644,0,test
